{"type": "FeatureCollection", "features": [{"type": "Feature", "geometry": {"type": "MultiPolygon", "coordinates": [[[[-85.57596899981166, 32.65631500008328], [-85.57606099987319, 32.65629600001623], [-85.57591199991028, 32.65613599980932], [-85.57583999994024, 32.656055000129555], [-85.57575000042688, 32.655947999786434], [-85.5756600000152, 32.65583900037256], [-85.57556700012877, 32.65571800034716], [-85.57548799958774, 32.6556130000611], [-85.57540499974706, 32.655496999753], [-85.57530400036303, 32.65536799967044], [-85.57520399990561, 32.65523699968927], [-85.57510699982123, 32.655104999658406], [-85.5750130001099, 32.65497200032976], [-85.57492000022347, 32.65483700032548], [-85.5748299998118, 32.65470200011736], [-85.57474299977316, 32.65456499997788], [-85.57465699955944, 32.65442699976314], [-85.57457500044198, 32.65428800022485], [-85.5744980004491, 32.654147999845726], [-85.5744780003576, 32.65411200003691], [-85.5744220002811, 32.6540080000037], [-85.57435000031107, 32.65386700007087], [-85.57427999999088, 32.65372500004249], [-85.57421200021884, 32.65358199991387], [-85.5741750004089, 32.6535000003134], [-85.5741469999215, 32.65343799968012], [-85.5740840001723, 32.653293000092795], [-85.57399100028589, 32.65306800003288], [-85.57394000023227, 32.65293200029691], [-85.57288300024814, 32.65292999977648], [-85.57255799965982, 32.65292999977648], [-85.57224700021351, 32.65292899989445], [-85.5722460003886, 32.65227399986511], [-85.57023100015456, 32.652274999754454], [-85.56854200033378, 32.65229000036292], [-85.5681840001335, 32.6522939999197], [-85.56788899968241, 32.652297000343516], [-85.56794999978177, 32.65520999978477], [-85.56798499994187, 32.656595999726946], [-85.56779099977311, 32.656598000165324], [-85.56296899963482, 32.65667499999255], [-85.55954400013758, 32.65670899984602], [-85.55952599969592, 32.656281000079964], [-85.55943899965727, 32.65425300033971], [-85.55940799969514, 32.65351300020895], [-85.55937199971012, 32.65267699976172], [-85.55927600034897, 32.650433999907385], [-85.55925200005953, 32.64983800014876], [-85.55922799977009, 32.649307999650894], [-85.55922799977009, 32.64880699998399], [-85.55923299979295, 32.646390000273485], [-85.55923399961787, 32.645985000109164], [-85.559236000166, 32.64473000026076], [-85.55923699999092, 32.64458100026642], [-85.55923899964073, 32.64453499987281], [-85.55804299973944, 32.64430899973307], [-85.55800900030258, 32.64430299986214], [-85.55767700004156, 32.64426000001899], [-85.55742599997139, 32.6442430003744], [-85.55725699991699, 32.64424400035355], [-85.55692100035633, 32.644281000332], [-85.5567570003248, 32.64431600033836], [-85.5559480000378, 32.644519000256565], [-85.5553000003076, 32.644669000328605], [-85.55470799975558, 32.644789000205115], [-85.55383099969653, 32.64496799974688], [-85.55267499997821, 32.64516599985386], [-85.5508659996085, 32.645507999900005], [-85.55061799991138, 32.64554899997036], [-85.55062299993425, 32.64562800016355], [-85.55063800000288, 32.64901899963006], [-85.5506739999879, 32.65680699997417], [-85.54985700020327, 32.65681299976246], [-85.54208500004557, 32.65695799969128], [-85.5388470001461, 32.65699499970326], [-85.53818299962406, 32.65699600029613], [-85.53533600043512, 32.65699300003002], [-85.53451399972934, 32.65700299990821], [-85.53424900031378, 32.65697599978075], [-85.53413600033588, 32.6569640002257], [-85.53353600028626, 32.65696199979549], [-85.5335179998446, 32.656833000314265], [-85.5335320000883, 32.65437300021303], [-85.53354499960878, 32.65223000018305], [-85.53883600027545, 32.652170999853425], [-85.53883600027545, 32.6527219998645], [-85.53883600027545, 32.6532040003183], [-85.53883600027545, 32.65332699971984], [-85.5389950002841, 32.65332699971984], [-85.53918799972963, 32.65332800035376], [-85.53918199988185, 32.65273599975743], [-85.53918100005693, 32.652657999677864], [-85.53917199983611, 32.651836000346144], [-85.53896599997178, 32.65183800013468], [-85.53885200016896, 32.65183900002896], [-85.53883000042765, 32.64972199991157], [-85.54205900010632, 32.64966999962599], [-85.54216700006135, 32.647932000322605], [-85.54214899961968, 32.647862000100886], [-85.54211500018282, 32.64772300018964], [-85.541965000395, 32.64236600007084], [-85.54197600026563, 32.630906000046934], [-85.54197600026563, 32.63081800006293], [-85.54197600026563, 32.630691000199995], [-85.54202499977113, 32.63064899999714], [-85.54205200043363, 32.63063900019817], [-85.54212299968042, 32.630611000301], [-85.54234299978845, 32.630588999673236], [-85.54296100027973, 32.630611000301], [-85.54324699961168, 32.630501000134046], [-85.54355200010853, 32.63025900019849], [-85.54367500013218, 32.63010499962366], [-85.54370799974414, 32.62989100026141], [-85.54374700010219, 32.62980300003583], [-85.54394200009585, 32.62953300024786], [-85.54399399997439, 32.629390000021765], [-85.54405900027173, 32.629308000180544], [-85.54410899960213, 32.62918599966882], [-85.54425799956505, 32.6290510000807], [-85.54454600034344, 32.628966000235565], [-85.54466799964388, 32.629021000144554], [-85.54472600026851, 32.6290229996867], [-85.54480099971326, 32.629007000322254], [-85.54490799984339, 32.62894699965389], [-85.54499499988202, 32.62887500016053], [-85.54511000040806, 32.62873500009724], [-85.54525699982284, 32.62859399966081], [-85.5455010002203, 32.62834799999326], [-85.54558200041117, 32.62827399970262], [-85.545620000046, 32.62823900022879], [-85.54574300006965, 32.62815899965089], [-85.54586500026838, 32.628138000092626], [-85.54599900016268, 32.628120000251116], [-85.54610600029281, 32.62812199981339], [-85.54618099973756, 32.62816099996887], [-85.5462679997762, 32.62821400005589], [-85.54632100037796, 32.62830200033096], [-85.54639099979984, 32.62838499973732], [-85.54647799983849, 32.62844899989243], [-85.5465359995648, 32.628475000155156], [-85.54656499987712, 32.628473999999684], [-85.54662299960344, 32.62847000013434], [-85.54666399961133, 32.62844100015928], [-85.54669000044892, 32.628421000066645], [-85.54671300001513, 32.62833500022268], [-85.5467260004339, 32.62823599975453], [-85.54671200019021, 32.62812299997282], [-85.5466619999615, 32.628049000252624], [-85.54659400018943, 32.62800399984087], [-85.5465359995648, 32.62796099972882], [-85.54645299972412, 32.62791099997723], [-85.54708700010893, 32.62790899965372], [-85.547154999881, 32.62793000002229], [-85.54729999964596, 32.62795099962942], [-85.54751200025638, 32.627996000067895], [-85.54761000016566, 32.627979000358835], [-85.54779900031154, 32.6279540001133], [-85.54794900009938, 32.627952999952015], [-85.54800199980282, 32.627951999790746], [-85.54803699996292, 32.62795500027458], [-85.54811999980362, 32.627963000051174], [-85.54819799962142, 32.627969999666], [-85.54822699993372, 32.62797300014924], [-85.5484219999274, 32.62800200027595], [-85.54850800014113, 32.62801600025551], [-85.54859900037772, 32.62803900016311], [-85.54866999962452, 32.62805800018101], [-85.54877599992973, 32.628057000020874], [-85.54886200014344, 32.628057000020874], [-85.5489220004179, 32.628072000151754], [-85.54899900041079, 32.62809200032239], [-85.54903799987054, 32.62812500029154], [-85.54905299993915, 32.62816999988594], [-85.54905299993915, 32.628190000034664], [-85.54905299993915, 32.62821799993273], [-85.54903899969545, 32.62826099992129], [-85.54903299984768, 32.62827800033329], [-85.54895900022782, 32.62844000000343], [-85.54895199965682, 32.62845399991447], [-85.54892099969469, 32.628530999764244], [-85.54891700039504, 32.628626000047625], [-85.54891900004485, 32.628648999798465], [-85.54892499989263, 32.628727999785696], [-85.54893199956534, 32.62883799986249], [-85.54895699967969, 32.62891199968677], [-85.54901600012924, 32.62898399990687], [-85.54907999970334, 32.62904499994296], [-85.54915500004641, 32.62907999985808], [-85.5492250003666, 32.629113000219405], [-85.54930999985712, 32.6291419999767], [-85.54935900026089, 32.62915900022141], [-85.5494920003303, 32.62919599963022], [-85.54956099992727, 32.629216999696794], [-85.54968099957787, 32.6292100001795], [-85.54970800024037, 32.6292100001795], [-85.54983499956366, 32.62920900003223], [-85.54995099991461, 32.62922199967587], [-85.55010999992327, 32.62928300030628], [-85.55027999980258, 32.62939999996037], [-85.55035699979548, 32.62945400021469], [-85.55038100008493, 32.62947000025578], [-85.55044499965904, 32.629508999823805], [-85.55058899959907, 32.629597000338514], [-85.55071800036883, 32.62967600024543], [-85.55082499960062, 32.62974000023383], [-85.5509369997536, 32.62978200010677], [-85.55095799967002, 32.629789999720046], [-85.55106700034827, 32.629804000176435], [-85.5511329995722, 32.629811999787755], [-85.55126300016686, 32.62980199989519], [-85.55132099989318, 32.62979699994852], [-85.55141700015265, 32.62976899978794], [-85.55144800011479, 32.62976000003169], [-85.55153500015341, 32.62963099989519], [-85.55155799971963, 32.62960299968268], [-85.55157000031352, 32.62950799967989], [-85.55158700003194, 32.62936899999579], [-85.55159600025279, 32.62929499979286], [-85.55160700012344, 32.6292760000376], [-85.55163800008557, 32.62926600008514], [-85.55166200037503, 32.62926299964527], [-85.55167499989551, 32.62926299964527], [-85.55169599981191, 32.62926200025521], [-85.55173699981978, 32.62926200025521], [-85.5518160003608, 32.629263999791924], [-85.55186700041443, 32.62926899976842], [-85.55189599982845, 32.62928200015983], [-85.55190800042233, 32.62931999966383], [-85.55191199972197, 32.62936000019931], [-85.5519209999428, 32.62939499999124], [-85.55193400036158, 32.62943599988138], [-85.55194600005716, 32.629501000185364], [-85.55195299972985, 32.62956300001236], [-85.55195399955477, 32.62966699972328], [-85.55194500023225, 32.62973300000088], [-85.55192199976771, 32.62977399973618], [-85.55189300035372, 32.629827999764814], [-85.5518659996912, 32.62985099996329], [-85.55179899974405, 32.629908999746725], [-85.55174500021569, 32.629951999679264], [-85.55172900032218, 32.62998499971909], [-85.55173000014709, 32.6300409998963], [-85.55175799973618, 32.630088000315226], [-85.55179299989628, 32.63013399981599], [-85.55184099957684, 32.63017600026056], [-85.55189199963048, 32.630203000157636], [-85.55199499956264, 32.63022100033673], [-85.55206700043098, 32.630227999774945], [-85.55219200010444, 32.63021300000539], [-85.55230900028032, 32.63018899976371], [-85.552428000106, 32.63014499980826], [-85.55251900034258, 32.63010400024295], [-85.55262099955155, 32.63003700010095], [-85.5527090003134, 32.62998999965526], [-85.55280499967455, 32.62993900014168], [-85.55293299972107, 32.62988600031972], [-85.55304099967609, 32.62984399973904], [-85.55313699993557, 32.629811999787755], [-85.55324099969265, 32.62979099986081], [-85.55333199992924, 32.629804000176435], [-85.5534199997928, 32.62987599967888], [-85.55346199962558, 32.62998099992123], [-85.55348900028807, 32.630055000313384], [-85.55348199971705, 32.63015300014563], [-85.55346699964845, 32.63017799977685], [-85.55343900005937, 32.630226999639056], [-85.55343200038666, 32.63028800034092], [-85.55345099975492, 32.63034599984111], [-85.5534979996106, 32.63038599991798], [-85.55352400044816, 32.63040799983917], [-85.55359899989291, 32.630430999888574], [-85.55363800025098, 32.630435999799815], [-85.55370000017527, 32.63041799966401], [-85.55373500033538, 32.63038800018619], [-85.55380999978013, 32.630276000230936], [-85.5539410001997, 32.630099000313095], [-85.5540059995987, 32.63006299990231], [-85.55411299972883, 32.63008600004032], [-85.55421099963812, 32.630145999945], [-85.55426800043784, 32.630225000123815], [-85.55429500020202, 32.6302939996388], [-85.55430400042286, 32.63031500020426], [-85.55432399961603, 32.63041299975176], [-85.55432699998907, 32.63052900006557], [-85.5543229997911, 32.63062200023463], [-85.5543360002099, 32.63072299983697], [-85.55439499976113, 32.63078300007109], [-85.55451000028717, 32.63083800037641], [-85.5547019999078, 32.630869999960815], [-85.55492200001584, 32.63087599997617], [-85.55522999998739, 32.630890000262596], [-85.55548600008044, 32.63088300011969], [-85.55568500027206, 32.630869999960815], [-85.55589100013638, 32.63087399971893], [-85.55619099971204, 32.6308710000895], [-85.55642500006378, 32.63090800030352], [-85.5565609996079, 32.63094499974569], [-85.55673499968518, 32.63103300036133], [-85.55680900020333, 32.63113900012827], [-85.55690899976246, 32.631237000286404], [-85.55699900017413, 32.63134100032144], [-85.55705500025061, 32.63139099966964], [-85.55716700040361, 32.631434999768985], [-85.55725500026718, 32.63149900001237], [-85.55734499978054, 32.6315849998418], [-85.55739900020721, 32.63168200014843], [-85.55744900043594, 32.631836000278845], [-85.55750799998715, 32.63191300024467], [-85.55763699985859, 32.63205099964431], [-85.55781400030891, 32.63225300004822], [-85.55792499973869, 32.63239600023829], [-85.55801500015036, 32.632483000072824], [-85.55808700012038, 32.63255400033597], [-85.55814099964876, 32.63258100027206], [-85.5582159999918, 32.63260299965359], [-85.55832099957381, 32.63257900005287], [-85.55837699965029, 32.6325429998833], [-85.55842799970391, 32.63248799986941], [-85.55848499960533, 32.632425999799466], [-85.5585399998569, 32.63227199992794], [-85.55858699971257, 32.632204999896196], [-85.5587010004137, 32.63209699964906], [-85.55880199979774, 32.63197899962227], [-85.55893900006507, 32.63185099977637], [-85.55906200008874, 32.63176299996516], [-85.55913999990655, 32.63170800022838], [-85.55921199987655, 32.631654999941084], [-85.55921600007451, 32.631589000324496], [-85.55919500015811, 32.62787199971281], [-85.55909700024883, 32.62379799976259], [-85.55824500030413, 32.62380700011844], [-85.54970700041547, 32.62390200012009], [-85.54810800010804, 32.62391799964061], [-85.54288699976158, 32.623976999691834], [-85.5428730004162, 32.62396999976472], [-85.5427129996843, 32.623950000186156], [-85.54238299997142, 32.62396400004295], [-85.54229199973483, 32.62398499982405], [-85.54222599961258, 32.62400100008627], [-85.54222599961258, 32.62398499982405], [-85.5419519999762, 32.62398799968428], [-85.54195000032638, 32.62368400022127], [-85.54225099972693, 32.62299000002719], [-85.5424580003145, 32.62248800027683], [-85.54322499987038, 32.62122299983873], [-85.5434859999863, 32.62058500027741], [-85.54362400007855, 32.62012300002641], [-85.54368600000282, 32.61940300035524], [-85.54365800041374, 32.618478999645006], [-85.54366699973625, 32.6180570001657], [-85.54368500017792, 32.61776600002762], [-85.54344599980332, 32.61730799996939], [-85.54289799963223, 32.61638799998537], [-85.54222399996276, 32.61544399997222], [-85.54205699955818, 32.61518900001907], [-85.5419519999762, 32.61502899967771], [-85.54185900008977, 32.61498400028685], [-85.54183999982321, 32.61329800010335], [-85.53863899973365, 32.61335499969496], [-85.5379120003607, 32.61329800010335], [-85.53789100044432, 32.61229600024185], [-85.53786499960674, 32.61105499964702], [-85.5377990003828, 32.60870600004138], [-85.53875900028255, 32.60865099975793], [-85.53885399981878, 32.60864600014329], [-85.53885100034405, 32.60840000014076], [-85.53883999957509, 32.607464000008505], [-85.53949900007426, 32.607466000032176], [-85.54033000010257, 32.607466999665576], [-85.54037000028553, 32.607466999665576], [-85.5415729998595, 32.60747000007934], [-85.54174500028695, 32.60747000007934], [-85.54174299973882, 32.607252999911466], [-85.5417400002641, 32.60709299976828], [-85.5417279996702, 32.60635799976597], [-85.54172199982243, 32.605705999787325], [-85.5405369997918, 32.60568899962923], [-85.53992300039678, 32.60568899962923], [-85.53920199997333, 32.60568599991261], [-85.53919500030065, 32.60459099976621], [-85.5391919999276, 32.60425399984775], [-85.53918799972963, 32.60364200036488], [-85.53917799968389, 32.60207400031258], [-85.5398460004039, 32.60200500023629], [-85.53989800028243, 32.60200000025062], [-85.53980000037312, 32.6014300000565], [-85.539693000243, 32.60087200028869], [-85.5359049996243, 32.601303000124624], [-85.53343500000392, 32.60160100019283], [-85.53341599973734, 32.60146099985761], [-85.53340300021686, 32.60136799966535], [-85.53338899997317, 32.60119600013757], [-85.53338999979809, 32.60117399984858], [-85.53284300035021, 32.60124599967353], [-85.53243800029426, 32.601293999777], [-85.53242800024852, 32.60098999969666], [-85.53241700037786, 32.60062800030172], [-85.53238999971538, 32.60004899998688], [-85.53237600037, 32.59973799991469], [-85.53230400039996, 32.598471000252616], [-85.5321599995616, 32.59847599967844], [-85.53125599973836, 32.59848200035131], [-85.5313999996784, 32.596628000362095], [-85.53137100026441, 32.59616899991072], [-85.53129300044661, 32.59471900009635], [-85.52978299982766, 32.594789000261045], [-85.52873400023947, 32.59483700003962], [-85.52631300012457, 32.59556299979929], [-85.52425199985979, 32.59611299973761], [-85.52425100003487, 32.596080000078665], [-85.52424900038504, 32.59591400032581], [-85.52424199981404, 32.595126000212865], [-85.52422099989765, 32.594420000063856], [-85.52415599960032, 32.59398099987649], [-85.52419300030856, 32.59375400019981], [-85.52417900006485, 32.593555000090184], [-85.52425500023284, 32.59112500005705], [-85.52425900043079, 32.5908350000283], [-85.52426299973044, 32.590514000024555], [-85.52426399955534, 32.59041599994758], [-85.52426299973044, 32.589595000152215], [-85.5242669999284, 32.589542999745944], [-85.52427299977617, 32.58946099974272], [-85.52427699997413, 32.58919000032443], [-85.52430000043867, 32.58750999969161], [-85.52454999978562, 32.58753300016384], [-85.52864600037591, 32.58743399999799], [-85.5286249995612, 32.58385499995995], [-85.52565899964826, 32.583877999856135], [-85.52459099979349, 32.5838849998892], [-85.52434200027147, 32.58388900023223], [-85.52394600043635, 32.58389000012873], [-85.52370799988665, 32.58389000012873], [-85.522162000181, 32.58394700026628], [-85.52124300028915, 32.58394800016214], [-85.51984300017335, 32.58395600008546], [-85.51956500033901, 32.58393599989731], [-85.51758600009, 32.583910000327215], [-85.51766599955762, 32.58383800019739], [-85.51803499962857, 32.58353100023559], [-85.5182620003076, 32.58334199991874], [-85.51817899956862, 32.58327099999308], [-85.51951900030826, 32.58208799973875], [-85.52017299988624, 32.58150299969225], [-85.52023900000849, 32.5814550003419], [-85.52029199971193, 32.58140500036054], [-85.52019999965042, 32.581333999657815], [-85.52001600042573, 32.58118999974438], [-85.51999200013627, 32.58121400025064], [-85.51998399974035, 32.58122199966101], [-85.51994199990756, 32.58118200033113], [-85.51996100017413, 32.581165000061766], [-85.52017100023642, 32.58097899984246], [-85.52021399989414, 32.58093799971785], [-85.52028400021432, 32.58088000000793], [-85.5197329996702, 32.580427000265125], [-85.51850199960882, 32.57941399971031], [-85.5179529996128, 32.57896100013021], [-85.51795599998586, 32.57865899989564], [-85.5179529996128, 32.57799200028771], [-85.51922200020734, 32.579011999911536], [-85.52053100008655, 32.580061999738035], [-85.52065400011018, 32.58015999978074], [-85.52116299992319, 32.58058000004824], [-85.5212619996574, 32.580658000119186], [-85.52172699998782, 32.5802209997687], [-85.52162499988057, 32.58014799976582], [-85.52110099999894, 32.57973799993108], [-85.52079499967718, 32.579497999711776], [-85.51875600005204, 32.5779009998896], [-85.5181690004212, 32.5774409996997], [-85.51795099996298, 32.577269999637956], [-85.5171009996681, 32.577200000173804], [-85.51687600043553, 32.577181999935036], [-85.51676599993235, 32.57717300019281], [-85.5167540002368, 32.57717200022144], [-85.51594300029996, 32.57710499984031], [-85.51586100028419, 32.577098000034866], [-85.51580000018484, 32.57693999973905], [-85.51588300002551, 32.576931999946616], [-85.51667499969575, 32.57682600035882], [-85.5168670002147, 32.57679900026528], [-85.5171350000033, 32.57681799979924], [-85.51835699984386, 32.57690199996172], [-85.51855500021055, 32.57691600035963], [-85.52075500039253, 32.5770680001055], [-85.52082300016458, 32.57707299996831], [-85.52163800029936, 32.5777270000525], [-85.5225279998789, 32.57842400036042], [-85.52302599982127, 32.57881900009648], [-85.52307299967693, 32.57877499988045], [-85.52327400041669, 32.57858500017932], [-85.52346199983937, 32.578403999695084], [-85.5234860001288, 32.578383999782275], [-85.52361699965006, 32.57825799969907], [-85.52372600032832, 32.57814800032278], [-85.52385299965161, 32.57801999998402], [-85.52390700007828, 32.577965999750845], [-85.52393800004043, 32.57793400018605], [-85.52400400016266, 32.57786800033794], [-85.52401400020841, 32.57784499965693], [-85.52408500035352, 32.57768300005759], [-85.52430799993627, 32.57764399987198], [-85.52434700029436, 32.577600999802996], [-85.52444699985345, 32.577491000377705], [-85.52475800019808, 32.57712200012254], [-85.52520000006395, 32.57653300031069], [-85.52572300012069, 32.57589199966004], [-85.52581299963406, 32.575943999658044], [-85.52656599984455, 32.5750260002977], [-85.52659599998178, 32.57498899970508], [-85.52661500024836, 32.57496499980354], [-85.52668300002041, 32.57498299973031], [-85.52674699959452, 32.575023000311575], [-85.52697699974829, 32.57516600029451], [-85.52664000036272, 32.57568600009952], [-85.5266319999668, 32.575698999942446], [-85.52668300002041, 32.57572800034229], [-85.52687600036425, 32.57584200036143], [-85.52669300006616, 32.575947000370306], [-85.5260760002981, 32.57662999969114], [-85.52601799967346, 32.576962999895244], [-85.52701899958109, 32.57732700019943], [-85.52720500025224, 32.57751199970035], [-85.52735599986498, 32.57785200016104], [-85.5278449995865, 32.57806499977504], [-85.52824200014486, 32.577932000260155], [-85.52863299995711, 32.5776659998817], [-85.53018299986073, 32.576730999629106], [-85.53036000031105, 32.57639700009739], [-85.53063099957438, 32.57588699973145], [-85.53087599979678, 32.575076000051276], [-85.53085499988038, 32.574254999810876], [-85.53176000042684, 32.574233999725514], [-85.53195399969728, 32.574228999704474], [-85.53214600021623, 32.574223999683106], [-85.53260899999849, 32.57421299963523], [-85.53262099969405, 32.574214999644006], [-85.53271899960335, 32.57422099967021], [-85.53272000032656, 32.57452299971154], [-85.53269600003712, 32.57600800019647], [-85.53268299961834, 32.5762390000804], [-85.53267000009787, 32.57641999963589], [-85.53454399986659, 32.576398000077454], [-85.5347639999746, 32.576395000137225], [-85.53711300011946, 32.576366999933505], [-85.53718000006661, 32.57825299990242], [-85.53721100002875, 32.57913699974266], [-85.53721199985367, 32.57917300018851], [-85.53723799979295, 32.57988299984688], [-85.5372429998158, 32.58003399992242], [-85.53754400011469, 32.57999899976211], [-85.5383619997242, 32.57990500006422], [-85.54078600021214, 32.57962600021148], [-85.54133799968287, 32.57996400034512], [-85.54154699992026, 32.58009100024069], [-85.54405199970073, 32.58162999967864], [-85.54425599991522, 32.58134099988951], [-85.54429400044839, 32.58129400037791], [-85.54464199970461, 32.580870999879956], [-85.54503699971481, 32.580388999694726], [-85.54509600016435, 32.580316999764996], [-85.54502099982129, 32.580272000347215], [-85.54481400013205, 32.58014899970406], [-85.5446690003671, 32.580061999738035], [-85.54433899975591, 32.57986500014678], [-85.54438999980952, 32.57979299979626], [-85.54480200043648, 32.57919199997651], [-85.54499700043014, 32.579199000375404], [-85.54501999999637, 32.57954700005473], [-85.54548000030391, 32.57985200015086], [-85.5453249995949, 32.58004100025562], [-85.54545400036466, 32.58004300013446], [-85.54517999982994, 32.58037900033871], [-85.54469399958313, 32.58097600005557], [-85.54434899980164, 32.581389000057804], [-85.5441560003561, 32.58170100014696], [-85.54389000021733, 32.58213099992668], [-85.5438679995777, 32.582174000094035], [-85.54383599979066, 32.582249999705596], [-85.54377100039164, 32.58241699970141], [-85.54374200007933, 32.58249900009311], [-85.5436419996219, 32.58241900028413], [-85.54334000039643, 32.58230099988688], [-85.54327099990113, 32.582290000072824], [-85.54129500002517, 32.58116799984234], [-85.54125800021525, 32.58121899988224], [-85.54088999996921, 32.58173599964285], [-85.543275999924, 32.582961999789745], [-85.54342499988692, 32.583035999678245], [-85.54354100023787, 32.58309799988556], [-85.54340399997054, 32.583502000088714], [-85.543275999924, 32.583473999833544], [-85.54304099974738, 32.58345999970275], [-85.54164499982953, 32.58340300001248], [-85.54163599960869, 32.58373099979258], [-85.53883100025257, 32.583771000255965], [-85.53849499979358, 32.58377300005161], [-85.53779600000976, 32.58377599974497], [-85.53785399973609, 32.58419499983193], [-85.53871599972653, 32.584210999633825], [-85.53885200016896, 32.58421300017652], [-85.54300999978521, 32.58425099988302], [-85.54275799989016, 32.58495600002136], [-85.54258499963778, 32.585436999994826], [-85.54231799967408, 32.585443999906154], [-85.54039399967665, 32.58543999963253], [-85.53934099989051, 32.585450999816935], [-85.5380250003386, 32.585450999816935], [-85.53807999969189, 32.58584100025371], [-85.53813900014144, 32.586287999913374], [-85.53814599981413, 32.58633599970367], [-85.53819600004284, 32.586705999747466], [-85.53825299994426, 32.58712399990298], [-85.53987800019094, 32.587097999743705], [-85.54186400011265, 32.5870670002718], [-85.54200800005269, 32.58706499979274], [-85.54189400024987, 32.587434999854956], [-85.54188599985396, 32.58747000013977], [-85.54177000040133, 32.58747299970936], [-85.54014500015464, 32.58750499965401], [-85.54001100026034, 32.58750799997935], [-85.53831099967057, 32.587541999622985], [-85.53837099994504, 32.587966000284574], [-85.53837900034095, 32.5881399999292], [-85.53838500018874, 32.58826999989564], [-85.53840600010514, 32.58863899968149], [-85.5399879997958, 32.58863000033243], [-85.54172600002038, 32.58861899978125], [-85.54170400027908, 32.58919199999918], [-85.5416840001876, 32.58974800018273], [-85.54158100025543, 32.58974999984503], [-85.54073000013564, 32.5897599996695], [-85.5405450001877, 32.58958799980816], [-85.54053400031707, 32.589216999713905], [-85.5404530001262, 32.589216999713905], [-85.54000000038968, 32.589219999981985], [-85.54002399978081, 32.589775000161], [-85.53983800000796, 32.58996500036677], [-85.53982700013732, 32.58998999986594], [-85.53987099961995, 32.58998999986594], [-85.54167599979166, 32.58999499976493], [-85.5418110004092, 32.589993999936524], [-85.541777000074, 32.59127900031724], [-85.54220899989414, 32.59107599998761], [-85.54250199979711, 32.59093500003985], [-85.54255200002582, 32.58921199977151], [-85.54530799987646, 32.589227000354725], [-85.54549500037253, 32.589228000191696], [-85.54555999977154, 32.589228000191696], [-85.54587100011616, 32.589228000191696], [-85.5459370002384, 32.592790000304525], [-85.54484400026926, 32.59277100037121], [-85.54408100001304, 32.592762999720904], [-85.54240399988781, 32.59271699994111], [-85.54169000003537, 32.59269899979056], [-85.54161600041553, 32.592700000345594], [-85.54161800006536, 32.592357000026745], [-85.54161800006536, 32.59227699993345], [-85.54034599999608, 32.59228000009911], [-85.54034099997321, 32.592372000083586], [-85.540318000407, 32.59276699966772], [-85.54031000001108, 32.59291300025362], [-85.54038000033127, 32.59291300025362], [-85.54150400026253, 32.59290600016872], [-85.54161700024044, 32.592905000372795], [-85.54162100043841, 32.593081999649804], [-85.54163300013397, 32.593669999933596], [-85.54162599956295, 32.593750000297], [-85.54164099963157, 32.59393999964402], [-85.54163999980665, 32.59443700008989], [-85.5416220002633, 32.594843999973655], [-85.54161600041553, 32.594966000357815], [-85.54159100030118, 32.595512000352265], [-85.54158000043051, 32.59576100022653], [-85.5417190003477, 32.59572900020239], [-85.54192900040998, 32.59568100014479], [-85.54279399987514, 32.59548400006478], [-85.54363599977411, 32.59529299968121], [-85.54420099966364, 32.59513200035327], [-85.54524400030236, 32.594843000199354], [-85.54532700014303, 32.59323899970799], [-85.54534399986147, 32.59293299995246], [-85.54593600041349, 32.59292999980866], [-85.5461699998669, 32.592921000133664], [-85.54778800044089, 32.59285300037336], [-85.54788600035019, 32.592850000226946], [-85.54884299987687, 32.59283799964019], [-85.55385699963578, 32.592758999773864], [-85.55450100006635, 32.59274799972946], [-85.55452299980766, 32.593934000180674], [-85.55452799983053, 32.59422300023891], [-85.55453399967831, 32.59461499990203], [-85.55453700005134, 32.59474699986603], [-85.55477700025088, 32.594743999783034], [-85.55530199995742, 32.59473699984116], [-85.55574399982329, 32.59473099967434], [-85.55837599982539, 32.594698000263335], [-85.55833099961954, 32.59460000022063], [-85.55829399980962, 32.59452900013048], [-85.55835800028203, 32.59452900013048], [-85.55845500036642, 32.5945299999083], [-85.55851300009273, 32.5945299999083], [-85.55877699968339, 32.5945309996861], [-85.55884000033089, 32.5945309996861], [-85.55875800031512, 32.59287499967818], [-85.55871499975909, 32.590943000096466], [-85.55673899988314, 32.59099799989897], [-85.55617999984139, 32.59101300018327], [-85.55581900016635, 32.59102299986688], [-85.55569600014272, 32.59102699989135], [-85.55527099999529, 32.591042999987515], [-85.55501800027528, 32.59103899996375], [-85.55458599955685, 32.59103199973249], [-85.55433899968465, 32.59101999965914], [-85.55417700020125, 32.591000000290265], [-85.55412500032271, 32.59099799989897], [-85.55400399994888, 32.590960999842906], [-85.55392899960582, 32.59094799994228], [-85.55387500007745, 32.590939000068246], [-85.55377399979511, 32.59093500003985], [-85.55367199968786, 32.590926999982464], [-85.55357200012875, 32.590918000106306], [-85.5534709998464, 32.590905000199456], [-85.55320300005779, 32.5908739997736], [-85.55306300031572, 32.590875000349065], [-85.55249400022824, 32.590880000198695], [-85.55247900015962, 32.590566999689436], [-85.55245800024322, 32.59012599989527], [-85.55245700041833, 32.59010399991565], [-85.55327099982986, 32.59007399979715], [-85.5538990003669, 32.59005099997698], [-85.55448199979978, 32.590028999978955], [-85.55448099997486, 32.59008699982448], [-85.55540999991244, 32.59003499970373], [-85.55567500022632, 32.590020000012565], [-85.55561999997474, 32.58991300017523], [-85.55557999979176, 32.5898349998313], [-85.55556200024841, 32.589802000131144], [-85.55551299984461, 32.58981100011941], [-85.555433000377, 32.589825999845495], [-85.55476800003004, 32.589888999727336], [-85.55459700032581, 32.58990500002662], [-85.55452399963256, 32.58977400033013], [-85.55461300021933, 32.589753999926316], [-85.55530699998027, 32.589595000152215], [-85.55544000004969, 32.58956599969648], [-85.55542800035411, 32.58954100007908], [-85.55540400006467, 32.5894950001593], [-85.55532000039908, 32.589396999725], [-85.55529799975946, 32.58937200006042], [-85.55530199995742, 32.58919199999918], [-85.55535999968373, 32.58834599963732], [-85.55462900011287, 32.58833700025883], [-85.5545040004394, 32.58833899995261], [-85.5544979996933, 32.58831999983251], [-85.55446500008134, 32.588130999773185], [-85.55434200005769, 32.58812999992398], [-85.55434100023278, 32.58816499993741], [-85.55347199967132, 32.588184000090315], [-85.55314699998131, 32.58819099978712], [-85.5531460001564, 32.588130999773185], [-85.55314299978336, 32.587949999639115], [-85.55313299973763, 32.58729699980987], [-85.5536170003346, 32.587295999951365], [-85.55371100004592, 32.587295999951365], [-85.55434899973038, 32.587295999951365], [-85.55448699982264, 32.587312999815], [-85.5545250003558, 32.586748999991045], [-85.55451199993699, 32.58655299982249], [-85.5544480003629, 32.58634900027322], [-85.55431899959314, 32.58617400030848], [-85.55432799981398, 32.58557699963122], [-85.55432399961603, 32.58520899998924], [-85.55429100000406, 32.58375999986539], [-85.55223999978502, 32.58376699990768], [-85.55214600007369, 32.58375899996744], [-85.55078100011802, 32.58375500037555], [-85.55006999974029, 32.583752999822565], [-85.54990700043199, 32.57949000014758], [-85.54986399987598, 32.57837300024464], [-85.5467680002667, 32.577924999762345], [-85.54667500038029, 32.57814900028327], [-85.54658999999147, 32.57814900028327], [-85.54644900042447, 32.57815000024378], [-85.5464569999221, 32.57813000027432], [-85.54646699996783, 32.5780999999333], [-85.54649799992997, 32.578008999644794], [-85.54634200029435, 32.57801100032589], [-85.54617800026284, 32.57801400021204], [-85.54586600009328, 32.57801999998402], [-85.5456140001982, 32.57802099994598], [-85.5453870004175, 32.57802399983176], [-85.54517300015726, 32.57802699971749], [-85.54503400024008, 32.578028999641234], [-85.54496200027005, 32.578030000360044], [-85.54486799966041, 32.578032000283734], [-85.5448590003379, 32.57797100032049], [-85.54471000037496, 32.57696899973754], [-85.54469299975821, 32.576852999687254], [-85.5446769998647, 32.57677600006701], [-85.54439599965731, 32.57681499987308], [-85.54410799977721, 32.576843999912], [-85.54380700037665, 32.57687299994155], [-85.54320999980176, 32.57691800030818], [-85.54279399987514, 32.57694900026165], [-85.5424659998121, 32.576992999859755], [-85.54221700029007, 32.57699799972667], [-85.54209500009134, 32.57699199988631], [-85.54207400017494, 32.576927000076026], [-85.54207400017494, 32.576842999936964], [-85.5420719996268, 32.575938999732344], [-85.54210500013708, 32.575947000370306], [-85.5422120002672, 32.57597599993294], [-85.54237600029873, 32.576019000024225], [-85.54258600036101, 32.57607499988326], [-85.5427260001031, 32.57611200002779], [-85.54281200031681, 32.57613499963938], [-85.54287099986806, 32.5761589999848], [-85.54332399960458, 32.57536700033497], [-85.54337600038143, 32.57527600030095], [-85.54343099973471, 32.57513299973641], [-85.54350100005489, 32.57495299985039], [-85.54355600030648, 32.57481000028476], [-85.54357700022287, 32.574749999642165], [-85.54483699969828, 32.57497599975923], [-85.5448040000863, 32.57519800009009], [-85.54474899983474, 32.57554100020957], [-85.54682799964286, 32.57553100031293], [-85.54698099980372, 32.57553000032324], [-85.54721599998038, 32.5755290003335], [-85.54745199998192, 32.5744520003723], [-85.54753499982259, 32.573962999696604], [-85.54757900020353, 32.57347000008889], [-85.547591999724, 32.57290500021695], [-85.54763699992984, 32.57100700008793], [-85.54764500032576, 32.57069199975248], [-85.54764899962541, 32.570503999671594], [-85.5476479998005, 32.570315999953706], [-85.54614099955458, 32.5702369999225], [-85.54617700043792, 32.569965999928556], [-85.54621400024783, 32.569868000100705], [-85.54513899982207, 32.56956700033853], [-85.54511000040806, 32.56964800031352], [-85.54492499956183, 32.569608000363026], [-85.5442900002504, 32.56946399978805], [-85.54452500042704, 32.56918099976132], [-85.54470700000194, 32.56895999974021], [-85.54482699965251, 32.5688500003146], [-85.54473700013915, 32.56884499999341], [-85.54426000011318, 32.56881400026681], [-85.54364400017002, 32.56877500000947], [-85.54246800036024, 32.568720000200095], [-85.54188900022702, 32.56871900013446], [-85.541296999675, 32.568730000099116], [-85.54137700004094, 32.57110700026349], [-85.53948999985342, 32.571804999822], [-85.53947899998276, 32.571780999825414], [-85.53944700019572, 32.57171099986173], [-85.5393619998069, 32.571505999816125], [-85.53933500004273, 32.57144099981462], [-85.53930099970754, 32.57137699980205], [-85.53925100037713, 32.57132000000075], [-85.53920799982112, 32.57130500020642], [-85.54056299973108, 32.56901199997229], [-85.54071500006702, 32.568758999724295], [-85.53985800009946, 32.56881699970357], [-85.53937100002774, 32.568849000250374], [-85.53930599973042, 32.56784900009963], [-85.53885899984166, 32.567499000289956], [-85.53833699960984, 32.567151000038045], [-85.53887100043555, 32.566609000268066], [-85.5390229998732, 32.566439000084614], [-85.53915000009479, 32.566255999883325], [-85.53924700017917, 32.566061999775286], [-85.5393049999055, 32.56585500025101], [-85.53946200026434, 32.56516100023711], [-85.53947099958685, 32.56510300016522], [-85.53953199968622, 32.56511100025568], [-85.54014099995668, 32.56520899998107], [-85.54016199987306, 32.565212999643144], [-85.54029900014042, 32.56514099964221], [-85.54083899991558, 32.564863000147895], [-85.54129400020024, 32.56478000017543], [-85.54128599980433, 32.564231999770946], [-85.5402549997595, 32.56420499967142], [-85.53963799999144, 32.564187999969064], [-85.53942999957897, 32.56427000037395], [-85.53935900033218, 32.56429799981184], [-85.53917199983611, 32.56386400035059], [-85.5391280003535, 32.56365100032151], [-85.53911199956165, 32.56343699966211], [-85.53910900008691, 32.56322400013342], [-85.53913699967599, 32.5630120002283], [-85.53922299988973, 32.562809000249686], [-85.53932699964682, 32.56265799994158], [-85.5394670002872, 32.56266399998373], [-85.53958199991493, 32.56266399998373], [-85.53963200014365, 32.56266399998373], [-85.5399309998944, 32.562667999759256], [-85.54026900000319, 32.56267499993378], [-85.54065999981545, 32.56268300024082], [-85.54081299997632, 32.562673999800765], [-85.54126400006304, 32.562677000199876], [-85.54124899999441, 32.560757999974435], [-85.5412470003446, 32.5605650002479], [-85.54045599960095, 32.56057000027353], [-85.53998399959785, 32.56057400014242], [-85.5397769999086, 32.56050499991884], [-85.53937799970043, 32.56030000000594], [-85.53758299957444, 32.559382000287364], [-85.53756000000821, 32.559382000287364], [-85.5371509997543, 32.55938600020915], [-85.53547100015435, 32.56037399966659], [-85.53261599967118, 32.560338000003014], [-85.53261999986915, 32.560509999947776], [-85.53263499993774, 32.56107700021283], [-85.5322220003842, 32.56106700021783], [-85.53071000011542, 32.56102899977238], [-85.5295040001684, 32.56099999991976], [-85.52748700028454, 32.56094999989068], [-85.52523299967591, 32.560893999673645], [-85.52515099966014, 32.56098499991395], [-85.52780100010389, 32.561122000176525], [-85.52943600039633, 32.561205999897], [-85.52943399984818, 32.56175000004044], [-85.52998299984418, 32.561773999692456], [-85.53081899989536, 32.56181000029413], [-85.53081999972028, 32.56174899989712], [-85.53083200031415, 32.561180999943346], [-85.53222300020911, 32.561219000324414], [-85.53263999996062, 32.56123099984369], [-85.53265099983129, 32.56169499970959], [-85.53265599985414, 32.56187200003461], [-85.53265900022721, 32.56200999984038], [-85.53268599999139, 32.56312800000991], [-85.53268199979343, 32.56439799989598], [-85.53268199979343, 32.564451999970785], [-85.53270299970981, 32.56670599978306], [-85.53269500021221, 32.56722099977516], [-85.53187199968151, 32.56722199985754], [-85.52951099984107, 32.567148999871755], [-85.52864399982776, 32.56717000010187], [-85.52659900035482, 32.567217000202625], [-85.52500300042047, 32.56721299987287], [-85.52495400001665, 32.566468999784135], [-85.52580599996135, 32.566528999910155], [-85.52592300013723, 32.56522899980372], [-85.52541000012623, 32.56518599983885], [-85.52417700041504, 32.56508499976981], [-85.5241969996082, 32.56630499989109], [-85.52419999998125, 32.566450999662806], [-85.52420699965393, 32.56684900015674], [-85.5241330000341, 32.566851999659214], [-85.52219499979296, 32.5668760002176], [-85.51840500042275, 32.56691900012952], [-85.51569600042777, 32.5669560002661], [-85.51570599957518, 32.565824000248206], [-85.51571099959807, 32.56457500018806], [-85.51571499979602, 32.56456399971384], [-85.51578799959096, 32.56456499982584], [-85.5158129997053, 32.56115200013978], [-85.51792800039676, 32.56131699975845], [-85.52172199996495, 32.56161299997962], [-85.5219920003017, 32.56161000030205], [-85.52324099990643, 32.56183000011738], [-85.52325199977709, 32.562413000274795], [-85.52313799997427, 32.562418000197454], [-85.52311200003498, 32.5627079997759], [-85.52332700012015, 32.562699000095485], [-85.52372399978019, 32.56268200010783], [-85.52410100024704, 32.562665000116894], [-85.52411399976754, 32.56261299999113], [-85.52414200025491, 32.56238000032418], [-85.52418499991263, 32.5608130001226], [-85.52186400025516, 32.56083499971812], [-85.52205099985292, 32.55985099993801], [-85.52210899957923, 32.55954200004976], [-85.5224009996573, 32.559530999715605], [-85.52382000003965, 32.55957500028705], [-85.52406400043714, 32.55959499985138], [-85.52422099989765, 32.55963400031392], [-85.5243659996626, 32.559698999785354], [-85.52509100028401, 32.56016900021152], [-85.52548499957099, 32.56045300005544], [-85.52639000011746, 32.55949599988231], [-85.52661299970023, 32.5592509999098], [-85.52682100011269, 32.55900200008677], [-85.52703299982477, 32.55871499966163], [-85.52716599989418, 32.55851299998328], [-85.52732499990283, 32.55818699994812], [-85.52749499978215, 32.557776999662494], [-85.52759199986652, 32.557781999843485], [-85.5276389997222, 32.557611000159085], [-85.52777000014176, 32.55699800001619], [-85.5278439997616, 32.55665200031866], [-85.52813699966457, 32.55674200011888], [-85.52848300016929, 32.55684900016772], [-85.5296659996518, 32.55722499962475], [-85.52990500002639, 32.557287999697856], [-85.52998100019435, 32.55729900030699], [-85.53005300016439, 32.557274000021955], [-85.5300890001494, 32.557214999957615], [-85.53014400040098, 32.557089999860025], [-85.53023800011232, 32.55681000000902], [-85.53036899963355, 32.55641699991002], [-85.53066699955939, 32.555437999695414], [-85.53068300035123, 32.555383000038624], [-85.53073199985671, 32.55524499988401], [-85.53076299981888, 32.55512400018287], [-85.5309829999269, 32.55438599963154], [-85.53023599956417, 32.55439500014573], [-85.53020600032525, 32.55439500014573], [-85.53020499960205, 32.55317299963901], [-85.53020600032525, 32.55312500027085], [-85.53020799997508, 32.55301400011944], [-85.53102700030783, 32.55300200025858], [-85.5311090003236, 32.55294999983331], [-85.53114199993554, 32.55185100034041], [-85.5299639995776, 32.55184899983303], [-85.52996699995066, 32.55127800003973], [-85.52984499975193, 32.55127600027674], [-85.52944300006902, 32.55127099973331], [-85.52943200019837, 32.55132200011453], [-85.52940200006113, 32.55146500001929], [-85.5293850003427, 32.55154800019315], [-85.52937399957374, 32.55160400018497], [-85.52935400038056, 32.55169699975615], [-85.52931900022047, 32.55186600035861], [-85.52920799989238, 32.55239599989757], [-85.52908599969365, 32.55300999991359], [-85.52939200001539, 32.55300800018917], [-85.5299350001636, 32.55300299974225], [-85.52995000023222, 32.55311999983046], [-85.52870699957695, 32.55312999995385], [-85.52858799975127, 32.55314199979766], [-85.52870699957695, 32.55247000001853], [-85.52878699994291, 32.552027000143795], [-85.52900500040111, 32.55125500011256], [-85.52901700009667, 32.55113300007088], [-85.52826800008414, 32.551137999864835], [-85.52827399993191, 32.55104199968357], [-85.5281180002963, 32.55070600013362], [-85.52809400000686, 32.55037000008315], [-85.52708100040368, 32.5505510003455], [-85.5266539997081, 32.55106599992783], [-85.52617800040535, 32.55102900005342], [-85.52627100029177, 32.550579000278205], [-85.52520400026191, 32.55063000029538], [-85.52508799991097, 32.550692999697596], [-85.52503600003242, 32.55088999975452], [-85.52459499999146, 32.5508069997294], [-85.524105000445, 32.55071099995136], [-85.52396499980462, 32.550809999768155], [-85.52395399993395, 32.550519000087235], [-85.5239430000633, 32.54593199968899], [-85.52304599991275, 32.545877000265186], [-85.52191899960843, 32.54580899966429], [-85.52191799978353, 32.544729000098314], [-85.52187400030091, 32.54137500018857], [-85.52187000010295, 32.540938999684016], [-85.52201700041604, 32.540948000031904], [-85.52201700041604, 32.54084200033638], [-85.52212899967073, 32.5408489999415], [-85.52213100021886, 32.54083499997344], [-85.52213500041682, 32.54072500014855], [-85.52213700006665, 32.5406219998117], [-85.52213799989156, 32.54052999974916], [-85.5221410002646, 32.54025100011898], [-85.52214200008952, 32.54019800025413], [-85.52214299991442, 32.540145000358], [-85.52214600028748, 32.539924000011], [-85.52214600028748, 32.53985800021994], [-85.5221479999373, 32.53974300028448], [-85.52214700011238, 32.53952199970542], [-85.52214700011238, 32.53949099969376], [-85.52237200024328, 32.53950499987137], [-85.52264400022985, 32.5395210000716], [-85.52282699962963, 32.539531999828995], [-85.5228869999041, 32.53953599987814], [-85.52322300036307, 32.539556000121166], [-85.52338099964851, 32.53956600024101], [-85.52354600040327, 32.539576000359745], [-85.52351999956569, 32.53918600020559], [-85.52349799982437, 32.53886900020337], [-85.52357999984014, 32.53886900020337], [-85.52434399992129, 32.5388619996866], [-85.52457300025014, 32.538859999647045], [-85.52491100035895, 32.53889600035224], [-85.52524699991963, 32.538932000285726], [-85.52524000024691, 32.538858000364755], [-85.52520500008683, 32.53849199994082], [-85.52539400023272, 32.53848500015198], [-85.52544100008836, 32.53848300010402], [-85.52565299980047, 32.538476000314496], [-85.52660100000465, 32.53844299989294], [-85.52657099986743, 32.53791299976823], [-85.52656599984455, 32.537823999674856], [-85.52654300027832, 32.53741900008484], [-85.52653900008036, 32.53734699974776], [-85.52638500009458, 32.537352999967396], [-85.5254789997232, 32.53738800010454], [-85.52509999960652, 32.53740300026735], [-85.52508200006316, 32.537211999622755], [-85.52507399966726, 32.537126999748445], [-85.52503299965937, 32.53667799963009], [-85.52499300037472, 32.53626100034664], [-85.52522000015544, 32.536264999784144], [-85.5259220003123, 32.53628099980437], [-85.52625500039824, 32.53628799976499], [-85.52679299962529, 32.536300000345356], [-85.52675199961739, 32.5355550002769], [-85.52671499980747, 32.53483999975697], [-85.52670800013476, 32.53476199998933], [-85.52691599964892, 32.534771000198994], [-85.52738900037525, 32.53479300011869], [-85.52765200014098, 32.534810000087376], [-85.5277020003697, 32.534815999719164], [-85.52815400028132, 32.53487200030229], [-85.52815500010624, 32.53491800021421], [-85.52815799958096, 32.53512499990499], [-85.52817699984753, 32.536227000198], [-85.52817900039567, 32.53632899984795], [-85.53164700044893, 32.53630799997404], [-85.5318440000924, 32.53630599987761], [-85.53183099967363, 32.53506700011292], [-85.53180800010742, 32.53296800027011], [-85.5318070002825, 32.532821999801186], [-85.5318059995593, 32.53276600021195], [-85.53104200037644, 32.53278299980691], [-85.53040100031893, 32.53279799998148], [-85.52907900002094, 32.53282800032308], [-85.52811900012122, 32.5328509996694], [-85.52812300031918, 32.533092999876075], [-85.52813699966457, 32.533917999880316], [-85.52814500006049, 32.534365999716194], [-85.52814699971032, 32.534494999922295], [-85.52798799970164, 32.53449400023257], [-85.52782299984521, 32.534492999785485], [-85.52782299984521, 32.534365999716194], [-85.5278220000203, 32.53404999981393], [-85.52782100019539, 32.533915999730674], [-85.52770800021747, 32.5339150000345], [-85.52747999971352, 32.533914000338314], [-85.52748200026167, 32.53437499996556], [-85.52748300008658, 32.53449099964863], [-85.52746399982, 32.53449099964863], [-85.52710399996991, 32.534489000269076], [-85.52616699963637, 32.53448400030531], [-85.52608799999366, 32.53448400030531], [-85.52599500010723, 32.53448099972103], [-85.52417999988975, 32.534489000269076], [-85.52418099971469, 32.53442300027043], [-85.52419800033144, 32.53363900015679], [-85.52421699969969, 32.5327740001554], [-85.52377800020686, 32.53277199998026], [-85.52362400022106, 32.53277199998026], [-85.52354700022818, 32.53277199998026], [-85.52359699955858, 32.532646000217284], [-85.52366900042692, 32.53261099974686], [-85.523837999583, 32.53246200031799], [-85.52387699994107, 32.53232399976753], [-85.52393100036772, 32.53196800018939], [-85.52393499966738, 32.53184100033667], [-85.52389299983459, 32.5316969997498], [-85.52386000022261, 32.531611999957725], [-85.52317899998214, 32.53161499988046], [-85.52317300013436, 32.53183799966415], [-85.5231680001115, 32.531989000320664], [-85.52316300008862, 32.53219200032677], [-85.52316100043879, 32.53225600026345], [-85.52314999966983, 32.53267299996497], [-85.52315200021796, 32.53274200037733], [-85.52301999997349, 32.53275600009229], [-85.52217200022673, 32.53281999962713], [-85.52215999963286, 32.53267200025497], [-85.52213299986869, 32.53213900025006], [-85.52180800017868, 32.53214200015522], [-85.52182900009508, 32.53286099977847], [-85.52186099988214, 32.532857999897345], [-85.52191299976066, 32.53454300016306], [-85.52159200026861, 32.53452899996925], [-85.52129500016768, 32.535022999645015], [-85.52120999977888, 32.535162000275086], [-85.52112600011328, 32.53530300005151], [-85.52104200044771, 32.53544400036393], [-85.52098999967086, 32.53553099967281], [-85.52093899961721, 32.535617999654754], [-85.52041399991067, 32.53649000023277], [-85.52018600030503, 32.53687000031634], [-85.5197259999975, 32.53763499999253], [-85.51967099974591, 32.53772999971028], [-85.51963800013394, 32.5377830002744], [-85.51955100009532, 32.53793899979583], [-85.51877199994556, 32.53947999993134], [-85.5186499997468, 32.53948100032289], [-85.51866099961747, 32.53970299987734], [-85.51866399999051, 32.53976800015129], [-85.5186430000741, 32.54039899987605], [-85.51863800005125, 32.54055599977635], [-85.51863999970107, 32.54063399981292], [-85.51863999970107, 32.54064799981232], [-85.5186410004243, 32.54068599979964], [-85.51854799963958, 32.5406839998007], [-85.51816100002527, 32.540693999794925], [-85.51749800022645, 32.54071199978171], [-85.5172050003235, 32.540719999774694], [-85.51631099964769, 32.540705000165936], [-85.5163530003788, 32.54063300019153], [-85.51649300012087, 32.54039699987072], [-85.51662500036535, 32.54013999995181], [-85.51682899968154, 32.53978600032371], [-85.51707300007902, 32.53936399987634], [-85.51806999978866, 32.537575999893996], [-85.51817699991878, 32.537385000374606], [-85.51824399986596, 32.53726299966014], [-85.5183459999732, 32.537081000210584], [-85.51867900005912, 32.53648600004794], [-85.51924599959848, 32.535471999706736], [-85.51982499973171, 32.53443600003302], [-85.52069299956993, 32.53288699975393], [-85.52073199992799, 32.5328189999187], [-85.52082200033968, 32.53265600034919], [-85.52124099974101, 32.531901999853], [-85.52152899962111, 32.531398000160635], [-85.52186000005722, 32.53082099991564], [-85.52204400018023, 32.53050199970007], [-85.5221479999373, 32.53034000020629], [-85.52224699967151, 32.53018700033195], [-85.52231299979374, 32.530217000030845], [-85.52318499982994, 32.5306089999722], [-85.52319599970059, 32.53061400015169], [-85.52321400014226, 32.53062300001967], [-85.52324799957911, 32.53023799981409], [-85.52303800041516, 32.53022399970667], [-85.52299900005708, 32.53022200023214], [-85.5224080002283, 32.52994400012962], [-85.52271500037497, 32.52950999966637], [-85.5230140001257, 32.52908599990786], [-85.52336099955703, 32.528629000179826], [-85.52356200029679, 32.528368000122484], [-85.5236979998409, 32.525981999976594], [-85.52222400010528, 32.52723799997118], [-85.52214600028748, 32.52711299979186], [-85.52208099999017, 32.52700899997667], [-85.52200499982217, 32.52690599981528], [-85.52193100020231, 32.52680700015185], [-85.52239700035764, 32.52636499992591], [-85.52188599999648, 32.52578799992317], [-85.52087300039331, 32.526251999697365], [-85.52162200040586, 32.52684800001802], [-85.52175499957691, 32.526975000112934], [-85.52178300006432, 32.52700200005028], [-85.52191799978353, 32.52717500001764], [-85.52203900015735, 32.52739599992476], [-85.52176700017078, 32.52766500017481], [-85.52159999976622, 32.52788000029673], [-85.52141399999338, 32.528199999736735], [-85.52096299990667, 32.529115999974444], [-85.52065699958492, 32.52980300027187], [-85.52057999959203, 32.52997699988714], [-85.52050500014727, 32.52996299973905], [-85.51969599986026, 32.52993299995531], [-85.51794000009232, 32.52982400015195], [-85.51792099982575, 32.53033400027552], [-85.51745999969332, 32.53031799995329], [-85.51744600034793, 32.53087600023002], [-85.51537900023536, 32.5308980003464], [-85.51515199955631, 32.530907000185884], [-85.51231100021518, 32.53101000030428], [-85.51228000025304, 32.53101300024719], [-85.51229000029878, 32.531616000359605], [-85.51228899957556, 32.53277199998026], [-85.51056799996772, 32.53276799962985], [-85.51056700014281, 32.532732000255], [-85.51056200011993, 32.53219000013868], [-85.51049599999769, 32.52549000014957], [-85.51024499992754, 32.5254909999395], [-85.50926199956326, 32.52549799998361], [-85.50839299990012, 32.525518000322876], [-85.50840399977078, 32.52559400020828], [-85.50842499968718, 32.52750200034189], [-85.50844200030392, 32.53000599991644], [-85.5090099996682, 32.53000699965611], [-85.5095539996413, 32.52998800005606], [-85.50955000034165, 32.53091300007835], [-85.50838899970218, 32.53091600002445], [-85.50839299990012, 32.531513000178634], [-85.50841700018955, 32.53276900009616], [-85.50810599984496, 32.53277299968916], [-85.5009420001328, 32.53272900036957], [-85.50081400008627, 32.532730999788285], [-85.50056999968879, 32.53271900024573], [-85.50065300042779, 32.5324869999395], [-85.50073399972032, 32.53226900033968], [-85.50076899988044, 32.53216399996147], [-85.50059399997825, 32.5319229999997], [-85.50046099990885, 32.53184700016683], [-85.50020900001378, 32.53170699998736], [-85.49983099972201, 32.531842999775236], [-85.4998249998742, 32.53183300031012], [-85.49935000039639, 32.531368000098816], [-85.49929199977176, 32.53132199988351], [-85.49918399981671, 32.53120700037831], [-85.49912299971734, 32.53117100037786], [-85.49923400004543, 32.53090400023948], [-85.49924999993897, 32.530797000318685], [-85.49931100003832, 32.53064099975282], [-85.49935000039639, 32.53052600013318], [-85.49936899976464, 32.53045400032933], [-85.49938200018345, 32.530383000203265], [-85.4994009995517, 32.5303550000314], [-85.49941700034353, 32.53025900034985], [-85.49942999986402, 32.53023400010821], [-85.49944599975754, 32.530156999865675], [-85.49946599984902, 32.53013000011909], [-85.49948799959033, 32.530000999703105], [-85.49953299979617, 32.52978600011294], [-85.49956799995627, 32.529487000222], [-85.49953199997127, 32.52931899965665], [-85.49950900040504, 32.52925100015001], [-85.49948599994052, 32.52915500004601], [-85.49946900022206, 32.52911299996825], [-85.49945300032854, 32.52900600018636], [-85.4994290000391, 32.5287839999421], [-85.49939300005408, 32.528621999622324], [-85.4993510002213, 32.52848099996183], [-85.49933100012981, 32.52843300026864], [-85.49931799971101, 32.528377000215485], [-85.49929799961954, 32.52835999978664], [-85.49927900025128, 32.528305999962605], [-85.49917399977097, 32.52817399991944], [-85.49896299988377, 32.52797900029256], [-85.4988940002868, 32.5278900002018], [-85.49886199960143, 32.52785599991407], [-85.49882899998948, 32.52777999966991], [-85.49877000043824, 32.527571000181815], [-85.49875000034676, 32.52755500012484], [-85.49869199972211, 32.52741700036747], [-85.49864599969138, 32.52733000001627], [-85.49864599969138, 32.527313000146776], [-85.4984570004438, 32.52715999966154], [-85.49842499975844, 32.5271489999037], [-85.49834299974268, 32.52714100021673], [-85.49785999986891, 32.52717199994663], [-85.49771199973091, 32.52715999966154], [-85.49763899993597, 32.52713999968775], [-85.49752799960788, 32.52706299982288], [-85.49748800032322, 32.527022999827686], [-85.49747599972935, 32.52694699963629], [-85.49752799960788, 32.526865999750186], [-85.49753400035398, 32.526842999628926], [-85.49755299972225, 32.52681499986857], [-85.49756799979086, 32.52674300012009], [-85.4976110003469, 32.5264090000904], [-85.49760399977588, 32.52618400014144], [-85.4975839996844, 32.52606900011829], [-85.49750699969148, 32.52585700032203], [-85.49749199962287, 32.52580500008127], [-85.49744599959213, 32.52567799984735], [-85.49742700022387, 32.52565699975558], [-85.49736799977433, 32.52565599996749], [-85.49729400015448, 32.525648000147534], [-85.49666800016558, 32.525584999836475], [-85.49358699972662, 32.52537899991776], [-85.48842700037784, 32.525035999692605], [-85.48792100003953, 32.52505799972428], [-85.48741600042447, 32.525164999663744], [-85.48688499997183, 32.525397999735134], [-85.48688499997183, 32.52550599981688], [-85.48677199999393, 32.525580000134525], [-85.48672099994029, 32.52599599998771], [-85.48980599967891, 32.525932000135676], [-85.4897830001127, 32.528985000115064], [-85.48976399984612, 32.531642999659525], [-85.4915089997434, 32.531642999659525], [-85.49152800000998, 32.531642999659525], [-85.49873000025528, 32.53163900001621], [-85.4988099997229, 32.5316380002947], [-85.49890500015746, 32.531467000037644], [-85.49900499971658, 32.53128200026987], [-85.49905400012038, 32.53132900023061], [-85.49908799955726, 32.53136299996124], [-85.49924099971813, 32.531513000178634], [-85.49941999981829, 32.531688999710425], [-85.49957100032934, 32.5318349997488], [-85.49976399977486, 32.53202499999335], [-85.49981400000358, 32.532073999755994], [-85.50018499972434, 32.5319330002121], [-85.50022999993017, 32.531915999698896], [-85.50045000003821, 32.53204100001153], [-85.50049900044199, 32.5321059997721], [-85.50051000031266, 32.53218299985868], [-85.50049900044199, 32.53231899968324], [-85.50032899966438, 32.53271999995527], [-85.5003939999617, 32.532862999951625], [-85.50042599974876, 32.53295199965969], [-85.5006259997653, 32.533431000369085], [-85.50065199970456, 32.53349399972204], [-85.50066500012336, 32.53354399989843], [-85.50069899956023, 32.533672999770474], [-85.50073000042069, 32.533790999755304], [-85.50078599959886, 32.53400400021482], [-85.50081200043645, 32.534091999855455], [-85.50091000034574, 32.53421000004719], [-85.50093100026213, 32.53425299970627], [-85.50112000040802, 32.534458999724905], [-85.50128100006651, 32.534650000165605], [-85.50137599960274, 32.534665999716246], [-85.50141599978572, 32.534674000247776], [-85.50160199955855, 32.53470499965022], [-85.50176700031331, 32.53486099997412], [-85.50180499994815, 32.534916000086824], [-85.50195499973597, 32.53513800032332], [-85.50208100013266, 32.53518100029547], [-85.50210399969889, 32.53517400024857], [-85.50230500043867, 32.535119000293854], [-85.50243500013501, 32.535028000336126], [-85.50263699980135, 32.534947000163044], [-85.50324000022404, 32.53512799971041], [-85.50393800018294, 32.5350579999329], [-85.50440000014031, 32.53517700005235], [-85.50443699995023, 32.53523900001392], [-85.50450899992026, 32.535362999808676], [-85.50455599977592, 32.535423999962475], [-85.50457599986741, 32.53545299974792], [-85.50464899966234, 32.535558999745845], [-85.5047230001805, 32.53562399998991], [-85.50489100040998, 32.53572499989133], [-85.50512400003849, 32.535808999902784], [-85.50535500001718, 32.53599200008847], [-85.50556500007947, 32.53616700026071], [-85.5057440001796, 32.53633999999633], [-85.5058989999903, 32.536584999647076], [-85.50603399970952, 32.53681299980047], [-85.50611599972527, 32.537010999683304], [-85.50619600009122, 32.53731099993621], [-85.50623600027419, 32.53752599969034], [-85.50625600036568, 32.537637000059384], [-85.5050410001978, 32.53777299995607], [-85.50346199998188, 32.5378840000198], [-85.5034140003013, 32.537888999794276], [-85.502659000441, 32.53796699987545], [-85.50241900024147, 32.53796699987545], [-85.50220400015633, 32.53794200026457], [-85.50193399981957, 32.53790199981253], [-85.50137800015088, 32.5377669997645], [-85.50108299969979, 32.53767899993804], [-85.50006699972356, 32.53731500008428], [-85.49816500036576, 32.53659000025122], [-85.49670999999837, 32.536101999652296], [-85.4966349996553, 32.53606600009902], [-85.49666399996762, 32.53601900034497], [-85.49668400005912, 32.535985999777914], [-85.4971970000701, 32.53515399978699], [-85.49775000026406, 32.534572999921814], [-85.497823000059, 32.53440800036725], [-85.49786400006687, 32.53375099972647], [-85.49779200009684, 32.5337459997216], [-85.49777500037841, 32.5337459997216], [-85.49610800029893, 32.533752999879795], [-85.4914870000021, 32.53377000004532], [-85.49046400035316, 32.533774000351116], [-85.49051600023171, 32.53630399978112], [-85.49054700019384, 32.53642800037744], [-85.49057499978292, 32.53654300001406], [-85.48993399972544, 32.536565999923724], [-85.48910299969712, 32.53657600037651], [-85.4888180001901, 32.53657499995261], [-85.48879399990064, 32.537630000203905], [-85.48879300007573, 32.53768500013548], [-85.48654799968794, 32.53768300006971], [-85.48657299980229, 32.536317999698234], [-85.48657600017533, 32.536193000036505], [-85.48657199997737, 32.53608900013083], [-85.48682499969738, 32.53612899987578], [-85.486074000035, 32.53511299992496], [-85.48536400038053, 32.535105000189844], [-85.4846720002694, 32.53509600001363], [-85.48470200040663, 32.535558999745845], [-85.48471900012505, 32.53571099988177], [-85.48434400020633, 32.535609000287295], [-85.48385999960936, 32.535477000372865], [-85.48346999962202, 32.535350000180244], [-85.4832439996662, 32.53526200025752], [-85.48302399955817, 32.535162000275086], [-85.48274099970097, 32.53501499990188], [-85.48240299959215, 32.534810000087376], [-85.4822579998272, 32.53469999969847], [-85.48209200014587, 32.534572999921814], [-85.48162500016562, 32.534165999916816], [-85.48112200020037, 32.53368700009768], [-85.48114099956864, 32.53489900013821], [-85.4811590000103, 32.536080999725364], [-85.48115200033762, 32.538081999813286], [-85.4811449997666, 32.538989999853655], [-85.48113399989593, 32.54027700022703], [-85.47974999967367, 32.5403180000034], [-85.47524100042814, 32.54030100032007], [-85.47519700004722, 32.54030300032755], [-85.47494599997704, 32.54032499964935], [-85.47265100025885, 32.540322999642385], [-85.47266299995442, 32.54197799964525], [-85.47263500036533, 32.54913500014884], [-85.47219199977621, 32.54952299969081], [-85.47128799995298, 32.550289000119456], [-85.47107500041595, 32.55040700022919], [-85.47100500009576, 32.55042100021914], [-85.47095999988991, 32.55044900019232], [-85.47091899988204, 32.550455000293645], [-85.4708100001021, 32.55044400036006], [-85.47074599962968, 32.55040100012472], [-85.47071999969042, 32.550395000019805], [-85.47058900016916, 32.550301999856835], [-85.47015999982376, 32.54994000023463], [-85.46972999965344, 32.54955899990674], [-85.46956099959904, 32.54939699995708], [-85.46954800007856, 32.54936999993703], [-85.469416999659, 32.549216999922464], [-85.46928699996266, 32.54900299967253], [-85.46924799960459, 32.54891500025679], [-85.46920199957384, 32.54875499972127], [-85.46912999960381, 32.548573999623585], [-85.46911000041065, 32.54853599994581], [-85.46906500020481, 32.54848099984562], [-85.46894100035625, 32.54837699978444], [-85.46890899967089, 32.54836099964778], [-85.46885699979235, 32.548343999972786], [-85.46853200010234, 32.5483179999291], [-85.4683820003145, 32.548322999879844], [-85.46810299975695, 32.54830199978199], [-85.46791500033429, 32.548280999679214], [-85.46789500024279, 32.54826799964916], [-85.46781099967889, 32.54825299978694], [-85.46777800006694, 32.548259000035046], [-85.46770699992183, 32.54820399976514], [-85.46767699978459, 32.548200999639306], [-85.46762900010401, 32.548188000354955], [-85.46743400011034, 32.54809099975203], [-85.46727099990373, 32.54797399992362], [-85.46722800024601, 32.54793200031693], [-85.46715999957564, 32.54785399980527], [-85.46713399963637, 32.54783200005646], [-85.4671210001159, 32.54780400002412], [-85.46705599981857, 32.54772199971697], [-85.46698399984854, 32.54764500008066], [-85.46696499958198, 32.54758399989905], [-85.46695100023659, 32.547555999789374], [-85.46693199997, 32.54753500026933], [-85.4668469995812, 32.54733799966452], [-85.46680800012145, 32.54726599970846], [-85.46678800002996, 32.54724399981556], [-85.46676899976339, 32.54720600033198], [-85.46671000021216, 32.54713400027007], [-85.46657700014278, 32.54702399983255], [-85.46647599986042, 32.546969999871344], [-85.46644300024847, 32.546993000139295], [-85.46614500032264, 32.54700399973853], [-85.46585900009238, 32.54708599994428], [-85.46582700030532, 32.54710900018248], [-85.46579399979503, 32.54711400020055], [-85.46566499992362, 32.54718699982696], [-85.46561600041812, 32.54720899973383], [-85.46552199980849, 32.54728599974411], [-85.46542499972409, 32.54738500030934], [-85.46536699999778, 32.54754500025778], [-85.4653469999063, 32.547568999922525], [-85.4651850004229, 32.54770999990587], [-85.46512000012558, 32.54775299991579], [-85.46472500011537, 32.54794200026109], [-85.46463999972656, 32.54795799971519], [-85.46459799989377, 32.547972000087015], [-85.46452400027391, 32.54798300032354], [-85.46448499991584, 32.547996999934284], [-85.46443899988509, 32.5480249999064], [-85.46441600031888, 32.54801499997142], [-85.46429599976996, 32.54802900033437], [-85.46427200037884, 32.5480369996754], [-85.46406300014146, 32.54810199997396], [-85.46392000002633, 32.54820600035381], [-85.46375299962175, 32.54830199978199], [-85.46366700030633, 32.54832799983031], [-85.46356799967381, 32.54834799962936], [-85.46347499978741, 32.54831900022216], [-85.46342600028191, 32.54830699973363], [-85.46327800014392, 32.54825299978694], [-85.46326100042548, 32.548247999832284], [-85.46312499998305, 32.548154999716594], [-85.46305899986079, 32.54813100020851], [-85.4629319996392, 32.548082000120104], [-85.4627490002394, 32.547993000262075], [-85.46265100033011, 32.5479359999918], [-85.46252800030646, 32.54785300026426], [-85.46244499956748, 32.54778700024366], [-85.46240699993264, 32.54774400024998], [-85.46234599983326, 32.54768600027879], [-85.46226899984038, 32.54762800027007], [-85.46221299976388, 32.54759000019186], [-85.46216199971026, 32.54756000023828], [-85.46205299993032, 32.54749500030452], [-85.46201500029548, 32.547520000284635], [-85.46097900022775, 32.548185999765884], [-85.4601580002452, 32.54871400001144], [-85.45863699975558, 32.549691999843226], [-85.45833600035502, 32.54979599989538], [-85.45892299998584, 32.55220200010944], [-85.458693999657, 32.552197000374754], [-85.45701900007991, 32.552161999952645], [-85.45590699984422, 32.55224399998988], [-85.45564099970544, 32.55226300018165], [-85.45566800036792, 32.55179299999407], [-85.45557999960606, 32.54785300026426], [-85.4555829999791, 32.54691799973782], [-85.4555829999791, 32.54685499995793], [-85.45560499972042, 32.540541000140266], [-85.45474899957776, 32.540541999762674], [-85.45292500003775, 32.54054300014237], [-85.45292699968758, 32.5401370003138], [-85.45295099997702, 32.53688499980835], [-85.45293300043367, 32.53414500029451], [-85.45284899986977, 32.5341419996989], [-85.45286999978616, 32.53688499980835], [-85.45230900009462, 32.53688899997538], [-85.45162700002922, 32.536893999805265], [-85.45162299983126, 32.53838099987127], [-85.45018300043081, 32.538378999821], [-85.45017099983694, 32.54054700014643], [-85.44419399980525, 32.540561999781595], [-85.44421499972164, 32.53399999991929], [-85.444211000422, 32.53379000005774], [-85.44421600044487, 32.533767000194544], [-85.44421700026977, 32.53335500029734], [-85.44437899975316, 32.53295199965969], [-85.44445099972319, 32.53276799962985], [-85.44450199977682, 32.532644999749614], [-85.44605199968044, 32.53265400017142], [-85.44606599992412, 32.53167499982916], [-85.44606699974904, 32.53163699981579], [-85.44459100036357, 32.53161700008136], [-85.4444940002792, 32.53161499988046], [-85.44433699992037, 32.53161299967952], [-85.4452049997586, 32.530017000081806], [-85.44530699986585, 32.52982799987607], [-85.44545599982875, 32.52955500030747], [-85.44699599968664, 32.529116999724025], [-85.44697599959515, 32.52607200022614], [-85.44705099993823, 32.52607200022614], [-85.44714299999973, 32.52607200022614], [-85.44914900001292, 32.52606699979387], [-85.44915300021088, 32.524245999875], [-85.44497899980277, 32.524245000071225], [-85.4448950001372, 32.52424400026742], [-85.44455299983042, 32.52493800003703], [-85.44446400014198, 32.525093000107816], [-85.4442409996609, 32.52551100028038], [-85.44414000027687, 32.52570100026679], [-85.44410500011678, 32.52574000030598], [-85.44401200023034, 32.5257790003283], [-85.44373100002296, 32.52585199987777], [-85.44350000004427, 32.52593100035059], [-85.44335600010423, 32.526006999886654], [-85.44333099998988, 32.52602899968057], [-85.44323499973042, 32.52611000032126], [-85.443149000415, 32.52623200027885], [-85.44301799999543, 32.526498999912214], [-85.44269300030543, 32.526998999973486], [-85.44246200032674, 32.52733300008201], [-85.44231099981569, 32.5275510002995], [-85.44226099958698, 32.52762600021382], [-85.4421429995862, 32.527798999737], [-85.44205399989775, 32.52774600009794], [-85.44199299979839, 32.52766100035438], [-85.44181799989619, 32.52741899990443], [-85.44168099962884, 32.52723000029213], [-85.44150099970378, 32.526979999737264], [-85.4414320001068, 32.52688599978493], [-85.44012499987744, 32.52687599976811], [-85.43885100015835, 32.526865999750186], [-85.4385230000953, 32.52686299966885], [-85.43854099963863, 32.526073999793034], [-85.43599499985028, 32.52602000010977], [-85.43580200040473, 32.52602400000325], [-85.43578899998596, 32.52615799974078], [-85.43574200013029, 32.52662199987637], [-85.43572799988658, 32.52671500032855], [-85.43569899957426, 32.526901999961055], [-85.43568000020602, 32.526988000196], [-85.43566000011452, 32.52707699966554], [-85.4356939995514, 32.52707800019517], [-85.4357780001153, 32.52707800019517], [-85.4360380004063, 32.52707500012091], [-85.43767000032568, 32.52706299982288], [-85.43847399969148, 32.52705200005321], [-85.43847500041471, 32.52716500003299], [-85.43847899971435, 32.52753500023902], [-85.43848600028537, 32.52821799995537], [-85.43863699989811, 32.5283849997924], [-85.43921400038151, 32.52902100023422], [-85.43956500001079, 32.52940799984653], [-85.43993699955647, 32.529824999893634], [-85.43997599991452, 32.5297659999664], [-85.4399940003562, 32.52973999984492], [-85.4400370000139, 32.5296770001312], [-85.440184000327, 32.529506999673316], [-85.44041500030568, 32.52930500016342], [-85.44096199975354, 32.528912999833516], [-85.44131199955788, 32.52866099990835], [-85.44132699962651, 32.52864800006737], [-85.44138400042624, 32.52869299962547], [-85.44263800005385, 32.52986200017485], [-85.44268200043477, 32.52990199966335], [-85.44280200008536, 32.5300140001057], [-85.44305200033062, 32.530246999719736], [-85.4417760000634, 32.53071399989598], [-85.44159500031343, 32.53078000034785], [-85.44058199981193, 32.53105000003904], [-85.44014400014402, 32.53115099978229], [-85.43969399988222, 32.531431000141325], [-85.43963500033101, 32.53184100033667], [-85.43922500025216, 32.53204100001153], [-85.43917599984835, 32.532248999988596], [-85.43906200004555, 32.53251399973504], [-85.43884500031056, 32.532907999670336], [-85.43878099983816, 32.53302599990287], [-85.43870300002035, 32.53322300009971], [-85.43868200010397, 32.533340999918366], [-85.4384450002775, 32.53353699972396], [-85.43842799966075, 32.53254999995464], [-85.43784000020499, 32.53265999994722], [-85.43763400034067, 32.5316449998598], [-85.4382910002917, 32.531573999917704], [-85.4384319998587, 32.53155900029611], [-85.43842600001092, 32.53188500009131], [-85.43913400001556, 32.53188400037253], [-85.43922000022928, 32.53189999965845], [-85.43916900017568, 32.53176699987461], [-85.43903899958103, 32.53150899977216], [-85.43874300020332, 32.53100500014684], [-85.43868200010397, 32.53087000033507], [-85.43863000022542, 32.53066899983546], [-85.438573000324, 32.53034399990743], [-85.43852599957003, 32.53013999977374], [-85.43847200004167, 32.53000599991644], [-85.43839800042183, 32.529915999820986], [-85.43831800005589, 32.52985099999045], [-85.43822699981929, 32.529801000030574], [-85.4381230000622, 32.52976399972428], [-85.43793700028938, 32.529735000374195], [-85.43768899969395, 32.529718999945274], [-85.43756499984538, 32.529718999945274], [-85.43680099976422, 32.52971599995921], [-85.43669000033447, 32.52971599995921], [-85.43646699985338, 32.52971800020239], [-85.4363420001799, 32.529718999945274], [-85.43619900006478, 32.529721000188395], [-85.43617800014839, 32.529721000188395], [-85.43631899971538, 32.528722000069266], [-85.43635200022564, 32.52846700033801], [-85.43629699997406, 32.528468000094804], [-85.4354540002502, 32.528490999800006], [-85.43528799967054, 32.52849600009737], [-85.43535999964055, 32.528290999795345], [-85.4355310002431, 32.52766899999506], [-85.43554200011374, 32.52761900033556], [-85.43537899990713, 32.52760099999691], [-85.43457700019114, 32.527513999823874], [-85.43462700041987, 32.52716400026169], [-85.43263700030019, 32.52717599978882], [-85.43204599957309, 32.52717400024645], [-85.43167099965436, 32.52717599978882], [-85.43142999962993, 32.52717599978882], [-85.4312720003445, 32.5271770003174], [-85.43113699972697, 32.52768400026623], [-85.43109499989419, 32.5278390001441], [-85.43011099970501, 32.52773999999394], [-85.42995699971921, 32.527747999627586], [-85.42996000009227, 32.52971699970211], [-85.43015400026101, 32.52972599965991], [-85.4324330000857, 32.529718999945274], [-85.43284099961637, 32.52971699970211], [-85.43464900016117, 32.52970999998678], [-85.43481499984252, 32.529697000297546], [-85.4347849997053, 32.5297549997703], [-85.43461300017616, 32.53008400002728], [-85.43441399998453, 32.5304499998757], [-85.43423999990725, 32.53076900027592], [-85.43637399996696, 32.531687000268505], [-85.43633100030925, 32.531761999759304], [-85.43760599985326, 32.53412899989376], [-85.43763400034067, 32.53421500002622], [-85.43722400026185, 32.534558000043695], [-85.43596399988813, 32.535602999951166], [-85.43570600014527, 32.53578099990768], [-85.43536300001361, 32.53598099989748], [-85.43500300016349, 32.536158000190916], [-85.43470299968952, 32.53627700036758], [-85.43451299971873, 32.536337999900596], [-85.43447199971084, 32.53625399962659], [-85.43340399985607, 32.53529600001412], [-85.43330099992392, 32.53538199978653], [-85.43327699963447, 32.5353970002844], [-85.43294000024889, 32.53566800016337], [-85.43265999986642, 32.53589099972998], [-85.43255100008646, 32.53584899977242], [-85.43168400007315, 32.53551300016221], [-85.43154900035394, 32.53577600001583], [-85.43091199959608, 32.53700399977904], [-85.43077500022703, 32.537282999652064], [-85.43066100042424, 32.537489000294165], [-85.43018199985012, 32.53841099986268], [-85.43011699955278, 32.538534000176945], [-85.43000600012302, 32.53874600034789], [-85.42998100000867, 32.53853699986854], [-85.42998100000867, 32.5384290003071], [-85.42998299965848, 32.53684899981164], [-85.4300119999708, 32.53412199976487], [-85.42991200041169, 32.53333700035066], [-85.42946499962463, 32.533340000215794], [-85.42729299993007, 32.5333559999998], [-85.42566299966052, 32.53334399978337], [-85.42566000018577, 32.533914000338314], [-85.425646999767, 32.537128999826606], [-85.42565199978986, 32.540561999781595], [-85.42565099996496, 32.540655999810994], [-85.42489600010464, 32.540657000189434], [-85.42462999996584, 32.540657000189434], [-85.42388599997618, 32.540631000191404], [-85.42382700042495, 32.54062900019126], [-85.4236270004084, 32.5406219998117], [-85.42320999975858, 32.54057700017154], [-85.42279700020502, 32.54050100008852], [-85.42245499989826, 32.54042099993169], [-85.42231400033126, 32.540388000224844], [-85.42138399967044, 32.54011100016527], [-85.42139000041654, 32.53776299963656], [-85.42142100037869, 32.53559899972683], [-85.42143499972407, 32.53336100002635], [-85.41808800004463, 32.53337800026608], [-85.41796199964793, 32.53337699980656], [-85.4160300001529, 32.53338499969559], [-85.41603299962763, 32.53442600009929], [-85.4146929997863, 32.53491399995939], [-85.41435100037786, 32.53423999991719], [-85.41427699985971, 32.53409499969538], [-85.41423300037708, 32.534024000175144], [-85.41418200032345, 32.53395599968602], [-85.41412700007187, 32.53389200020331], [-85.41406699979741, 32.533832999917884], [-85.4140020003984, 32.53377900035442], [-85.41393299990311, 32.53373000000714], [-85.41386099993308, 32.5336859996416], [-85.41378599959003, 32.53364799972164], [-85.41370799977221, 32.53361600025492], [-85.41362699958137, 32.53359100019027], [-85.4135449995656, 32.533571000133556], [-85.41346099990001, 32.53355800024576], [-85.41337700023442, 32.53355199977259], [-85.41329299967052, 32.53355199977259], [-85.41325900023365, 32.53355300023016], [-85.41317399984483, 32.533556000088076], [-85.41309000017925, 32.53356499966126], [-85.41300599961535, 32.53358100016247], [-85.41292399959958, 32.53360400007329], [-85.41284400013194, 32.5336319999897], [-85.41276600031414, 32.53366600036335], [-85.41269199979597, 32.53370599967273], [-85.41261999982596, 32.53375200018181], [-85.41255200005389, 32.53380299991195], [-85.41248799958147, 32.53385900036933], [-85.41242900003026, 32.53391900033382], [-85.41237399977868, 32.53398400025006], [-85.41202700034735, 32.534474000376925], [-85.41199800003503, 32.534516999909606], [-85.41170400030715, 32.53496100029168], [-85.41182700033082, 32.535029999703674], [-85.41213600012729, 32.53458999993213], [-85.4125310001375, 32.53408199988345], [-85.41258300001603, 32.53402100033285], [-85.41263999991745, 32.53396599967208], [-85.41270100001681, 32.5339150000345], [-85.41276600031414, 32.53386900036619], [-85.4128340000862, 32.53382900037209], [-85.41290600005622, 32.533795000060145], [-85.41297999967607, 32.533765999739366], [-85.41305699966895, 32.53374400032548], [-85.41313500038508, 32.533729000308895], [-85.41321400002779, 32.533719999994794], [-85.41329299967052, 32.53371700014236], [-85.41337300003647, 32.533722000148835], [-85.41345099985425, 32.533732000160946], [-85.41352899967207, 32.53374900033044], [-85.41360499984005, 32.533772999896], [-85.41367900035821, 32.53380299991195], [-85.41374999960502, 32.533837999917885], [-85.41381699955215, 32.53388000005856], [-85.41388100002459, 32.53392700017458], [-85.41394100029903, 32.53397900025818], [-85.41399700037553, 32.53403600030065], [-85.41404699970593, 32.53409699984106], [-85.41409299973667, 32.53416300007925], [-85.41444099989123, 32.53483299968348], [-85.4147499996877, 32.53545299974792], [-85.41342300026517, 32.53586200008596], [-85.4135589998093, 32.53628000013452], [-85.41361599971071, 32.536470999731954], [-85.41368400038107, 32.53669599966449], [-85.41390799978876, 32.53664299997353], [-85.4152190002161, 32.536353999907824], [-85.41570499956457, 32.53730699978796], [-85.41418200032345, 32.53760299967435], [-85.41424500007264, 32.537825000084844], [-85.41432399971535, 32.538103999679265], [-85.41521099982018, 32.538221000252825], [-85.41531499957723, 32.53823600027645], [-85.41625000026092, 32.53835799966912], [-85.41634800017023, 32.53853699986854], [-85.41641099991942, 32.53875900024207], [-85.41652200024748, 32.53914499991232], [-85.4165580002325, 32.5392740000699], [-85.41685899963306, 32.539315000304214], [-85.41887600041524, 32.53958599972004], [-85.41891099967702, 32.53946900016758], [-85.41900199991362, 32.53916599988017], [-85.41892200044597, 32.53875999988431], [-85.41897699979926, 32.53874400030575], [-85.41868499972121, 32.538253000350764], [-85.41853900013133, 32.53800799994922], [-85.41792599966293, 32.53775500013748], [-85.41806399975519, 32.53749100036426], [-85.41867600039869, 32.537744000162405], [-85.420232999975, 32.53838600037541], [-85.42002200008781, 32.539004000109365], [-85.41991800033072, 32.53930700018607], [-85.41981600022348, 32.53960799997482], [-85.41979000028421, 32.539680999645775], [-85.4197609999719, 32.53971999967391], [-85.42000100017141, 32.53977000017062], [-85.42010199955543, 32.5397909999923], [-85.42040899970209, 32.539854999815205], [-85.4206559995743, 32.5399159999471], [-85.42080899973517, 32.53995499987312], [-85.42078100014609, 32.5407019997895], [-85.42138500039367, 32.540699000170264], [-85.42139000041654, 32.544311000000235], [-85.4210919995924, 32.54431800009213], [-85.42020000036304, 32.54432599976383], [-85.41785399969291, 32.54432500018354], [-85.41716900015277, 32.544343000199724], [-85.41713399999267, 32.544343000199724], [-85.41713399999267, 32.544763999632345], [-85.41713300016777, 32.544987000086124], [-85.4172129996354, 32.544987000086124], [-85.41732099959043, 32.544987000086124], [-85.41743899959121, 32.544987000086124], [-85.41739400028366, 32.54523499984517], [-85.41719099989409, 32.54525400000607], [-85.41714099966538, 32.54525500033327], [-85.41716099975685, 32.54596999971181], [-85.41715999993195, 32.54620599977224], [-85.41715999993195, 32.54630300014025], [-85.41715300025926, 32.54808000028592], [-85.41782000025603, 32.54804900020009], [-85.41848800007773, 32.54801600026787], [-85.41848899990262, 32.54799599963762], [-85.41849300010058, 32.54776799986155], [-85.41850899999412, 32.546887000007914], [-85.41854199960608, 32.546892000038305], [-85.41938299968012, 32.547028999855364], [-85.41943200008393, 32.54703700004276], [-85.41954900025979, 32.54691700018634], [-85.41955799958231, 32.546905000267635], [-85.41977000019273, 32.54669799971316], [-85.42010999995135, 32.54636800017982], [-85.42046399995368, 32.54602100007581], [-85.42053400027389, 32.545948999820716], [-85.42078100014609, 32.54569199989076], [-85.42084999974306, 32.5457380003183], [-85.42140899978479, 32.54611099993484], [-85.42166499987782, 32.54627000032347], [-85.4220980004212, 32.545875999944904], [-85.42257200007411, 32.54581500007575], [-85.42231599998108, 32.54514600019366], [-85.42235799981387, 32.54508100002655], [-85.42243599963169, 32.544962999731105], [-85.42344599976013, 32.545050999991815], [-85.42375600027985, 32.54507900012551], [-85.42376499960237, 32.54456100002466], [-85.4237959995645, 32.544462000131546], [-85.42385500001404, 32.5442749999515], [-85.4237880000669, 32.54427600028961], [-85.42376499960237, 32.54427600028961], [-85.42375799992968, 32.543953000303915], [-85.42382300022699, 32.54395500023004], [-85.42520400007622, 32.543951000377746], [-85.42520800027417, 32.54406200037741], [-85.42521499994686, 32.54426299967959], [-85.42510000031913, 32.54426400001784], [-85.42508299970238, 32.54429699981469], [-85.42497300009752, 32.54426599993703], [-85.42468400039253, 32.54426900019437], [-85.42466099992798, 32.545026999653906], [-85.42463300033891, 32.545043999957], [-85.42448000017804, 32.54513700026652], [-85.42386000003691, 32.545086999729406], [-85.42375600027985, 32.54507900012551], [-85.42364999997463, 32.545257000230386], [-85.42342499984375, 32.545510999675386], [-85.42340700030039, 32.545531000102], [-85.42339700025465, 32.54554199988038], [-85.42321200030672, 32.54575200027908], [-85.42322800020025, 32.54578900005684], [-85.42332199991158, 32.54595599978496], [-85.42336000044473, 32.54602499983588], [-85.42305400012296, 32.54631000007683], [-85.42296799990923, 32.546227000360425], [-85.42287500002283, 32.54629800007699], [-85.4228309996419, 32.54634499975179], [-85.42282300014429, 32.546354000315084], [-85.42281499974837, 32.546366999865015], [-85.42280600042585, 32.5463859997864], [-85.42279399983197, 32.54639900008894], [-85.42275799984697, 32.5464199998747], [-85.42272799970974, 32.5464339997292], [-85.4227119998162, 32.54644199996955], [-85.42268199967897, 32.54644500015418], [-85.42266999998341, 32.54645900000476], [-85.42264499986905, 32.546477999906635], [-85.4226270003257, 32.54648900032627], [-85.42259999966322, 32.54649800011783], [-85.42257500044718, 32.54650100030058], [-85.42254000028706, 32.546506999908544], [-85.42251900037067, 32.54651099964695], [-85.4225069997768, 32.54651700001149], [-85.42249000005836, 32.54653299971949], [-85.42247800036279, 32.54654200026393], [-85.42247099979178, 32.546554999786636], [-85.42246300029417, 32.54657100024517], [-85.42244800022556, 32.5465909996784], [-85.42243499980677, 32.546600999772], [-85.422388999776, 32.5466209999558], [-85.42236899968454, 32.546627999867646], [-85.42235600016406, 32.546629999734186], [-85.42233600007258, 32.54663799995706], [-85.42231900035414, 32.54664800004543], [-85.42231099995823, 32.546658999686926], [-85.42229400023977, 32.54667500012693], [-85.42227300032339, 32.54669799971316], [-85.42225900007968, 32.54671200028149], [-85.42224499983597, 32.54672999981911], [-85.42223700033837, 32.54674699979974], [-85.42222899994246, 32.54676000004999], [-85.42222200026976, 32.54678799965075], [-85.4222180000718, 32.54682200034406], [-85.42213199985807, 32.547011999928145], [-85.42197100019959, 32.547367999692284], [-85.42163200026587, 32.54743500032385], [-85.4213240002943, 32.54763300025925], [-85.42134299966257, 32.54788499995849], [-85.42134100001273, 32.547998000230926], [-85.42198299989515, 32.54801800010349], [-85.42208699965222, 32.54801999993905], [-85.42279899985485, 32.54802900033437], [-85.42309299958272, 32.54801800010349], [-85.42328699975147, 32.54800899970701], [-85.42339800007954, 32.54800500003539], [-85.42641900024408, 32.5479359999918], [-85.42656700038208, 32.54795000036712], [-85.42671899981973, 32.547975000220504], [-85.42667199996406, 32.54818099980751], [-85.42662900030636, 32.548368000181185], [-85.42662699975821, 32.548381000196706], [-85.42659199959812, 32.548586000076426], [-85.42656800020698, 32.54879999980606], [-85.42653999971958, 32.54929600028916], [-85.42654700029058, 32.5496470002056], [-85.42658800029847, 32.55015600031036], [-85.42672100036786, 32.55154999995007], [-85.42674399993409, 32.55186500010512], [-85.42677099969826, 32.552179999911814], [-85.42680500003345, 32.55257999983996], [-85.42681799955392, 32.5530010000177], [-85.42681199970613, 32.553140000076205], [-85.42678900013992, 32.55334799964176], [-85.42672999969037, 32.55362400027234], [-85.42664400037496, 32.55389700011879], [-85.42650200008474, 32.554225999762146], [-85.42635399994674, 32.55447799988159], [-85.42600300031745, 32.55499600030273], [-85.42495499965585, 32.55654200018788], [-85.42489299973158, 32.55647699994398], [-85.42418800009999, 32.55567299963909], [-85.42372799979243, 32.55598099977078], [-85.42358499967729, 32.55608900017628], [-85.42357800000462, 32.55585799988674], [-85.4235550004384, 32.55511499974181], [-85.42323800024599, 32.55511499974181], [-85.42093799960661, 32.555132999865926], [-85.42093900032984, 32.55519800032609], [-85.4209510000254, 32.556554000332596], [-85.42097000029197, 32.55870000003099], [-85.42121200014131, 32.55870100020835], [-85.42229400023977, 32.55870799993524], [-85.42338100036112, 32.5587029998059], [-85.42353799982165, 32.558705000160494], [-85.42353199997387, 32.55871599983883], [-85.42344900013317, 32.558860999670735], [-85.4234089999502, 32.55893999987744], [-85.42336299991945, 32.559033000175404], [-85.42318200016948, 32.559395000221926], [-85.42295600021369, 32.55993200035749], [-85.42293399957406, 32.55998999998665], [-85.42257299989903, 32.5609749999087], [-85.42236200001183, 32.56155100006023], [-85.4222759997981, 32.56174299979374], [-85.42220700020114, 32.56187499970343], [-85.42214600010176, 32.561993999862835], [-85.42211799961437, 32.56203699984343], [-85.42201999970507, 32.56202400029164], [-85.4215290003337, 32.56203400017997], [-85.42109300031561, 32.56204000026389], [-85.42041700009801, 32.56205100029047], [-85.42014099991349, 32.562051999673365], [-85.41980100015486, 32.562056000233234], [-85.41980799982757, 32.56240700021587], [-85.41965200019196, 32.56255200014007], [-85.41969900004763, 32.56282600021334], [-85.41960399961306, 32.562881999981585], [-85.41951199955156, 32.562936000211764], [-85.41944100030477, 32.562978000368325], [-85.41943299990884, 32.56301999974816], [-85.4193679996115, 32.563382999733456], [-85.41934800041834, 32.56347200022943], [-85.41928999979369, 32.563587000050454], [-85.41926200020461, 32.56363900036879], [-85.41920299975507, 32.56373399982427], [-85.41909599962494, 32.563870999674755], [-85.41906600038602, 32.56390499995343], [-85.41902000035527, 32.56397299971494], [-85.41897000012656, 32.56402700004556], [-85.41891800024803, 32.564064999978314], [-85.41887499969201, 32.56410299989501], [-85.41877400030796, 32.56421399995786], [-85.41870599963761, 32.56427500019313], [-85.41876400026223, 32.56460499975381], [-85.41880799974486, 32.56467999976001], [-85.41882199998857, 32.564704000142406], [-85.41877400030796, 32.564735999885215], [-85.41851900003986, 32.56490700037575], [-85.41748399979704, 32.56559999998294], [-85.41705699999979, 32.56587900031912], [-85.4174589996827, 32.56645999972391], [-85.41749899986567, 32.56650800028701], [-85.41745200000999, 32.56655499997752], [-85.41742699989564, 32.56657899985833], [-85.4173740001922, 32.56659900013258], [-85.41725700001632, 32.56663300013444], [-85.41724399959755, 32.56663899991073], [-85.41722299968114, 32.566655999905706], [-85.4172129996354, 32.56666600003478], [-85.41719699974186, 32.566709000047375], [-85.41720299958966, 32.56678299972142], [-85.41721400035861, 32.56685499991865], [-85.4172129996354, 32.566875000131425], [-85.41719900029001, 32.566905999770974], [-85.41708899978683, 32.56711299989832], [-85.41705799982469, 32.56717499975941], [-85.41702799968748, 32.56729200029628], [-85.41702500021273, 32.56730700000469], [-85.41681500015045, 32.567313999817245], [-85.41623199981927, 32.56642799983897], [-85.41412399969883, 32.56783599987591], [-85.41380800022964, 32.568087999626265], [-85.41363900017524, 32.56823300021024], [-85.4132419996169, 32.56860300001173], [-85.41292399959958, 32.56893499967614], [-85.4126859999482, 32.569228999625395], [-85.41243300022822, 32.569594999637175], [-85.41237399977868, 32.569690000355855], [-85.41249500015249, 32.56968900030101], [-85.41394399977376, 32.569684000026584], [-85.41528699998814, 32.56967999980679], [-85.41766500044534, 32.56967300017886], [-85.41825000042634, 32.56967100006876], [-85.41789899989874, 32.56908399989447], [-85.4189080002023, 32.569070999849686], [-85.42163200026587, 32.56906700035968], [-85.42164399996143, 32.565243999857074], [-85.42105899998043, 32.5654119998288], [-85.42058000030464, 32.56353300021209], [-85.42070300032827, 32.563450999890684], [-85.42085800013898, 32.56334300001776], [-85.4210649998282, 32.56319699973047], [-85.42108800029276, 32.5631809999646], [-85.42125099960106, 32.563048999705], [-85.42126300019493, 32.5630389999298], [-85.42131800044652, 32.56311999974261], [-85.42139600026434, 32.56328599965384], [-85.42184200032816, 32.56424300028586], [-85.4220149996822, 32.56518200017558], [-85.4253229999019, 32.5642519998114], [-85.42536100043505, 32.56554200019488], [-85.42543000003202, 32.56556400014503], [-85.42532799992478, 32.56576800004508], [-85.42536499973468, 32.5664029998263], [-85.4254860001085, 32.566360999759], [-85.42564400029227, 32.56628799982964], [-85.42583400026305, 32.56619099986266], [-85.42587000024807, 32.5661470002645], [-85.42595300008875, 32.566118999889575], [-85.42599999994441, 32.56610399998258], [-85.4260409999523, 32.56609000016802], [-85.42604599997516, 32.566067000251614], [-85.4260209998608, 32.56604300023387], [-85.42597499983005, 32.56597499977009], [-85.42596599960922, 32.565951999824215], [-85.42596200030957, 32.565931000065994], [-85.42596700033245, 32.56591099964281], [-85.42597999985293, 32.56587399983226], [-85.42600400014237, 32.56583200027442], [-85.42601699966283, 32.565817000319385], [-85.42604500015027, 32.56580599999747], [-85.42606600006665, 32.565801000263676], [-85.42609200000591, 32.56579900006724], [-85.42615899995307, 32.565802000361884], [-85.42619800031113, 32.5658049998993], [-85.42621099983161, 32.56580399980118], [-85.4262519998395, 32.56580399980118], [-85.42627199993098, 32.565796999870734], [-85.42629100019755, 32.56578899984145], [-85.42633999970303, 32.565763000309175], [-85.42639900015257, 32.56573200027457], [-85.42644799965808, 32.565703999770115], [-85.4264639995516, 32.565694999633166], [-85.42647600014547, 32.56568899979367], [-85.42649000038918, 32.56568099975476], [-85.42651100030558, 32.56567299971513], [-85.4265260003742, 32.56567100027292], [-85.42654399991754, 32.56567200037258], [-85.42662299956025, 32.5656799996552], [-85.42665000022275, 32.565687999694205], [-85.42666299974321, 32.56569099999256], [-85.42672200019277, 32.565703999770115], [-85.42674700030713, 32.565701000229275], [-85.42675800017778, 32.5656990000306], [-85.42676599967538, 32.565689999893124], [-85.42677200042148, 32.56566799997388], [-85.42678199956892, 32.56564199964944], [-85.42679800036075, 32.565620999818655], [-85.42684400039151, 32.56556400014503], [-85.42685500026217, 32.56554399963997], [-85.42686000028502, 32.565526000090124], [-85.42687100015567, 32.56551499973253], [-85.42689500044514, 32.56547199990469], [-85.42690799996562, 32.565436000015424], [-85.42692800005709, 32.56540000011164], [-85.42695399999637, 32.565345999850415], [-85.42696599969193, 32.56532700015734], [-85.42698400013359, 32.56529999963023], [-85.42700300040016, 32.56527299985213], [-85.42708500041593, 32.5651180002396], [-85.42710200013437, 32.56510300016522], [-85.42717499992929, 32.56505200004492], [-85.42724100005155, 32.56501800020095], [-85.4273020001509, 32.56499600011696], [-85.42733200028813, 32.56498499969436], [-85.42735200037963, 32.56498100002214], [-85.42738599981651, 32.56498400034413], [-85.42742199980152, 32.56492700026574], [-85.42762099999314, 32.56495699971384], [-85.42778300037484, 32.56497299992008], [-85.42790200020053, 32.564983000236815], [-85.42788299993396, 32.565090999649634], [-85.42788399975886, 32.565105000377194], [-85.42797199962241, 32.56512600032878], [-85.42799500008694, 32.56513200020586], [-85.42801099998049, 32.56513900018813], [-85.42803600009483, 32.56514500006441], [-85.4280970001942, 32.56515599971028], [-85.42811300008773, 32.56516600000662], [-85.42811999976043, 32.56519199971192], [-85.4281259996082, 32.56531499967171], [-85.42810300004199, 32.56545200013622], [-85.42808999962318, 32.565476999656866], [-85.42808100030068, 32.56560599982838], [-85.42809299999624, 32.56578300000831], [-85.42937500011125, 32.56552499998885], [-85.42928700024771, 32.56532499995033], [-85.42890599958288, 32.565089000194455], [-85.42881100004665, 32.56507500022155], [-85.42864899966494, 32.565054000258016], [-85.42899000014678, 32.56404000006424], [-85.42900199984234, 32.56400300023911], [-85.42830399988344, 32.56380399995636], [-85.42850700027302, 32.56365999990642], [-85.42925499956233, 32.56366100002849], [-85.4300270000394, 32.56364900007712], [-85.43004999960563, 32.564368000260984], [-85.43005899982647, 32.565113999816255], [-85.43006399984934, 32.565520000239346], [-85.43007100042034, 32.566057000055764], [-85.43007700026813, 32.566545999925935], [-85.43007499971999, 32.56671399973061], [-85.43007300007017, 32.56682899993819], [-85.42989999981779, 32.56681600032373], [-85.42988700029733, 32.56676400033271], [-85.42988099955123, 32.56674199991983], [-85.42984799993927, 32.56666600003478], [-85.42983000039592, 32.56663099995655], [-85.42981199995425, 32.56659900013258], [-85.42978500019008, 32.56655700015712], [-85.42974199963406, 32.566498000140264], [-85.4296389997019, 32.56636899973733], [-85.42902199993384, 32.566553999887695], [-85.42861400040314, 32.566676000162786], [-85.42862600009872, 32.56670000001124], [-85.42863600014446, 32.56674099983209], [-85.42863399959631, 32.56677900012941], [-85.42862500027381, 32.566827999851476], [-85.42861299967993, 32.5668650000256], [-85.4286040003574, 32.56690499968507], [-85.42860199980926, 32.56692700005804], [-85.42860500018232, 32.56695700035144], [-85.42863899961918, 32.56704799974154], [-85.42869399987077, 32.56713199997019], [-85.42870499974143, 32.56714300012951], [-85.42873900007662, 32.56715300020436], [-85.42888800003954, 32.56717100018482], [-85.4289499999638, 32.56718299966509], [-85.42897400025326, 32.5671900002444], [-85.42904600022328, 32.56722099977516], [-85.42907200016255, 32.56724099990633], [-85.42909899992672, 32.567265999685446], [-85.4291170003684, 32.56728100015522], [-85.42916800042201, 32.56732000030507], [-85.42922199995039, 32.56735299995275], [-85.42927800002688, 32.56738300010367], [-85.42930700033918, 32.5673909999908], [-85.42935199964673, 32.56739999995761], [-85.42941500029423, 32.56741100008406], [-85.42948700026423, 32.56742400036938], [-85.42952900009703, 32.56743399965582], [-85.42955400021138, 32.56744100021553], [-85.42957699977761, 32.56745100025716], [-85.42959600004419, 32.56746299969998], [-85.4296110001128, 32.56748199969772], [-85.4296239996333, 32.56751700020101], [-85.42963799987699, 32.56757600030471], [-85.42965700014355, 32.56766799990137], [-85.42966999966404, 32.56769200024142], [-85.42970200034941, 32.56773100021257], [-85.42973199958831, 32.567771000243035], [-85.42974300035728, 32.56779000017554], [-85.4297440001822, 32.567802999648855], [-85.42974300035728, 32.56783100025522], [-85.4297309997634, 32.567851000250386], [-85.42971300022006, 32.56786000017102], [-85.42969599960331, 32.56786800001562], [-85.42988700029733, 32.5678720003162], [-85.43008200029101, 32.567874999784465], [-85.43009099961351, 32.56928900017649], [-85.43009300016165, 32.5695490000818], [-85.43009099961351, 32.57044600002617], [-85.43008899996369, 32.57113799995457], [-85.42861199985501, 32.57115599989242], [-85.4277160004277, 32.5711590000079], [-85.42781199978886, 32.57175099963135], [-85.4277180000775, 32.57179400023441], [-85.42754800019821, 32.571856999918715], [-85.42744500026605, 32.57187899983415], [-85.42733800013592, 32.57188099989497], [-85.42725600012017, 32.57186900028619], [-85.42719300037096, 32.57184500030674], [-85.42712100040094, 32.571802999759434], [-85.42709700011149, 32.571780999825414], [-85.42705000025583, 32.571740000037195], [-85.4269990002022, 32.57166699994312], [-85.42696700041515, 32.57160200005829], [-85.4269559996462, 32.571568999702734], [-85.42693999975266, 32.57151900026498], [-85.42688500039941, 32.57129599987439], [-85.42684299966827, 32.57118300017094], [-85.42679699963752, 32.57109000035507], [-85.42672899986547, 32.571006000047774], [-85.42663500015414, 32.57092399974402], [-85.42651600032845, 32.57085599995225], [-85.42639599977954, 32.57080299998972], [-85.42619800031113, 32.570738000235785], [-85.42599300027172, 32.57069099970878], [-85.42582099984428, 32.57066600012719], [-85.42576800014082, 32.570659999863196], [-85.4257730001637, 32.57058000009], [-85.42577599963843, 32.57051300008312], [-85.42577900001147, 32.570436000318466], [-85.42577800018655, 32.57034699991824], [-85.42577099961555, 32.56978100000158], [-85.42633999970303, 32.56977399962449], [-85.42640900019832, 32.569773000327615], [-85.42640900019832, 32.569700000146746], [-85.42748100025105, 32.569687000191244], [-85.4276810002676, 32.56972900021532], [-85.428210999997, 32.56971999972512], [-85.42826700007352, 32.56971899967066], [-85.4282650004237, 32.56956700033853], [-85.4281959999284, 32.569033999828434], [-85.42841199983847, 32.56912700026203], [-85.42842100005929, 32.569096999937315], [-85.42849700022728, 32.5690160002218], [-85.42849999970203, 32.568998999917056], [-85.42850999974776, 32.56897599998951], [-85.42852499981637, 32.56895500018214], [-85.42855099975564, 32.568924999799954], [-85.4285680003724, 32.56890700017146], [-85.42858799956556, 32.568888999782274], [-85.42860699983214, 32.56887000008256], [-85.42862600009872, 32.5688549998785], [-85.42869800006874, 32.56880499968481], [-85.4287580003432, 32.56875200002449], [-85.42878500010737, 32.568734999669715], [-85.42881100004665, 32.568720000200095], [-85.42883899963573, 32.5687100003], [-85.428872000146, 32.56869800026693], [-85.42890300010815, 32.56868700029829], [-85.42893499989519, 32.568675000262154], [-85.42895800035973, 32.568672000063636], [-85.428984000299, 32.56867400019603], [-85.42900400039049, 32.56867400019603], [-85.42901500026113, 32.56867400019603], [-85.4290479998731, 32.56867799970356], [-85.42908600040624, 32.568685000166205], [-85.42920199985889, 32.56869999964167], [-85.42922000030056, 32.56869600013508], [-85.42923600019408, 32.568685000166205], [-85.42925399973741, 32.56866899986497], [-85.42927499965381, 32.568652000251525], [-85.42929899994327, 32.56863900014419], [-85.4293290000805, 32.56863000030163], [-85.42935599984469, 32.568623999901455], [-85.42937500011125, 32.56861199985693], [-85.42939000017988, 32.56859200003144], [-85.429413999571, 32.568525000053654], [-85.42941500029423, 32.56848899987543], [-85.42940299970034, 32.568386000358196], [-85.42938900035496, 32.56830199978975], [-85.42937099991329, 32.56826899973418], [-85.42935500001977, 32.568244000234536], [-85.42933300027846, 32.568214999685864], [-85.42837699967836, 32.56826300006686], [-85.42837500002854, 32.5682829999657], [-85.42837000000569, 32.568299999649064], [-85.4283640001579, 32.568313999875805], [-85.4283569995869, 32.568323999820045], [-85.42789700017767, 32.5682899997021], [-85.42734900000657, 32.568250999974], [-85.42732499971713, 32.56865699982647], [-85.42731700021953, 32.5687489998285], [-85.4273079999987, 32.56880499968481], [-85.42729600030313, 32.568849000250374], [-85.42727600021165, 32.56891800011306], [-85.42724699989932, 32.56899599972938], [-85.42722299960988, 32.569051000126535], [-85.42718900017302, 32.56911200010096], [-85.42707199999712, 32.5692199998421], [-85.42688500039941, 32.569341000217854], [-85.42654300009264, 32.569468000017395], [-85.42626400043338, 32.56950699997343], [-85.42605199982293, 32.56951300031456], [-85.42586699987503, 32.569508000030325], [-85.42565199978986, 32.56950099963191], [-85.42554499965973, 32.56949700016103], [-85.4255489998577, 32.56968800024613], [-85.42554399983484, 32.56978500021686], [-85.42552899976623, 32.57015399962301], [-85.42549100013139, 32.57057699995521], [-85.42547400041295, 32.570771000140034], [-85.42557300014715, 32.57077999976771], [-85.42571999956193, 32.57079499964984], [-85.42572600030803, 32.570738000235785], [-85.42580699960057, 32.57074799990983], [-85.42597200035533, 32.57077200018283], [-85.426167000349, 32.570815999783484], [-85.42634800009895, 32.57087600002991], [-85.42646699992464, 32.57092699986719], [-85.42657200040495, 32.57098700003943], [-85.42665299969748, 32.57105799985074], [-85.42671100032211, 32.57112999964459], [-85.42675200033, 32.57121199976001], [-85.42678999996484, 32.57131599985399], [-85.42681400025428, 32.571412000299524], [-85.42684500021643, 32.571538000160615], [-85.42687399963043, 32.571629000202535], [-85.42690899979053, 32.57169800019776], [-85.42704199985991, 32.57185799994941], [-85.42713899994428, 32.57191500016577], [-85.42722699980783, 32.57194799963698], [-85.4272870000823, 32.5719549998444], [-85.42732899991509, 32.57196300008081], [-85.42745699996162, 32.57196100002182], [-85.42757900016035, 32.57193500000736], [-85.42775999991031, 32.571868000255634], [-85.42782600003255, 32.57183800009071], [-85.42782900040561, 32.57185799994941], [-85.42785299979673, 32.57200399976709], [-85.42786299984246, 32.572065000004265], [-85.42791200024628, 32.57205399969151], [-85.42839199974699, 32.57195199975561], [-85.43011099970501, 32.57158600027741], [-85.43014900023816, 32.57158000007496], [-85.43025299999522, 32.57191600019581], [-85.43025499964504, 32.571962000051286], [-85.43025600036827, 32.572087999896745], [-85.43037799966869, 32.57265999976896], [-85.43055000009615, 32.5734609999741], [-85.43064899983034, 32.573920000133555], [-85.43031800029254, 32.57392500017183], [-85.43006899987222, 32.57392800019462], [-85.42947800004342, 32.57393500024757], [-85.42597599965497, 32.57397899981046], [-85.42593299999726, 32.574289999942266], [-85.42494100031047, 32.57409899981625], [-85.42487000016536, 32.57476800036904], [-85.42481400008887, 32.575245999762046], [-85.42461099969928, 32.5769959997799], [-85.42460099965353, 32.57708299969294], [-85.42456600039176, 32.57721199982627], [-85.4246340001638, 32.57721199982627], [-85.42536300008487, 32.577209999884275], [-85.42476499968507, 32.57903400034259], [-85.42430399955262, 32.57866700029095], [-85.42409400038865, 32.578507999775404], [-85.42387000008267, 32.57832200009991], [-85.42367199971595, 32.578144999684106], [-85.42362400003536, 32.57810199985537], [-85.42350199983663, 32.577995000174454], [-85.42348799959294, 32.57798299986978], [-85.42339399988158, 32.57789999992629], [-85.42296899973415, 32.57747800003758], [-85.42237100023267, 32.576860000268816], [-85.42204300016961, 32.576520999810356], [-85.4220289999259, 32.57650600012891], [-85.42167099972562, 32.57613700036228], [-85.4216060003266, 32.57606999996488], [-85.42099200003328, 32.57545000035207], [-85.42025600043952, 32.57470899969719], [-85.42002100026289, 32.57451099969924], [-85.4199860001028, 32.5744859996684], [-85.41970400007048, 32.574284999924295], [-85.41936599996168, 32.574080999712095], [-85.4190010000887, 32.573908000040525], [-85.4184160001077, 32.57365399996621], [-85.41841000025991, 32.57377099962189], [-85.41840100003907, 32.57393500024757], [-85.41838000012268, 32.57414500006609], [-85.41841299973464, 32.5742229996788], [-85.41835400018343, 32.574357000155615], [-85.41835099981036, 32.574570999744786], [-85.41832900006904, 32.574694999711724], [-85.41820000019763, 32.57505300016809], [-85.41818099993104, 32.57526800036009], [-85.41810399993815, 32.57548600000731], [-85.41803600016608, 32.5756349999405], [-85.4180500004098, 32.576591999782465], [-85.4180560002576, 32.577024999760305], [-85.41805500043267, 32.5770499998403], [-85.4177619996314, 32.57704699992188], [-85.41754700044456, 32.57703400027439], [-85.4172479997955, 32.57701699997546], [-85.41650299998092, 32.57697400036279], [-85.41649999960786, 32.57651799987425], [-85.41649700013315, 32.57592999986536], [-85.4177549999587, 32.575918000041284], [-85.41777800042323, 32.575844000333866], [-85.41807100032618, 32.57492499995337], [-85.41819400034984, 32.5736680001142], [-85.41820799969523, 32.573563999719546], [-85.41799900035618, 32.57347300012697], [-85.41799199978516, 32.57357899989308], [-85.41795800034828, 32.57492599994985], [-85.41704500030423, 32.574935999913954], [-85.41649200011027, 32.574939999899264], [-85.41648200006452, 32.57293299998757], [-85.41577900008274, 32.57263499997916], [-85.41434800000481, 32.57200999994123], [-85.41433499958602, 32.57200399976709], [-85.41431200001979, 32.57350999983102], [-85.41343699961055, 32.57349899969556], [-85.41318499971548, 32.573496999670766], [-85.4119689997227, 32.57349000034072], [-85.41183700037655, 32.57399499992146], [-85.41521800039116, 32.573906000024856], [-85.4152130003683, 32.57574100017914], [-85.41520900017035, 32.57707000005066], [-85.41519699957645, 32.581156999889345], [-85.41387400035188, 32.58045200015352], [-85.41322800027152, 32.58009400005726], [-85.4122719996714, 32.57960000014838], [-85.41105800022677, 32.57900600020594], [-85.41079600028597, 32.578878000335024], [-85.41018399964246, 32.578576999776665], [-85.40947999983575, 32.57820800020574], [-85.40879600012055, 32.57770899991953], [-85.40847800010323, 32.57799800006115], [-85.40857900038559, 32.57805100031344], [-85.40854400022546, 32.57808199987522], [-85.41015000020559, 32.579438999881155], [-85.41156600021489, 32.58063600008661], [-85.41109400021179, 32.581036000316985], [-85.4126440001154, 32.58236499967259], [-85.41083899994365, 32.58391800025392], [-85.4106230000336, 32.583954000293964], [-85.40868499979247, 32.582226000233575], [-85.40877600002906, 32.582256999865784], [-85.40739000015697, 32.58114400008075], [-85.40695300031398, 32.58080000026821], [-85.40688899984156, 32.580690000225694], [-85.40621799964683, 32.58187800035536], [-85.40618900023283, 32.581929999909676], [-85.40615099969968, 32.58191700021315], [-85.4054560001138, 32.58168200013377], [-85.40531700019663, 32.58200200005791], [-85.4052939997321, 32.58205400029727], [-85.40514099957123, 32.582462000313306], [-85.40509100024083, 32.582638999776215], [-85.4050750003473, 32.58270100025808], [-85.40504199983702, 32.58281900012885], [-85.40757099990694, 32.58281599964656], [-85.4075750001049, 32.584124999718796], [-85.40758299960251, 32.58498299992933], [-85.41316700017214, 32.584932999644835], [-85.41318499971548, 32.587159000309235], [-85.41320200033223, 32.58942899973957], [-85.41327299957902, 32.59114299976693], [-85.41327599995208, 32.591214000269204], [-85.41649899978296, 32.591218000285146], [-85.41680699975454, 32.591218000285146], [-85.41693399997614, 32.59161599984546], [-85.41698599985467, 32.5921689999592], [-85.41725199999347, 32.59216700035087], [-85.41747399975131, 32.592604999786374], [-85.41728499960541, 32.592973999888805], [-85.41691100040991, 32.592962999870785], [-85.41691100040991, 32.59337400031414], [-85.41715400008418, 32.59338500028171], [-85.4172269998791, 32.59374899975369], [-85.41690899986177, 32.59373900037424], [-85.41734599970479, 32.594883000244806], [-85.41739400028366, 32.594954999827536], [-85.41768999966138, 32.59539999990664], [-85.41752099960698, 32.59604899992935], [-85.41681199977741, 32.596036999771], [-85.4168179996252, 32.59563500034926], [-85.41682900039415, 32.59517300004035], [-85.41651600039971, 32.59530199987484], [-85.41499800028313, 32.59593199983058], [-85.4139520001697, 32.5963659999984], [-85.41343999998362, 32.59657700000762], [-85.41336700018869, 32.59660499995354], [-85.41316899982195, 32.59665300027299], [-85.41317300001991, 32.59673499975018], [-85.41320900000493, 32.596962999950925], [-85.4132419996169, 32.59740199990839], [-85.41323900014217, 32.5978189996293], [-85.41319499976122, 32.598388000359044], [-85.41320399998204, 32.59852599997559], [-85.41344199963343, 32.59842199965917], [-85.41382999997096, 32.5982690000584], [-85.41426400033922, 32.59809000019876], [-85.4152690004448, 32.59766200002752], [-85.41541500003466, 32.59760000005598], [-85.4160379996505, 32.597336000014245], [-85.4163049996142, 32.59722200008253], [-85.41690700021195, 32.596998000298775], [-85.41738099986487, 32.59685399981777], [-85.41747100027656, 32.59702200035646], [-85.41763799978284, 32.597368999967394], [-85.41780099998945, 32.59769199987629], [-85.41795499997525, 32.59803299997391], [-85.4183950001913, 32.59893399993498], [-85.41849300010058, 32.59910000014723], [-85.41862399962184, 32.599279999984155], [-85.4187199998813, 32.59939700025186], [-85.41886499964626, 32.59954200015169], [-85.4188539997756, 32.59971099991103], [-85.41876799956188, 32.601042999976585], [-85.41885799997357, 32.602557999803345], [-85.42070400015321, 32.60356599997398], [-85.42134600003561, 32.603775000326145], [-85.4218239998865, 32.60382700004108], [-85.42184200032816, 32.60494399981449], [-85.42184099960494, 32.60496300019356], [-85.42183599958206, 32.605032999922265], [-85.42181200019093, 32.60536900028006], [-85.42181399984074, 32.605503000359505], [-85.42182200023667, 32.60583399993935], [-85.42183599958206, 32.606720999863015], [-85.42184900000085, 32.60790299996593], [-85.42185400002371, 32.608085000286074], [-85.42188099978789, 32.61083399994497], [-85.42193500021457, 32.61425700021741], [-85.42500700043273, 32.61416500000641], [-85.42683199979764, 32.61419299975166], [-85.43033800038404, 32.61424399991366], [-85.43149199955423, 32.61425799977504], [-85.43616100042993, 32.614317999696546], [-85.43622699965387, 32.61431900001019], [-85.43895300026561, 32.614378000334504], [-85.43918800044224, 32.614373000282846], [-85.43923100009995, 32.61866300018661], [-85.439262999887, 32.61974799976959], [-85.43926000041226, 32.619879999772785], [-85.43940900037518, 32.62505900010857], [-85.43940500017722, 32.62529200028166], [-85.43939500013147, 32.62619000010997], [-85.43939099993352, 32.626606000289414], [-85.43938699973556, 32.627014000187636], [-85.43938400026082, 32.627286999759576], [-85.43938099988779, 32.627568999989386], [-85.43937099984203, 32.62832199969363], [-85.43937599986491, 32.62860200013683], [-85.43916199960466, 32.628767999829286], [-85.4392210000542, 32.6290360001139], [-85.43938599991064, 32.62920799988502], [-85.43938799956047, 32.62932400024774], [-85.4393680003673, 32.63003700010095], [-85.43937300039016, 32.630424999843356], [-85.43937400021508, 32.63083899974893], [-85.43937599986491, 32.631322000244026], [-85.43938099988779, 32.63332800031692], [-85.43938400026082, 32.63444699990543], [-85.43938799956047, 32.636031000052206], [-85.4412489998087, 32.636007999929326], [-85.44264800009958, 32.63599000015793], [-85.44444900007336, 32.63596800009617], [-85.4444940002792, 32.63596700002445], [-85.44530400039113, 32.635958000135076], [-85.44530400039113, 32.63800999989696], [-85.44530400039113, 32.639733000188215], [-85.44530400039113, 32.640903999967534], [-85.44530100001806, 32.641031999721385], [-85.44570000022624, 32.64105400005066], [-85.44581300020414, 32.64105800010997], [-85.44620900003926, 32.64107200031608], [-85.44630699994855, 32.64107600037459], [-85.44688299970873, 32.641096999922205], [-85.44806600008954, 32.64107200031608], [-85.44806600008954, 32.64104499991666], [-85.44806400043971, 32.640907000017066], [-85.44805400039397, 32.640144000068], [-85.4480989997015, 32.640144000068], [-85.44817800024254, 32.640144000068], [-85.45033200039373, 32.64014700014301], [-85.4517390001822, 32.64014900019293], [-85.45177099996926, 32.640148000168004], [-85.45182899969559, 32.64015000021791], [-85.45182899969559, 32.63937000004917], [-85.45195400026736, 32.63937200011646], [-85.45247999979883, 32.639383999762984], [-85.45247999979883, 32.63929000034552], [-85.45366499982946, 32.63931100031249], [-85.45373900034762, 32.63923399990529], [-85.45381700016543, 32.639161000332386], [-85.45390099983102, 32.6390910000539], [-85.45398899969456, 32.639024999870834], [-85.45407999993117, 32.63896299979198], [-85.45417600019063, 32.63890499982577], [-85.45427499992483, 32.63885200001943], [-85.45449599985776, 32.63874300019047], [-85.4548010003546, 32.63860799989206], [-85.45512900041767, 32.638458000246125], [-85.4552099997102, 32.63841799999549], [-85.45525800028909, 32.6383969998189], [-85.4553789997646, 32.63834599980184], [-85.45550199978825, 32.63830200007522], [-85.45562900000985, 32.6382639998469], [-85.4557579998813, 32.63823399997375], [-85.4564190000303, 32.638099999711535], [-85.45647400028187, 32.63604999988617], [-85.45656200014542, 32.63604999988617], [-85.45873499966487, 32.63606199997824], [-85.4580319996831, 32.63871499980352], [-85.45661700039702, 32.638733999823934], [-85.45639999976372, 32.63873699994618], [-85.45633799983942, 32.64095800008696], [-85.45627000006738, 32.64331899970066], [-85.45900900019957, 32.643317999711165], [-85.45924699985095, 32.64332199966917], [-85.4596090002492, 32.643044999882726], [-85.45989799995421, 32.64281099979883], [-85.46024899958347, 32.64254499992333], [-85.460236000063, 32.642372000071695], [-85.46025500032958, 32.64146199988167], [-85.46028000044394, 32.64020700010904], [-85.46028899976645, 32.639925999643644], [-85.46029600033745, 32.639702000021316], [-85.46029899981221, 32.6396130003365], [-85.4602999996371, 32.63915700018829], [-85.4603060003832, 32.638880999646204], [-85.46030499965998, 32.638806999745235], [-85.46074999989891, 32.63881400002475], [-85.46079699975456, 32.63881400002475], [-85.46081699984606, 32.63870200002617], [-85.46144299983493, 32.63597699998454], [-85.46152099965275, 32.636000000115395], [-85.46152099965275, 32.63608900036874], [-85.46155699963776, 32.63607999973515], [-85.46164299985149, 32.636077000280245], [-85.46246899985692, 32.63604300014687], [-85.4635230003663, 32.6360440002177], [-85.4656490000301, 32.63602100009816], [-85.4658259995821, 32.63602999998119], [-85.46568500001509, 32.63628999990969], [-85.46442299999157, 32.638613000102865], [-85.46434599999868, 32.63874000006838], [-85.464291999572, 32.6388710000107], [-85.46420100023373, 32.63901700032667], [-85.46408800025583, 32.63916599975585], [-85.46396699988199, 32.63935000012997], [-85.4638680001478, 32.63948500006508], [-85.46370900013913, 32.639735000247406], [-85.4632279999152, 32.640229999908854], [-85.4642420002416, 32.64018799964507], [-85.46542600044734, 32.64013799991768], [-85.46613600010181, 32.64012200027137], [-85.46661899997557, 32.640110999992785], [-85.46661999980049, 32.64002800011652], [-85.46662999984622, 32.63922799969394], [-85.46842199959917, 32.63920100025079], [-85.46845299956131, 32.64324099972751], [-85.46845400028454, 32.64331099978412], [-85.46765000002041, 32.64331199977376], [-85.46692500029731, 32.64331399975291], [-85.46481399980382, 32.64331999969019], [-85.46344300000035, 32.64332800036234], [-85.46176699970005, 32.64333700026669], [-85.46177900029392, 32.64342999998156], [-85.46180400040828, 32.64361399990519], [-85.46230400000047, 32.647317000066174], [-85.46333800041836, 32.649459999852375], [-85.464002999867, 32.65083900034448], [-85.46470500002388, 32.650847000343994], [-85.46503100043712, 32.65085000005999], [-85.46536899964761, 32.65085299977588], [-85.46546400008216, 32.6507319998097], [-85.46539899978484, 32.65089299975992], [-85.46539899978484, 32.65103100013488], [-85.46551000011291, 32.65124500036086], [-85.46584099965071, 32.65146999971387], [-85.46591900036682, 32.65155300031715], [-85.4659450003061, 32.6516570001807], [-85.46591900036682, 32.651936000307906], [-85.46586800031321, 32.65210199981597], [-85.46577000040391, 32.65220599979726], [-85.46556899966414, 32.652338000326615], [-85.46551000011291, 32.65239900032202], [-85.4654389999678, 32.652548000148215], [-85.4654520003866, 32.65283399970269], [-85.46516000030854, 32.65306399975438], [-85.46502999971389, 32.653251999791266], [-85.46500999962241, 32.65333999964055], [-85.46503599956168, 32.6534390003128], [-85.46521800003487, 32.65384399999636], [-85.46522499970757, 32.65391699968628], [-85.46516600015634, 32.65401599971966], [-85.46508800033853, 32.65404899995848], [-85.46493900037561, 32.65403799988026], [-85.46473099996315, 32.65393899987122], [-85.46458100017533, 32.65392799977945], [-85.46445800015167, 32.65396700003005], [-85.46412000004287, 32.65420699962707], [-85.46402299995849, 32.65424099966282], [-85.46387300017066, 32.65425799967585], [-85.46366499975821, 32.654231000232016], [-85.46348300018332, 32.654329999917714], [-85.46276199975989, 32.65494399972933], [-85.46235900025206, 32.65524800037632], [-85.46202799981594, 32.65545700031601], [-85.46135199959835, 32.65580799973785], [-85.46124100016858, 32.65589000024672], [-85.46044199992733, 32.65661600032734], [-85.46028000044394, 32.65682599993256], [-85.46011700023732, 32.65712299987181], [-85.46003299967342, 32.65722100030245], [-85.4595609996703, 32.65750700003423], [-85.45954700032492, 32.657521999764846], [-85.45936099965377, 32.657721999714056], [-85.45840199957895, 32.65753899991029], [-85.45744300040244, 32.65734199980616], [-85.4573279998764, 32.65731399994805], [-85.45684599982755, 32.657198000334546], [-85.4567999997968, 32.65718699988739], [-85.45655499957441, 32.657127999803784], [-85.45621900001373, 32.657025000090066], [-85.4556609997969, 32.6568549997817], [-85.45517500044842, 32.65669200029906], [-85.45517999957298, 32.656450000124586], [-85.45517700009825, 32.65623899979106], [-85.45514500031119, 32.65568099980665], [-85.45484800021028, 32.65080499977142], [-85.45409400017486, 32.65081600024741], [-85.45409300034997, 32.65065300034349], [-85.45356600009526, 32.65065400025103], [-85.45323999968203, 32.65055700009401], [-85.45288400002988, 32.650549000068544], [-85.45277000022705, 32.65054600034246], [-85.45259500032488, 32.650541999951166], [-85.45257100003543, 32.650591000005065], [-85.45253300040059, 32.65067699963342], [-85.45251199958588, 32.6507319998097], [-85.4517940004338, 32.650729000089754], [-85.45179500025871, 32.650844999776915], [-85.45182799987067, 32.652880000365464], [-85.45183899974133, 32.653002000331455], [-85.4517800001901, 32.65347000025631], [-85.45172999996139, 32.65383899988072], [-85.45153900016567, 32.65526100001772], [-85.45151200040151, 32.655464999902314], [-85.45408199958099, 32.65632599988136], [-85.454638000148, 32.6565120001817], [-85.45479899980647, 32.65656500011102], [-85.45479700015665, 32.65699100035678], [-85.45479399978359, 32.65809199976403], [-85.45371300040836, 32.658089000291014], [-85.45351500004163, 32.658095999817505], [-85.45305899993205, 32.658436999749185], [-85.45233099983592, 32.658973000228464], [-85.45203899975786, 32.65918999978786], [-85.4515199998991, 32.659813999816436], [-85.45144000043148, 32.65993600015163], [-85.45178699986279, 32.66026899995864], [-85.45185700018298, 32.66017600036224], [-85.45200699997082, 32.66006499969267], [-85.45280000036429, 32.65999899986279], [-85.45365800015678, 32.65987199983538], [-85.45484700038536, 32.65977400004225], [-85.45525699956588, 32.65980100008089], [-85.45530900034272, 32.65982899991623], [-85.45581099958474, 32.659882999952124], [-85.45629299963359, 32.65980100008089], [-85.45634899971007, 32.65977899982593], [-85.45654999955153, 32.65969699985929], [-85.45674100024556, 32.65957700032592], [-85.45679800014696, 32.659543000050675], [-85.45681599969032, 32.65953199989215], [-85.45716399984488, 32.659415000322134], [-85.45841800037078, 32.65854300031909], [-85.45889299984863, 32.6582329998399], [-85.45950100029417, 32.65775000020068], [-85.46126000043516, 32.65808500023717], [-85.46172400004234, 32.65818000014321], [-85.4624179998033, 32.658300999861396], [-85.46289999985214, 32.658400000334126], [-85.46337699987811, 32.65852300014982], [-85.4640020000421, 32.658718000285546], [-85.46459500041902, 32.65894900014028], [-85.46518299987477, 32.659224000197376], [-85.46532500016498, 32.65929799984273], [-85.46546099970911, 32.65938300036141], [-85.46574799976429, 32.65953999987011], [-85.46615299982024, 32.659794999736846], [-85.46653600013488, 32.66006799985562], [-85.46710500022238, 32.6605160001247], [-85.46891700006681, 32.66193099994718], [-85.46977900005726, 32.662604000022945], [-85.47050700015339, 32.66316499995746], [-85.4713160004404, 32.66379099973781], [-85.47269100044183, 32.664879000331815], [-85.47304600026906, 32.664835999796566], [-85.47354099983838, 32.66480299975865], [-85.47562800004242, 32.66462000008356], [-85.4758370002798, 32.664601000269386], [-85.47720700025836, 32.664483999772344], [-85.47739499968102, 32.664470000206784], [-85.47770299965259, 32.66444800034482], [-85.47803499991362, 32.66444500032884], [-85.47827699976295, 32.66445400037643], [-85.47873200004761, 32.664483999772344], [-85.47876800003263, 32.66448800029603], [-85.47871299978105, 32.66381100024079], [-85.47922999999, 32.663777999824376], [-85.47935800003651, 32.66377099998657], [-85.4793639998843, 32.66382000035223], [-85.47939800021949, 32.66405999996483], [-85.47928799971632, 32.66455699984833], [-85.47934200014298, 32.66456599988465], [-85.47958900001518, 32.664616000322], [-85.47987900044342, 32.66469200029795], [-85.47995899991105, 32.66471300034958], [-85.48001900018551, 32.664586000214186], [-85.480251999814, 32.66403800000192], [-85.48035499974615, 32.663796999813535], [-85.48093200022957, 32.66381299976145], [-85.48097400006236, 32.66346700034336], [-85.48144799971529, 32.66346100024543], [-85.48145000026344, 32.663764000148205], [-85.48174900001418, 32.66384099985249], [-85.48177599977835, 32.663449999812826], [-85.48181699978623, 32.66283300012362], [-85.48214200037457, 32.662790999888195], [-85.48232499977433, 32.662840999806114], [-85.48234200039109, 32.662846999945614], [-85.48243299972938, 32.66543700037172], [-85.4823699999802, 32.66542499968379], [-85.48202699984851, 32.665326000186006], [-85.48084799966567, 32.66536100027307], [-85.47956499972574, 32.66539900033045], [-85.47874399974319, 32.66542300019919], [-85.47814700006661, 32.6654410000965], [-85.47752100007772, 32.665438000113845], [-85.47592299959521, 32.6654320001483], [-85.47549300032323, 32.665430999649814], [-85.47375599992354, 32.66543299989047], [-85.47336900030925, 32.66543500013115], [-85.47354300038651, 32.665578000204384], [-85.47390599971136, 32.66587499979996], [-85.47408300016168, 32.666032000004684], [-85.47467099961743, 32.66652700004858], [-85.47485899993842, 32.66667899971039], [-85.47515799968915, 32.66692799976191], [-85.4753019996292, 32.66704800001277], [-85.47560600030113, 32.66730100019007], [-85.47796999961629, 32.669267999785056], [-85.47769400033008, 32.66948200021259], [-85.47654699993427, 32.66998299971071], [-85.47652199981992, 32.67000899999889], [-85.47594500023483, 32.67061899999427], [-85.47522899983427, 32.67134299980541], [-85.47420000033755, 32.67133300001923], [-85.4742249995536, 32.672538000219355], [-85.47652400036806, 32.67255899993943], [-85.47650099990352, 32.67149199981358], [-85.47649699970556, 32.67128300031556], [-85.47537299977431, 32.671279000096085], [-85.47646099972056, 32.67017400028455], [-85.47666400011015, 32.670124999622026], [-85.47690299958644, 32.67036899995434], [-85.47711500019686, 32.6705850001388], [-85.47765499997202, 32.67091600022751], [-85.47817200018098, 32.67117199982983], [-85.4785620001683, 32.67133099991064], [-85.47913499955544, 32.67156500021414], [-85.47948199988507, 32.67173299966624], [-85.47962099980224, 32.67171199975202], [-85.47965500013744, 32.671708999979906], [-85.47970199999311, 32.671642000002194], [-85.47978800020682, 32.671521999871445], [-85.48002199966024, 32.671368999697854], [-85.48024099994336, 32.671614999759996], [-85.48059599977059, 32.67200499994585], [-85.48126100011756, 32.67267900018971], [-85.4817080000063, 32.67266600005696], [-85.48191999971839, 32.67266100023806], [-85.48294599974037, 32.67266800013567], [-85.48347299999506, 32.67266899979695], [-85.48442100019922, 32.67267799977243], [-85.48528999986236, 32.672686000085925], [-85.48732400036297, 32.67270800018822], [-85.48752500020441, 32.67273200036233], [-85.48892600014511, 32.672921000279736], [-85.48838200017201, 32.674596999629415], [-85.48735000030223, 32.674107000172825], [-85.48718299989766, 32.674026999790335], [-85.48711799960033, 32.67398100018066], [-85.486623000031, 32.6754989997465], [-85.48776500040394, 32.6754630002198], [-85.4876859998629, 32.675926000104624], [-85.48850500019564, 32.67655199971139], [-85.4877009999315, 32.67729899992856], [-85.48779200016811, 32.677383000351796], [-85.48819300002611, 32.67770100005021], [-85.48847800043146, 32.677710000274885], [-85.489516000149, 32.67776499969575], [-85.49103400026557, 32.677777000238535], [-85.49106199985465, 32.679103000002385], [-85.49106100002976, 32.680410999837726], [-85.49106699987753, 32.68064099999624], [-85.49108000029632, 32.68115500008342], [-85.49108899961882, 32.68155299972528], [-85.49031799986498, 32.68142499976795], [-85.49017700029799, 32.68139300012804], [-85.49001800028934, 32.68135599963218], [-85.4900500000764, 32.68125600007499], [-85.49016600042734, 32.68089499981179], [-85.49015100035871, 32.68069500030924], [-85.49013600029012, 32.68047900037364], [-85.49009199990917, 32.68042499993005], [-85.4897839999376, 32.68074800026261], [-85.4896910000512, 32.6808450001672], [-85.48946900029333, 32.680766999667604], [-85.48924599981227, 32.680697999779554], [-85.48902900007728, 32.6802800002717], [-85.488346000187, 32.68003000004714], [-85.48697399966028, 32.68001500031386], [-85.4869469998961, 32.67988099991319], [-85.4873619999978, 32.67956900018751], [-85.48713299966894, 32.67924800005932], [-85.48662200020608, 32.6793390002929], [-85.48634199982361, 32.679270000057855], [-85.48614299963198, 32.67912899990479], [-85.48569699956813, 32.67959300003066], [-85.48485300001937, 32.68040800035771], [-85.48483899977566, 32.68109099984255], [-85.4881369999496, 32.681996000346864], [-85.48876600031156, 32.68208800036086], [-85.4886499999606, 32.68246899968916], [-85.48852600011205, 32.68283099994247], [-85.48851400041647, 32.682867000280105], [-85.48839899989042, 32.68322300014924], [-85.48827400021696, 32.683620000109414], [-85.48820399989675, 32.683824000280524], [-85.48801800012392, 32.68437599974113], [-85.48787300035897, 32.68481500035534], [-85.48891500027447, 32.68506500003864], [-85.48885599982492, 32.685245000103016], [-85.48883699955836, 32.68530500004387], [-85.48791500019176, 32.68505200019632], [-85.48751500015868, 32.68494199971034], [-85.48743800016578, 32.68492500024173], [-85.48731400031723, 32.68551700006645], [-85.48744900003643, 32.68554200009653], [-85.48735000030223, 32.685876000008896], [-85.48731699979196, 32.685990999929544], [-85.4872499998448, 32.68622100008254], [-85.48714100006487, 32.68659400010019], [-85.487023999889, 32.686992999953034], [-85.48693400037564, 32.686988999681006], [-85.48622600037096, 32.686965000313336], [-85.48621200012727, 32.687567999954965], [-85.48618000034021, 32.688814000274505], [-85.48678399968948, 32.68911199997087], [-85.48693400037564, 32.68977999981188], [-85.48694900044424, 32.68984500009888], [-85.48697500038351, 32.68994000025875], [-85.48526800012107, 32.69140000006819], [-85.48519199995307, 32.69146499993176], [-85.48511199958713, 32.691419999682296], [-85.48406999967163, 32.69113300017864], [-85.48364100022454, 32.6916039998534], [-85.48344299985784, 32.69182000009628], [-85.48343199998719, 32.69181799969041], [-85.48315400015282, 32.69177699967654], [-85.48262299970018, 32.691699999857875], [-85.48261900040053, 32.692026000079025], [-85.48261500020257, 32.69236399996039], [-85.48261000017972, 32.69272899998992], [-85.48258300041553, 32.69494499965661], [-85.48259699976091, 32.69493799999299], [-85.48273999987606, 32.69499499972201], [-85.48263500029407, 32.69520800033706], [-85.4827499999218, 32.695236999824274], [-85.48298099990048, 32.6952969998543], [-85.48462399969051, 32.69558800022176], [-85.4868120001769, 32.69570200032531], [-85.4868199996745, 32.696159000193866], [-85.48767199961921, 32.69617499963733], [-85.48937999970657, 32.696205999873925], [-85.49067199986732, 32.69622999978149], [-85.49104000011334, 32.69623800025318], [-85.49104099993825, 32.69685800023385], [-85.49102599986963, 32.69782800020887], [-85.49102400021981, 32.69795000003772], [-85.491888999685, 32.69776800036822], [-85.49273899997988, 32.697587999848245], [-85.49286899967622, 32.697560999890094], [-85.49303899955552, 32.697530000124125], [-85.49305500034735, 32.69755300029296], [-85.49308600030952, 32.697597999718646], [-85.49334700042542, 32.69798400005942], [-85.49320199976215, 32.698047000154396], [-85.49320699978503, 32.70150699992044], [-85.49553900021145, 32.70144500009509], [-85.49569900004501, 32.701452000004366], [-85.49625800008677, 32.70226700037514], [-85.49666800016558, 32.70288599997124], [-85.49730699967496, 32.70381400035138], [-85.49744200029248, 32.7040250001974], [-85.49759000043049, 32.70423700036416], [-85.49788400015836, 32.70466899965852], [-85.49804300016702, 32.70493399976549], [-85.4983029995597, 32.70530199994944], [-85.4992399998932, 32.706670999949125], [-85.49957399980406, 32.70715999982808], [-85.49963400007853, 32.70724800024671], [-85.49965499999492, 32.70727799963088], [-85.49952399957535, 32.70734199999675], [-85.4995200002757, 32.708245999693645], [-85.49951699990265, 32.708834999779675], [-85.49951299970469, 32.70966100002322], [-85.49898600034831, 32.710014999622175], [-85.49898899982304, 32.7105920002132], [-85.49950900040504, 32.71059000022807], [-85.4995069998569, 32.71101599982633], [-85.49950500020708, 32.71124099982047], [-85.49930699984036, 32.71124199980577], [-85.49918100034198, 32.71124199980577], [-85.49916600027338, 32.7149059998158], [-85.4991610002505, 32.71554099990744], [-85.49257199957529, 32.71576699975979], [-85.49016600042734, 32.71577699986044], [-85.49018599962051, 32.71600900021756], [-85.48859899990697, 32.71601599974007], [-85.48664700032045, 32.71601800035938], [-85.48248200013319, 32.716025999812786], [-85.48238699969863, 32.7184400001316], [-85.48081699970353, 32.71844199994073], [-85.48082699974927, 32.72140999979663], [-85.48083199977214, 32.72311200025371], [-85.48083299959706, 32.72345600013301], [-85.4823490000638, 32.72349899964673], [-85.48236599978223, 32.72350000025037], [-85.48235400008667, 32.72514300037269], [-85.48366899981364, 32.725163999810796], [-85.48383799986804, 32.73058099965071], [-85.48737399969336, 32.730627000321704], [-85.49066199982158, 32.7306289998575], [-85.49106699987753, 32.73061299979147], [-85.49101699964882, 32.729135999885294], [-85.49102199967167, 32.72905499991224], [-85.49102900024269, 32.728955999929155], [-85.49093999965592, 32.72579199990262], [-85.49087100005893, 32.72334699997217], [-85.49581899969563, 32.72322199979704], [-85.49601100021455, 32.72322199979704], [-85.49790699972458, 32.72321699978639], [-85.49791299957236, 32.72515700025053], [-85.4986750000037, 32.725109000120334], [-85.49885499992874, 32.72506299962498], [-85.49921999980172, 32.72505199997945], [-85.49933899962741, 32.725047999901875], [-85.49950900040504, 32.72507899993142], [-85.50023300030323, 32.72521000025403], [-85.50058499975741, 32.72535900029474], [-85.50098599961541, 32.72567200000548], [-85.50101900012568, 32.72576100012103], [-85.50110199996637, 32.72593500004771], [-85.50112100023293, 32.72597899969743], [-85.50146600001443, 32.7257999999908], [-85.5022230004229, 32.7254089999432], [-85.50280800040392, 32.72514400020208], [-85.50356499991405, 32.724839000323605], [-85.50389799999998, 32.72471300013864], [-85.50494999996123, 32.724319000342724], [-85.50542199996433, 32.72418099982992], [-85.50582500037046, 32.72409900004833], [-85.50586600037833, 32.7239799999823], [-85.50617099997687, 32.723337999814284], [-85.50624999961957, 32.723205000062], [-85.50630200039642, 32.7231189999745], [-85.5063359998333, 32.72306200007293], [-85.50706399992944, 32.72335600012921], [-85.50703499961713, 32.72340899969173], [-85.50698799976145, 32.723492999803725], [-85.50691800033958, 32.723618000354705], [-85.5068070000115, 32.72378199997145], [-85.50663100028441, 32.72398800023305], [-85.50697400041606, 32.72394799972791], [-85.50698899958637, 32.72394699988506], [-85.50696699984506, 32.724037999894634], [-85.5069209998143, 32.724239000367184], [-85.50690900011875, 32.7242929999996], [-85.50688599965422, 32.724367000142486], [-85.50754400032847, 32.724460000153265], [-85.507588999636, 32.72424000020677], [-85.50761999959813, 32.724109999811425], [-85.5076870004436, 32.723930000288256], [-85.50773099992622, 32.72379199992907], [-85.50774400034501, 32.723762999897666], [-85.5077490003679, 32.72363000002356], [-85.50780100024642, 32.72354000020073], [-85.50784700027718, 32.723452999832226], [-85.5078919995847, 32.72335799982803], [-85.50795000020933, 32.72321400023333], [-85.5079960002401, 32.723068999797654], [-85.50802999967696, 32.72292399988189], [-85.50805700033945, 32.72270499978108], [-85.50805899998929, 32.7226450000426], [-85.50806200036233, 32.722559000170754], [-85.50803499969983, 32.72233300014732], [-85.50802800002715, 32.72229400027263], [-85.5079689995776, 32.722064000121875], [-85.50794400036155, 32.72198899971444], [-85.5078830002622, 32.72182900004518], [-85.5078559995997, 32.72175500006325], [-85.50782399981264, 32.721681000019956], [-85.50777399958393, 32.72158100029277], [-85.50756500024487, 32.72124600035189], [-85.5073629996802, 32.720829000142665], [-85.50730699960368, 32.72066999978317], [-85.5073919999925, 32.720660000231156], [-85.50747800020622, 32.72064800016269], [-85.5075329995595, 32.72063600009254], [-85.50940399985349, 32.72039400009732], [-85.50912699984404, 32.71965599974839], [-85.50730599977878, 32.719654999857404], [-85.50719500034903, 32.71965800028598], [-85.50705800008166, 32.719662999740414], [-85.50702000044683, 32.7191020002538], [-85.5070050003782, 32.71863400030196], [-85.50699699998229, 32.71856099983937], [-85.50682600027807, 32.71858700034229], [-85.5067290001937, 32.71828600033485], [-85.50686899993578, 32.718249000015184], [-85.50703999964001, 32.71820299975989], [-85.50717500025752, 32.718169999792096], [-85.50721200006745, 32.718302000345744], [-85.50724800005247, 32.71843200013889], [-85.50730400012897, 32.71807899984061], [-85.50763100036711, 32.71562900037288], [-85.50801399978344, 32.71375599989686], [-85.50801700015649, 32.71372099988045], [-85.50780500044438, 32.71382000015048], [-85.50772500007842, 32.71387500000108], [-85.5076799998726, 32.713905000180155], [-85.5075329995595, 32.713956000159115], [-85.50745200026697, 32.713960999933185], [-85.50744399987104, 32.7139420000344], [-85.50731900019758, 32.713915999689036], [-85.50719699999884, 32.71393700025927], [-85.50713400024965, 32.713963999797464], [-85.50702399974647, 32.7142219998433], [-85.50618100002261, 32.71427600025065], [-85.50569200030105, 32.71454199973639], [-85.50528899989493, 32.71501499971251], [-85.5050400003729, 32.715180999916484], [-85.50472599965524, 32.71472100012301], [-85.50517699974195, 32.714317999705045], [-85.50569499977581, 32.7138050000479], [-85.50577699979158, 32.71327500034751], [-85.50593900017326, 32.71282100035616], [-85.50600000027264, 32.71235299994754], [-85.50600500029552, 32.712317000163246], [-85.5068499996692, 32.711854000026044], [-85.50755199982609, 32.71139900037752], [-85.50786599964543, 32.711695000294704], [-85.50798199999639, 32.71176399965671], [-85.50872099996317, 32.71219400034976], [-85.50893000020055, 32.71231500021678], [-85.50812500011152, 32.712328999841006], [-85.50804200027085, 32.712329999814116], [-85.5080249996541, 32.71357999971838], [-85.5096649999694, 32.713556999901314], [-85.50966599979431, 32.713386999853526], [-85.50967400019022, 32.71230199980794], [-85.50920399983693, 32.712313000270335], [-85.50900899984327, 32.7121630003762], [-85.50855500028183, 32.71188900001915], [-85.50836199993799, 32.711704000115944], [-85.5081080003931, 32.711618000275394], [-85.50800700011075, 32.71155699989887], [-85.50795100003424, 32.71151699986467], [-85.5078420002543, 32.71133499989858], [-85.50766099960603, 32.711267000189714], [-85.50761299992544, 32.71119299975845], [-85.50765599958315, 32.71115600027569], [-85.50805200031658, 32.71118099992793], [-85.50825499980787, 32.71120099964464], [-85.508249999785, 32.710242999862835], [-85.50972100004589, 32.710231999901104], [-85.50971100000015, 32.70864200023114], [-85.51115700014668, 32.70863200008651], [-85.51686100036692, 32.708587000177616], [-85.51687800008536, 32.7065140001276], [-85.51690800022257, 32.70281300022754], [-85.51694800040553, 32.70233299996991], [-85.51707499972885, 32.700878000328515], [-85.51622899963192, 32.700886999729], [-85.5162269999821, 32.69980700017997], [-85.51367799982069, 32.69983400021458], [-85.51368299984355, 32.69886199987002], [-85.51620000021792, 32.69879300035779], [-85.51625200009646, 32.69808200027195], [-85.51508100030952, 32.69816299964892], [-85.51451600041999, 32.69797400023222], [-85.51517199964782, 32.69694700037388], [-85.51425299975595, 32.69631399978495], [-85.51263199970722, 32.69522200037739], [-85.5109830000694, 32.69407599995832], [-85.5108130001901, 32.69396300022508], [-85.51025499997327, 32.69365499977763], [-85.50963300018235, 32.6933269998411], [-85.50969299955848, 32.693247000042575], [-85.50989900032113, 32.693004999837484], [-85.51023900007975, 32.69268700020132], [-85.51065699965618, 32.692317999966754], [-85.51070299968694, 32.69227599998474], [-85.51079499974844, 32.69220500027622], [-85.5109040004267, 32.692124000028706], [-85.51096899982572, 32.69217299996321], [-85.51140900004177, 32.69261600006362], [-85.51153399971524, 32.69273999984132], [-85.51160400003542, 32.69281399969975], [-85.51171199999047, 32.692921999934725], [-85.51188299969468, 32.69292499975035], [-85.51188400041792, 32.69307999966503], [-85.51188500024283, 32.69330900027071], [-85.51188500024283, 32.69365700014233], [-85.51188699989264, 32.69376500011344], [-85.51299800030344, 32.69376500011344], [-85.51349100022294, 32.693699999656516], [-85.51443199985609, 32.69361299966867], [-85.5133969996133, 32.691118000042216], [-85.51323199975684, 32.69077599987726], [-85.51330499955179, 32.69073900024508], [-85.51374599959274, 32.69053399977806], [-85.51380900024026, 32.69050899963359], [-85.51387399963926, 32.69060500005948], [-85.51537199966434, 32.69220599971882], [-85.51527399975505, 32.69371900008569], [-85.51593499990405, 32.69418800012811], [-85.51618299960117, 32.69436400000302], [-85.51695400025332, 32.694940999740886], [-85.51852000005047, 32.694973999985216], [-85.52015000032002, 32.695007999628594], [-85.52237499971802, 32.69640799971314], [-85.52509600030687, 32.69636999999538], [-85.52550800003552, 32.69636399983951], [-85.52551100040859, 32.69513999967778], [-85.5255139998833, 32.69345299975649], [-85.52552099955601, 32.68980999977573], [-85.52423799961609, 32.68983500011595], [-85.52327100004365, 32.689859000224295], [-85.52329000031024, 32.68688500010633], [-85.52304599991275, 32.68693699990878], [-85.52272000039783, 32.687029000124944], [-85.5224080002283, 32.68713699979747], [-85.5219930001266, 32.687312999963986], [-85.52195399976853, 32.687329999734], [-85.52181499985137, 32.687407000297426], [-85.52157100035221, 32.68752799975249], [-85.5213799996582, 32.68762100036572], [-85.52096299990667, 32.68784399988056], [-85.52064599971426, 32.687995000073265], [-85.52058799998794, 32.68802300014597], [-85.52029400026008, 32.68818100022991], [-85.52023499981054, 32.688029000106425], [-85.52026499994776, 32.6878069997894], [-85.52043499982706, 32.68753300025134], [-85.52045200044381, 32.68750099977584], [-85.52054600015514, 32.68734199974763], [-85.52082099961643, 32.68709799965777], [-85.52105300031836, 32.68699899998269], [-85.52126900022843, 32.686906000233755], [-85.52127799955093, 32.68630499967519], [-85.52124800031201, 32.68630599993986], [-85.51918200002437, 32.68634799970608], [-85.51918000037455, 32.68603499962328], [-85.51702500039845, 32.686065000089414], [-85.51690400002461, 32.682713999879034], [-85.5238869999868, 32.682574999727294], [-85.52399300029201, 32.682584999767194], [-85.52490100031322, 32.683690999840096], [-85.52555499989118, 32.68366900017453], [-85.52555499989118, 32.683739000328856], [-85.52730999983422, 32.683777000130426], [-85.52855199976625, 32.68374999977568], [-85.52880399966133, 32.6837440002838], [-85.52880200001151, 32.68391900004178], [-85.52879500033882, 32.684702000241614], [-85.52874500011012, 32.68471899975264], [-85.52867599961482, 32.68474299972397], [-85.5286880002087, 32.68482300033791], [-85.52871300032307, 32.68497699967346], [-85.5287509999579, 32.686032999843874], [-85.52898299976148, 32.68604999985763], [-85.52936899955087, 32.68614700005195], [-85.52992900031582, 32.68613100032334], [-85.53090699975891, 32.68612200019119], [-85.53088099981963, 32.68397600000121], [-85.52956400044283, 32.68443499998018], [-85.5294060002591, 32.68448999979635], [-85.52952300043496, 32.685004999936524], [-85.5292570002962, 32.68511400006689], [-85.52908900006669, 32.685178999970354], [-85.52884600039245, 32.68468399968841], [-85.52892599986006, 32.68465700036391], [-85.52895000014952, 32.68464900036648], [-85.5289409999287, 32.684013000167674], [-85.5289350000809, 32.683631999865575], [-85.52838500025999, 32.68363699982646], [-85.5273309997506, 32.68364699974743], [-85.52647799998101, 32.683644999914556], [-85.52568100028789, 32.68362899973767], [-85.52568100028789, 32.68356400021816], [-85.52555200041645, 32.68355499982734], [-85.52504600007818, 32.68358500037054], [-85.52427899962396, 32.68258299991052], [-85.52529100030056, 32.68253299969873], [-85.52552099955601, 32.682522000102004], [-85.52550200018774, 32.6817260001203], [-85.52543900043855, 32.679029000122505], [-85.5253930004078, 32.675649999640676], [-85.52533800015621, 32.67225999978681], [-85.52855099994134, 32.67221199993463], [-85.5314209995948, 32.67216899990334], [-85.53654900005486, 32.67204300020258], [-85.53915299956954, 32.67196600000387], [-85.5423739997506, 32.671858000133895], [-85.54429400044839, 32.67187099962803], [-85.5455980003047, 32.67195999972046], [-85.54551200009097, 32.671860000230694], [-85.54562900026683, 32.671784999972765], [-85.54577900005467, 32.67168899973224], [-85.54977299963937, 32.6691239998662], [-85.5495130002467, 32.668973999987486], [-85.54936500010871, 32.66885999979027], [-85.54910300016786, 32.66863300017832], [-85.54887600038715, 32.66838200016591], [-85.54879600002121, 32.66828000027577], [-85.54824299982725, 32.667375999674576], [-85.5480419999858, 32.66704200015533], [-85.54817300040538, 32.667037999745986], [-85.54833400006385, 32.66703199988781], [-85.55068200038382, 32.66697600018411], [-85.55070499995003, 32.66738200026589], [-85.55081399972997, 32.66929400028131], [-85.55081100025522, 32.66943299992672], [-85.55081000043032, 32.66950900034319], [-85.55093599992871, 32.671605999677446], [-85.55480200036521, 32.67148699992899], [-85.55488699985574, 32.67147399962279], [-85.5549760004425, 32.67157099976788], [-85.5552009996751, 32.67177800000595], [-85.55553700013407, 32.67209699966397], [-85.55600599976411, 32.672500000173166], [-85.55651399975224, 32.67287700017468], [-85.559637000024, 32.67501500002301], [-85.56001899961542, 32.67526899995804], [-85.56000699991985, 32.67515599986476], [-85.56000100007206, 32.67501799968405], [-85.5599609998891, 32.67402099964528], [-85.55992800027713, 32.67325699981782], [-85.55989499976687, 32.67252299998418], [-85.56078000022184, 32.67245599986076], [-85.56134799958609, 32.672419000199895], [-85.56161000042523, 32.67240199986011], [-85.56201799995591, 32.67237600026828], [-85.5624759997153, 32.67234399965507], [-85.56252299957097, 32.67206100027875], [-85.5627700003415, 32.67199899966504], [-85.56311500012299, 32.67230000002197], [-85.56449000012444, 32.67220500000128], [-85.56559300013929, 32.6715749999743], [-85.56642199961948, 32.671152000218136], [-85.56641599977168, 32.67057500026785], [-85.56640900009899, 32.670469000356746], [-85.55969800012338, 32.67127499987644], [-85.55939699982449, 32.67129800000274], [-85.5593359997251, 32.6678270002686], [-85.55932400002955, 32.66582400032918], [-85.55932300020464, 32.66560400026189], [-85.55931399998381, 32.664202999969525], [-85.55937199971012, 32.66100999992163], [-85.5594539997259, 32.660963999660865], [-85.55960799971167, 32.66085900024283], [-85.5598429998883, 32.660699999679245], [-85.56141500043155, 32.65954700003928], [-85.5618349996578, 32.65929499965388], [-85.5622709996759, 32.65907299977025], [-85.5625729997997, 32.65894500012492], [-85.56518100041065, 32.65797999970615], [-85.56608799970861, 32.65760999994889], [-85.56825199990557, 32.65665100004365], [-85.56935300027061, 32.65616300019049], [-85.56981299967983, 32.65598699991223], [-85.57018500012381, 32.655877999789574], [-85.57054400014903, 32.65580400033827], [-85.57059799967737, 32.65579600002602], [-85.57088499973256, 32.655754000265595], [-85.57116500011504, 32.65573500007932], [-85.57151099972145, 32.655706999717935], [-85.57155199972934, 32.654670999844676], [-85.57223799999268, 32.654680999982595], [-85.57219500033497, 32.65564800017015], [-85.57233400025216, 32.65563599968052], [-85.57252900024581, 32.655618000077524], [-85.57361100034429, 32.655524000327155], [-85.573942999707, 32.65550699979853], [-85.57411500013444, 32.655515000136695], [-85.57428500001376, 32.655540000243406], [-85.57444599967224, 32.65558299995678], [-85.57459999965803, 32.655640999695656], [-85.57474699997113, 32.6557119997291], [-85.57488500006338, 32.65579400032597], [-85.5750979996004, 32.655951999935894], [-85.57545099977781, 32.65621399987983], [-85.57558800004517, 32.656291999882214], [-85.57566500003806, 32.656318000372096], [-85.57580099958217, 32.656336999678125], [-85.57596899981166, 32.65631500008328]], [[-85.46661999980049, 32.65059299982145], [-85.46655600022638, 32.65060099984296], [-85.46635500038492, 32.65065099977209], [-85.46601700027611, 32.650596000302336], [-85.46584099965071, 32.650508000021475], [-85.46568500001509, 32.65050299971928], [-85.4656289999386, 32.650527999714775], [-85.46574600011446, 32.650381000125286], [-85.46606300030686, 32.6503800002147], [-85.46626300032342, 32.65037900030416], [-85.46629900030844, 32.65037900030416], [-85.46651799969321, 32.65052599989687], [-85.46661999980049, 32.65059299982145]], [[-85.43779300034933, 32.570226000142604], [-85.43703799959069, 32.57023099962975], [-85.43714800009386, 32.56974300021901], [-85.43778199958037, 32.56973900000185], [-85.43779300034933, 32.570226000142604]], [[-85.50083900020063, 32.54603499999247], [-85.50082800032996, 32.54661599991026], [-85.5004860000232, 32.54661599991026], [-85.49995499957058, 32.54661599991026], [-85.49962400003275, 32.54661700022229], [-85.50017200020385, 32.546253999811285], [-85.50050600011471, 32.54603300011268], [-85.50076999970534, 32.54603399967396], [-85.50083900020063, 32.54603499999247]], [[-85.51182499996837, 32.69140000006819], [-85.51152299984459, 32.69156200029148], [-85.51136100036118, 32.69166199964795], [-85.51117999971291, 32.69177600022918], [-85.5108340001065, 32.6920439999081], [-85.51069699983915, 32.692151000119395], [-85.51059599955681, 32.692080999755454], [-85.5105870002343, 32.6917999998157], [-85.51056200011993, 32.691412000290775], [-85.51064400013571, 32.691412000290775], [-85.51182499996837, 32.69140000006819]], [[-85.4867779998417, 32.55251400026615], [-85.48668699960511, 32.55254200034365], [-85.48645999982439, 32.55259400024816], [-85.48645499980151, 32.551723000335485], [-85.48645200032678, 32.55126499968655], [-85.48644999977864, 32.551030000316224], [-85.486623000031, 32.551030999821904], [-85.48677199999393, 32.551030000316224], [-85.4867779998417, 32.55251400026615]], [[-85.42355700008821, 32.595717000001216], [-85.42345699963079, 32.59530899977257], [-85.42305999997076, 32.59481799978346], [-85.42316299990291, 32.593944000295146], [-85.42338100036112, 32.593360000215895], [-85.42349599998886, 32.59406199974529], [-85.42353199997387, 32.59501700011559], [-85.42355700008821, 32.595717000001216]], [[-85.54491399969116, 32.57018200025253], [-85.54487799970615, 32.57028299988203], [-85.54481999997985, 32.57044099979396], [-85.54474800000982, 32.57063700036157], [-85.54423199962578, 32.57052399982781], [-85.54347500011563, 32.5703569996359], [-85.54379099958481, 32.56999499991119], [-85.54388900039243, 32.56988500024073], [-85.54491399969116, 32.57018200025253]], [[-85.55359499969495, 32.58564000022884], [-85.55355600023522, 32.58563900035186], [-85.55197500036948, 32.58553699997365], [-85.55201300000431, 32.58496700026517], [-85.5526680003055, 32.58500700017709], [-85.55286599977391, 32.585019000298544], [-85.55324599971551, 32.585399000034144], [-85.55359499969495, 32.58564000022884]], [[-85.50086900033786, 32.562775000312776], [-85.50027799961076, 32.563102999834676], [-85.50011899960208, 32.5632109999965], [-85.49998200023306, 32.56320499999095], [-85.49995499957058, 32.56320499999095], [-85.49857899974423, 32.563206000118036], [-85.49858399976709, 32.56302599976608], [-85.49950400038219, 32.5624539997836], [-85.49977899984347, 32.56287599995403], [-85.50001800021808, 32.562871000056894], [-85.50086900033786, 32.562775000312776]], [[-85.50458199971519, 32.56375000024862], [-85.50446500043763, 32.563963000042726], [-85.50444500034617, 32.56395900032493], [-85.50429600038325, 32.564224000359204], [-85.50415300026812, 32.564480000108915], [-85.50359599987618, 32.5642599999778], [-85.50335599967667, 32.56416599968154], [-85.5032589995923, 32.564132000258894], [-85.50326899963804, 32.56404200029985], [-85.50333800013333, 32.563928999786036], [-85.50346799982967, 32.56369400026505], [-85.5036319998612, 32.56339900022043], [-85.5043919997444, 32.56368000007439], [-85.50458199971519, 32.56375000024862]], [[-85.49922999984747, 32.65101699997499], [-85.49922499982459, 32.65121199984339], [-85.49921599960376, 32.65236100003219], [-85.49919399986246, 32.65236600023047], [-85.49858899978997, 32.65251300033826], [-85.49859200016301, 32.65238899992885], [-85.49861899992719, 32.65104299972989], [-85.49920399990819, 32.651016000071564], [-85.49922999984747, 32.65101699997499]], [[-85.51000700027616, 32.69178000028674], [-85.50999100038263, 32.69207799991141], [-85.50974600016025, 32.69207799991141], [-85.50956000038742, 32.69236399996039], [-85.5094470004095, 32.69236600035403], [-85.50913400041506, 32.692711999735884], [-85.50893199985039, 32.69293699976801], [-85.50887699959878, 32.693019999656826], [-85.50867800030547, 32.692948999784], [-85.50869099982596, 32.692848000165824], [-85.50872799963587, 32.69256499998315], [-85.50876000032125, 32.69208000031145], [-85.50942099957192, 32.69207799991141], [-85.50946599977776, 32.69147899980316], [-85.50946999997572, 32.691433000109484], [-85.50947099980064, 32.69141900023094], [-85.50973000026673, 32.69141800002348], [-85.50984400006953, 32.69141699981609], [-85.50999499968226, 32.69141500015721], [-85.51000700027616, 32.69178000028674]], [[-85.49976299994994, 32.54601900019573], [-85.4994290000391, 32.54614000005524], [-85.4990280001811, 32.54626399994242], [-85.49887099982227, 32.54630399969851], [-85.49870400031601, 32.546313999824015], [-85.49855000033023, 32.54630699988769], [-85.49851099997217, 32.546306000329466], [-85.49844599967483, 32.54630300014025], [-85.4983870001236, 32.54630100026643], [-85.49838100027583, 32.54626900000756], [-85.49837600025295, 32.54624600031144], [-85.49836000035943, 32.54614899988185], [-85.49834899959046, 32.545948999820716], [-85.49833199987202, 32.54579799991864], [-85.49833100004712, 32.54574599986341], [-85.4983300002222, 32.54572100014656], [-85.49838999959833, 32.54570799974584], [-85.49974399968337, 32.545415000291605], [-85.49974600023151, 32.54549999989316], [-85.49975100025439, 32.54565899984938], [-85.49975899975198, 32.54594699993901], [-85.49976299994994, 32.54601900019573]], [[-85.48450300021499, 32.55193599990566], [-85.48449399999417, 32.553162000038455], [-85.48381899960147, 32.553169000197435], [-85.48356500005656, 32.55317299963901], [-85.48356500005656, 32.55263899992271], [-85.48356699970638, 32.551962999911034], [-85.48356599988148, 32.55194699965641], [-85.48383299984518, 32.55194399965566], [-85.48450300021499, 32.55193599990566]], [[-85.54393799989789, 32.57347300012697], [-85.54390500028595, 32.573663000061615], [-85.54387299960058, 32.57384900031691], [-85.54372199998782, 32.57433400008801], [-85.5436910000257, 32.57441900030845], [-85.54304900014328, 32.574297999970376], [-85.5426569996078, 32.57420700036551], [-85.54249299957628, 32.574169000187084], [-85.54262999984363, 32.57375200019931], [-85.54267599987439, 32.57358199992752], [-85.54268799956995, 32.57350399975731], [-85.54271699988226, 32.573413000103784], [-85.54273500032393, 32.573343999913995], [-85.54276499956283, 32.57326700030878], [-85.54316200012119, 32.573334999786574], [-85.54367199975913, 32.573423000236616], [-85.54380499982852, 32.57344599978083], [-85.54393799989789, 32.57347300012697]], [[-85.52661000022547, 32.55773799990711], [-85.52647600033117, 32.558351999719136], [-85.52644000034616, 32.55862400014771], [-85.52520199971377, 32.55861799983534], [-85.52520900028479, 32.55841700011921], [-85.52523000020118, 32.55777600023198], [-85.52495900003953, 32.55777900003779], [-85.52495800021462, 32.557664999775824], [-85.52495099964361, 32.55702900003991], [-85.52538900020984, 32.556993999987895], [-85.52536999994327, 32.55726099978013], [-85.52533800015621, 32.55768199995688], [-85.52540900030134, 32.55768499976581], [-85.52661000022547, 32.55773799990711]], [[-85.48124600004893, 32.66240399965314], [-85.48120099984308, 32.66251200036218], [-85.4811799999267, 32.66253199963888], [-85.48114800013964, 32.66254199965369], [-85.48112100037545, 32.66259400001507], [-85.48109600026109, 32.66275300023438], [-85.48107299979657, 32.66276900036926], [-85.48105199988017, 32.662809000315605], [-85.48102299956786, 32.662918000305616], [-85.48102599994091, 32.663004000176116], [-85.48099400015384, 32.66312299987804], [-85.48102799959074, 32.66318600036788], [-85.48101599989515, 32.663226999894576], [-85.48102099991803, 32.66324800029043], [-85.48102900031394, 32.66325999975817], [-85.47959300021316, 32.66328899978863], [-85.47950799982434, 32.66329000031109], [-85.47945199974784, 32.66329100007722], [-85.47943900022737, 32.66315299972075], [-85.47951100019739, 32.66303199976434], [-85.47936700025734, 32.662910999644176], [-85.47934899981568, 32.66276499976856], [-85.47933499957196, 32.6625909999369], [-85.47932700007438, 32.66237400031536], [-85.48037999986052, 32.66238100026258], [-85.48123400035335, 32.66237899995361], [-85.48124600004893, 32.66240399965314]], [[-85.44415299979735, 32.53269399993143], [-85.44396700002451, 32.53321399973492], [-85.44393400041257, 32.53321500019619], [-85.44364999983212, 32.53321500019619], [-85.44201600026291, 32.53321700036146], [-85.44215099998212, 32.532371999653726], [-85.44216900042379, 32.53226799986781], [-85.44223200017298, 32.53227200024049], [-85.4424799998701, 32.53230400018605], [-85.44288699957588, 32.53238300028674], [-85.44338799989129, 32.53250500005658], [-85.44404599966724, 32.53266700019005], [-85.44415299979735, 32.53269399993143]], [[-85.48631400023451, 32.65539799984696], [-85.48614799965485, 32.65547300024424], [-85.4849960001345, 32.65588600009447], [-85.48443500044294, 32.6549009997086], [-85.4855800002906, 32.65449999973338], [-85.48558899961311, 32.65449299992532], [-85.48574400032213, 32.65442799962847], [-85.48590699963043, 32.65469999963654], [-85.48621600032523, 32.65522999993887], [-85.48631400023451, 32.65539799984696]], [[-85.52102999985382, 32.5397600000735], [-85.52098100034833, 32.54021400033095], [-85.52091299967795, 32.540771000091695], [-85.52029400026008, 32.54074799974444], [-85.52012699985549, 32.540741999751646], [-85.5196420003319, 32.54071599977831], [-85.5195789996844, 32.54071300015954], [-85.51945900003379, 32.540705999786525], [-85.51913699981854, 32.540697000171626], [-85.5190980003588, 32.540695999793634], [-85.5190940001608, 32.54063700019162], [-85.51908999996286, 32.540539999760526], [-85.51919999956773, 32.53983199999057], [-85.51921800000937, 32.53971700002188], [-85.51951599993521, 32.53972399971468], [-85.5196070001718, 32.5397270001238], [-85.52036500040519, 32.53974999997526], [-85.52056799989646, 32.539756999665485], [-85.52062300014805, 32.53974700032422], [-85.52102999985382, 32.5397600000735]], [[-85.48847800043146, 32.66658000008934], [-85.48844900011916, 32.66739399993471], [-85.48714899956246, 32.6673630002827], [-85.48712799964608, 32.66582200009726], [-85.48831500022483, 32.66583900017651], [-85.48847800043146, 32.66658000008934]], [[-85.49090600021904, 32.6691039997961], [-85.49038999983499, 32.66917900003589], [-85.48890600005363, 32.669397000224265], [-85.48865199961043, 32.669327000173226], [-85.48870799968691, 32.66915899997809], [-85.48899399991718, 32.669019000204415], [-85.48929900041401, 32.66870099984943], [-85.48973299988398, 32.668173999910664], [-85.49001999993915, 32.66792099993644], [-85.49032000041312, 32.66784600015313], [-85.49061300031607, 32.66791299995245], [-85.49089899964802, 32.66802699984547], [-85.49090000037125, 32.66817999969216], [-85.49090600021904, 32.6691039997961]], [[-85.43900099994617, 32.59401100020084], [-85.43887100024985, 32.59400700030956], [-85.43741500005757, 32.59396200019568], [-85.43740699966163, 32.59360699968226], [-85.43737599969948, 32.59228599967321], [-85.4374879998525, 32.59228599967321], [-85.43748200000472, 32.59199199963579], [-85.4373909997681, 32.59122799994582], [-85.43740599983673, 32.59122799994582], [-85.43776800023495, 32.59123400034721], [-85.43781599991554, 32.59256399968121], [-85.43796900007644, 32.592625000310825], [-85.4384539996, 32.592822999661344], [-85.4389950000984, 32.59304300010855], [-85.43899799957313, 32.59313500006659], [-85.43900000012125, 32.5935349997733], [-85.43900099994617, 32.59401100020084]], [[-85.52351899974076, 32.657103999976556], [-85.52130100001548, 32.657145000024144], [-85.52080200024818, 32.65716700017106], [-85.52047500001002, 32.65719900016882], [-85.51969800040843, 32.65733000030023], [-85.51992199981608, 32.657189000312556], [-85.52202300026383, 32.65598000022054], [-85.52234799995384, 32.65579299971964], [-85.52262199959023, 32.65562899996141], [-85.52336899995295, 32.65518299987207], [-85.52349399962641, 32.655109999703235], [-85.52350000037251, 32.6552089999282], [-85.52351700009093, 32.65700899968334], [-85.52351899974076, 32.657103999976556]], [[-85.43332900041132, 32.581912999782084], [-85.43206599966457, 32.581863999975255], [-85.43201499961093, 32.58174800020217], [-85.43185999980024, 32.58157500018347], [-85.43177699995958, 32.58148299971374], [-85.43171699968511, 32.581462999730775], [-85.43154299960783, 32.581288000068064], [-85.43147599966069, 32.58117699994057], [-85.43145300009446, 32.581138999688044], [-85.43146800016308, 32.581122000167426], [-85.4315250000645, 32.581060000107506], [-85.43152099986654, 32.580985000172994], [-85.43154299960783, 32.58093699978841], [-85.43160999955498, 32.58079499985632], [-85.4315960002096, 32.58069300002224], [-85.43165200028609, 32.580546000034886], [-85.43164999973796, 32.580525999842905], [-85.43164100041545, 32.58040400024049], [-85.43170599981447, 32.58022900002465], [-85.43171099983732, 32.58016999991814], [-85.43174199979948, 32.57977100030842], [-85.43187099967089, 32.57973899987389], [-85.43183499968588, 32.57967199989697], [-85.43188900011256, 32.57959800025972], [-85.43302700028752, 32.57959700031534], [-85.43327900018261, 32.57959700031534], [-85.43328000000751, 32.57972200008783], [-85.4332859998553, 32.579821999629026], [-85.43332699986318, 32.581815000141646], [-85.43332900041132, 32.581912999782084]], [[-85.53791400001055, 32.61336300001973], [-85.53790999981258, 32.614235999667656], [-85.53760799968879, 32.61430399984459], [-85.53662799969756, 32.614518999708125], [-85.53614300017398, 32.61462599966952], [-85.53608299989953, 32.614638999917794], [-85.53519800034287, 32.615130000229165], [-85.534532000171, 32.615498999866894], [-85.53448500031534, 32.61343600020712], [-85.53520900021353, 32.61342099989366], [-85.53687700011793, 32.61338500034161], [-85.53720299963283, 32.61337800034297], [-85.53791400001055, 32.61336300001973]], [[-85.5162699996398, 32.65514599986645], [-85.51520799963284, 32.655292000085815], [-85.51513099963992, 32.654947000064205], [-85.51482600004141, 32.65347000025631], [-85.51481799964547, 32.653445000327125], [-85.51466000036005, 32.65311499969886], [-85.5145459996589, 32.652621000139995], [-85.51442299963527, 32.652074999721066], [-85.51426799982458, 32.65156000035538], [-85.51418099978594, 32.651340999871685], [-85.51498900024802, 32.65106499986571], [-85.51526799990728, 32.65096999996254], [-85.51534499990017, 32.6512180000071], [-85.51542100006814, 32.651422999939484], [-85.51554099971875, 32.65183499969547], [-85.51588999969822, 32.653238999857756], [-85.51595099979757, 32.65346899962399], [-85.51613300027078, 32.65432200022985], [-85.51616900025579, 32.65456400011408], [-85.5162699996398, 32.65514599986645]], [[-85.49100400012834, 32.665608999719446], [-85.49082500002818, 32.666741000234516], [-85.49066099999666, 32.66672500005458], [-85.49032999956056, 32.666671000371444], [-85.48966400028701, 32.66658899992193], [-85.48988900041789, 32.66604300011945], [-85.48999399999988, 32.665807000247], [-85.48991199998412, 32.665802000044295], [-85.48917200019241, 32.665752000270516], [-85.48920999982725, 32.66314800012581], [-85.49042900019306, 32.66312599993842], [-85.4905580000645, 32.66312399964611], [-85.49057700033106, 32.66408199992224], [-85.49085199979237, 32.664115000226396], [-85.4908610000132, 32.66545699975008], [-85.49098800023481, 32.66559200035264], [-85.49100400012834, 32.665608999719446]], [[-85.50463500031695, 32.56746200037737], [-85.50439699976725, 32.56800599968305], [-85.50438400024679, 32.56809800035282], [-85.5042379997586, 32.56914000029866], [-85.50214600043, 32.56919199966937], [-85.50078700032209, 32.56912199995623], [-85.50054700012258, 32.569125000139735], [-85.50057899990964, 32.56902600008783], [-85.5005909996052, 32.56899599972938], [-85.50072500039782, 32.5686439997198], [-85.5007389997432, 32.568610999790046], [-85.50093899975975, 32.5686420003438], [-85.50169299979515, 32.5688030003124], [-85.50180599977305, 32.56859500023263], [-85.50193899984245, 32.56834799998464], [-85.50212499961529, 32.567996999777044], [-85.50214399988187, 32.567936999875904], [-85.50115800004286, 32.567866999940435], [-85.50133100029522, 32.56745299965969], [-85.50168199992449, 32.56679800027202], [-85.50169500034329, 32.56677200027504], [-85.50176499976517, 32.566799000359055], [-85.50191299990318, 32.56686000035077], [-85.50311300000241, 32.567355000114546], [-85.50463500031695, 32.56746200037737]], [[-85.4694309999027, 32.64905699982743], [-85.46937599965112, 32.64921400007373], [-85.4693399996661, 32.64965600000943], [-85.46927500026709, 32.64967400005634], [-85.4690719998775, 32.64966899970751], [-85.468951000402, 32.6497229998295], [-85.46892799993746, 32.64976500015399], [-85.46888699992957, 32.64980900029268], [-85.46885199976947, 32.64985500024259], [-85.46881999998241, 32.649903999916624], [-85.4688049999138, 32.64993199982631], [-85.46879300021824, 32.64995500015079], [-85.46878499982233, 32.6499730001375], [-85.46873700014176, 32.65007499974171], [-85.46872200007314, 32.65010300035424], [-85.46868600008813, 32.65015900004029], [-85.46864400025532, 32.65021199995391], [-85.46862599981367, 32.65022999988889], [-85.46859700039968, 32.650259000364834], [-85.46854499962281, 32.65030099968119], [-85.46848900044463, 32.65033800017915], [-85.46842900017018, 32.65036799977435], [-85.46833000043598, 32.65041099970613], [-85.46822900015364, 32.65044900006833], [-85.4681270000464, 32.65048399992983], [-85.46805699972619, 32.65050299971928], [-85.46798599958109, 32.65051799986865], [-85.46791500033429, 32.65052899962364], [-85.46784300036425, 32.65053599974204], [-85.46784199964102, 32.65048599974867], [-85.46775200012766, 32.65051199965797], [-85.467296999843, 32.65055700009401], [-85.46696499958198, 32.65055099988593], [-85.4668320004109, 32.6505669999357], [-85.46641200028633, 32.64878699990582], [-85.46628199969167, 32.647235000015], [-85.46647300038569, 32.647232000177745], [-85.46644099970032, 32.64685100036131], [-85.4663539996617, 32.64638699965147], [-85.4663269998975, 32.646299999723155], [-85.4665939998612, 32.64630400030421], [-85.4669670001301, 32.6463100000409], [-85.46761099966234, 32.64632200026941], [-85.46758999974595, 32.64772400012994], [-85.46758700027122, 32.64788700007834], [-85.46758200024834, 32.64819500025549], [-85.46778200026489, 32.64829199994923], [-85.4678609999076, 32.648329999699165], [-85.46792500038002, 32.64836099990127], [-85.46819300016863, 32.64854400033828], [-85.46846199978215, 32.64879500008891], [-85.46867500021746, 32.648861999797774], [-85.46897599961804, 32.648960000207154], [-85.4691420001977, 32.649014000000975], [-85.4694309999027, 32.64905699982743]], [[-85.50881800004755, 32.56698799996272], [-85.50864800016825, 32.56706100007952], [-85.50635900029783, 32.568043000128334], [-85.50603299988461, 32.56811600014366], [-85.5058089995786, 32.56813700014746], [-85.5057080001946, 32.56814700011148], [-85.50557099992724, 32.568148000183534], [-85.50545700012442, 32.56814900025558], [-85.50518400031294, 32.56813700014746], [-85.50599600007467, 32.56732399987302], [-85.50505799991625, 32.56669699974661], [-85.50354800019561, 32.56658499963824], [-85.50342799964669, 32.56679800027202], [-85.5032090002619, 32.56675300012691], [-85.50219800030854, 32.56633699981992], [-85.50205799966814, 32.5662840002155], [-85.50224400033929, 32.56596699975669], [-85.50225500020994, 32.565947000098575], [-85.50228399962394, 32.56589400026374], [-85.50253300004428, 32.565445000178364], [-85.5030629997737, 32.565661000032875], [-85.50431700029964, 32.566166999878035], [-85.50559500021669, 32.56604300023387], [-85.50585700015752, 32.565720999942236], [-85.50764499971248, 32.56352299973372], [-85.50770300033713, 32.563572999843075], [-85.50774099997197, 32.563604999989316], [-85.5078070000942, 32.563670000369505], [-85.50785800014783, 32.563707000331924], [-85.50789699960757, 32.56373600006676], [-85.5079479996612, 32.56377500024355], [-85.50798899966908, 32.56380600019729], [-85.50803399987493, 32.56382899993625], [-85.5081660001194, 32.56389400015417], [-85.50819200005867, 32.563914999632104], [-85.50822499967063, 32.56394000033812], [-85.50825999983073, 32.56397999978771], [-85.50828599977001, 32.564035000231975], [-85.5083000000137, 32.56406600009587], [-85.50831099988437, 32.564087999650866], [-85.50835000024242, 32.56417899968002], [-85.50839700009809, 32.564285999945675], [-85.50842800006022, 32.56440899963345], [-85.50845599964933, 32.5644829996906], [-85.50847200044116, 32.56455500021961], [-85.50849300035755, 32.56461500011157], [-85.50849900020533, 32.564678999649296], [-85.50850400022821, 32.564735999885215], [-85.50848900015959, 32.5648070001019], [-85.50842399986227, 32.56486900004257], [-85.50836799978576, 32.564879000370894], [-85.50829099979286, 32.56487700015389], [-85.5082299996935, 32.564856000144026], [-85.50816699994431, 32.564842000134746], [-85.50810300037021, 32.564817999789234], [-85.50803300005, 32.56481899989839], [-85.5080179999814, 32.56482300033495], [-85.50799200004214, 32.56483099969327], [-85.50798600019435, 32.56484300024364], [-85.50796100008, 32.56490299994301], [-85.50798199999639, 32.56498200012949], [-85.50800000043805, 32.565047000269054], [-85.50805599961623, 32.56511299971038], [-85.50809699962412, 32.56520400021402], [-85.50810699966985, 32.565225000142405], [-85.50817100014228, 32.565356000125576], [-85.50820999960202, 32.56544400007618], [-85.50823899991434, 32.56551100008392], [-85.5082580001809, 32.56556699969045], [-85.50830699968641, 32.56565699963369], [-85.50836699996086, 32.56575300007938], [-85.5083920000752, 32.565794999674196], [-85.5084330000831, 32.565858999884284], [-85.50851199972581, 32.565995000179065], [-85.50856500032758, 32.56608699988304], [-85.50862399987881, 32.56625699997645], [-85.50864700034334, 32.566328999838795], [-85.50866400006178, 32.56638400035711], [-85.50867800030547, 32.56643200020377], [-85.50870699971948, 32.56652599963981], [-85.50873000018402, 32.56661800031333], [-85.5087429997045, 32.56668400011303], [-85.50876899964376, 32.566796000097796], [-85.50878399971236, 32.56685900026436], [-85.50878899973524, 32.56687799963296], [-85.50881800004755, 32.56698799996272]], [[-85.54938400037528, 32.58827300019542], [-85.54634800014215, 32.58833999979948], [-85.54583599995608, 32.58835099962802], [-85.5457899999253, 32.58376799980555], [-85.54929700033664, 32.58375500037555], [-85.54932199955267, 32.58514900024994], [-85.54935599988787, 32.58699200006447], [-85.54938199982712, 32.58812999992398], [-85.54938400037528, 32.58827300019542]], [[-85.52267400036708, 32.59116600006372], [-85.51989300040208, 32.59119599981669], [-85.51936899962212, 32.59120200022022], [-85.51899999955117, 32.5912060002367], [-85.51874199980831, 32.5912060002367], [-85.51749499985341, 32.59122200030091], [-85.51747200028719, 32.59040700002013], [-85.51745499967043, 32.58975600034537], [-85.51739399957107, 32.58695599973072], [-85.5173819998755, 32.58668000022386], [-85.51737600002771, 32.58653800030558], [-85.51733199964679, 32.584564999629876], [-85.51732800034715, 32.58441199983518], [-85.5173879997233, 32.58422000018342], [-85.51747399993702, 32.584171000123646], [-85.5176859996491, 32.584355999884615], [-85.51847800021767, 32.58502399971791], [-85.5185500001877, 32.585085000181], [-85.51863800005125, 32.5851579999485], [-85.5200850000227, 32.58634300030171], [-85.52028699968906, 32.58649900018733], [-85.52053299973636, 32.586704999882365], [-85.52069699976788, 32.58684100035487], [-85.52107699970948, 32.58723400037683], [-85.5211830000147, 32.58736099981332], [-85.52128799959668, 32.587511000304644], [-85.52144599978041, 32.58774299992424], [-85.52151399955248, 32.587867999692214], [-85.52161800020787, 32.588118000218984], [-85.52170600007142, 32.58832999981658], [-85.52184099979063, 32.58873200021855], [-85.52188699982138, 32.58890800032792], [-85.52198800010373, 32.58923300013319], [-85.52213600024174, 32.5897110003675], [-85.5222049998387, 32.58990500002662], [-85.52226500011317, 32.590111000219395], [-85.52249299971879, 32.59076399998271], [-85.52256600041206, 32.59093599985776], [-85.52261599974244, 32.591042999987515], [-85.52267400036708, 32.59116600006372]], [[-85.52431700015711, 32.573584999961845], [-85.52419300030856, 32.573587999996015], [-85.52278099959888, 32.57359600008676], [-85.52277399992619, 32.57304599975724], [-85.51860799991401, 32.573040999669985], [-85.51865700031782, 32.572538000062565], [-85.51852099987539, 32.57112200009093], [-85.51848900008834, 32.569626999906426], [-85.51848800026342, 32.569554000363745], [-85.51848499989038, 32.56940199999499], [-85.51847800021767, 32.56897299980102], [-85.52120099955805, 32.56892799999001], [-85.52241900009896, 32.568908000234984], [-85.524133999859, 32.568883000156426], [-85.52424099998912, 32.56884299986483], [-85.52424900038504, 32.56927199992351], [-85.52428199999702, 32.57106300004856], [-85.52430600028646, 32.571945000304915], [-85.52431200013423, 32.57334499992811], [-85.52431700015711, 32.573584999961845]], [[-85.50422799971285, 32.5400079998814], [-85.50418000003229, 32.544930999752594], [-85.50332100041489, 32.545587000061275], [-85.5033509996538, 32.54561500002781], [-85.50377900017429, 32.54600399995766], [-85.50386700003783, 32.54611299981284], [-85.5038789997334, 32.54612499983747], [-85.50391399989351, 32.5461769996731], [-85.50400299958196, 32.54637000005213], [-85.50403899956697, 32.54650600035253], [-85.50404600013799, 32.54660200008416], [-85.50393700035805, 32.54660799968535], [-85.50388499958117, 32.5466140000434], [-85.50214700025492, 32.546615000355466], [-85.50199900011691, 32.546612000176516], [-85.50201300036062, 32.54593100012658], [-85.50202300040635, 32.54590599970397], [-85.50203099990397, 32.54568100013076], [-85.502034000277, 32.54559099984068], [-85.50230200006561, 32.54548700021764], [-85.502286999997, 32.54506899986239], [-85.50250299990707, 32.545054000222926], [-85.50273399988573, 32.54505499979509], [-85.50265400041812, 32.54497800014303], [-85.50238099970832, 32.54473800006634], [-85.50233399985267, 32.54469599970297], [-85.50149100012878, 32.544702999764915], [-85.5006960000855, 32.54471800022027], [-85.49994799989787, 32.54471199973555], [-85.49929000012193, 32.544706000007636], [-85.49860899988145, 32.544716000311155], [-85.4982749999706, 32.54468600015445], [-85.49823999981051, 32.544994000125314], [-85.4982740001457, 32.545287999765875], [-85.4981960003279, 32.54528599986944], [-85.49733699981218, 32.545257000230386], [-85.49689699959613, 32.54436500004626], [-85.49740999960713, 32.54433900036472], [-85.49790900027271, 32.544262000098605], [-85.49847900018511, 32.54417399982183], [-85.49851199979707, 32.54392800008779], [-85.49851599999502, 32.5438950001553], [-85.49854299975922, 32.54367500029547], [-85.49878200013382, 32.543591999657544], [-85.49906800036408, 32.54349300021052], [-85.49938499965816, 32.54330499993512], [-85.4993019998175, 32.54299399992844], [-85.49978100039161, 32.54292000032582], [-85.49985900020941, 32.54319599969988], [-85.49992699998148, 32.54313700022598], [-85.50003199956346, 32.54313599987524], [-85.5002249999073, 32.543805999932694], [-85.50041499987809, 32.54366400028832], [-85.50047699980239, 32.543626000046736], [-85.50042400009893, 32.543458000181005], [-85.50029600005242, 32.5430449997112], [-85.50102400014856, 32.54303899987189], [-85.50114999964694, 32.54303800027727], [-85.50112100023293, 32.54290500032727], [-85.50110699998922, 32.54284000005232], [-85.50109500029367, 32.54276600032278], [-85.50106000013358, 32.54255199984064], [-85.50093600028501, 32.54255199984064], [-85.50034100025826, 32.542557000112524], [-85.50018899992229, 32.5425579997125], [-85.50017700022673, 32.542500000177256], [-85.50013200002088, 32.54229599963424], [-85.49989600001935, 32.54229500003136], [-85.49989799966916, 32.54220900006353], [-85.49989900039238, 32.54189600007509], [-85.49989900039238, 32.5415419997968], [-85.50091700001843, 32.541500999822006], [-85.50091399964538, 32.541461999810075], [-85.50090600014778, 32.54137300020498], [-85.50090000029999, 32.541200999935334], [-85.50055700016833, 32.541218000205625], [-85.4998369995698, 32.54121200024422], [-85.49980499978274, 32.540334000058834], [-85.499802000308, 32.54018499981102], [-85.50020599964074, 32.54022999964762], [-85.50088500023138, 32.54011900021178], [-85.5008860000563, 32.54019699987059], [-85.500928999714, 32.54019499986076], [-85.50422799971285, 32.5400079998814]], [[-85.51160400003542, 32.55717899978384], [-85.51029799963098, 32.55764800034865], [-85.50958100030381, 32.55796600010079], [-85.50907900016348, 32.558213000161615], [-85.50866700043481, 32.558489999638745], [-85.50809400014937, 32.55889400015852], [-85.5069069995706, 32.559757999730714], [-85.50609999983176, 32.560230000168495], [-85.50538699980423, 32.56044000027414], [-85.50515599982555, 32.56048899967287], [-85.50508600040365, 32.560657000220345], [-85.50504299984763, 32.560764000143685], [-85.50503399962682, 32.560780999737624], [-85.50479799962525, 32.56124800010626], [-85.5047230001805, 32.56139899975895], [-85.50459199976092, 32.56165600014286], [-85.50453800023257, 32.5616379998129], [-85.5043850000717, 32.56158900028454], [-85.50388899977914, 32.56139700022148], [-85.50378900022002, 32.561372999711494], [-85.50366600019639, 32.561351000247875], [-85.50386100019006, 32.561008000376084], [-85.50396800032019, 32.56081900028811], [-85.5039979995591, 32.56076599969526], [-85.50419199972784, 32.56042400001658], [-85.50433400001806, 32.560174999662976], [-85.50377900017429, 32.56022100023947], [-85.50327000036127, 32.56030500004629], [-85.5030050000474, 32.560344000200296], [-85.5028019996578, 32.560373000265], [-85.50230100024069, 32.56056799996045], [-85.50200400013978, 32.56069899992948], [-85.5015680001217, 32.56090700014627], [-85.5013589998843, 32.56101399977143], [-85.50122300034018, 32.56083999972864], [-85.50111299983702, 32.560895999979394], [-85.50034799993094, 32.56135399993417], [-85.50009500021096, 32.56150600031168], [-85.50004800035529, 32.56153500000076], [-85.49938999968104, 32.56150699970063], [-85.50097700029288, 32.56064399971151], [-85.503829000403, 32.55937099993358], [-85.50423100008592, 32.55883499964501], [-85.50426100022314, 32.558797999944865], [-85.50475599979247, 32.55813800004952], [-85.5052300003437, 32.55789400034129], [-85.50651400010852, 32.55727999966696], [-85.5067440002623, 32.55693300010253], [-85.50697400041606, 32.55651699969195], [-85.50724499967941, 32.55617800033568], [-85.50761799994831, 32.55551400000549], [-85.50734000011398, 32.55528999974375], [-85.50750800034346, 32.55504000006918], [-85.50698000026385, 32.5548789996314], [-85.50624200012197, 32.55473100027225], [-85.50569499977581, 32.554710000159204], [-85.50475900016552, 32.55473100027225], [-85.50410100038955, 32.55473100027225], [-85.50196700032987, 32.554738000308795], [-85.4995210001006, 32.554745000344866], [-85.49758600023253, 32.554703000120476], [-85.49691800041084, 32.554710000159204], [-85.494965999926, 32.554738000308795], [-85.49455400019737, 32.55474700003056], [-85.49455900022022, 32.554595000318514], [-85.4943890003409, 32.55459800023059], [-85.49336800034182, 32.55461299978976], [-85.49329100034893, 32.554308999654296], [-85.49376800037489, 32.55430100011502], [-85.49336400014386, 32.55348500020629], [-85.49319300043965, 32.55338399983799], [-85.49236900008403, 32.552887999985856], [-85.49201099988373, 32.55286700019877], [-85.49194999978437, 32.55286299998636], [-85.49117200035782, 32.55287099965382], [-85.48986000010558, 32.552936000237885], [-85.48986900032642, 32.55335700026009], [-85.4897279998611, 32.55319199963421], [-85.48935700014034, 32.552789999675454], [-85.48911199991797, 32.552456999837936], [-85.48909699984935, 32.55243700019726], [-85.48903400010016, 32.55235200034926], [-85.48902700042746, 32.55234099989092], [-85.4885239995639, 32.551657000131506], [-85.48816700008683, 32.55120000016396], [-85.48812799972879, 32.55113300007088], [-85.48809599994172, 32.55109399969983], [-85.48806300032977, 32.55103599962148], [-85.48965199969312, 32.55103699988427], [-85.48991799983189, 32.55103699988427], [-85.49064199973007, 32.550820000148924], [-85.4912209998633, 32.55068900014552], [-85.49267000038292, 32.55069700000671], [-85.49433599973916, 32.55221500032691], [-85.49430700032516, 32.5538250001234], [-85.49465200010664, 32.554339999849745], [-85.49472400007667, 32.554463000299926], [-85.49488300008534, 32.554462000075326], [-85.49692400025862, 32.55443600028942], [-85.49756000029325, 32.55444900018332], [-85.49763200026328, 32.554449999650885], [-85.4995200002757, 32.55449199999367], [-85.50196099958374, 32.55448699962942], [-85.50410499968922, 32.55448200002202], [-85.5047299998532, 32.55448099979763], [-85.506017999816, 32.554470999824765], [-85.50642399969685, 32.55450499987949], [-85.50653900022289, 32.55451899998737], [-85.50705300005879, 32.55467300027265], [-85.50705600043185, 32.55466200009876], [-85.507075999625, 32.55467300027265], [-85.50761799994831, 32.55484000013094], [-85.50757299974248, 32.55494300005633], [-85.50793199976766, 32.55504999997866], [-85.50821799999794, 32.55512299996565], [-85.50846499987014, 32.55519400021764], [-85.50751300036632, 32.55670599975535], [-85.50715299961792, 32.55727500021516], [-85.50744999971882, 32.55733700006062], [-85.50780100024642, 32.55735300011148], [-85.50824899996007, 32.557329000034144], [-85.50866300023687, 32.55727900023092], [-85.50913000021711, 32.55717899978384], [-85.50996600026828, 32.55692900007141], [-85.51038100036996, 32.55674899999863], [-85.51124699966006, 32.556329999638066], [-85.51137399988167, 32.55663300029885], [-85.511467999593, 32.55685499984119], [-85.51160400003542, 32.55717899978384]], [[-85.50662600026153, 32.71750499980883], [-85.50584299991381, 32.717696000006974], [-85.50562799982866, 32.717815000145215], [-85.50546899981998, 32.71811899995529], [-85.50539799967488, 32.7181900002092], [-85.5038779999085, 32.7182009999454], [-85.50054399974954, 32.71822300016953], [-85.49970600004853, 32.71822900036718], [-85.49790300042494, 32.71824100000536], [-85.49451400001439, 32.718264000126204], [-85.49387200013197, 32.718284999672704], [-85.49380799965955, 32.71828900005367], [-85.4931509997085, 32.718326000356676], [-85.49093800000608, 32.71744299976341], [-85.49094700022692, 32.71712700013007], [-85.49093999965592, 32.716988999824125], [-85.49094200020404, 32.71609700022126], [-85.49100300030342, 32.71609600029043], [-85.49413800027075, 32.71598800013516], [-85.49965699964474, 32.71579899992673], [-85.50120099970057, 32.71574499968566], [-85.50382799967979, 32.71565199965568], [-85.50532999990283, 32.71560600032828], [-85.5056110001102, 32.71601800035938], [-85.50662600026153, 32.71750499980883]], [[-85.52477999993938, 32.63401399978767], [-85.52477999993938, 32.634076000270234], [-85.52477999993938, 32.6340959998555], [-85.52471899984, 32.63408599968518], [-85.52466299976352, 32.634080999977876], [-85.52460800041024, 32.63408599968518], [-85.52416900001911, 32.634134999676874], [-85.52390299988032, 32.63410900030216], [-85.523584999863, 32.63394299992652], [-85.52293499958468, 32.633502000358526], [-85.52280499988834, 32.63338700021672], [-85.52277899994907, 32.63333300006629], [-85.52279200036786, 32.633299999748175], [-85.52271399965173, 32.63315600014322], [-85.52261699956736, 32.63283200018477], [-85.52246799960444, 32.63267900036396], [-85.5224009996573, 32.63259899997275], [-85.52211100012737, 32.63240100003975], [-85.5212469995888, 32.63190500006465], [-85.52105499996817, 32.631857999843554], [-85.52081399994377, 32.631874000211326], [-85.52046900016225, 32.63199499996842], [-85.52042800015438, 32.63200799996386], [-85.5201770000842, 32.63208499978167], [-85.5199789997175, 32.632140000043265], [-85.5196630002483, 32.632013999902924], [-85.51945300018602, 32.63189800000109], [-85.5192039997657, 32.6317369999012], [-85.51911099987926, 32.63166200002365], [-85.51903800008432, 32.631434999768985], [-85.51894699984773, 32.63130699990137], [-85.51881700015139, 32.63118800022075], [-85.51876500027285, 32.631037000112116], [-85.51870199962535, 32.63090800030352], [-85.5185379995938, 32.630839999877914], [-85.51849099973816, 32.63084499976637], [-85.51834299960014, 32.63085300004115], [-85.5181700002461, 32.6310210003512], [-85.51813900028397, 32.63105299987015], [-85.5180649997658, 32.63110200000978], [-85.51801399971218, 32.631135999751194], [-85.5179450001152, 32.6311870000956], [-85.51778600010654, 32.63135399965536], [-85.5177619998171, 32.63137899970759], [-85.51763499959549, 32.63148499982121], [-85.51749800022645, 32.63158300035694], [-85.51714900024699, 32.631775999994304], [-85.5168470001232, 32.631927999729264], [-85.5165729995885, 32.63206800009285], [-85.5164599996106, 32.632202999668664], [-85.51633099973917, 32.632465999703086], [-85.5162410002258, 32.632555999799116], [-85.51622500033227, 32.631836000278845], [-85.51619600001997, 32.63065500002738], [-85.51619400037013, 32.630524000159475], [-85.51616800043087, 32.62928800028167], [-85.51632200041666, 32.62928599998894], [-85.51631999986853, 32.629180999687684], [-85.51631700039378, 32.629011000163594], [-85.51630200032517, 32.628198999948815], [-85.51855299966243, 32.628163000286754], [-85.518824999649, 32.62815899965089], [-85.52017200006134, 32.628135000371486], [-85.52183999996574, 32.62811000016952], [-85.52462799960342, 32.62810699969089], [-85.524682999855, 32.62918799996379], [-85.52468399967992, 32.629252000301186], [-85.52468600022804, 32.629351999791], [-85.52469100025093, 32.62958299984979], [-85.52469799992362, 32.62993400020267], [-85.52470499959631, 32.6302939996388], [-85.52471899984, 32.631195999708396], [-85.52475499982502, 32.63278699990864], [-85.52477999993938, 32.63401399978767]], [[-85.5274489997514, 32.61354100006144], [-85.52723600021437, 32.61351600032353], [-85.52673700044708, 32.61351300011231], [-85.52436900003565, 32.61352000010046], [-85.52436800021074, 32.61288799983426], [-85.52436400001278, 32.61128200013251], [-85.52435099959398, 32.60985000024631], [-85.52431899980692, 32.60639300022712], [-85.52329699998292, 32.6063469998776], [-85.52262199959023, 32.60635399966914], [-85.52262099976531, 32.60604500035228], [-85.52261099971956, 32.60294099990021], [-85.52285199974399, 32.602902000109495], [-85.52328500028736, 32.60284900017262], [-85.52467799983214, 32.60266899993868], [-85.52525100011758, 32.6025980001884], [-85.5258510001672, 32.602521999668554], [-85.52585000034229, 32.60383400002954], [-85.52706299996201, 32.60383400002954], [-85.5270970002972, 32.60436900033748], [-85.5271669997191, 32.606346000231724], [-85.52721600012289, 32.6079099996358], [-85.52721899959762, 32.60799099977608], [-85.52722000032084, 32.608016000299656], [-85.52733599977348, 32.6103740000351], [-85.52735599986498, 32.61104400033559], [-85.5273509998421, 32.61138999976811], [-85.52736699973562, 32.61139100011446], [-85.527399000421, 32.61246100032867], [-85.5274489997514, 32.61354100006144]], [[-85.50824499976211, 32.7009719999856], [-85.50820999960202, 32.701117000058716], [-85.50821399979998, 32.7047389999772], [-85.50811000004292, 32.70474200015159], [-85.50443899960004, 32.704841999860356], [-85.50443000027754, 32.704847000145215], [-85.50257700042522, 32.70488900025922], [-85.50273600043388, 32.70504900008051], [-85.50304000020749, 32.70543599999274], [-85.50331200019407, 32.705817000218], [-85.50361900034072, 32.70629599983551], [-85.50377499997634, 32.706540999644766], [-85.50387999955832, 32.706705999707985], [-85.50398900023657, 32.70687699967145], [-85.50411599955986, 32.70698400024217], [-85.5017940000775, 32.70811800021293], [-85.50011899960208, 32.7060220003564], [-85.49975999957688, 32.705593000199315], [-85.49968500013213, 32.70548200002891], [-85.49964300029934, 32.705374999924636], [-85.4995279997733, 32.7049759998386], [-85.49957200015423, 32.70497499978306], [-85.4996330002536, 32.7046359999752], [-85.49974600023151, 32.70397599996596], [-85.4999010000422, 32.70397099963232], [-85.49959999974332, 32.70352900002167], [-85.50083400017778, 32.70351399970065], [-85.50072600022273, 32.70132199965579], [-85.50072700004765, 32.701242000219345], [-85.50824499976211, 32.7009719999856]], [[-85.44277399959796, 32.54778200026305], [-85.44093599981426, 32.54933399964528], [-85.43888899979319, 32.54933199983898], [-85.43847100021675, 32.54933199983898], [-85.4384820000874, 32.547945999935564], [-85.43759599980751, 32.54794900006994], [-85.4374600002634, 32.54795000036712], [-85.43712100032968, 32.54795099990704], [-85.43713300002524, 32.54736099983813], [-85.43713600039831, 32.54716499991468], [-85.43716300016249, 32.5456279996848], [-85.43801199973412, 32.54562000012911], [-85.438425000186, 32.545616999916916], [-85.4380450002444, 32.54430999966251], [-85.43800800043448, 32.54417900000337], [-85.4378410000299, 32.54418000034249], [-85.43786699996916, 32.54374599975841], [-85.43841900033821, 32.54376399989067], [-85.43848600028537, 32.54376599982099], [-85.43848299991232, 32.54356799968689], [-85.43824000023807, 32.54353599996846], [-85.43790299995418, 32.54310700029894], [-85.43787600019, 32.54306600028148], [-85.43846700001879, 32.542868999714784], [-85.43869700017257, 32.542751000298516], [-85.43869100032478, 32.54248300014975], [-85.43867299988312, 32.541700999946805], [-85.43844000025462, 32.541702999923096], [-85.43842000016313, 32.54055900015767], [-85.43864600011895, 32.54055900015767], [-85.43898800042571, 32.54055900015767], [-85.44275199985665, 32.54056599978485], [-85.44277199994814, 32.54714499985209], [-85.44277399959796, 32.54778200026305]], [[-85.45287499980904, 32.5626540001656], [-85.45284999969469, 32.56265699980832], [-85.4524980002405, 32.56270299986946], [-85.4522739999345, 32.56274500013508], [-85.4518580000079, 32.56282700034465], [-85.45083399963575, 32.563096999821894], [-85.44965199997817, 32.56342800005482], [-85.44911300002791, 32.56361400033595], [-85.4487330000863, 32.56376399967125], [-85.44813800005957, 32.564024999809554], [-85.44586900028062, 32.56508699998217], [-85.44044799991762, 32.56748700009488], [-85.44009599956513, 32.56767200021081], [-85.43983500034753, 32.56784499979807], [-85.43959799962275, 32.568039999908684], [-85.43938400026082, 32.56825500025749], [-85.43914700043436, 32.56854700002929], [-85.43902199986258, 32.56873599973521], [-85.43894900006764, 32.56887300027445], [-85.43874599967805, 32.565857999786715], [-85.4387359996323, 32.56571700030281], [-85.43868200010397, 32.56494399982807], [-85.43865299979164, 32.56464499966396], [-85.43863500024828, 32.56313899990309], [-85.43863000022542, 32.562258999644285], [-85.44613899971907, 32.56219399975606], [-85.44611199995487, 32.56045199989759], [-85.44932899993798, 32.56037800030128], [-85.44931999971715, 32.5598390002342], [-85.44929899980075, 32.55864200032509], [-85.44951999973368, 32.55882299980532], [-85.44957199961222, 32.55886599979134], [-85.44965100015325, 32.55894299964433], [-85.44973399999392, 32.559016000250246], [-85.45009999969183, 32.559236999783], [-85.45016099979121, 32.55931299990426], [-85.45031300012715, 32.55972599972668], [-85.45057400024307, 32.55996800018395], [-85.45089200026038, 32.56016099968034], [-85.4508930000853, 32.56005899984918], [-85.45093300026828, 32.56007600033381], [-85.4509499999867, 32.560090000329716], [-85.45098199977375, 32.56009999967646], [-85.45102799980451, 32.56011999988092], [-85.45106299996462, 32.560150000179185], [-85.45108700025405, 32.560180999871214], [-85.45108999972878, 32.56029399980567], [-85.45136099989045, 32.56054299982903], [-85.45166300001424, 32.5607759997238], [-85.45195300044247, 32.56099600006986], [-85.45210200040536, 32.561113000337045], [-85.45215799958356, 32.56116599996779], [-85.45239600013323, 32.5614480001482], [-85.45244200016398, 32.56150299987335], [-85.45269700043212, 32.56220900031681], [-85.45273400024203, 32.562277999987096], [-85.45287499980904, 32.5626540001656]], [[-85.51618900034727, 32.660699999679245], [-85.51617299955542, 32.661125000091914], [-85.5161349999206, 32.66140599974074], [-85.51603299981333, 32.66182399983123], [-85.51589100042143, 32.662232999965205], [-85.51582399957597, 32.66237699964458], [-85.5157690002227, 32.66249799973143], [-85.51538799955789, 32.66312399964611], [-85.51527799995301, 32.66330300029546], [-85.51523199992226, 32.663378999875505], [-85.5150090003395, 32.66371799979235], [-85.51496499995856, 32.66378699993914], [-85.51497800037737, 32.66400099988031], [-85.51502100003508, 32.6661480002533], [-85.51501099998931, 32.667590999814124], [-85.5150090003395, 32.667915000137555], [-85.5149950000958, 32.6686219996262], [-85.51502500023302, 32.66971899990419], [-85.51502500023302, 32.670433000315505], [-85.51502799970775, 32.670558000333344], [-85.51508399978427, 32.671197999772026], [-85.51509200018018, 32.67166000015916], [-85.51521100000586, 32.6721279999422], [-85.51539400030397, 32.67248400026833], [-85.51184099986189, 32.672527999810804], [-85.51128799966794, 32.67252299998418], [-85.51127699979727, 32.67222700022203], [-85.51105800041249, 32.66582800003662], [-85.5103980000884, 32.66574600032603], [-85.51037799999692, 32.66517999971822], [-85.50965300027381, 32.665152000046696], [-85.50948599986926, 32.665152000046696], [-85.5095670000601, 32.6637429998736], [-85.510629999892, 32.66372799967445], [-85.51065699965618, 32.663151000185266], [-85.50918399974546, 32.663134000350894], [-85.50917600024786, 32.66295699965915], [-85.50916700002702, 32.66277799982935], [-85.50918000044581, 32.66277600028554], [-85.5091789997226, 32.66275000016156], [-85.50819200005867, 32.66288200024728], [-85.5081870000358, 32.66374500015205], [-85.50806400001217, 32.66378900021661], [-85.5080459995705, 32.66379200025461], [-85.50776400043651, 32.663844999648695], [-85.50783100038366, 32.663978000144446], [-85.50789300030793, 32.664113999713166], [-85.50795000020933, 32.66425299985371], [-85.50799500041518, 32.66439199977806], [-85.50804300009577, 32.66453199999479], [-85.50808099973058, 32.664672999742876], [-85.50811300041595, 32.664898000086914], [-85.5081529997006, 32.665184000210736], [-85.5079619999049, 32.66522500033327], [-85.5078559995997, 32.66524700000391], [-85.50605700017404, 32.66528500010982], [-85.50600699994533, 32.66528599985369], [-85.5059480003941, 32.66301000030473], [-85.50593699962512, 32.66293299988449], [-85.50609900000684, 32.662857999696215], [-85.50611800027342, 32.66284799971676], [-85.50652300032937, 32.6626300001894], [-85.50690599974571, 32.662398000240174], [-85.50744899989392, 32.6620759998929], [-85.50804499974558, 32.661722000018415], [-85.50842999971005, 32.661494999668726], [-85.50864800016825, 32.66135499998854], [-85.50936700004357, 32.66092599998657], [-85.50966999999225, 32.66074600007586], [-85.51034500038494, 32.660333999789884], [-85.51104300034388, 32.659939000318964], [-85.51162300030201, 32.65965200024225], [-85.51222300035163, 32.65939299997223], [-85.51237399996435, 32.65933200021117], [-85.51278900006608, 32.659193999792194], [-85.51315800013701, 32.65907299977025], [-85.51396200040115, 32.65886499978092], [-85.51428700009116, 32.65879200034986], [-85.51448600028277, 32.65875299993524], [-85.51501900038525, 32.6586480001888], [-85.51576099982678, 32.65850299997609], [-85.51617299955542, 32.65841599973555], [-85.5161719997305, 32.65851800029589], [-85.51616300040799, 32.659416000131685], [-85.51616599988273, 32.6599930002884], [-85.51618900034727, 32.660699999679245]], [[-85.51537199966434, 32.638092000084725], [-85.51537000001453, 32.63856899975115], [-85.51535699959575, 32.638963999830224], [-85.51534900009811, 32.6392139999557], [-85.51533800022749, 32.63953600018926], [-85.51532999983155, 32.6398160003382], [-85.51530999974007, 32.64018200025418], [-85.5152910003718, 32.64056599979628], [-85.51526399970932, 32.64084799978125], [-85.51522600007448, 32.641147999883785], [-85.5152279997243, 32.641324999880794], [-85.51522900044755, 32.641508000342824], [-85.51522400042467, 32.64158300028765], [-85.51521600002874, 32.64169599971253], [-85.515205999983, 32.64183999994423], [-85.51519500011234, 32.641983999944124], [-85.51518699971643, 32.642243999966105], [-85.51517400019594, 32.64260599979122], [-85.51516499997511, 32.64285000035961], [-85.51516499997511, 32.643094000262394], [-85.51516800034817, 32.643343000202364], [-85.51516999999798, 32.64358900024612], [-85.51517199964782, 32.643860999943506], [-85.51515499992938, 32.643860999943506], [-85.51499099989785, 32.64386699984408], [-85.5149809998521, 32.64351399971414], [-85.51397200044688, 32.64353800016352], [-85.51403099999811, 32.64393700016714], [-85.51400000003596, 32.643946999992686], [-85.51396999989873, 32.643957999799504], [-85.51393800011168, 32.64397000034368], [-85.5139110003475, 32.64398200012982], [-85.51389600027889, 32.643989000004275], [-85.51388100021028, 32.64399599987824], [-85.51395999985299, 32.64411399994005], [-85.51413700030332, 32.644338999838034], [-85.51420400025047, 32.64442400020684], [-85.51449499960528, 32.64439000022032], [-85.51400099986088, 32.64557799969513], [-85.51364799968347, 32.64552000023614], [-85.51362199974419, 32.6455180003063], [-85.51338499991772, 32.645498000248935], [-85.51325600004631, 32.64565499993593], [-85.51316800018274, 32.64576299970039], [-85.51313800004552, 32.645799999806776], [-85.51299900012835, 32.64596899999592], [-85.51301699967169, 32.64634899983228], [-85.5127279999667, 32.646593999975416], [-85.51315399993906, 32.64697999987341], [-85.51339599978839, 32.64719999963817], [-85.5135449997513, 32.647334999827514], [-85.51358499993427, 32.647372000039915], [-85.51352499965982, 32.64779199982431], [-85.51355200032232, 32.648090000211134], [-85.51359400015511, 32.648248999754884], [-85.51361000004862, 32.64841500005675], [-85.5136009998278, 32.64846199989941], [-85.51358999995715, 32.648519999719504], [-85.51350100026868, 32.64858299991181], [-85.51353100040592, 32.6486120001655], [-85.51400099986088, 32.64907599992008], [-85.51411899986165, 32.649192000238926], [-85.51437400012978, 32.649476000097366], [-85.51455700042789, 32.64971399981141], [-85.51476699959186, 32.6500229996614], [-85.51478599985843, 32.650050000375956], [-85.5150160000122, 32.6504300002674], [-85.51512399996723, 32.65062399999535], [-85.51521600002874, 32.650844999776915], [-85.51495900011079, 32.65093099991734], [-85.51411899986165, 32.651210999942094], [-85.51407899967869, 32.651117000096406], [-85.51395099963217, 32.65088200004976], [-85.51377300025526, 32.650938999908604], [-85.51302699971744, 32.651357999679746], [-85.51169199989899, 32.65173199993449], [-85.51156300002755, 32.65129499992986], [-85.51149500025548, 32.651167999638716], [-85.5118690003493, 32.6510799999208], [-85.5118559999305, 32.65077199984787], [-85.51135999963797, 32.6507549999284], [-85.51119700032966, 32.650793000144404], [-85.51022200036131, 32.65104700009881], [-85.51004800028403, 32.65056899975268], [-85.51006900020043, 32.6503769997266], [-85.50984300024463, 32.65001700017383], [-85.50953799974778, 32.64988899966419], [-85.50919899981407, 32.64990200008478], [-85.50891000010907, 32.65005300011867], [-85.50874400042773, 32.65030400017187], [-85.50879700013117, 32.65070899968511], [-85.50894199989612, 32.65085800005851], [-85.50919200014138, 32.65154100003423], [-85.50906800029281, 32.652162000081795], [-85.50936299984559, 32.652118000344615], [-85.50925400006565, 32.65255199969345], [-85.50925300024075, 32.65286700037787], [-85.50946699960268, 32.65311100017887], [-85.50963200035743, 32.65317900031473], [-85.50897799988114, 32.65336399972189], [-85.50867400010752, 32.65347499963624], [-85.50847900011385, 32.653546999752336], [-85.5083419998465, 32.65332699971984], [-85.50837399963355, 32.65325000003434], [-85.50827200042463, 32.653074000072046], [-85.50823399989146, 32.652824000114535], [-85.50823600043961, 32.652547000261926], [-85.50825999983073, 32.65237799964634], [-85.50839399972503, 32.65208500014936], [-85.50852799961933, 32.651874999996615], [-85.50866499988668, 32.65172699970075], [-85.50875199992534, 32.65156900018768], [-85.50877500038986, 32.651526999954186], [-85.50887300029915, 32.651279999910784], [-85.50883700031413, 32.65120599967921], [-85.50870300041983, 32.65092499973431], [-85.50868499997819, 32.650727000276405], [-85.50862200022898, 32.65066699980401], [-85.50858500041906, 32.650508000021475], [-85.50854699988591, 32.65034500031249], [-85.50827200042463, 32.65002700007591], [-85.50835799974001, 32.649953000320124], [-85.50836000028818, 32.64939900012102], [-85.50831199970926, 32.64915500002315], [-85.50815500024875, 32.6488750003676], [-85.50823300006655, 32.64852999978905], [-85.50865700038908, 32.64846800024772], [-85.50873500020688, 32.64845600030709], [-85.50892400035278, 32.64833099963267], [-85.50909500005699, 32.648347000079724], [-85.50921200023285, 32.64805400023235], [-85.50936500039374, 32.64793400019851], [-85.50933600008142, 32.647749000145936], [-85.50937799991421, 32.64768600012247], [-85.50936700004357, 32.64758400006242], [-85.50933799973123, 32.647317000066174], [-85.5094330001658, 32.64723699990643], [-85.50956500041028, 32.647126999759024], [-85.50956200003723, 32.64695900019421], [-85.50966099977143, 32.64657100029928], [-85.509792000191, 32.646482999839336], [-85.50976700007665, 32.64631299990909], [-85.50969900030458, 32.64625999995369], [-85.50971699984792, 32.64617499981701], [-85.50963999985503, 32.64586700024671], [-85.50962800015947, 32.64586099972388], [-85.5093569999978, 32.64571599995198], [-85.50952799970204, 32.64541000024606], [-85.50953699992287, 32.645258999936104], [-85.5095450003188, 32.645133000118605], [-85.50954399959556, 32.645084000099594], [-85.50954199994574, 32.645026000320264], [-85.50984900009242, 32.644744999865665], [-85.50982800017601, 32.64455200021837], [-85.50953899957271, 32.64443599993208], [-85.50951900037953, 32.64406600010035], [-85.50951299963343, 32.6439629997113], [-85.50951199980851, 32.643887000266126], [-85.50951199980851, 32.643874999710874], [-85.50938899978486, 32.64372499981998], [-85.5093569999978, 32.64368599964074], [-85.50913299969183, 32.64364100028558], [-85.50906300026993, 32.64363700034183], [-85.50890300043638, 32.64362599973909], [-85.50880800000182, 32.64361999982234], [-85.5085889997187, 32.643617999850015], [-85.5080890001265, 32.644349000375065], [-85.50796699992777, 32.644546000363746], [-85.50710199956428, 32.64421200025767], [-85.50611700044851, 32.6438249997752], [-85.50583600024112, 32.64368900035338], [-85.50569899997377, 32.64360700000139], [-85.50550999982788, 32.643476000187036], [-85.5053369995755, 32.64332700037289], [-85.50507700018282, 32.64305099983804], [-85.50481900043997, 32.642725000170174], [-85.50452200033905, 32.64232800005607], [-85.5045959999589, 32.64229700003205], [-85.50468200017262, 32.64225299997954], [-85.50483899963314, 32.64218499985575], [-85.50548999973638, 32.64243500005637], [-85.50730300030405, 32.6424290000598], [-85.50781600031505, 32.642295000030146], [-85.5078149995918, 32.64213299972626], [-85.50806400001217, 32.64194799977679], [-85.50841499964143, 32.641640000022036], [-85.50879799995609, 32.64145799984042], [-85.50909699970681, 32.641404000022845], [-85.50928599985271, 32.64135400021873], [-85.5096170002888, 32.641206999921714], [-85.50990299962078, 32.641108000079534], [-85.51046199966251, 32.64097000027719], [-85.51068299959543, 32.640861000003284], [-85.5108199998628, 32.64071799972696], [-85.51089100000792, 32.64058600020007], [-85.5109110000994, 32.64048100029974], [-85.51087799958911, 32.64030400014551], [-85.51075499956546, 32.640101999763836], [-85.51030699985182, 32.63956699965722], [-85.50980100041183, 32.63903999967603], [-85.50947599982352, 32.63880399962529], [-85.50932600003567, 32.63859900026837], [-85.50922899995129, 32.638297999892664], [-85.50921600043083, 32.63808399970072], [-85.50924900004279, 32.637875000005366], [-85.50934000027938, 32.63761600019763], [-85.50958100030381, 32.63737399983697], [-85.50981499975721, 32.63721399981422], [-85.50993799978086, 32.63718200022921], [-85.51016499956158, 32.63715999970409], [-85.51056200011993, 32.63720299993453], [-85.51085400019798, 32.637271000063144], [-85.51114000042826, 32.637352000115584], [-85.51173100025704, 32.63757300016576], [-85.51277099962441, 32.63779399967001], [-85.51330999957466, 32.63796299985693], [-85.51356300019297, 32.638019000336385], [-85.51368799986643, 32.63802099967748], [-85.51389200008093, 32.63808499974878], [-85.51405799976229, 32.63813800000951], [-85.51452100044287, 32.63805900000896], [-85.51456099972754, 32.63803500035889], [-85.51481400034582, 32.63788499975213], [-85.51498599987495, 32.63758399999994], [-85.51500799961627, 32.63746699969977], [-85.51510100040102, 32.63711600015064], [-85.51529899986942, 32.636691999906176], [-85.51533700040257, 32.63712700004102], [-85.51534200042545, 32.637532000221654], [-85.51537199966434, 32.638092000084725]], [[-85.43640499992911, 32.59732199977812], [-85.43631799989046, 32.59736299997681], [-85.4361370001405, 32.597448000310386], [-85.4360590003227, 32.59745899977783], [-85.43595800004036, 32.59749000019613], [-85.43586799962867, 32.597503999649184], [-85.43586000013107, 32.59751300037757], [-85.43529100004358, 32.59842399988467], [-85.43542499993788, 32.59886600019689], [-85.43531199995998, 32.59893900009176], [-85.43522400009643, 32.59920599988476], [-85.43522999994421, 32.599236999698604], [-85.43502699955462, 32.599233000040584], [-85.4344190000074, 32.59923399976593], [-85.43444300029684, 32.597276000068256], [-85.43444999996953, 32.59663699966485], [-85.43445699964222, 32.596077999800826], [-85.43446300038833, 32.59559799993723], [-85.43446400021323, 32.595259999720334], [-85.43428000009023, 32.595262000016426], [-85.43306499992237, 32.59526800014772], [-85.43233299962826, 32.595272999752225], [-85.43227499990192, 32.59527100021316], [-85.43222600039645, 32.59526999968682], [-85.4321510000534, 32.595282999717284], [-85.43214100000763, 32.59525800018098], [-85.43212599993902, 32.59521800030292], [-85.43208699958096, 32.59514799971652], [-85.43198899967169, 32.59502199973412], [-85.43163899986732, 32.59461700021257], [-85.43144899989652, 32.594420000063856], [-85.43156500024747, 32.59435000036772], [-85.43182600036339, 32.59418900010232], [-85.43201200013621, 32.5940570000732], [-85.4321319997868, 32.59394699964813], [-85.4322930003436, 32.59380099998999], [-85.4324899999871, 32.593576000191064], [-85.43257700002574, 32.59345499997482], [-85.43269199965347, 32.593263000015604], [-85.43278999956276, 32.59307099964505], [-85.43290699973862, 32.59275300023145], [-85.43287400012666, 32.59275300023145], [-85.43278200006515, 32.59275000008168], [-85.43182999966302, 32.59279299969615], [-85.43140600023881, 32.59281300017863], [-85.4303219995922, 32.59285999970554], [-85.4303009996758, 32.5946359997545], [-85.4303009996758, 32.59473399975783], [-85.4291180001933, 32.594860999919256], [-85.42826899972334, 32.59495700013043], [-85.42787700008618, 32.595010999967506], [-85.42697400008784, 32.595165000361334], [-85.42611000044758, 32.59534499977844], [-85.4253239997268, 32.595509000294875], [-85.42499800021189, 32.59557700031019], [-85.42498099959514, 32.5955800003653], [-85.42496300005179, 32.595584000186435], [-85.42499900003679, 32.59551600017637], [-85.42498899999106, 32.59544400028762], [-85.42462099974503, 32.59446000029814], [-85.42434700010864, 32.5937220002158], [-85.42427099994065, 32.59325200003308], [-85.4242819998113, 32.593231999648566], [-85.42426699974268, 32.59308799992706], [-85.42424500000139, 32.59307399978413], [-85.42421900006211, 32.59293500030049], [-85.42409699986337, 32.59298300031534], [-85.42338499966077, 32.59325500016609], [-85.42336399974437, 32.59325800029895], [-85.42332799975935, 32.59326200022366], [-85.42326900020812, 32.5932360003313], [-85.42308900028307, 32.59316000019517], [-85.42268000002916, 32.592868000347174], [-85.42257299989903, 32.59277299996605], [-85.42233600007258, 32.59270900004285], [-85.42220600037624, 32.59280399973501], [-85.42188400016094, 32.59356800036949], [-85.42252500021847, 32.59388100023649], [-85.42263599964822, 32.593928999744584], [-85.42242099956306, 32.593977999767844], [-85.4223589996388, 32.593977999767844], [-85.42175199991648, 32.594126999998224], [-85.42175399956629, 32.5939830002012], [-85.42165200035737, 32.5939839999851], [-85.42164599961126, 32.59372399978943], [-85.42164599961126, 32.593633000223846], [-85.42164399996143, 32.59356299991298], [-85.42160399977848, 32.5913139998578], [-85.42159999958051, 32.59122300011562], [-85.42170000003794, 32.59121599989878], [-85.4258080003238, 32.59114500015496], [-85.42612999964074, 32.591138999747635], [-85.42607199991444, 32.587487999826784], [-85.4260629996936, 32.58688600025984], [-85.42606100004377, 32.58684900002], [-85.4260340002796, 32.5848170000582], [-85.42652100035133, 32.58480900021171], [-85.42652100035133, 32.58348600016023], [-85.42651899980318, 32.58221900007102], [-85.42652200017625, 32.58043199994056], [-85.42735400002945, 32.58109299999823], [-85.42804899961531, 32.58164500001684], [-85.42849899987709, 32.58200299997547], [-85.42893400007029, 32.58234900029813], [-85.42899699981947, 32.582399999666166], [-85.4290400003755, 32.582433999733354], [-85.42950999983046, 32.58280699971287], [-85.42958799964828, 32.58286900007857], [-85.43036599997312, 32.58348600016023], [-85.43080199999123, 32.583818999880215], [-85.43107300015286, 32.58399000031949], [-85.4312870004131, 32.584107000113406], [-85.4315059997979, 32.58421300017652], [-85.43180999957153, 32.58434100000007], [-85.43196600010546, 32.584392999639604], [-85.43220299993192, 32.58447100017774], [-85.43244399995635, 32.584533000149555], [-85.43280100033172, 32.58460399983258], [-85.43285099966211, 32.58461400023122], [-85.43308900021181, 32.584642000130266], [-85.43283399994368, 32.58470599975861], [-85.43252000012433, 32.584710000065], [-85.4319409999911, 32.58472400000065], [-85.4307020004321, 32.5847539996391], [-85.42921799975241, 32.583454000294736], [-85.42929499974531, 32.58337000021508], [-85.42928499969958, 32.5833630001418], [-85.42933800030131, 32.58326800028281], [-85.42952800027213, 32.58293400012292], [-85.42892300019963, 32.582466999875315], [-85.42891200032898, 32.58248000024903], [-85.42886499957501, 32.58352200037369], [-85.430370999996, 32.58477799994815], [-85.4304139996537, 32.591292000169794], [-85.43085800006772, 32.59127900031724], [-85.43346599978035, 32.5912060002367], [-85.43340800005403, 32.59136699980645], [-85.43335799982532, 32.59152099965077], [-85.43330199974883, 32.59169199977727], [-85.43313500024257, 32.59214100014081], [-85.43304800020393, 32.5923760000479], [-85.43392000024011, 32.592634999814514], [-85.43382499980557, 32.59278199965592], [-85.43537200023442, 32.59277299996605], [-85.43462800024477, 32.59391899962843], [-85.43461400000108, 32.593941000185254], [-85.43460200030549, 32.593960999654676], [-85.43442200038044, 32.593960999654676], [-85.43442400003026, 32.59415899983757], [-85.4345810003891, 32.59441300009668], [-85.43497800004914, 32.59464400023759], [-85.43498600044505, 32.59467299980698], [-85.43505500004203, 32.59494099997624], [-85.43478600042852, 32.59515300008458], [-85.43456700014539, 32.5952359999475], [-85.43456299994743, 32.59555200009907], [-85.43458999971162, 32.59561600026231], [-85.43470799971239, 32.59566100030241], [-85.43476999963667, 32.595707999849274], [-85.43485400020057, 32.59582999981392], [-85.43490000023132, 32.59610800017995], [-85.43494399971394, 32.59625099983082], [-85.43508699982908, 32.596546999785524], [-85.43514600027862, 32.59663699966485], [-85.4355599996571, 32.59685699983013], [-85.4357780001153, 32.59684300027605], [-85.43586299960579, 32.59685699983013], [-85.43594100032192, 32.59688399993708], [-85.43600900009399, 32.5969260000872], [-85.43618800019412, 32.59708000021702], [-85.4362989996239, 32.59719400032941], [-85.43639400005846, 32.597306000046274], [-85.43640499992911, 32.59732199977812]], [[-85.50431700029964, 32.64493100005271], [-85.50427399974362, 32.64511899979173], [-85.50424000030674, 32.64533099986022], [-85.5041320003517, 32.645998000340896], [-85.50409299999363, 32.64645800022585], [-85.50383799972553, 32.64917599994307], [-85.50382600002996, 32.64935599970259], [-85.50381299961117, 32.6495150000208], [-85.50376199955754, 32.64981399987729], [-85.50367200004418, 32.65034899995621], [-85.5036670000213, 32.6503769997266], [-85.50160099973364, 32.65039999993661], [-85.5015549997029, 32.65099100021253], [-85.49940200027491, 32.651015000168094], [-85.49939600042714, 32.650104000267916], [-85.49939700025206, 32.6497170003218], [-85.49939700025206, 32.64963199968912], [-85.49939899990187, 32.648328999765695], [-85.49938499965816, 32.64651999964791], [-85.50017600040181, 32.646499999814615], [-85.5001610003332, 32.645036999994375], [-85.50015999960998, 32.64497300035859], [-85.50015899978506, 32.64485000005543], [-85.50013799986867, 32.64289100013564], [-85.50002599971569, 32.64289800009548], [-85.49984199959266, 32.642906000048946], [-85.49940999977252, 32.6429259999295], [-85.49940999977252, 32.643105000174124], [-85.49851099997217, 32.64310700015797], [-85.4973090002231, 32.64311300010908], [-85.49464500043395, 32.643122000035056], [-85.49465200010664, 32.6443250001433], [-85.49466299997731, 32.64642600016574], [-85.49467300002304, 32.64831699980643], [-85.4946839998937, 32.65036099964279], [-85.49468899991656, 32.65133600037244], [-85.49468899991656, 32.65206099972464], [-85.49278199963757, 32.651976999700196], [-85.4927769996147, 32.65133299991637], [-85.49135599958252, 32.65132699976032], [-85.49086900040912, 32.651325999860376], [-85.49084199974664, 32.65084299996617], [-85.49075300005816, 32.64438700028762], [-85.49074600038549, 32.64420499964424], [-85.49077200032474, 32.64410100019086], [-85.49078400002031, 32.64408199979761], [-85.49078099964726, 32.643868999810834], [-85.49077300014966, 32.64313599991811], [-85.49072600029398, 32.640291999865944], [-85.4907200004462, 32.63990999995934], [-85.48256699962369, 32.63987099962959], [-85.48256699962369, 32.63973200015858], [-85.48164799973183, 32.639704000081196], [-85.48152800008123, 32.63969899993139], [-85.4817080000063, 32.63713000021721], [-85.48174200034147, 32.636637000173295], [-85.48118900014752, 32.63666799988939], [-85.48082299955131, 32.63665900007053], [-85.48065600004504, 32.636645999994364], [-85.48024099994336, 32.63658699997413], [-85.47991600025335, 32.63651900008205], [-85.47967900042688, 32.63645400033715], [-85.47929000026444, 32.636328000220004], [-85.47906299958542, 32.636237000067005], [-85.47888900040645, 32.63615000010027], [-85.47884599985044, 32.63613000021766], [-85.47870600010835, 32.63605099995692], [-85.47844400016753, 32.63587400011535], [-85.48155900004339, 32.63590700024059], [-85.48179400022002, 32.635909999701205], [-85.48177599977835, 32.63615599976159], [-85.48176800028075, 32.63626899999006], [-85.48174200034147, 32.636637000173295], [-85.48229200016239, 32.63664000036591], [-85.48459199990346, 32.63661999983639], [-85.48534299956582, 32.63662300002958], [-85.48608999992854, 32.63659399967085], [-85.48658700004599, 32.636556000229966], [-85.48708400016345, 32.63650199972273], [-85.48757899973278, 32.6364349998325], [-85.48806800035263, 32.63635200032801], [-85.48903999994793, 32.63614499975183], [-85.48952000034696, 32.63602300024039], [-85.48967500015765, 32.63597800005615], [-85.48999700037294, 32.63588600023107], [-85.49024099987209, 32.63580799982833], [-85.49081199960939, 32.63577899996194], [-85.49172399982857, 32.63577300027536], [-85.49219099980878, 32.63577100012753], [-85.49229499956586, 32.63577100012753], [-85.4923029999618, 32.63592399995648], [-85.49232999972597, 32.636072999998255], [-85.49235200036559, 32.63618799971357], [-85.49239900022124, 32.63650800011692], [-85.49241500011478, 32.636605999690005], [-85.49267399968255, 32.63691400013496], [-85.49280900030008, 32.637201999876616], [-85.49294200036945, 32.637512999946], [-85.49307500043886, 32.6376259999734], [-85.49332899998376, 32.63782799989441], [-85.49344299978657, 32.63796499995575], [-85.49346799990091, 32.638016000190014], [-85.49358300042698, 32.6380940001806], [-85.49363199993246, 32.6381819998168], [-85.49368999965878, 32.63825500018859], [-85.4937830004435, 32.63830800034869], [-85.49415800036225, 32.638373000259456], [-85.49467800004592, 32.638512000329186], [-85.49480199989449, 32.63858300034679], [-85.4948529999481, 32.63865400030801], [-85.49488899993311, 32.63879099986088], [-85.49487600041262, 32.638931000076134], [-85.49484799992524, 32.63912799989455], [-85.49476599990948, 32.639343999926396], [-85.49491200039763, 32.63972900006966], [-85.49540600014207, 32.639817000366904], [-85.49593400022167, 32.640199999938545], [-85.4959729996814, 32.64027000010572], [-85.49586899992433, 32.640651999987824], [-85.49594000006944, 32.64081900003572], [-85.49585899987859, 32.641083999734555], [-85.49605999972003, 32.64152599976044], [-85.49647999984461, 32.64175000011023], [-85.49676799972471, 32.64188500020548], [-85.49686499980908, 32.64209600037212], [-85.49719899971993, 32.64227300000606], [-85.49742499967572, 32.6424310000587], [-85.49783399992964, 32.64235800006907], [-85.49875799984437, 32.64250399998876], [-85.49880499970004, 32.64251099997889], [-85.49972799978984, 32.64276600000348], [-85.50013799986867, 32.64289100013564], [-85.50152999958854, 32.642797999860285], [-85.50165099996235, 32.64278999989716], [-85.50174800004675, 32.64484100030332], [-85.5017589999174, 32.644938999824326], [-85.50218099969179, 32.64494900029426], [-85.50220199960819, 32.64647300029735], [-85.50279199961206, 32.646467999769534], [-85.5027720004189, 32.644947000351664], [-85.50431700029964, 32.64493100005271]]], [[[-85.58555000033908, 32.54422999987024], [-85.58554000029332, 32.54408499987577], [-85.58553699992028, 32.54351999972631], [-85.58469300037149, 32.543502999891906], [-85.5846649998841, 32.542214000354505], [-85.5820539997984, 32.542255000003735], [-85.5820539997984, 32.54089800019111], [-85.58206200019433, 32.53987799963388], [-85.5826100003654, 32.539858999849955], [-85.58424800013256, 32.537661000100606], [-85.58229499982282, 32.537707999752676], [-85.58236599996792, 32.537536999692115], [-85.5824610004025, 32.53681099971527], [-85.58266300006886, 32.53553600033565], [-85.58132400005245, 32.53557499989184], [-85.58136800043337, 32.53502600021119], [-85.58036400015271, 32.53463899981024], [-85.57575499955142, 32.53283999985107], [-85.57575799992448, 32.5336069999295], [-85.57576999962004, 32.535867999647465], [-85.57837499985794, 32.53611400025751], [-85.5799209995636, 32.53750900023575], [-85.57982400037754, 32.537619000213525], [-85.57960500009442, 32.537602000019206], [-85.57959500004868, 32.53780700027667], [-85.57989200014961, 32.53923400021108], [-85.57975800025531, 32.539529999804365], [-85.57833100037534, 32.539353000098366], [-85.57814399987927, 32.539322000028356], [-85.57779900009777, 32.539295999643855], [-85.57703500001661, 32.53928000016077], [-85.57627500013342, 32.53924999970236], [-85.57601700039056, 32.539169999945614], [-85.57580800015319, 32.53916199981455], [-85.57571400044186, 32.53916300020963], [-85.57570600004594, 32.53987900002098], [-85.57212500001478, 32.53992800004268], [-85.57202399973245, 32.53992800004268], [-85.56330199972076, 32.539895000154644], [-85.563299000246, 32.53991999997913], [-85.56328599982722, 32.54001700032266], [-85.56326400008591, 32.54053399975383], [-85.56325900006304, 32.541955999971115], [-85.56325400004017, 32.54332300015578], [-85.56325300021525, 32.5433820002647], [-85.56311799959774, 32.543380999916614], [-85.56101100020052, 32.54338299985547], [-85.55955800038127, 32.543384000203524], [-85.55957299955158, 32.54272199984065], [-85.55959699984103, 32.54165600009009], [-85.55964200004686, 32.53993600010543], [-85.55848899980329, 32.53994299978117], [-85.55771600039961, 32.539944999796596], [-85.5558509999534, 32.53995000021365], [-85.55586699984696, 32.54555000020026], [-85.55586900039508, 32.547754999757245], [-85.555349999638, 32.54765899974411], [-85.55411600010187, 32.54740099986265], [-85.55412899962235, 32.54728200004023], [-85.55415100026197, 32.54661999964381], [-85.55416200013264, 32.54632500026375], [-85.55418300004902, 32.54572499991999], [-85.55418999972173, 32.54553299999297], [-85.55419700029273, 32.54515300022045], [-85.55427699976035, 32.544061000036905], [-85.5539560002683, 32.54376799975128], [-85.55364200044895, 32.54343899964003], [-85.55350600000652, 32.54325600024173], [-85.55340800009724, 32.54338299985547], [-85.55312900043798, 32.54354199977456], [-85.55267900017617, 32.54370399968824], [-85.55267900017617, 32.54378300036287], [-85.55265900008469, 32.54403700019164], [-85.55249300040333, 32.54608800019816], [-85.55242999975583, 32.547011999928145], [-85.5524139998623, 32.54713900028677], [-85.55161100032139, 32.54705299965808], [-85.55147300022915, 32.54703099971296], [-85.5514509995895, 32.54683499982628], [-85.55149599979536, 32.544309000082045], [-85.55157399961317, 32.53993200007412], [-85.54957199979793, 32.539913999931024], [-85.54874400014268, 32.539903000220406], [-85.5467890001831, 32.53987700000408], [-85.54665399956558, 32.542316000019845], [-85.54655400000645, 32.54411599981597], [-85.54649000043236, 32.545345999771854], [-85.54646899961764, 32.5454330000892], [-85.54626399957826, 32.54536600023524], [-85.54630399976121, 32.54528500029984], [-85.54634099957114, 32.54417100031858], [-85.54634800014215, 32.54395700015613], [-85.54572899982595, 32.54372399976019], [-85.54511500043093, 32.54497199967564], [-85.54289799963223, 32.54420699965175], [-85.54219600037366, 32.543964999859966], [-85.54189900027275, 32.544575999746534], [-85.54178700011975, 32.54480900020315], [-85.54106300022157, 32.54456400027213], [-85.5410580001987, 32.54370199975654], [-85.54112099994789, 32.543598000217166], [-85.5402279999953, 32.54329399988262], [-85.5397700002359, 32.54315800001752], [-85.53963499961837, 32.54313799981955], [-85.53919100010269, 32.54310700029894], [-85.53902200004828, 32.54310900024391], [-85.53877199980302, 32.54312600015297], [-85.53828599955622, 32.54319300016397], [-85.53802299979048, 32.54322199971241], [-85.53800600007206, 32.54302999973353], [-85.53796599988908, 32.542574999725865], [-85.53809899995846, 32.54260099991822], [-85.5381080001793, 32.5424700000374], [-85.53816699973054, 32.54101599977069], [-85.53817299957832, 32.54068700017773], [-85.5395800002651, 32.54005099979372], [-85.53986200029742, 32.53992600002685], [-85.53932099979902, 32.539924000011], [-85.53681099999567, 32.53991300030162], [-85.53674700042158, 32.53983600002636], [-85.53757199970377, 32.53933499983914], [-85.53774599978104, 32.53920599976926], [-85.53785499956099, 32.53912500033514], [-85.53696900017943, 32.538949000228264], [-85.53655999992552, 32.53887100024273], [-85.53655499990263, 32.53879199979023], [-85.53579199964639, 32.53889999967244], [-85.53605399958722, 32.540145000358], [-85.53611899988455, 32.54021800034972], [-85.53608500044767, 32.540237999683534], [-85.53588100023316, 32.540362000148995], [-85.53586199996658, 32.54026100016143], [-85.535846999898, 32.54019000021465], [-85.53579599984435, 32.53995499987312], [-85.53579300036962, 32.539944000167544], [-85.53558599978207, 32.53895199990596], [-85.53523000012993, 32.538848999807335], [-85.53471100027114, 32.538694999638054], [-85.535185999749, 32.53993099968766], [-85.53507000029636, 32.5399289996719], [-85.53453999966861, 32.53993600010543], [-85.53313100023031, 32.539903999849926], [-85.53301700042748, 32.539903999849926], [-85.53302599975001, 32.539913999931024], [-85.53305900026028, 32.53995400024417], [-85.53349199990534, 32.54047300004175], [-85.53335700018611, 32.54055700015591], [-85.5325670001657, 32.54107299989071], [-85.53244599979188, 32.541153000223964], [-85.53271799977844, 32.5414980002294], [-85.53294499955916, 32.54135300036665], [-85.53334299994242, 32.54110200012386], [-85.53371799986114, 32.54156600030899], [-85.53378300015846, 32.54164200024784], [-85.53372200005909, 32.54167799983777], [-85.53310399956781, 32.54205099966139], [-85.53279999979421, 32.542251000075716], [-85.53100600039143, 32.5422010002032], [-85.53099899982041, 32.54227099971403], [-85.53094500029205, 32.54310299965161], [-85.53161599958847, 32.543130000042005], [-85.53197100031404, 32.54314399965219], [-85.5327930001215, 32.5423509997372], [-85.53288799965775, 32.5422680001472], [-85.53313999955283, 32.5423210003048], [-85.53346900033911, 32.54240799976706], [-85.53377499976256, 32.54251300028527], [-85.53427199988, 32.54272700010307], [-85.53450500040682, 32.54283099989402], [-85.53512700019778, 32.542403000244164], [-85.53554599959911, 32.54213299984728], [-85.53597900014246, 32.5418710000435], [-85.53587500038537, 32.541677000228006], [-85.53570899980572, 32.54136799986717], [-85.5357570003846, 32.541336999735535], [-85.53535900000135, 32.54084099996002], [-85.53541000005498, 32.54080900002701], [-85.53534499975765, 32.5406890001766], [-85.535594000178, 32.540537000135885], [-85.53577300027813, 32.54057500017018], [-85.53579199964639, 32.540561000159386], [-85.53607000037906, 32.54055300015226], [-85.5360729998538, 32.54063999981293], [-85.5360519999374, 32.54117500009488], [-85.5362009999003, 32.54109499978123], [-85.53624399955801, 32.541070000283874], [-85.5362710002205, 32.54143800002739], [-85.53663000024571, 32.54123600008737], [-85.53663100007061, 32.54128999971095], [-85.53663100007061, 32.54130699996434], [-85.53663400044366, 32.5414860003437], [-85.53663799974332, 32.54186199978808], [-85.53647000041214, 32.542337000003336], [-85.53645799981825, 32.54239799996372], [-85.53645600016843, 32.54241399964849], [-85.53707499958632, 32.54245699992316], [-85.5370179996849, 32.54323099983152], [-85.53781699992618, 32.54316799973623], [-85.53787700020061, 32.543239000357346], [-85.53789200026924, 32.54473899964204], [-85.537974000285, 32.544442000224045], [-85.53853999999944, 32.544438999972485], [-85.53853900017452, 32.545001000164014], [-85.53853300032672, 32.545157000019195], [-85.53823899970055, 32.54515199989212], [-85.53815199966192, 32.54514999999265], [-85.5380090004451, 32.54514999999265], [-85.53797900030786, 32.54541599985976], [-85.53788200022349, 32.54543600030754], [-85.53792300023137, 32.545604999824384], [-85.53316800004022, 32.54557100018463], [-85.53288400035811, 32.5455690002945], [-85.53225900019413, 32.54556499975692], [-85.53151500020445, 32.54555999965255], [-85.53119800001204, 32.545801000124726], [-85.53106400011774, 32.546064000137484], [-85.53089300041353, 32.546399999646134], [-85.53082700029128, 32.54653000029506], [-85.5304909998323, 32.54718899968103], [-85.53039799994589, 32.54792600004697], [-85.53030599988438, 32.54866200013083], [-85.53016299976925, 32.54882500017997], [-85.52969300031428, 32.5493609996761], [-85.52972400027642, 32.549465000111745], [-85.52973599997198, 32.54950300015347], [-85.52974799966753, 32.54956099970798], [-85.52977399960682, 32.5496779997396], [-85.5297660001092, 32.54973700021545], [-85.5297500002157, 32.549860000158766], [-85.52969300031428, 32.55031100002335], [-85.5296449997354, 32.55068700036941], [-85.52996899960048, 32.55068600010272], [-85.53004899996643, 32.549509999840595], [-85.53116799987482, 32.54953000013353], [-85.53117899974546, 32.54884799997261], [-85.53118999961613, 32.54792499974951], [-85.53167000001515, 32.5479240002093], [-85.53261599967118, 32.547921000074105], [-85.53387600004488, 32.54791499980341], [-85.53392399972546, 32.548978999633896], [-85.53419200041238, 32.54897800010543], [-85.53448899961498, 32.5489769998197], [-85.53615900006751, 32.548971999905376], [-85.53615400004463, 32.54855500016532], [-85.53558900015513, 32.54790799999197], [-85.53797500010991, 32.54792200037159], [-85.53797699975972, 32.548488000369666], [-85.53798000013278, 32.54852700035851], [-85.53854300037248, 32.54852600006777], [-85.53891599974307, 32.54852400024347], [-85.53896599997178, 32.548524999776994], [-85.53894199968234, 32.547469000014935], [-85.53905700020839, 32.547465999864535], [-85.5390510003606, 32.547238000256854], [-85.53904999963737, 32.54717399963853], [-85.53916799963815, 32.54717499994429], [-85.54114900043531, 32.54718499997283], [-85.54113799966633, 32.54734299966986], [-85.54108900016084, 32.54803400030122], [-85.54109500000862, 32.54839499974539], [-85.54111099990216, 32.54947900024859], [-85.54116500032883, 32.550761999893545], [-85.54116000030595, 32.55171499980858], [-85.5390660004292, 32.55173599986519], [-85.53906899990395, 32.55179100024255], [-85.54077299979335, 32.55177000019881], [-85.54071699971685, 32.55210399980723], [-85.54070400019638, 32.55224399998988], [-85.54065599961747, 32.55246200031536], [-85.54061700015774, 32.55304099980058], [-85.54062700020347, 32.55362700021694], [-85.5409179995583, 32.554145000249534], [-85.5389679996216, 32.55416699996548], [-85.53887100043555, 32.55416800019338], [-85.5386229998401, 32.55417200034758], [-85.53682000021651, 32.55419999990788], [-85.53682199986633, 32.55427299982909], [-85.53685000035374, 32.554554000247464], [-85.5372350003182, 32.55454300005903], [-85.53768999970455, 32.55456700012425], [-85.53812700044588, 32.554601000142625], [-85.53847700025024, 32.554663999786285], [-85.53903600029199, 32.55482000026402], [-85.53931599977615, 32.55491499997069], [-85.53963100031874, 32.5550440001845], [-85.53997500027532, 32.55522399989128], [-85.54036699991248, 32.55553300026226], [-85.54087900009856, 32.55596599968315], [-85.54120499961348, 32.55638999973021], [-85.54122399988006, 32.55858899996058], [-85.5498720002719, 32.55864200032509], [-85.55570700001337, 32.55862800010327], [-85.55575399986904, 32.55862699992509], [-85.55588000026573, 32.558543000061725], [-85.5559549997105, 32.558565000213804], [-85.55598700039586, 32.558565000213804], [-85.55603000005357, 32.55854800020004], [-85.55606199984062, 32.55852099990425], [-85.55610200002359, 32.55848500025436], [-85.55616999979564, 32.558136999865866], [-85.55613299998573, 32.55809800026693], [-85.55603199970338, 32.55800700012729], [-85.55601400016003, 32.557906000305266], [-85.5560810001072, 32.55782999974944], [-85.55614899987926, 32.55776400025069], [-85.55623199971994, 32.557523000097056], [-85.55623599991789, 32.55740900026702], [-85.55616499977276, 32.55725100011696], [-85.55612499958981, 32.55712399967972], [-85.55618099966631, 32.55702900003991], [-85.55629899966709, 32.5568999996508], [-85.55644000013238, 32.556785999786456], [-85.55645100000304, 32.55665600036218], [-85.55650399970649, 32.556549000083216], [-85.5566240002554, 32.55640700015286], [-85.55679599978454, 32.55627400032353], [-85.55696099964098, 32.556189000323705], [-85.55708399966463, 32.55614700001793], [-85.55727500035864, 32.55618800011834], [-85.55747899967483, 32.55623099985266], [-85.55749999959123, 32.55623099985266], [-85.55789399977652, 32.55623700032461], [-85.55854800025283, 32.556245999896], [-85.55855400010063, 32.55808799993994], [-85.56137000022572, 32.55810100006197], [-85.5629600003123, 32.55810900001962], [-85.56373799973885, 32.55811699997661], [-85.56379399981533, 32.558118000160476], [-85.5638470004171, 32.55812700030038], [-85.56398600033428, 32.55821099979606], [-85.56522999991614, 32.55888399992019], [-85.56626699980878, 32.558061000262896], [-85.56608400040898, 32.55806599967091], [-85.5650380002955, 32.558095999898754], [-85.56497800002107, 32.5560420003032], [-85.56497899984599, 32.55503400027436], [-85.56497399982311, 32.554965000333866], [-85.56498499969376, 32.554687999819215], [-85.56497999967088, 32.55454700019654], [-85.56494399968587, 32.55442200016861], [-85.56448900029952, 32.55442099994356], [-85.5640020002278, 32.554423999861505], [-85.56326400008591, 32.554428000004286], [-85.5622630001783, 32.554433999839624], [-85.56107700032275, 32.55444099989939], [-85.56023200005075, 32.55444600026621], [-85.55987300002555, 32.55444799995857], [-85.55849899984902, 32.55443999967455], [-85.55785000029391, 32.554437999982014], [-85.55782400035464, 32.55438800008243], [-85.55771899987435, 32.554052000186154], [-85.55757900013228, 32.55386400006497], [-85.55755599966773, 32.55368500013538], [-85.55763900040672, 32.55351599992917], [-85.55782699982937, 32.55322900013131], [-85.55797999999025, 32.55311999983046], [-85.55758300033024, 32.55261300036587], [-85.55752499970559, 32.55248399968665], [-85.55736099967405, 32.55240400036378], [-85.55710399975611, 32.55223500001712], [-85.55696400001403, 32.55201599964559], [-85.55691799998328, 32.55170899979148], [-85.55692399983106, 32.55152700009256], [-85.55710700012918, 32.55128200032278], [-85.5569549997932, 32.55116300034474], [-85.55687299977744, 32.55103399985311], [-85.55688500037131, 32.55086499995572], [-85.55692100035633, 32.55065699993644], [-85.55682900029481, 32.550418999679835], [-85.55666400043837, 32.55031899991825], [-85.55644199978221, 32.55034800019372], [-85.55633700020023, 32.55039999985487], [-85.55624799961345, 32.55027899967952], [-85.55619599973492, 32.55017899976196], [-85.55617599964343, 32.55010600029697], [-85.55617700036666, 32.550043999999396], [-85.55625500018446, 32.549809999980546], [-85.55635399991866, 32.549593999829405], [-85.5563770003832, 32.54950499995597], [-85.55635700029171, 32.5494149997135], [-85.55635800011663, 32.54938799969886], [-85.55633700020023, 32.549341999627195], [-85.55629700001727, 32.54931500034781], [-85.55621099980354, 32.54925899968517], [-85.55597800017503, 32.549165999859646], [-85.5557649997397, 32.54909099975922], [-85.55571299986117, 32.549072999937835], [-85.55564000006622, 32.54901000015581], [-85.55562099979966, 32.5489769998197], [-85.55687600015048, 32.54923400018935], [-85.55729600027504, 32.54905800021007], [-85.55733800010783, 32.54835500016378], [-85.55798500001313, 32.54844900036384], [-85.55800699975445, 32.549465000111745], [-85.55802799967084, 32.55046800000692], [-85.55834499986324, 32.55046399968767], [-85.55849999967394, 32.55043699998855], [-85.5586389995911, 32.55044999970443], [-85.55871700030723, 32.550471000057], [-85.55874800026936, 32.550483999768026], [-85.55878199970624, 32.55047799966866], [-85.55889499968414, 32.55050999994152], [-85.55894599973779, 32.55051499977017], [-85.55898699974566, 32.550505000112636], [-85.55902799975354, 32.55050200006371], [-85.55908899985292, 32.55053000001165], [-85.55928600039472, 32.55054800029809], [-85.55930899996093, 32.55055000007731], [-85.55938099993097, 32.55057800001031], [-85.55946999961941, 32.55060499966702], [-85.55952900006896, 32.55060700020211], [-85.55950899997748, 32.549552000223436], [-85.55949300008395, 32.54867199999373], [-85.55941799974089, 32.548660000309575], [-85.55949999975665, 32.54838600014394], [-85.55952700041914, 32.54829199987788], [-85.5598269999948, 32.54833500036624], [-85.55991499985834, 32.548347000093855], [-85.55989499976687, 32.548430999656475], [-85.55982000032209, 32.5487150003001], [-85.55975900022274, 32.548710999902625], [-85.55977400029134, 32.54948700021758], [-85.55979699985755, 32.55060599993455], [-85.55980199988043, 32.55087200029386], [-85.55980500025349, 32.55099399993303], [-85.56017900034729, 32.55104100017807], [-85.56025899981493, 32.551649999854604], [-85.5613130003243, 32.55154099990775], [-85.56138600011924, 32.550937000053956], [-85.56179399964994, 32.55037999975578], [-85.56235799971455, 32.55082300018724], [-85.56237199995824, 32.551649999854604], [-85.56282800006782, 32.55164600034522], [-85.56265300016562, 32.549213999830485], [-85.56265900001343, 32.5490749997499], [-85.56296100013721, 32.54918000004313], [-85.5630940002066, 32.549226999723544], [-85.56390199977038, 32.54950600023581], [-85.56512000031127, 32.54994600036992], [-85.5667680001242, 32.550485000036964], [-85.56710700005789, 32.550590000195264], [-85.56716999980709, 32.54802300007094], [-85.56718900007365, 32.54725099967882], [-85.57072599972389, 32.54712400023585], [-85.57082000033355, 32.54712100007396], [-85.57082000033355, 32.54697999992271], [-85.57082700000625, 32.54687000005375], [-85.57082700000625, 32.54674699979974], [-85.57084799992263, 32.54660200008416], [-85.57086299999125, 32.54653799976966], [-85.57089099958036, 32.54642699980222], [-85.57092599974044, 32.54627000032347], [-85.57095699970257, 32.54615799970754], [-85.57096699974832, 32.546015999996854], [-85.57096099990054, 32.545934999890655], [-85.57095099985479, 32.54577599966591], [-85.57093400013635, 32.54569599966547], [-85.57094199963396, 32.545515000215374], [-85.57094099980905, 32.545317000152174], [-85.57095599987767, 32.5451819998931], [-85.57095599987767, 32.54498300027981], [-85.57094900020498, 32.544748000366276], [-85.57095900025071, 32.54455200003886], [-85.57097400031932, 32.54437099979697], [-85.57099500023573, 32.54388000031965], [-85.5710069999313, 32.54366200035572], [-85.57101600015213, 32.54346299964515], [-85.57103600024362, 32.543282000236935], [-85.57106899985557, 32.54315499972306], [-85.57111300023651, 32.54302999973353], [-85.57114699967339, 32.54291800037664], [-85.5711840003816, 32.542798999912925], [-85.5712110001458, 32.54268099964738], [-85.57130800023018, 32.542544000010885], [-85.57139199989577, 32.542428000127636], [-85.57146700023883, 32.542306000206246], [-85.57153099981294, 32.54216700003168], [-85.57161899967649, 32.54191700015687], [-85.57171599976085, 32.541695000017704], [-85.57179299975375, 32.54151800003544], [-85.57185600040127, 32.541318000260254], [-85.57192699964806, 32.54114700025823], [-85.57198500027268, 32.54095799999673], [-85.57203299995327, 32.540743999749296], [-85.57205800006763, 32.540541999762674], [-85.57205999971747, 32.54038899984896], [-85.57206399991541, 32.54022900002173], [-85.57208999985467, 32.54009599969748], [-85.57570600004594, 32.540036999701236], [-85.57580700032828, 32.540034999687855], [-85.57581599965079, 32.54078900006305], [-85.57581800019894, 32.540934000079325], [-85.58011300008253, 32.54089400020265], [-85.58032499979464, 32.54089499982114], [-85.58032099959668, 32.54091200014936], [-85.58021799966451, 32.54133800010638], [-85.58000299957936, 32.5422390002906], [-85.57997400016536, 32.54241500000733], [-85.57989399979942, 32.54290799987281], [-85.57986700003525, 32.543077999956076], [-85.57985899963933, 32.54316999967983], [-85.58004000028761, 32.543171000030256], [-85.58134400014393, 32.54316399984887], [-85.58195300041437, 32.54316100031189], [-85.5820670002172, 32.54316100031189], [-85.58206600039227, 32.54312800009752], [-85.5820539997984, 32.54242000028683], [-85.58447300026347, 32.54238200027605], [-85.58447999993616, 32.54268500031352], [-85.58452599996693, 32.544664999963075], [-85.58452900033997, 32.54479599967037], [-85.58494100006861, 32.54455599986438], [-85.58555000033908, 32.54422999987024]], [[-85.53531399979552, 32.54070799978497], [-85.5352920000542, 32.54072100015236], [-85.53488699999824, 32.54096700034277], [-85.5348190002262, 32.54100700018686], [-85.53475800012681, 32.540932999703976], [-85.53433299997937, 32.54047500004538], [-85.53457200035398, 32.540330000045245], [-85.53467699993595, 32.54026500017809], [-85.53506000025062, 32.540030000032836], [-85.53512100034997, 32.54019200022459], [-85.53531399979552, 32.54070799978497]]], [[[-85.47367200025796, 32.725255000089675], [-85.47295500003246, 32.72525000019307], [-85.46887199986095, 32.72525000019307], [-85.46887400040912, 32.7246429996231], [-85.46880900011176, 32.723753999781714], [-85.4687839999974, 32.7229819997253], [-85.46875300003528, 32.7229819997253], [-85.46844000004083, 32.72298400018835], [-85.46516100013346, 32.7229940002355], [-85.46518799989764, 32.71825999974417], [-85.46520299996625, 32.71593499994114], [-85.46519899976829, 32.71576300002159], [-85.46394699979051, 32.71571999980091], [-85.4638480000563, 32.7157710002537], [-85.46375199979684, 32.71581399969397], [-85.46340500036551, 32.71578899982856], [-85.45728199984565, 32.71571200031998], [-85.45680499981967, 32.71572400029686], [-85.45662700044275, 32.715723000361855], [-85.45654600025188, 32.72073600012367], [-85.45645199964224, 32.72510800029055], [-85.4564399999467, 32.726272000143176], [-85.45643900012176, 32.72635300037764], [-85.45643699957363, 32.72640700024113], [-85.45635600028109, 32.72646100007197], [-85.4562650000445, 32.73034099974023], [-85.45681300021559, 32.730346999878115], [-85.45913800007101, 32.73036800035751], [-85.46122299972691, 32.73038699977943], [-85.46129399987201, 32.73038699977943], [-85.4635459999325, 32.730406999723364], [-85.463566000024, 32.730406999723364], [-85.4640170001107, 32.730412000086446], [-85.46604900006317, 32.7304299997289], [-85.46968199997286, 32.73045199995861], [-85.47292300024542, 32.730472999657565], [-85.47359600008997, 32.73047700024744], [-85.47367200025796, 32.725255000089675]]], [[[-85.5800689997016, 32.59294199962626], [-85.57992499976156, 32.592940999830724], [-85.57995900009676, 32.59241599968082], [-85.57999099988379, 32.592161999816184], [-85.57722900018538, 32.592071000178194], [-85.5766469996791, 32.592049999724686], [-85.57638499973828, 32.592048000113714], [-85.57621800023202, 32.592047000308206], [-85.57619999979035, 32.59167199980146], [-85.5761610003306, 32.590878999623264], [-85.57413000020306, 32.59087799980472], [-85.57413000020306, 32.590906000017696], [-85.57203899980105, 32.59088699968495], [-85.57043199999602, 32.590876000167654], [-85.57031999984304, 32.59175400005233], [-85.56732799999084, 32.59182100008171], [-85.56733999968641, 32.59207400035074], [-85.56724099995219, 32.59207500015596], [-85.56632899973305, 32.59209100006502], [-85.5648409997537, 32.592102999994886], [-85.56489400035547, 32.59462400016375], [-85.5607779996737, 32.59468999978501], [-85.56015599988277, 32.59470399967553], [-85.55885000037664, 32.59471900009635], [-85.55885000037664, 32.59476799968758], [-85.55884199998071, 32.59521299993848], [-85.55882699991209, 32.596155000249134], [-85.55882400043735, 32.596325000100336], [-85.55883699995783, 32.59793499979469], [-85.55683299959446, 32.59818300000982], [-85.55637499983506, 32.59823899964601], [-85.5560610000157, 32.59827799995311], [-85.55477499970273, 32.598435999723364], [-85.55453899970117, 32.59846600006974], [-85.55408000011685, 32.59851799983912], [-85.5539339996287, 32.59853499984454], [-85.55380399993234, 32.59855100011374], [-85.55366699966498, 32.59856699962332], [-85.55156199991758, 32.598805000031795], [-85.55124300007536, 32.5988419998764], [-85.55113099992238, 32.598855999874964], [-85.55089800029388, 32.59888600008071], [-85.55089800029388, 32.598718000009875], [-85.55036199981834, 32.59878399964282], [-85.55035699979548, 32.59921399995979], [-85.55035599997056, 32.59924400004571], [-85.55041100022214, 32.599236999698604], [-85.55089400009592, 32.59917799999482], [-85.55123700022757, 32.59913900007949], [-85.55127300021259, 32.59917299985138], [-85.55166400002486, 32.59912099970535], [-85.55346800037167, 32.598877999976374], [-85.55618900006223, 32.598511999925464], [-85.55711700017491, 32.59840199967178], [-85.5588770001408, 32.59819299965012], [-85.55888899983637, 32.59819199991317], [-85.55888899983637, 32.598300000196446], [-85.5588910003845, 32.59850999970194], [-85.55890200025516, 32.59982399998421], [-85.55890399990497, 32.60015500011522], [-85.55890599955481, 32.6006039996964], [-85.55926499958001, 32.60115399971879], [-85.55939599999958, 32.60126099975593], [-85.55959500019121, 32.601384000185384], [-85.56003399968402, 32.60188400005098], [-85.56018600002, 32.60210400019753], [-85.56022100018009, 32.602486999965095], [-85.56043899973997, 32.60287699967199], [-85.56049599964138, 32.6030939998467], [-85.56045399980859, 32.60338999989665], [-85.56050499986222, 32.60363100014298], [-85.56049999983934, 32.603843999795814], [-85.56048499977072, 32.603945000097255], [-85.56175000016732, 32.604483000255996], [-85.5622420002619, 32.60469299964655], [-85.56255400043143, 32.60482799964338], [-85.56318500044321, 32.60510100027658], [-85.56318500044321, 32.60489699981546], [-85.56318500044321, 32.60480800032938], [-85.56318899974285, 32.60375999990798], [-85.56319399976572, 32.603425999682614], [-85.56321300003229, 32.602863999986546], [-85.56322800010089, 32.60229300030133], [-85.56355500033905, 32.602294999683636], [-85.56372699986818, 32.602294999683636], [-85.56389099989973, 32.602294999683636], [-85.56481700036258, 32.602296000131574], [-85.56592000037745, 32.60229699982272], [-85.56667299968963, 32.60229699982272], [-85.56695399989702, 32.60229800027065], [-85.56740499998372, 32.60229800027065], [-85.56758300025895, 32.59885899982029], [-85.5675990001525, 32.59868300033385], [-85.56720999999006, 32.598670000039874], [-85.56654800001617, 32.59865399979188], [-85.56656300008478, 32.59844500035805], [-85.56656800010764, 32.59836900009909], [-85.56658499982608, 32.59831599975085], [-85.56674399983473, 32.59833200005916], [-85.56699400007999, 32.598341999682816], [-85.56722900025663, 32.5983400002123], [-85.5672769999372, 32.597685999907334], [-85.56728000031028, 32.59760999976134], [-85.56731000044749, 32.59669100000315], [-85.56731000044749, 32.595972000146745], [-85.5674100000066, 32.59597299990846], [-85.56806899960746, 32.595969000104766], [-85.56809899974468, 32.5959699998665], [-85.56810899979044, 32.59625499962194], [-85.56979099993852, 32.596234999907665], [-85.56983299977131, 32.597025000363246], [-85.56985700006078, 32.598409999818614], [-85.570035000336, 32.59841500000463], [-85.57069200028704, 32.59843299976381], [-85.57186100042414, 32.598477999902784], [-85.5727679997221, 32.59850399978774], [-85.57302999966292, 32.598511999925464], [-85.57332799958876, 32.59850800023511], [-85.57377600020074, 32.59850200032078], [-85.57406099970778, 32.598500999830534], [-85.57404200033952, 32.59804299963095], [-85.57358700005484, 32.59805099980983], [-85.573830999554, 32.59679599981092], [-85.57463700036625, 32.59625900016971], [-85.57452299966513, 32.5958939997786], [-85.574535000259, 32.595768000088334], [-85.57458999961229, 32.59556999967656], [-85.57462300012256, 32.59545100017419], [-85.57472799970455, 32.59546000035194], [-85.57645900025643, 32.595623999901115], [-85.57654899976981, 32.595632000295986], [-85.57660200037158, 32.59564800032681], [-85.57663900018149, 32.59565900001517], [-85.57741499995821, 32.5958939997786], [-85.57766500020347, 32.59606100008607], [-85.57766500020347, 32.5962829996685], [-85.57769299979257, 32.596352000367595], [-85.57773899982332, 32.596381000141], [-85.57778700040221, 32.59640999990501], [-85.5778640003951, 32.59645699981585], [-85.5788860002191, 32.59707700021212], [-85.5789769995574, 32.59710700025676], [-85.57905500027353, 32.59685399981777], [-85.5795549998657, 32.595483000297605], [-85.57965100012517, 32.59502400003557], [-85.57980699976079, 32.5950589996272], [-85.57985500033968, 32.59489000017527], [-85.57995700044694, 32.59440200025532], [-85.5800190003712, 32.593906999941716], [-85.5800689997016, 32.59294199962626]], [[-85.57580300013032, 32.59395999987052], [-85.57577999966577, 32.59406300028516], [-85.57561099961138, 32.594499999757694], [-85.575485000113, 32.59446499994774], [-85.57543200040955, 32.59444899970569], [-85.57539100040168, 32.59443700008989], [-85.57546099982356, 32.59424000030231], [-85.57547400024234, 32.59379399997453], [-85.57547599989216, 32.59373900037424], [-85.57547699971708, 32.59370400026705], [-85.57555999955775, 32.593769999809105], [-85.57580300013032, 32.59395999987052]], [[-85.56809000042217, 32.59567999962299], [-85.56806000028493, 32.59568100014479], [-85.56740800035678, 32.59568599972628], [-85.56731100027241, 32.59568700024802], [-85.56730600024953, 32.59539999990664], [-85.56739900013595, 32.59539900013853], [-85.56808100020135, 32.59538999995464], [-85.56809000042217, 32.59567999962299]], [[-85.56976300034943, 32.59569499988042], [-85.56831499965475, 32.595707000084595], [-85.5683039997841, 32.595195000289294], [-85.56739499993799, 32.59520699980353], [-85.56730299987649, 32.595208000330615], [-85.5672970000287, 32.59476300005488], [-85.5672839996099, 32.593857000094324], [-85.56726400041673, 32.59275199967699], [-85.56725799967064, 32.59240099963136], [-85.56725000017303, 32.59225700008822], [-85.56734700025743, 32.59225399992185], [-85.56831399982984, 32.59223199970772], [-85.56832700024864, 32.59255400016954], [-85.56832899989845, 32.592634999814514], [-85.56850499962556, 32.592630999861804], [-85.56969100037942, 32.59260300018777], [-85.56968700018146, 32.593212999808955], [-85.56967899978552, 32.5940409997583], [-85.56976300034943, 32.59569499988042]]], [[[-85.55046399992561, 32.61313199971857], [-85.55045999972765, 32.612986000301866], [-85.55030499991693, 32.60615399989746], [-85.55039899962827, 32.60012699976509], [-85.55039799980335, 32.59996899994976], [-85.55039699997846, 32.599545000074045], [-85.54886499961819, 32.59974899985781], [-85.54860699987533, 32.59978000024058], [-85.5484079996837, 32.59981200033149], [-85.54816699965926, 32.59984599984798], [-85.5480839998186, 32.599853999865886], [-85.5476479998005, 32.59989900004789], [-85.54751100043146, 32.59991299988128], [-85.54740799960098, 32.59992399980292], [-85.54744199993618, 32.600290999853414], [-85.54753099962464, 32.60222099980428], [-85.54755599973899, 32.60277599967988], [-85.54759400027216, 32.60330200010667], [-85.54760500014278, 32.603462000210875], [-85.54771300009783, 32.60543699962255], [-85.54775699958044, 32.60622000010611], [-85.54779199974054, 32.60690100027863], [-85.54727700007973, 32.607661999862664], [-85.5470579997966, 32.607984999740154], [-85.54738699968459, 32.60916099985236], [-85.54465099992542, 32.60954300010387], [-85.54203999983974, 32.60990600015635], [-85.54176299983033, 32.60994200035025], [-85.54180899986108, 32.611958999803335], [-85.5418259995795, 32.612758000021394], [-85.54182700030272, 32.612797999634694], [-85.54183999982321, 32.61329800010335], [-85.54200800005269, 32.613296000209914], [-85.5442269996029, 32.61326800018417], [-85.54515499971559, 32.61325499973691], [-85.55046399992561, 32.61313199971857]]], [[[-85.41179399982053, 32.5707969997349], [-85.41164099965965, 32.570859000077704], [-85.41126400009111, 32.57071499999705], [-85.40935699981212, 32.569857000275604], [-85.40890700044864, 32.56963000007305], [-85.40832599976726, 32.56933000032807], [-85.4082360002539, 32.569281999760946], [-85.40812800029887, 32.56922199996225], [-85.40798099998577, 32.56912899962721], [-85.40778199979412, 32.569002000104696], [-85.40743799983755, 32.56879599985898], [-85.40675900014521, 32.56965599999865], [-85.40446600007685, 32.569664999738194], [-85.40446600007685, 32.56970100020149], [-85.40447899959732, 32.573639999816024], [-85.40767999968688, 32.57355799964943], [-85.4078000002358, 32.573559999672874], [-85.40780100006072, 32.57419000028772], [-85.4080189996206, 32.574191000292345], [-85.40819699989584, 32.57419200029701], [-85.40838500021681, 32.57418900028304], [-85.40838299966867, 32.57393400024004], [-85.40838500021681, 32.5735679997661], [-85.40876199978536, 32.57357399983553], [-85.40964300004237, 32.57358699998463], [-85.40962999962359, 32.5730710001895], [-85.40990699963304, 32.5730760002751], [-85.40998600017406, 32.57353600014592], [-85.41015600005336, 32.5735240000015], [-85.41026700038144, 32.57353000007394], [-85.41004200025054, 32.57437900021473], [-85.41048400011643, 32.5744500003688], [-85.41083700029384, 32.57450599969365], [-85.41098600025676, 32.57389499993797], [-85.4110530002039, 32.573663000061615], [-85.41110000005956, 32.57347300012697], [-85.41114000024254, 32.573310000184925], [-85.41160300002481, 32.5714239999695], [-85.41179399982053, 32.5707969997349]]], [[[-85.54739300043067, 32.67442799987203], [-85.5473239999354, 32.672811999636046], [-85.54709999962942, 32.67278600016353], [-85.54713200031478, 32.67179199993901], [-85.5458669999182, 32.67177700033478], [-85.54580699964374, 32.671816000359236], [-85.5455980003047, 32.67195999972046], [-85.54532999961778, 32.672148000091596], [-85.54492399973691, 32.67244100036794], [-85.54477899997195, 32.67255100037075], [-85.54472999956815, 32.67258799997689], [-85.54509199996639, 32.67451100032974], [-85.54739300043067, 32.67442799987203]]], [[[-85.51487399972197, 32.66308399984068], [-85.51487100024724, 32.663007000240476], [-85.51179200035641, 32.66302799993175], [-85.5114969999053, 32.6630300002262], [-85.51149199988244, 32.663057999806284], [-85.51130100008673, 32.66398599972446], [-85.51118399991088, 32.66455600009631], [-85.51105199966638, 32.66520500014675], [-85.51156300002755, 32.66522500033327], [-85.5118480004329, 32.665235999791136], [-85.5129399996788, 32.66529100008522], [-85.51318900009916, 32.66527900013393], [-85.51335200030576, 32.66524999999298], [-85.51342900029867, 32.665219000353424], [-85.51356800021583, 32.6651349998367], [-85.51369100023948, 32.66503600001765], [-85.51436099971097, 32.66440500035845], [-85.51426899964949, 32.6643149997923], [-85.51368399966847, 32.66367800025276], [-85.51365199988142, 32.66364300026281], [-85.51364600003363, 32.66348599964236], [-85.51363400033807, 32.66314800012581], [-85.51363099996502, 32.663076000179935], [-85.51400500005883, 32.663077999717096], [-85.51487399972197, 32.66308399984068]]], [[[-85.48779999966571, 32.67782300016191], [-85.4874880003945, 32.67757899977191], [-85.48619799988356, 32.67659800026566], [-85.48598899964618, 32.67643400012105], [-85.48576500023853, 32.676655000360604], [-85.48591300037653, 32.67703899977423], [-85.48502200007376, 32.67786999966467], [-85.48447200025285, 32.678383000222546], [-85.48507800015025, 32.67884600009493], [-85.48538500029692, 32.679080999962785], [-85.48583399983549, 32.679005000127816], [-85.48628699957203, 32.6788369999847], [-85.48671900029046, 32.67867700005871], [-85.48743999981559, 32.67802199968904], [-85.48756000036451, 32.67802699996405], [-85.48779999966571, 32.67782300016191]]], [[[-85.40788899992425, 32.56379400026531], [-85.4077290000907, 32.56358100006998], [-85.40757799957964, 32.56324599989488], [-85.40736900024058, 32.56270299986946], [-85.40729999974529, 32.56257600033461], [-85.40720100001109, 32.56246900030088], [-85.40699599997167, 32.56234799974102], [-85.40675800032031, 32.56223600025997], [-85.40648100031088, 32.56203000037618], [-85.40546199996159, 32.562191000097854], [-85.40494399992772, 32.563030000282595], [-85.40679699978006, 32.56435500028985], [-85.40713099969089, 32.565233000221994], [-85.4072930000726, 32.565163999796006], [-85.40696400018462, 32.56431199990607], [-85.40774900018218, 32.563818000127675], [-85.40788899992425, 32.56379400026531]]], [[[-85.41005399994613, 32.56694099974198], [-85.40988599971664, 32.56591700022448], [-85.4094539998965, 32.5652200003762], [-85.40925600042809, 32.56532999971065], [-85.40903899979479, 32.56509799963517], [-85.40890800027356, 32.56499000023072], [-85.40869800021126, 32.56484699992199], [-85.4086379999368, 32.564797999874955], [-85.40853400017973, 32.56468699977756], [-85.4073149998139, 32.56518800004892], [-85.40741000024848, 32.56545900009354], [-85.40765100027289, 32.56551599983393], [-85.40808300009301, 32.56565999993309], [-85.4085819998603, 32.565825999687014], [-85.4088770003114, 32.56586400037194], [-85.40894599990838, 32.56586599980984], [-85.40899100011421, 32.565869000102275], [-85.40898199989337, 32.56595899974258], [-85.40899199993913, 32.56645600011744], [-85.4089760000456, 32.56666399985769], [-85.40895599995412, 32.5667520000393], [-85.40943200015518, 32.56708699999269], [-85.40966599960859, 32.56703099982091], [-85.41005399994613, 32.56694099974198]]], [[[-85.41148699967387, 32.56806700036813], [-85.41116899965655, 32.56785200032573], [-85.41064899997286, 32.56750099969143], [-85.40924800003216, 32.56774499977105], [-85.40923499961337, 32.567841000253345], [-85.4092079998492, 32.567936999875904], [-85.40917400041232, 32.56805600032211], [-85.408307000399, 32.5691760002156], [-85.40836400030042, 32.5692079998773], [-85.40909400004638, 32.56830900028175], [-85.41044099956041, 32.56910699979431], [-85.41094900044683, 32.56878399983741], [-85.4109610001424, 32.56875600028559], [-85.41098000040897, 32.56866100009181], [-85.41098600025676, 32.5686310003683], [-85.41103099956429, 32.56866000002549], [-85.4111650003569, 32.5685869996958], [-85.41117899970229, 32.568523999985786], [-85.41126599974093, 32.568474000364716], [-85.41136000035057, 32.568350000124255], [-85.41145999990967, 32.56817399978165], [-85.41148699967387, 32.56806700036813]]], [[[-85.40904200016786, 32.56777299963844], [-85.40904100034292, 32.56774399969449], [-85.4090379999699, 32.567711000190656], [-85.4090320001221, 32.56767699984037], [-85.40902299990127, 32.56764599971012], [-85.40900100015996, 32.56758699965251], [-85.40898199989337, 32.56755300001224], [-85.40894300043364, 32.56749499997279], [-85.40893199966467, 32.56748199969772], [-85.40887899996123, 32.56741100008406], [-85.40883899977825, 32.56734199981918], [-85.4088069999912, 32.56726699976733], [-85.40878500024989, 32.5671900002444], [-85.40877400037924, 32.56711199981478], [-85.40877299965602, 32.567032999989884], [-85.40878600007481, 32.56694299991291], [-85.40879399957241, 32.566909000028616], [-85.40884700017418, 32.56673199979917], [-85.40857900038559, 32.56666900030045], [-85.40851099971519, 32.56689599966861], [-85.40792800028233, 32.56679800027202], [-85.40775099983199, 32.56740899992351], [-85.40728800004972, 32.5671759998423], [-85.40720400038414, 32.567295999865465], [-85.40770800017431, 32.56755600024824], [-85.40807999971996, 32.56774399969449], [-85.40736099984467, 32.5686310003683], [-85.40749899993692, 32.5687100003], [-85.40768200023503, 32.56881699970357], [-85.40787100038091, 32.56892599986334], [-85.40804200008515, 32.56902500002557], [-85.40809800016164, 32.568951999993004], [-85.40822799985797, 32.568942000118724], [-85.40894000006061, 32.568046999664055], [-85.40897799969542, 32.56799200016537], [-85.40900899965757, 32.56793100018636], [-85.40902100025144, 32.56790000014395], [-85.40902999957397, 32.567866999940435], [-85.40903700014496, 32.56783499980039], [-85.40904100034292, 32.56780200033002], [-85.40904200016786, 32.56777299963844]]], [[[-85.5325050002414, 32.55065000033876], [-85.53214399966807, 32.550653999892575], [-85.53129199972338, 32.55064100020624], [-85.53128900024865, 32.55072799993531], [-85.53127400018003, 32.55185499984072], [-85.53127099980699, 32.552058000370245], [-85.53126599978411, 32.552185999897425], [-85.53132900043161, 32.55218700014739], [-85.53247199973114, 32.55218299990467], [-85.53250199986837, 32.55218199965467], [-85.53249400037076, 32.55182300004734], [-85.5325050002414, 32.55065000033876]]], [[[-85.54158000043051, 32.59576100022653], [-85.54145099966078, 32.595794000002904], [-85.54129599985008, 32.59579099995496], [-85.54121200018447, 32.59767699995315], [-85.54086200038012, 32.597668999740826], [-85.54052199972318, 32.598351000327], [-85.54136500034537, 32.598355999759505], [-85.5414459996379, 32.59835799998654], [-85.54147800032327, 32.597714000263515], [-85.54151599995812, 32.59692200032603], [-85.5415729998595, 32.59591700036964], [-85.54158000043051, 32.59576100022653]]], [[[-85.54165099967732, 32.59072100015153], [-85.5415440004455, 32.59072100015153], [-85.5414930003919, 32.59072100015153], [-85.54143700031538, 32.590721999971834], [-85.54011800039046, 32.59073199968791], [-85.5401019995986, 32.59127799974629], [-85.54015299965224, 32.59127799974629], [-85.54163300013397, 32.591345999944785], [-85.54165099967732, 32.59072100015153]]], [[[-85.42742599999947, 32.566318000336736], [-85.42734200033388, 32.56626100034884], [-85.42724699989932, 32.56619699966852], [-85.42717599975421, 32.566165999783905], [-85.42711100035521, 32.56615600035612], [-85.42708100021797, 32.56615500026186], [-85.42703900038518, 32.566163000258555], [-85.42698199958545, 32.56619099986266], [-85.42688899969905, 32.56623999990592], [-85.42687000033078, 32.5662590001627], [-85.42682699977475, 32.56630700007626], [-85.42681500007919, 32.56631500005934], [-85.42679900018565, 32.56631700024428], [-85.42677700044436, 32.56631700024428], [-85.42673999973613, 32.566309000261384], [-85.42661199968961, 32.56627500013673], [-85.42654599956737, 32.56626399987097], [-85.42651499960523, 32.56633599972767], [-85.42622800044836, 32.567013999897036], [-85.4263380000532, 32.56702199981707], [-85.42650499955948, 32.56704799974154], [-85.42659900016913, 32.567073999658525], [-85.42667199996406, 32.56710000032502], [-85.4267530001549, 32.56713600030361], [-85.42685500026217, 32.567189000161676], [-85.4273780003189, 32.566392999667855], [-85.42742599999947, 32.566318000336736]]], [[[-85.40720400038414, 32.567295999865465], [-85.40679000010735, 32.56707699991049], [-85.40618000001199, 32.56784900009963], [-85.40658400024303, 32.56808700031061], [-85.40720400038414, 32.567295999865465]]]]}, "properties": {"id": "covered-us-al-auburn", "status": "covered", "jurisdiction": "Auburn", "country_id": "us", "state_id": "al", "area_type": "city", "note": "Covered by public tree inventory for Auburn; geometry from official jurisdiction boundary."}}]}