{"type": "FeatureCollection", "features": [{"type": "Feature", "geometry": {"type": "Polygon", "coordinates": [[[-87.8878089998519, 42.930184000311925], [-87.88784900003488, 42.93003399968659], [-87.8876759997825, 42.93003399968659], [-87.88762399990397, 42.93003399968659], [-87.88679600024872, 42.930032999931115], [-87.88415800039884, 42.930032999931115], [-87.88327899979166, 42.930032999931115], [-87.88290100039819, 42.93003200017567], [-87.88189299991957, 42.93003200017567], [-87.88176900007102, 42.93003200017567], [-87.88139199960416, 42.93003200017567], [-87.8813520003195, 42.93003200017567], [-87.8812540004102, 42.93003200017567], [-87.88084099995832, 42.93003200017567], [-87.88070399969098, 42.93003200017567], [-87.87985799959408, 42.9300300000069], [-87.87732299967637, 42.930026000327004], [-87.87647800030267, 42.93002499991371], [-87.87619100024749, 42.930024000158085], [-87.87533199973178, 42.9300219999891], [-87.87504600039983, 42.9300219999891], [-87.87496500020897, 42.9300219999891], [-87.87454099988645, 42.93002100023343], [-87.87302899961767, 42.930018000308635], [-87.87252499982752, 42.9300169998952], [-87.87246399972814, 42.9300169998952], [-87.87228399980309, 42.9300169998952], [-87.87222400042694, 42.9300169998952], [-87.87204100012883, 42.93001600013946], [-87.87149299995775, 42.930014999726005], [-87.87131100038287, 42.930014999726005], [-87.8711089998182, 42.93001399997022], [-87.87058099973859, 42.93001399997022], [-87.8705029999208, 42.93001300021447], [-87.87030200007933, 42.93001300021447], [-87.87024600000285, 42.93001300021447], [-87.87007799977334, 42.93001399997022], [-87.87002300042008, 42.930014999726005], [-87.86990000039643, 42.930014999726005], [-87.86983000007622, 42.93001600013946], [-87.86953399980021, 42.9300169998952], [-87.86941199960148, 42.930018000308635], [-87.86902499998719, 42.9300219999891], [-87.86786800044396, 42.93003399968659], [-87.86748199975627, 42.93003800002371], [-87.86723099968611, 42.93004000019217], [-87.86648199967357, 42.93004699979468], [-87.86623200032663, 42.93004999971807], [-87.86597200003563, 42.930051999886146], [-87.86519399971078, 42.930059999900095], [-87.86493500014299, 42.930062999822795], [-87.86467099965404, 42.93006499999044], [-87.86449999994983, 42.930067000158076], [-87.86443899985046, 42.930065999745395], [-87.86437799975108, 42.9300690003256], [-87.8638789999838, 42.9300730000027], [-87.86361600021807, 42.93007599992482], [-87.86348899999648, 42.93007699967955], [-87.86341299982848, 42.93007800009205], [-87.86310900005488, 42.93008000025922], [-87.86298299965817, 42.93008199976857], [-87.8627109996716, 42.93008399993561], [-87.86189499971191, 42.9300919999454], [-87.86162400044859, 42.93009499986659], [-87.86153599968671, 42.93009499986659], [-87.86127499957081, 42.930097999787584], [-87.86118800043047, 42.930099000199746], [-87.86111499973724, 42.930099000199746], [-87.86089600035244, 42.930102000120606], [-87.86082400038242, 42.930102999874904], [-87.85981300042906, 42.93010400028699], [-87.8567810003939, 42.93011099988223], [-87.85580499970231, 42.93011300004832], [-87.85577100026543, 42.930115999968486], [-87.85501999970477, 42.930115999968486], [-87.85276799964427, 42.930118999888464], [-87.85201799980683, 42.93012000030028], [-87.85197599997403, 42.930110000128], [-87.85184999957734, 42.93012000030028], [-87.85180899956946, 42.9301210000543], [-87.85158099996382, 42.9301210000543], [-87.85089800007353, 42.9301210000543], [-87.8506710002928, 42.93012199980834], [-87.85045200000968, 42.93012399997408], [-87.84979900025662, 42.93013199997867], [-87.8495809997984, 42.93013499989787], [-87.8488610000982, 42.930147000231074], [-87.84670399957395, 42.93018599981795], [-87.84598499969863, 42.930198999893975], [-87.84591199990369, 42.930391000140915], [-87.84589699983509, 42.93056699989637], [-87.84591199990369, 42.93061200032485], [-87.84591199990369, 42.930721999918454], [-87.8459269999723, 42.93073799977122], [-87.84594200004094, 42.930875999808684], [-87.84595799993444, 42.93089200027918], [-87.84597899985084, 42.931217000262514], [-87.84597300000307, 42.931723000214795], [-87.84595799993444, 42.931745000147], [-87.84594399969075, 42.93207500016042], [-87.84592899962215, 42.93209699996692], [-87.84592899962215, 42.93218499977198], [-87.84591500027676, 42.932207000196875], [-87.84591399955352, 42.93227300010901], [-87.84590000020813, 42.93229499984479], [-87.84588500013952, 42.93238399974193], [-87.84588500013952, 42.932471999794664], [-87.84581099962135, 42.93269200003397], [-87.84579599955273, 42.93280199985891], [-87.8457360001766, 42.93295599980996], [-87.8457360001766, 42.93300000010106], [-87.84567699972706, 42.933176000293464], [-87.84557299996999, 42.933426999918176], [-87.84553399961192, 42.93350999998558], [-87.84552100009145, 42.93357300006514], [-87.84550699984774, 42.93367999988551], [-87.84550400037301, 42.93372299996381], [-87.845468000388, 42.933931000086865], [-87.84545199959615, 42.93405099986361], [-87.84542900002994, 42.93414599995948], [-87.84538899984696, 42.93430100018208], [-87.84531900042508, 42.934765000145894], [-87.84529799961037, 42.93491800011587], [-87.84525699960248, 42.935176000210205], [-87.84522200034071, 42.93532899981676], [-87.84517600030995, 42.935449999825344], [-87.84508699972316, 42.935771000125534], [-87.84504300024055, 42.93603400019801], [-87.84503499984464, 42.936051000301575], [-87.84502999982178, 42.9360730000031], [-87.84494199995822, 42.93635700004797], [-87.84487900020903, 42.936622999851586], [-87.84481700028475, 42.93690800029209], [-87.84477700010179, 42.9370839998384], [-87.84475399963723, 42.937454000061685], [-87.84476200003316, 42.93761999975223], [-87.8447779999267, 42.93779000014419], [-87.84476100020825, 42.93793199998804], [-87.84475100016252, 42.93803500030898], [-87.84473899956863, 42.938111000084156], [-87.84464700040544, 42.938410000149645], [-87.84461200024535, 42.93851099977772], [-87.84455100014597, 42.93861800022527], [-87.8444969997193, 42.93879799991329], [-87.84445700043464, 42.93887200018047], [-87.84436799984786, 42.93897700012253], [-87.84435899962702, 42.93905999994374], [-87.84435899962702, 42.939120999733106], [-87.84432900038813, 42.93927500032321], [-87.84421100038735, 42.93956099992743], [-87.84412099997566, 42.93984700017614], [-87.84412000015074, 42.939991999976385], [-87.84410300043231, 42.94009599973169], [-87.84400600034793, 42.940542999917284], [-87.84393299965468, 42.940757000140344], [-87.84384399996623, 42.94091099992662], [-87.84376399960028, 42.94106199994092], [-87.8436869996074, 42.94121900031653], [-87.84366499986608, 42.94127300029876], [-87.84357000032983, 42.941419999827694], [-87.84348800031408, 42.94157699994798], [-87.84346800022259, 42.94162700003208], [-87.84336000026755, 42.941879000285134], [-87.84327999990161, 42.94205699986837], [-87.84310499999944, 42.942491000175245], [-87.8430399997021, 42.942848000096525], [-87.8431100000223, 42.94379599974811], [-87.84307700041033, 42.94404400024461], [-87.84304300007516, 42.94431799985426], [-87.84304700027312, 42.94466399974538], [-87.84305700031885, 42.944844999685266], [-87.84307599968712, 42.94513000020859], [-87.84318199999232, 42.94538999992736], [-87.84323999971863, 42.94562999995761], [-87.84334199982588, 42.94588399991851], [-87.84338000035905, 42.945998999962555], [-87.84340899977303, 42.94626500019621], [-87.84347200042053, 42.94650299981164], [-87.84358600022337, 42.946850000055555], [-87.84359299989605, 42.94703500003429], [-87.84349599981168, 42.94751799987081], [-87.84358100020049, 42.94771899985819], [-87.84361800001042, 42.94789299981776], [-87.84362600040635, 42.94800300010531], [-87.84364200029985, 42.94817800003804], [-87.84362600040635, 42.94844000026231], [-87.8435750003527, 42.94860599992264], [-87.84351599990316, 42.94866499989606], [-87.84347300024545, 42.948721000141745], [-87.84345399997889, 42.9487789998963], [-87.84337500033617, 42.94892200014604], [-87.84336600011535, 42.9489299996812], [-87.84336199991739, 42.948967999760285], [-87.84334400037403, 42.94900599981596], [-87.84331500006171, 42.949030999805196], [-87.84328900012244, 42.94906100030489], [-87.84328499992449, 42.94907900020314], [-87.84329400014532, 42.94911899973907], [-87.84332699975728, 42.949188999686264], [-87.84334500019895, 42.949247000314905], [-87.84336199991739, 42.949312999716746], [-87.84338100018397, 42.949393999872164], [-87.84341399979591, 42.94950500020427], [-87.84343899991028, 42.94962200024878], [-87.8434630001997, 42.94967700018728], [-87.84349199961372, 42.94975599967812], [-87.84352000010112, 42.9498190002315], [-87.84356899960662, 42.949973999794736], [-87.84358899969808, 42.95002900007617], [-87.8436039997667, 42.95008599982583], [-87.84362700023125, 42.95019199979672], [-87.84362600040635, 42.9502500001377], [-87.84361499963737, 42.95032399979056], [-87.84359000042133, 42.95040499993057], [-87.84356399958374, 42.95045199983308], [-87.8435329996216, 42.95048599996397], [-87.84339500042765, 42.950624999878436], [-87.84333299960505, 42.950707999776995], [-87.84333000013034, 42.9507449999967], [-87.84333199978015, 42.950792000297106], [-87.84333900035116, 42.95085100014771], [-87.84334100000099, 42.95092000002381], [-87.84335100004672, 42.950968999679205], [-87.84336000026755, 42.95109099992658], [-87.84338000035905, 42.9511529997009], [-87.84341499962082, 42.951228999720826], [-87.84343100041266, 42.951243000025705], [-87.84352099992604, 42.95130200010151], [-87.84355400043631, 42.95132899995015], [-87.84367499991181, 42.95150499969615], [-87.8437500002549, 42.951626000133615], [-87.84383899994336, 42.95179900016659], [-87.8438980003929, 42.951936999688385], [-87.84399299992914, 42.952124000266664], [-87.84402200024147, 42.952181000048625], [-87.84409099983843, 42.9522850002531], [-87.84412699982344, 42.9523600001397], [-87.8443479997564, 42.95268199977164], [-87.84442399992436, 42.95279999973764], [-87.8444759998029, 42.952889000242166], [-87.84452000018383, 42.95295599972436], [-87.84457100023745, 42.95302699994987], [-87.84462700031395, 42.953121999697466], [-87.84468900023823, 42.95322200013845], [-87.8447229996751, 42.95326999989791], [-87.84474199994169, 42.95329800023342], [-87.84481899993457, 42.95343500030603], [-87.84490299960015, 42.953603999735414], [-87.84508500007335, 42.954020999765774], [-87.84522499981544, 42.95434699998478], [-87.84535000038721, 42.95475100009058], [-87.84540300009068, 42.954881000149726], [-87.84542400000707, 42.95499099978299], [-87.84545099977124, 42.955741999687895], [-87.84543599970263, 42.956184000066145], [-87.84538200017428, 42.95630099990553], [-87.84535100021213, 42.956366000304634], [-87.84533699996842, 42.956404999722196], [-87.8452919997626, 42.95645300028629], [-87.84523900005914, 42.95649200030612], [-87.84518899983043, 42.95652099981602], [-87.84514799982254, 42.956548999987234], [-87.84513600012697, 42.956565999685864], [-87.84511400038568, 42.95657400019984], [-87.84499399983677, 42.9566150001057], [-87.84496399969953, 42.95665400002291], [-87.84495000035415, 42.956939999756074], [-87.8448909999046, 42.95716000001181], [-87.8448909999046, 42.95727000017344], [-87.84486900016329, 42.957446000022976], [-87.84479399982021, 42.95764499987408], [-87.84479399982021, 42.95771100013191], [-87.84479899984309, 42.95773799979859], [-87.84458299993302, 42.95777900024378], [-87.84460700022247, 42.957823999851115], [-87.84463599963647, 42.95786500023901], [-87.84465999992591, 42.95791500024214], [-87.84467400016962, 42.95796400024521], [-87.84468500004027, 42.95801100029198], [-87.8446940002611, 42.95805599972965], [-87.84470199975871, 42.958105000277875], [-87.84470099993379, 42.95817799973427], [-87.84469099988804, 42.958234999825926], [-87.84468599986519, 42.95825199971617], [-87.84467699964435, 42.958282000323145], [-87.84465599972795, 42.95830000015439], [-87.8446370003597, 42.95830999969311], [-87.84461899991803, 42.95831700002668], [-87.8446030000245, 42.95832099984128], [-87.84460200019961, 42.95833299994088], [-87.84461999974293, 42.95839199979391], [-87.84463900000952, 42.95843900017121], [-87.84466900014675, 42.95849300016877], [-87.84473100007102, 42.95865799972148], [-87.84473899956863, 42.958697000316086], [-87.84473000024612, 42.95876999972757], [-87.84473000024612, 42.95878600018138], [-87.84473100007102, 42.95881200008819], [-87.84471000015463, 42.95882899981902], [-87.84468699969008, 42.95883500014828], [-87.8446580002761, 42.95883300025772], [-87.84462499976583, 42.95887000019464], [-87.84462200029108, 42.958884000076154], [-87.8446370003597, 42.958935999795976], [-87.84466300029897, 42.958976000157364], [-87.84467499999454, 42.95900399986891], [-87.84470199975871, 42.95905800002802], [-87.8447069997816, 42.959069999983896], [-87.84472100002529, 42.95911499996196], [-87.8447290004212, 42.959125999966176], [-87.84477700010179, 42.959571000161986], [-87.8448060004141, 42.95964199998712], [-87.84482099958439, 42.9597099999373], [-87.84483700037624, 42.95982000014226], [-87.84481899993457, 42.95990899969801], [-87.84481700028475, 42.959929000223106], [-87.84481599956153, 42.95994100000912], [-87.8448199997595, 42.95995199986566], [-87.84482499978235, 42.95996400030461], [-87.84483499982811, 42.95998300022783], [-87.84485599974448, 42.960041999813576], [-87.84488000003394, 42.96009200001992], [-87.84489900030052, 42.960144000033644], [-87.84490799962303, 42.960206999814375], [-87.84492500023978, 42.96028900001674], [-87.8449329997374, 42.96034600012511], [-87.8449329997374, 42.96043400031555], [-87.8449200002169, 42.96049599988111], [-87.84491600001896, 42.96053100029749], [-87.8449200002169, 42.96055000004563], [-87.84492699988962, 42.960571000279394], [-87.844955000377, 42.960637000028356], [-87.84498700016405, 42.960693999814275], [-87.84500399988251, 42.96075200011895], [-87.84501499975316, 42.96080799988521], [-87.8450249997989, 42.96087699977359], [-87.84503499984464, 42.96095400018654], [-87.84504200041566, 42.96099399989344], [-87.84503099964668, 42.96103099984572], [-87.84502099960095, 42.96105700011866], [-87.8450170003013, 42.961082999723196], [-87.8450249997989, 42.96109900023298], [-87.84504099969242, 42.96111799980566], [-87.84504900008835, 42.96112599972779], [-87.84506499998187, 42.9611399997534], [-87.84509400029418, 42.961185000189744], [-87.84512500025632, 42.96122600031026], [-87.8451510001956, 42.96128099973957], [-87.84517200011199, 42.9613380002437], [-87.84518499963247, 42.96139400013401], [-87.84517200011199, 42.96150100025216], [-87.84516200006625, 42.961542000162105], [-87.84516200006625, 42.96159400026512], [-87.8451650004393, 42.96162499979998], [-87.84518100033283, 42.961666000284694], [-87.84523099966322, 42.961727000025306], [-87.84530699983121, 42.96185599991345], [-87.84533100012065, 42.961953000283096], [-87.84534000034148, 42.962041000147245], [-87.84534399964112, 42.96212399976934], [-87.84536499955752, 42.962159999808215], [-87.84548400028153, 42.962284], [-87.84578700023023, 42.96263699997815], [-87.84589600001017, 42.96278500030308], [-87.84603599975225, 42.96292999997854], [-87.84611100009532, 42.96304299997382], [-87.84620900000462, 42.96316099979391], [-87.84625300038556, 42.96325999982488], [-87.84629900041631, 42.96345800006629], [-87.84629799969308, 42.96350999986467], [-87.8462850001726, 42.963559000013724], [-87.84621400002749, 42.96371899979932], [-87.84620200033193, 42.96381300026816], [-87.8462490001876, 42.963873999852154], [-87.84634299989892, 42.963969999807816], [-87.84652299982397, 42.964166999877655], [-87.84667199978689, 42.96430400007488], [-87.84679999983341, 42.96444400018676], [-87.84690199994066, 42.96459399981217], [-87.84705699975136, 42.96486600027736], [-87.8472350000266, 42.96513900004003], [-87.8472500000952, 42.96520400030584], [-87.84730399962356, 42.965268999845556], [-87.84732399971504, 42.96529200012136], [-87.84737300011885, 42.96534200000524], [-87.847440000066, 42.965632000108215], [-87.84750100016537, 42.96578299995606], [-87.847516000234, 42.96589400030872], [-87.84759300022688, 42.96605600025075], [-87.84770000035701, 42.96622700016495], [-87.84774600038776, 42.96633900019713], [-87.84780599976389, 42.96647099973843], [-87.8492209999483, 42.96645800008999], [-87.85010200020531, 42.96644000001604], [-87.85045799985745, 42.96644099983767], [-87.85105000040949, 42.96644499978149], [-87.8513759999244, 42.96644099983767], [-87.85235699974054, 42.966432999949305], [-87.8526839999787, 42.966431000305725], [-87.85317500024838, 42.96642599988182], [-87.85464800015907, 42.96641499986805], [-87.85514000025368, 42.96641199974443], [-87.85562899997522, 42.9664069999763], [-87.85709699986307, 42.966395000136714], [-87.85758700030784, 42.96639200001212], [-87.85807799967921, 42.966387000242364], [-87.85955300013806, 42.96637600022161], [-87.86004500023265, 42.96637200027335], [-87.86029299992977, 42.96637099979324], [-87.86104000029249, 42.966369999970425], [-87.86128999963942, 42.966369999970425], [-87.86154300025773, 42.966369000147644], [-87.86230499979074, 42.966368000324785], [-87.86256000005886, 42.966368000324785], [-87.8630620001992, 42.96636600002178], [-87.86457100009493, 42.96636399971866], [-87.86507400006018, 42.96636299989578], [-87.86992999963535, 42.96635400017419], [-87.86993700020635, 42.96615100026176], [-87.86993700020635, 42.96603599974538], [-87.86993899985616, 42.96570300016994], [-87.86993800003127, 42.965680000047804], [-87.86994499970396, 42.963633999965], [-87.869948000077, 42.962743999906685], [-87.86996300014563, 42.9616920002893], [-87.86995499974971, 42.960890999855856], [-87.86997499984118, 42.96016299990123], [-87.86996200032071, 42.959680999958074], [-87.86996200032071, 42.95912899978767], [-87.87120400025275, 42.95913799990879], [-87.87493099987378, 42.95916700014394], [-87.87617500035397, 42.959176000259454], [-87.87689800042723, 42.959179000078564], [-87.87907000012179, 42.95918499971626], [-87.87979400001996, 42.95918900013186], [-87.88035399988661, 42.959168000083785], [-87.88172399986517, 42.959094999829695], [-87.88203900040774, 42.95909699971168], [-87.88206399962378, 42.959094999829695], [-87.88225000029496, 42.95909299994759], [-87.88260000009933, 42.9590990002511], [-87.88263600008435, 42.959100000192045], [-87.8827180001001, 42.95910399995573], [-87.88307200010243, 42.95912000032272], [-87.88319000010321, 42.959125999966176], [-87.88325000037764, 42.95912799984721], [-87.88325100020258, 42.95895699992319], [-87.88325500040054, 42.958522000050436], [-87.88326600027118, 42.95682699972841], [-87.88530599972125, 42.94457000027145], [-87.8857030002796, 42.94229999972466], [-87.88563799998227, 42.942293999756], [-87.88656100007208, 42.937309000203534], [-87.8878089998519, 42.930184000311925]]]}, "properties": {"id": "covered-us-wi-cudahy-wi", "status": "covered", "jurisdiction": "Cudahy WI", "country_id": "us", "state_id": "wi", "area_type": "city", "note": "Covered by public tree inventory for Cudahy WI; geometry from official jurisdiction boundary."}}, {"type": "Feature", "geometry": {"type": "Polygon", "coordinates": [[[-87.9155199997677, 43.174571999922385], [-87.91554300023225, 43.17362999997721], [-87.91517199961316, 43.17362400032742], [-87.91518500003195, 43.17314999992485], [-87.91519799955243, 43.17265000000774], [-87.91520000010057, 43.17256199996033], [-87.9152019997504, 43.17247599992552], [-87.9152150001692, 43.17198200019835], [-87.91522799968965, 43.171508000154496], [-87.91524000028355, 43.17104199979833], [-87.9152519999791, 43.1705809999936], [-87.91526299984976, 43.17016400014612], [-87.91527299989549, 43.16979600008715], [-87.91527700009345, 43.16964299988362], [-87.91527999956821, 43.16952100001622], [-87.91533300016995, 43.16719900016495], [-87.91533499981978, 43.167160000289854], [-87.91544600014787, 43.16228099971664], [-87.91523600008559, 43.162287999734325], [-87.91357900005184, 43.16224199997792], [-87.91329299982158, 43.16223900024905], [-87.91329500036973, 43.16215200018354], [-87.91330600024038, 43.16172200020953], [-87.91317300017097, 43.161724000045716], [-87.91242300033353, 43.16171600004522], [-87.91241699958742, 43.161942000147654], [-87.91176499965927, 43.161934000175705], [-87.91174999959065, 43.161934000175705], [-87.91187000013957, 43.16117400002882], [-87.91194100028467, 43.16065500027963], [-87.91210000029334, 43.15999699980488], [-87.91228900043923, 43.15937399990703], [-87.91250399962607, 43.15866599970066], [-87.91252600026569, 43.158164999848694], [-87.91248899955745, 43.15752299987254], [-87.91226799962452, 43.15592900005397], [-87.91226900034773, 43.155618999846844], [-87.91229699993683, 43.15495700007141], [-87.91233100027202, 43.15459000018272], [-87.91236200023417, 43.15427100003175], [-87.91242900018132, 43.15357000003969], [-87.91244900027279, 43.153494000007996], [-87.91254600035718, 43.15313899990164], [-87.91275499969623, 43.1527379999965], [-87.91287199987208, 43.152556000320395], [-87.91396099964325, 43.15087400021224], [-87.91432499969133, 43.15031399979], [-87.91419099979704, 43.150312999685205], [-87.9142090002387, 43.15028199970455], [-87.91341800039336, 43.150271999961106], [-87.91342300041623, 43.150108000134395], [-87.91324000011812, 43.15010300024863], [-87.91309299980503, 43.150101000032095], [-87.91274700019864, 43.150098999815455], [-87.91249600012847, 43.150096000145766], [-87.911746000291, 43.15008699982507], [-87.91149699987066, 43.1500840001548], [-87.91138499971767, 43.15008199993764], [-87.91024900009086, 43.150065000055065], [-87.91014000031092, 43.15006299983724], [-87.90955500032989, 43.150055999729794], [-87.90955699997971, 43.149983999701504], [-87.90956000035277, 43.14988499985182], [-87.90901600037964, 43.14987600015544], [-87.90878000037809, 43.14987500004346], [-87.90844899994198, 43.149871000250755], [-87.90831800042072, 43.1498630000091], [-87.90833500013916, 43.14978300015673], [-87.9083519998576, 43.14969899974034], [-87.90834299963677, 43.149462999700255], [-87.90835600005556, 43.148991000163385], [-87.90838399964464, 43.1480039997675], [-87.90839299986547, 43.147641000009806], [-87.90850599984337, 43.1476430003069], [-87.90853099995773, 43.14688099970534], [-87.90861799999638, 43.14400300018487], [-87.9083309999412, 43.1439990000079], [-87.90818799982607, 43.14399799979973], [-87.90808999991678, 43.14399700024704], [-87.90789699957293, 43.143994999830646], [-87.90789999994597, 43.14390300027], [-87.90791900021256, 43.1432639999146], [-87.90792900025829, 43.142910999832004], [-87.90785700028827, 43.14291000026154], [-87.90776299967862, 43.14290799980957], [-87.90780299986159, 43.1424160000377], [-87.90785700028827, 43.1424160000377], [-87.90794799962654, 43.142417999850295], [-87.90795099999961, 43.14233399980001], [-87.90796000022044, 43.14201900022231], [-87.90797000026618, 43.14171199967563], [-87.9080149995737, 43.14036300028244], [-87.90805499975667, 43.138412000247044], [-87.90806200032769, 43.13809799977698], [-87.90806700035057, 43.13797300023922], [-87.90807999987102, 43.137632999889064], [-87.90808200041918, 43.13755099979163], [-87.90810099978742, 43.13682899983043], [-87.90810699963522, 43.13658800024273], [-87.90811500003113, 43.136287999676426], [-87.90812300042705, 43.136003999785736], [-87.90812300042705, 43.13595700022594], [-87.90814199979532, 43.135249999825604], [-87.90814900036634, 43.13494999990605], [-87.90815600003901, 43.134638999786205], [-87.90817799978032, 43.13394099995822], [-87.90818700000115, 43.13352000025347], [-87.90818899965097, 43.13344499992873], [-87.90819399967386, 43.13320999980156], [-87.90819299984894, 43.13310400023815], [-87.90632099973006, 43.13308299998742], [-87.90631999990514, 43.13311499989835], [-87.90511999980589, 43.13310200012092], [-87.90392700027766, 43.13308500010527], [-87.90369999959862, 43.133014999875286], [-87.90261599985033, 43.1329870001542], [-87.90143099981968, 43.13295800003156], [-87.90143099981968, 43.133014000142985], [-87.90143099981968, 43.133058000147784], [-87.90143099981968, 43.13311400016769], [-87.90143099981968, 43.13314199983063], [-87.90142999999478, 43.1331670002915], [-87.9014319996446, 43.13319999988771], [-87.90143400019274, 43.13322100009826], [-87.90142999999478, 43.133267000065985], [-87.90143099981968, 43.13331399972656], [-87.90143099981968, 43.13338000005363], [-87.90143099981968, 43.13341899985587], [-87.90144300041356, 43.133483999689524], [-87.90143500001766, 43.13350900001054], [-87.90143400019274, 43.13355999968978], [-87.90143699966748, 43.13359400010785], [-87.90143900021562, 43.1336369999733], [-87.90144199969035, 43.13366099985453], [-87.90144099986544, 43.13369399983974], [-87.90144199969035, 43.13371600025702], [-87.9014450000634, 43.13374099982767], [-87.9014459998883, 43.13375299974906], [-87.90144800043643, 43.13377700024033], [-87.90144699971322, 43.133798999972186], [-87.9014459998883, 43.13381000016295], [-87.90144300041356, 43.13384700025364], [-87.90143400019274, 43.13389900002437], [-87.90142699962172, 43.13393199988116], [-87.90142099977395, 43.13394799994438], [-87.90141900012412, 43.13396499972014], [-87.90141699957599, 43.1339779999697], [-87.90141400010127, 43.13399300030459], [-87.9014109997282, 43.134014000242836], [-87.9014099999033, 43.134037000260584], [-87.9014099999033, 43.13406599987158], [-87.90141199955312, 43.13409900029381], [-87.90140800025345, 43.13413299975665], [-87.90141699957599, 43.13415299993314], [-87.90141199955312, 43.13417000030748], [-87.9014319996446, 43.1342859997278], [-87.90143400019274, 43.13433499999329], [-87.90142300032208, 43.13439800008959], [-87.90142300032208, 43.1344419997542], [-87.90142300032208, 43.13454600020623], [-87.90141999994904, 43.134589000057794], [-87.90141300027635, 43.134669999833285], [-87.9014109997282, 43.13469600002984], [-87.90140700042856, 43.13472200021533], [-87.90140599970533, 43.13474700003026], [-87.9014040000555, 43.13479899969128], [-87.90139499983468, 43.134868000143925], [-87.90139099963672, 43.13490800000967], [-87.90138499978893, 43.134975000283305], [-87.9013680000705, 43.135034999967104], [-87.90136100039781, 43.13508799973714], [-87.90135600037493, 43.13512499971021], [-87.90133499956022, 43.135199000244626], [-87.90132200003974, 43.135217999720716], [-87.90129799975031, 43.135236999846455], [-87.90128500022982, 43.135245999731445], [-87.90127299963595, 43.13525500027067], [-87.90125099989463, 43.13526200010644], [-87.90126099994039, 43.13523899989386], [-87.90126099994039, 43.135212999928164], [-87.90124000002399, 43.135217000024475], [-87.90121900010759, 43.135238000197965], [-87.90120700041201, 43.13526000005979], [-87.90120099966592, 43.13530000032463], [-87.9011859995973, 43.1353200001195], [-87.901171000427, 43.13535099982136], [-87.90116399985601, 43.135406999708174], [-87.90113999956655, 43.13549700021483], [-87.90113500044201, 43.135521999712935], [-87.90109199988598, 43.13559300004112], [-87.9010869998631, 43.13563900019129], [-87.9010800001904, 43.13568300027404], [-87.9010659999467, 43.135751999729244], [-87.90106099992384, 43.135788000269145], [-87.90104699968012, 43.1358280001886], [-87.90104099983235, 43.13585900028849], [-87.90103400015965, 43.13587699987403], [-87.9010309997866, 43.135886000320376], [-87.901023000289, 43.13590999997453], [-87.90101599971798, 43.13593099991003], [-87.90100700039548, 43.13595599988625], [-87.90099700034973, 43.13597299975935], [-87.9009880001289, 43.13599299998961], [-87.90097499971012, 43.13602699971054], [-87.90096999968723, 43.13604699992314], [-87.9009520001439, 43.13610899988515], [-87.90093799990018, 43.13615199994873], [-87.90093600025035, 43.136197999678394], [-87.90093500042545, 43.136235999970516], [-87.90093100022749, 43.13626200015675], [-87.90092399965648, 43.136293000036616], [-87.90091399961074, 43.136350999727355], [-87.900903999565, 43.136370999833986], [-87.90088699984656, 43.13639200026666], [-87.90087799962572, 43.1364119997044], [-87.90086599993018, 43.1364339997994], [-87.90085500005951, 43.13646399991618], [-87.90084900021174, 43.1365249997805], [-87.90084500001377, 43.13654200015091], [-87.90084300036395, 43.13656000019099], [-87.90083699961785, 43.13658400023611], [-87.90083599979293, 43.13659499992591], [-87.90084599983867, 43.1366089999454], [-87.90062999992861, 43.13661200027691], [-87.90060300016442, 43.136650999984575], [-87.90060300016442, 43.13667299999359], [-87.90054299988998, 43.13678299991989], [-87.9004540002015, 43.137002999834486], [-87.90037899985845, 43.13713500032102], [-87.90037899985845, 43.137157000155895], [-87.90027500010136, 43.13733299986101], [-87.90015499955246, 43.137596999779895], [-87.90015499955246, 43.137619000104074], [-87.90012600013847, 43.13766300007314], [-87.90012600013847, 43.137684999718054], [-87.90002499985613, 43.137881000138286], [-87.89999100041925, 43.137949999735326], [-87.89986400019764, 43.13817000003979], [-87.89977399978595, 43.1383019999736], [-87.89959600040903, 43.138478999959084], [-87.89913199990353, 43.13900699990485], [-87.89894500030579, 43.13918300018456], [-87.89865400005264, 43.13940299998565], [-87.89857100021197, 43.13949099994668], [-87.89842200024906, 43.13971099995056], [-87.89839200011183, 43.13979999974507], [-87.89821300001168, 43.14015199982105], [-87.89819700011816, 43.14021799997838], [-87.89816799980585, 43.140262000043705], [-87.89816799980585, 43.14028400006451], [-87.89813799966862, 43.140328000082334], [-87.89813900039184, 43.140350000079344], [-87.89809400018599, 43.140437999988336], [-87.89772000009218, 43.14107699972942], [-87.89741399977044, 43.14156099977206], [-87.89728700044715, 43.141714999756736], [-87.89694400031546, 43.14222200020893], [-87.8967350000781, 43.14248599999371], [-87.89642799993143, 43.142837999681284], [-87.89620399962546, 43.14316899989973], [-87.8960239997004, 43.143388999778246], [-87.89580000029271, 43.14360900017599], [-87.8956029997509, 43.143827000015605], [-87.89512900009798, 43.144358000265626], [-87.89498199978489, 43.144577999798024], [-87.89492300023365, 43.144643999765535], [-87.89477500009565, 43.144776000142194], [-87.8945380002692, 43.14501899995628], [-87.89447700016983, 43.14506299984361], [-87.89437400023766, 43.14519499997097], [-87.89421000020612, 43.145369999948706], [-87.89409200020535, 43.14552400017007], [-87.89401600003738, 43.14558999977169], [-87.89392700034891, 43.14573000020018], [-87.89382500024168, 43.14592100016461], [-87.89375099972351, 43.14614099997091], [-87.89369200017227, 43.14625099990486], [-87.89369299999719, 43.14627299973682], [-87.89315999989472, 43.14708699975035], [-87.89310700019126, 43.1471759999495], [-87.89310700019126, 43.147198000103984], [-87.89297499994677, 43.147462000029016], [-87.89282599998387, 43.14770400016029], [-87.89246299976071, 43.14816599971653], [-87.89208500036725, 43.148693999895826], [-87.89208600019217, 43.148716000159354], [-87.89190799991692, 43.1490239997399], [-87.89167100009045, 43.14937699991455], [-87.89167100009045, 43.149397999812415], [-87.89162699970953, 43.149464999937706], [-87.89162699970953, 43.14948699992369], [-87.89153899984598, 43.149663000181924], [-87.89149399964015, 43.1497950002068], [-87.89149500036336, 43.14983899993331], [-87.89148000029475, 43.149860999784664], [-87.89146500022615, 43.149946000089344], [-87.89142199967011, 43.15005900005683], [-87.8914209998452, 43.15010300024863], [-87.89134899987519, 43.150323000077286], [-87.89128799977581, 43.15043299969464], [-87.89135300007315, 43.15060400000554], [-87.89131299989018, 43.15065700004315], [-87.89130299984443, 43.15067399976102], [-87.89129199997377, 43.150691000129605], [-87.891286000126, 43.150718000165526], [-87.89128699995089, 43.15074400009171], [-87.89127299970721, 43.1507800003242], [-87.89126199983654, 43.15084000022758], [-87.8912450001181, 43.150898999976896], [-87.89123300042255, 43.15095000022522], [-87.89122500002662, 43.15100299996279], [-87.8912159998058, 43.151055000217006], [-87.89121800035393, 43.15108900008207], [-87.89120999995801, 43.15112700029441], [-87.8911949998894, 43.15116900019111], [-87.89118400001874, 43.15120199990248], [-87.8911730001481, 43.151236999775506], [-87.89116200027743, 43.151279000251996], [-87.89115399988151, 43.151321000044284], [-87.89113899981291, 43.151367000158125], [-87.89111600024668, 43.15142399988079], [-87.89109100013232, 43.15147300017478], [-87.89107299969065, 43.151520999689005], [-87.89105400032238, 43.15155199969661], [-87.89104199972851, 43.15157500032634], [-87.89103199968278, 43.151593999956674], [-87.89102199963705, 43.151614000319995], [-87.89098300017729, 43.15170999974472], [-87.8909759996063, 43.151742999819355], [-87.89096499973563, 43.15177900011873], [-87.8909549996899, 43.15180599967401], [-87.89093700014654, 43.151868000039734], [-87.89093600032163, 43.15188999981613], [-87.89092499955265, 43.15192499995048], [-87.89092600027588, 43.15197000018738], [-87.89092200007792, 43.15200099996724], [-87.89091299985711, 43.15203600003804], [-87.8908919999407, 43.15206200005896], [-87.89087199984921, 43.15208900014454], [-87.8908710000243, 43.152105000043996], [-87.89085599995569, 43.15211099984138], [-87.8908280003666, 43.15218099983697], [-87.89080999992494, 43.15222699995889], [-87.89079400003139, 43.15227300004623], [-87.890773000115, 43.15232599994721], [-87.89072000041156, 43.15242799998585], [-87.89071000036581, 43.1524670000906], [-87.89068699990128, 43.15249800027368], [-87.89066599998488, 43.152543000088734], [-87.89064300041866, 43.152586999803006], [-87.89060099968755, 43.15267100018237], [-87.89058099959608, 43.15270599986946], [-87.8905539998319, 43.152752000251645], [-87.89052000039503, 43.152817999913104], [-87.89050799980114, 43.15284200012983], [-87.89047799966391, 43.152889999879605], [-87.89046500014342, 43.15293099981351], [-87.89045300044788, 43.152957000109], [-87.89043800037925, 43.152985999921405], [-87.89041999993759, 43.15300799995072], [-87.89040099967103, 43.15304300010017], [-87.89037399990684, 43.1530709998121], [-87.89031600018052, 43.153120000096266], [-87.89030699995968, 43.15313300020518], [-87.89028699986821, 43.15317800020799], [-87.89025599990607, 43.15322999992242], [-87.89023800036271, 43.15325600009069], [-87.89022800031697, 43.15326900017069], [-87.8901949998067, 43.1533069996829], [-87.89015899982168, 43.15334799999241], [-87.89012100018685, 43.15338099983791], [-87.8900979997223, 43.15341400032094], [-87.89007199978305, 43.15346299967479], [-87.89000400001099, 43.153550000316415], [-87.88996399982801, 43.15361100017272], [-87.88991500032252, 43.15367199996812], [-87.8898729995914, 43.153714000081926], [-87.88984699965215, 43.153732000309134], [-87.88979899997157, 43.153772000285265], [-87.88974899974285, 43.15384499983021], [-87.88973200002442, 43.1538770000162], [-87.88971399958275, 43.153901999863145], [-87.88970600008514, 43.15392999983681], [-87.88965000000866, 43.154027000255034], [-87.88961599967347, 43.154077999859176], [-87.88958999973418, 43.15411300005118], [-87.88958399988641, 43.15413000011847], [-87.8895679999929, 43.15415199973596], [-87.88954600025158, 43.15418000025043], [-87.88953100018297, 43.15420900013784], [-87.88948799962695, 43.15427700027184], [-87.88947199973342, 43.154306000113216], [-87.88944999999211, 43.154380999752156], [-87.88944199959619, 43.15445199980615], [-87.88942400005284, 43.154516000180976], [-87.88914299984545, 43.154478000109826], [-87.88914200002054, 43.15453200010039], [-87.88914799986833, 43.15455699967938], [-87.88917299998268, 43.154616999806784], [-87.8891810003786, 43.154750000305164], [-87.88917899983046, 43.15479799986703], [-87.88916200011202, 43.154857999757816], [-87.8891539997161, 43.154908999979135], [-87.88914899969322, 43.15493099997148], [-87.88915200006628, 43.154953999984826], [-87.88915200006628, 43.15496300024414], [-87.88915100024137, 43.15497599996101], [-87.88914700004341, 43.15501100029399], [-87.88914200002054, 43.1550379997321], [-87.88913899964749, 43.15505600022462], [-87.8891379998226, 43.155079000190916], [-87.88913399962463, 43.15512500009755], [-87.8891319999748, 43.15516599984265], [-87.8891319999748, 43.155192999867566], [-87.88911600008127, 43.15523500024672], [-87.88911600008127, 43.15525800014564], [-87.88911000023349, 43.15529799977829], [-87.88910400038571, 43.1553349999722], [-87.88908599994403, 43.15539600001277], [-87.88907400024847, 43.15544000029426], [-87.88907400024847, 43.155498000170084], [-87.88905099978395, 43.155531000165276], [-87.88904800030922, 43.1555479998381], [-87.88904900013412, 43.15556000006691], [-87.88904599976107, 43.15559800012053], [-87.88903900008837, 43.15562499995457], [-87.88902999986755, 43.155681000276225], [-87.88902900004264, 43.15573099979451], [-87.88901999982181, 43.155773999819345], [-87.88901399997403, 43.15579500014051], [-87.88901700034707, 43.15581499978435], [-87.88901599962385, 43.155839000134705], [-87.88900899995114, 43.15585699973594], [-87.88900200027845, 43.15587399997341], [-87.88899800008049, 43.15589600027372], [-87.88899300005764, 43.155931000079775], [-87.88899300005764, 43.155942000220676], [-87.8889839998368, 43.1559509996791], [-87.88897899981392, 43.15596499985351], [-87.88897600033918, 43.155992000180674], [-87.88897399979105, 43.15601799982919], [-87.88897100031632, 43.1560520002098], [-87.88895299987466, 43.15607799983278], [-87.88895100022484, 43.15615599994595], [-87.88894299982891, 43.15618700022373], [-87.88893199995826, 43.15622599989556], [-87.88889500014832, 43.156303999819826], [-87.88888400027768, 43.15634700009679], [-87.88886500001111, 43.156400999746396], [-87.8888499999425, 43.15644099994146], [-87.88883800024692, 43.15646400004181], [-87.88883200039915, 43.15649800017426], [-87.88882599965304, 43.15651800024334], [-87.8888159996073, 43.15655199969042], [-87.88880700028479, 43.15658599977392], [-87.88880300008682, 43.156631999856735], [-87.8887880000182, 43.156667999897444], [-87.88878200017042, 43.156701999916386], [-87.88877799997246, 43.156713999918544], [-87.88876899975163, 43.15675099991041], [-87.88876399972877, 43.15677099989667], [-87.8887589997059, 43.15680399985973], [-87.88875100020829, 43.156845999786896], [-87.88874399963727, 43.15688799968519], [-87.88874299981237, 43.15690600028808], [-87.88873699996459, 43.156942000167355], [-87.88873699996459, 43.156961000095095], [-87.88872799974376, 43.1569939999555], [-87.88871500022327, 43.157017999842786], [-87.88868599991095, 43.157074000198456], [-87.88866900019252, 43.1571119999659], [-87.88865599977373, 43.15715199969561], [-87.88863900005529, 43.15718300012341], [-87.88863200038261, 43.15720499995239], [-87.88862599963652, 43.157249000241954], [-87.88862300016177, 43.15728299993763], [-87.88860999974297, 43.157330000141116], [-87.88859899987233, 43.15734799995848], [-87.88857399975797, 43.15738200025439], [-87.88855600021462, 43.157419999830296], [-87.88854399962075, 43.15745100012214], [-87.88852600007739, 43.15747299985463], [-87.8885200002296, 43.15748499970542], [-87.8884990003132, 43.157527999806575], [-87.88849000009239, 43.15754300026144], [-87.88847599984868, 43.157567999919216], [-87.8884640001531, 43.15758399969484], [-87.88845800030533, 43.15760700002028], [-87.88843800021384, 43.15762199980044], [-87.88842399997014, 43.15765399997449], [-87.8884149997493, 43.15769000006836], [-87.88840300005374, 43.157722000206846], [-87.8883939998329, 43.15773599997545], [-87.88838100031244, 43.15776000022663], [-87.88836899971855, 43.15778599977815], [-87.88835899967282, 43.15781799986631], [-87.88830599996936, 43.15789199980125], [-87.88828599987788, 43.157935000271344], [-87.88827599983212, 43.157968000261036], [-87.88825699956557, 43.15801200000118], [-87.8882459996949, 43.15805499973147], [-87.88823200034952, 43.15807899985735], [-87.88820800006008, 43.15811700031042], [-87.88818600031875, 43.158148000248595], [-87.88817700009794, 43.15819599976257], [-87.88818700014367, 43.15822299975931], [-87.8881899996184, 43.15823999999383], [-87.88818799996858, 43.158259000173246], [-87.88817799992283, 43.15828200024454], [-87.88816200002933, 43.15830600028126], [-87.8881610002044, 43.15832099988988], [-87.88815899965627, 43.158355000299636], [-87.88814399958765, 43.158388000062544], [-87.8881389995648, 43.15840500025112], [-87.888132999717, 43.15842600032339], [-87.88811599999858, 43.15845500016174], [-87.88809500008217, 43.15847600021678], [-87.8880759998156, 43.158502000118986], [-87.8880559997241, 43.158550999980186], [-87.88804200037872, 43.15859100007845], [-87.88801700026437, 43.158637999931095], [-87.88799999964762, 43.158699999918475], [-87.88798100027935, 43.15873899995228], [-87.8879639996626, 43.15877400009584], [-87.88794000027148, 43.158834000014416], [-87.88791500015712, 43.1588789997509], [-87.88789900026359, 43.15889699976726], [-87.88787699962397, 43.15891499977833], [-87.88785400005774, 43.15893599967533], [-87.88782499974542, 43.15897300028757], [-87.88782599957034, 43.15899200023908], [-87.88780700020207, 43.1590019998663], [-87.88778899976043, 43.15901799992169], [-87.88777200004198, 43.15904200032461], [-87.88773600005698, 43.15909099975272], [-87.88771500014057, 43.15911700004853], [-87.88770400026992, 43.15913499999478], [-87.88768500000334, 43.159156999776265], [-87.8876549998661, 43.15919300029518], [-87.88762999975175, 43.15919800009252], [-87.88761399985823, 43.15919400025468], [-87.88758500044423, 43.159187999842146], [-87.88756799982748, 43.159179000205114], [-87.88752799964452, 43.15916200023184], [-87.88748599981172, 43.159154999856], [-87.88745400002466, 43.15914299967794], [-87.88743399993318, 43.15913400003428], [-87.88741300001678, 43.15912700031053], [-87.88740499962087, 43.159139999796864], [-87.88741999968947, 43.15914500025383], [-87.88743399993318, 43.15915000005515], [-87.88744499980383, 43.159155999816164], [-87.88745099965162, 43.15916500011183], [-87.88745800022261, 43.15918699988251], [-87.88745700039772, 43.15920099997075], [-87.88745499984958, 43.159211000219045], [-87.88743999978095, 43.15925599967789], [-87.88743800013114, 43.15927400023843], [-87.88743899995605, 43.15930199971655], [-87.88743099956012, 43.15934100002139], [-87.88741800003964, 43.159371000037304], [-87.887407000169, 43.159389999865056], [-87.88739799994816, 43.15941400012181], [-87.88739100027547, 43.159427000202385], [-87.8873789996816, 43.15944699996807], [-87.88736899963585, 43.15946499981711], [-87.88736199996316, 43.159490999953725], [-87.88735100009251, 43.15951099969842], [-87.88734100004675, 43.159528000229884], [-87.88732199978018, 43.15955800015397], [-87.88731199973445, 43.15957799987679], [-87.88730400023684, 43.15960000015405], [-87.887295000016, 43.1596219997681], [-87.88728499997026, 43.15964400002952], [-87.88727099972655, 43.159671000041655], [-87.88725700038117, 43.15969199967882], [-87.88724399996238, 43.15971000011097], [-87.88722100039615, 43.15973300029137], [-87.88719899975655, 43.159755999807885], [-87.88717199999236, 43.15977700007111], [-87.88714199985513, 43.15980899977187], [-87.88713000015956, 43.15983399981305], [-87.8871190002889, 43.15985200020337], [-87.88708900015168, 43.159878000175304], [-87.88706800023529, 43.15990300018831], [-87.88704700031889, 43.159930000086035], [-87.88701700018166, 43.159961999706645], [-87.88699600026527, 43.15998499979219], [-87.88697199997581, 43.16000899981528], [-87.88694500021164, 43.160040000104125], [-87.88693299961776, 43.1600600003244], [-87.88691300042458, 43.160082999717815], [-87.88688199956414, 43.16012100023508], [-87.8868570003481, 43.16014300031683], [-87.88682600038595, 43.160164999735365], [-87.8868099995941, 43.16018000019815], [-87.88679600024872, 43.160197999831254], [-87.88677199995928, 43.160226000196495], [-87.88675400041593, 43.16024199993137], [-87.88671900025584, 43.16026799973734], [-87.8867030003623, 43.16028599999979], [-87.88668099972269, 43.16030400025694], [-87.8866680002022, 43.16031099984586], [-87.8866470002858, 43.160320999912486], [-87.88662999966905, 43.16032700021375], [-87.88661399977553, 43.160328000154735], [-87.886597999882, 43.160330999977425], [-87.88658600018643, 43.16034100004077], [-87.88656100007208, 43.16036499992402], [-87.88654299963041, 43.16038500003791], [-87.88652300043725, 43.16040899990388], [-87.88650199962254, 43.1604209998333], [-87.88648900010206, 43.16043199982115], [-87.88647900005633, 43.1604490000963], [-87.88646099961466, 43.16047100005994], [-87.88643999969827, 43.16048800032429], [-87.88642299997983, 43.16050599986665], [-87.88640399971325, 43.16052899974741], [-87.88635000018488, 43.16057899988572], [-87.88632800044357, 43.160600999802554], [-87.88631800039784, 43.16062099983918], [-87.88630499997905, 43.16063700012589], [-87.88628999991042, 43.16066099989287], [-87.88631199965174, 43.16067099990221], [-87.8863159998497, 43.16067999997471], [-87.88631199965174, 43.16068900004594], [-87.88630699962886, 43.16070500031483], [-87.88630300032922, 43.16071500031692], [-87.88629800030634, 43.16072800012068], [-87.88629199956026, 43.16074299978997], [-87.88628200041282, 43.16076299978017], [-87.8862749998418, 43.16077399970645], [-87.88625499975034, 43.16080999992786], [-87.88624200022986, 43.16083299969423], [-87.88622899981107, 43.16084799999296], [-87.8862170001155, 43.16086099976842], [-87.88619299982605, 43.16088099971994], [-87.88617899958236, 43.160897999870215], [-87.8861750002827, 43.160915000015706], [-87.88616699988678, 43.160926999845785], [-87.88616100003901, 43.16093799974254], [-87.88614500014546, 43.1609479997065], [-87.88612699970382, 43.16094900029259], [-87.88608599969592, 43.16095399994624], [-87.88608900006898, 43.16097200000658], [-87.88608499987102, 43.16098700027124], [-87.88607499982528, 43.16099800015719], [-87.88606499977952, 43.16100900004116], [-87.88605399990888, 43.16101899999349], [-87.88604499968805, 43.161035000176014], [-87.88603200016756, 43.161054000141554], [-87.88602399977165, 43.16106899973081], [-87.88601600027405, 43.16108599982872], [-87.88600399968016, 43.161102999921944], [-87.88598799978664, 43.16112299979426], [-87.88596600004533, 43.161139999877186], [-87.88595500017468, 43.16115200031831], [-87.88594299958078, 43.1611659999563], [-87.8859280004105, 43.16118800031704], [-87.88590699959579, 43.161202999873396], [-87.88588999987735, 43.161209000088036], [-87.88588099965651, 43.1612250002208], [-87.885872000334, 43.161237999916], [-87.88586399993808, 43.161246999905025], [-87.88584800004456, 43.16126599980463], [-87.88582799995307, 43.16128000007173], [-87.88580899968647, 43.16128999997974], [-87.88580399966362, 43.16129899996107], [-87.88579600016602, 43.161309999790845], [-87.88578299974724, 43.161326999821746], [-87.88576900040184, 43.161344999772204], [-87.88574400028747, 43.16139499989795], [-87.88573000004378, 43.16141399975153], [-87.8857099999523, 43.1614240002929], [-87.88569800025672, 43.16143600002297], [-87.88568400001303, 43.1614500002511], [-87.88566200027171, 43.16146600032076], [-87.88563899980718, 43.16148699999621], [-87.88562000043892, 43.16149899971394], [-87.88558799975355, 43.16152000003332], [-87.88555400031669, 43.161530999823306], [-87.8855419997228, 43.16153600008459], [-87.88551900015659, 43.16153899984803], [-87.88550499991288, 43.16153600008459], [-87.88548800019443, 43.16153500016343], [-87.88546599955482, 43.161537999926914], [-87.88545499968417, 43.16155200013172], [-87.8854429999886, 43.16156800017462], [-87.88542899974489, 43.161578000035504], [-87.88542100024728, 43.16158899981506], [-87.88541000037665, 43.16160900018354], [-87.88539799978275, 43.16162199979703], [-87.88537900041449, 43.161635000063065], [-87.88535599994997, 43.161652000003485], [-87.88534400025439, 43.16166099993153], [-87.88531900014004, 43.16167899978353], [-87.88528800017791, 43.16169499979322], [-87.88526899991133, 43.161705000288535], [-87.88524499962188, 43.161715000127], [-87.88522799990344, 43.161721000291365], [-87.88520799981197, 43.16173499979898], [-87.88516599997917, 43.16177000019208], [-87.88515500010851, 43.16178700009498], [-87.88513500001703, 43.16182099988655], [-87.88512900016923, 43.16183699985901], [-87.88512400014638, 43.16185899997812], [-87.8851209997733, 43.16188600032195], [-87.88511099972757, 43.16190099970694], [-87.88510300022998, 43.161912000083596], [-87.88509900003203, 43.16192299980301], [-87.88509999985692, 43.16193300026101], [-87.88510200040506, 43.16195299986167], [-87.88510400005488, 43.16197100028291], [-87.88510700042794, 43.16198299990559], [-87.88511199955248, 43.162012000021384], [-87.8851190001235, 43.16202099989639], [-87.88512699962111, 43.16202999977003], [-87.88513099981905, 43.16204100012345], [-87.88513699966686, 43.16205700003828], [-87.88513900021499, 43.1620679997316], [-87.8851400000399, 43.162077000253575], [-87.88513800039006, 43.16208799994327], [-87.88513400019211, 43.16209799971905], [-87.88512699962111, 43.162115000185906], [-87.88512300032146, 43.162138000116215], [-87.8851059997047, 43.16218900015876], [-87.88510300022998, 43.16220799976543], [-87.88509599965897, 43.16224900000007], [-87.88508700033644, 43.162300999858594], [-87.88507599956748, 43.16236499987573], [-87.8850699997197, 43.16240799981885], [-87.8850699997197, 43.16241700029073], [-87.88506600042004, 43.162428999825764], [-87.88505999967396, 43.16244299982641], [-87.88505200017634, 43.162482999997685], [-87.88504600032857, 43.162510999971005], [-87.88503899975755, 43.16254900028861], [-87.88503399973469, 43.16259100019834], [-87.88503000043504, 43.16261399994945], [-87.88502500041217, 43.162638000250304], [-87.88501600019133, 43.16266000008097], [-87.88501299981829, 43.16268500026615], [-87.88501000034356, 43.162706000177856], [-87.88500000029782, 43.16272399972203], [-87.88500000029782, 43.16274399971896], [-87.8849929997268, 43.1627569997462], [-87.8849850002292, 43.16276799996873], [-87.88497799965819, 43.162782999792434], [-87.88497400035854, 43.16279300010971], [-87.88496699978754, 43.162808999827604], [-87.88495900028992, 43.16282299974111], [-87.88495400026706, 43.16283700030671], [-87.88494800041927, 43.16285700026664], [-87.88494000002336, 43.16289999986348], [-87.88493400017556, 43.1629290001993], [-87.88492699960457, 43.162939999735606], [-87.88491599973392, 43.162951999823164], [-87.8849090000612, 43.16296900005238], [-87.88490400003835, 43.16298200003175], [-87.8848939999926, 43.16300000014985], [-87.88488899996973, 43.163009999776364], [-87.88488200029703, 43.16302199985017], [-87.8848730000762, 43.16303700026671], [-87.88485999965742, 43.163053999817066], [-87.88484999961166, 43.16306499998613], [-87.88483999956593, 43.163079999736915], [-87.88483200006831, 43.16310000027255], [-87.88482600022054, 43.1631210000416], [-87.88481399962667, 43.163141999803486], [-87.88480899960379, 43.16315499974604], [-87.88480199993108, 43.16316400010787], [-87.8847960000833, 43.16317700004574], [-87.88479199988535, 43.16318599974913], [-87.88479100006045, 43.16319699989442], [-87.88478699986247, 43.16320800003767], [-87.88477900036487, 43.1632200000726], [-87.884766999771, 43.16323399989197], [-87.88475699972525, 43.16324500002861], [-87.88474800040274, 43.163263000069186], [-87.88473900018191, 43.1632740002006], [-87.88470599967162, 43.16333400028683], [-87.88469899999893, 43.16334700018858], [-87.88469099960301, 43.1633600000875], [-87.88468099955726, 43.163372000092565], [-87.88467200023474, 43.16338400009528], [-87.88465600034122, 43.16341400009176], [-87.88464100027261, 43.1634370001883], [-87.88462799985382, 43.163456000062084], [-87.88461799980807, 43.16346600026915], [-87.88460000026474, 43.16347699970878], [-87.88458699984595, 43.163484000244665], [-87.88457599997528, 43.163488999690856], [-87.88455000003601, 43.16350100032583], [-87.88453300031759, 43.16351199975915], [-87.88451800024896, 43.1635210000684], [-87.88450400000525, 43.16353200015335], [-87.88449099958646, 43.16354099980441], [-87.88447700024108, 43.16355000010942], [-87.88445999962433, 43.163562000077164], [-87.88443600023321, 43.163579000136636], [-87.88442799983729, 43.163591000098684], [-87.88441600014171, 43.163609999924574], [-87.88440600009596, 43.16362699997069], [-87.88440100007308, 43.16363800003657], [-87.88440000024819, 43.163665000249416], [-87.8843940004004, 43.1636840000523], [-87.88438699982939, 43.16371899998404], [-87.88438500017958, 43.16374000019562], [-87.88438500017958, 43.1637510002411], [-87.88438900037754, 43.16377000001724], [-87.88439100002735, 43.16378199994177], [-87.88439199985227, 43.16379200009552], [-87.88439600005023, 43.163803000131686], [-87.88439299967717, 43.16382000012409], [-87.88439000020246, 43.16384300006777], [-87.88438199980652, 43.16388100021209], [-87.88437400030891, 43.16390199971274], [-87.88436699973792, 43.163920000214986], [-87.88436300043827, 43.16393600029296], [-87.8843580004154, 43.16395400012998], [-87.88435599986725, 43.163970000199065], [-87.88434800036966, 43.16398000032199], [-87.8843449999966, 43.164000999788605], [-87.88433999997373, 43.16402199990319], [-87.88433400012595, 43.164032000017606], [-87.88432599973004, 43.16404800006625], [-87.88431900005732, 43.16406699975002], [-87.88431499985937, 43.164090000255946], [-87.88431499985937, 43.16410999980568], [-87.88431999988224, 43.16413500005268], [-87.88430800018669, 43.164160000289456], [-87.88429200029314, 43.1641849998608], [-87.88427999969927, 43.16420099986937], [-87.88427300002658, 43.16421500011913], [-87.8842599996078, 43.16423100011985], [-87.88425100028527, 43.1642499997467], [-87.8842450004375, 43.16425899994721], [-87.88435400021744, 43.16429500008082], [-87.88433900014883, 43.164321000127735], [-87.88424000041462, 43.16429299967355], [-87.8842320000187, 43.164317999845665], [-87.88422299979787, 43.164337999976], [-87.88421299975212, 43.1643539999445], [-87.88420799972924, 43.1643630001297], [-87.88419400038386, 43.16439400017504], [-87.88418199978999, 43.164405999977], [-87.88417299956915, 43.16441400028049], [-87.88416599989645, 43.1644219999277], [-87.88415900022378, 43.16443000022909], [-87.88414900017803, 43.16444200002398], [-87.88413099973636, 43.16446399986021], [-87.88412200041384, 43.16447600030365], [-87.88411200036809, 43.164488999962394], [-87.8840989999493, 43.164499999873016], [-87.88408999972849, 43.164514999926695], [-87.88407899985783, 43.16452400008817], [-87.88407200018511, 43.16453499999253], [-87.88403200000215, 43.1645170003267], [-87.88401000026084, 43.16455900019394], [-87.88399900039019, 43.16457199983496], [-87.88398000012363, 43.164600000161265], [-87.88397500010075, 43.16461299979357], [-87.88396800042806, 43.16462500020774], [-87.88396000003213, 43.16463600009393], [-87.88394999998638, 43.16464699997812], [-87.88393800029083, 43.164658999730385], [-87.88392800024508, 43.16467299987519], [-87.88391200035157, 43.16469799989183], [-87.88390200030581, 43.16471299989685], [-87.88389499973482, 43.16472200002915], [-87.88389200026008, 43.164731000160174], [-87.8838939999099, 43.1647500002867], [-87.88389200026008, 43.164760000282], [-87.88386499959758, 43.16481299983644], [-87.88388600041229, 43.16482199995401], [-87.88365100023566, 43.16501200001546], [-87.8836260001213, 43.16507400008694], [-87.88365899973326, 43.16507999992145], [-87.8836470000377, 43.16511700008902], [-87.88361600007556, 43.16510999974027], [-87.88359900035712, 43.16514000019957], [-87.88355199960313, 43.16514199992392], [-87.88330700027906, 43.16561899979367], [-87.88327999961658, 43.16569399996181], [-87.88325700005036, 43.16575799970052], [-87.88329700023333, 43.16577099974161], [-87.8832749995937, 43.1658089999971], [-87.88324799982952, 43.165805999788105], [-87.88321900041552, 43.16586799970896], [-87.8832470000046, 43.16587800017646], [-87.88323699995885, 43.16589600009646], [-87.88321799969229, 43.16589399974161], [-87.88320699982164, 43.16591099980736], [-87.88320000014895, 43.16591999976316], [-87.88319299957793, 43.1659300002221], [-87.88318199970728, 43.16595200017768], [-87.8831750000346, 43.16596399967361], [-87.88316800036189, 43.16597300027681], [-87.88315499994309, 43.16599600006512], [-87.88313900004958, 43.16602600008931], [-87.88312900000383, 43.16604099976829], [-87.88310200023965, 43.16606000014259], [-87.88308299997308, 43.16606900007644], [-87.88305399966076, 43.1660810002046], [-87.88298699971361, 43.166086999940205], [-87.88297699966786, 43.16609599987007], [-87.88295400010165, 43.16612000011342], [-87.88293700038321, 43.166140000308964], [-87.88290800007088, 43.16620000020122], [-87.88290600042107, 43.1662170001818], [-87.88288799997942, 43.16625299981676], [-87.88288100030671, 43.16626300022118], [-87.88287499956063, 43.16627399981242], [-87.88286799988792, 43.16628599990025], [-87.88285799984219, 43.1663029998569], [-87.88284899962134, 43.16631999980888], [-87.88283899957561, 43.16633599991344], [-87.882831000078, 43.166361999746904], [-87.88281699983429, 43.166384000202115], [-87.88281099998652, 43.16639700010999], [-87.88279199971993, 43.16641999973861], [-87.88277800037454, 43.166435999817026], [-87.88276800032881, 43.166446000191485], [-87.88275499991002, 43.16646200026309], [-87.88274700041242, 43.16647799967528], [-87.8827330001687, 43.16650899995774], [-87.88271499972704, 43.16653399987819], [-87.88270499968131, 43.16655499977723], [-87.88269299998572, 43.16656999998154], [-87.88268200011508, 43.16657999967885], [-87.88267100024443, 43.16659300020024], [-87.88265899965056, 43.16660399973205], [-87.88265100015295, 43.16661700024831], [-87.88264199993212, 43.1666279997758], [-87.88263299971128, 43.16664100028696], [-87.8826200001908, 43.16665800014482], [-87.88260400029728, 43.16668099967516], [-87.88260099992422, 43.166702000178894], [-87.88259799955118, 43.166716999691886], [-87.88259900027441, 43.16673199985635], [-87.88259500007645, 43.16674600018127], [-87.8825850000307, 43.16675900001216], [-87.88256400011431, 43.16677500000173], [-87.8825499998706, 43.1667879998264], [-87.88255099969552, 43.16679899997831], [-87.88255599971839, 43.166810999963054], [-87.88256699958903, 43.16683000009785], [-87.88258000000782, 43.16685400005282], [-87.88257599980986, 43.1668709998514], [-87.8825649999392, 43.16688100015465], [-87.88255200041874, 43.166889000134006], [-87.88253300015218, 43.16690199993441], [-87.88252200028151, 43.16691499973204], [-87.88250999968764, 43.16693300000169], [-87.88250899986271, 43.166943000294836], [-87.88250999968764, 43.16695600008375], [-87.88251899990846, 43.16696999970211], [-87.88252300010645, 43.16697999998921], [-87.88252700030439, 43.166992999770244], [-87.8825280001293, 43.16700499971684], [-87.88252499975626, 43.16701999981064], [-87.88253200032726, 43.167038999880425], [-87.88253499980199, 43.16706000026108], [-87.88253099960403, 43.167080999979305], [-87.88252999977911, 43.16709500022423], [-87.88252999977911, 43.16711299978567], [-87.88253099960403, 43.1671349999704], [-87.88253499980199, 43.16716199994802], [-87.8825359996269, 43.167177999832084], [-87.88253399997707, 43.16719699985273], [-87.88253200032726, 43.16721400021106], [-87.88252899995422, 43.16724900008597], [-87.88252399993134, 43.16728099980433], [-87.88251300006067, 43.16731899977568], [-87.88250399983986, 43.1673519999385], [-87.88249999964188, 43.16736799977279], [-87.88249499961901, 43.167381000126454], [-87.88249100031939, 43.16739399982215], [-87.88248899977124, 43.16740700017029], [-87.88248499957328, 43.16742099968535], [-87.88248399974836, 43.16743599967694], [-87.88248000044872, 43.16744999984051], [-87.88247500042584, 43.16747100007986], [-87.88246799985484, 43.167518000308576], [-87.88243500024286, 43.16761800024271], [-87.88242199982409, 43.16766600017915], [-87.88240699975547, 43.16768999980565], [-87.88238900021211, 43.167721000128225], [-87.88236599974759, 43.16776000030034], [-87.8823380001585, 43.167811000235815], [-87.88229399977757, 43.16788000011933], [-87.88227100021136, 43.167931999771135], [-87.8822179996096, 43.16803000005301], [-87.8821680002792, 43.168111000073644], [-87.8821139998525, 43.16820399969797], [-87.88210100033204, 43.16823000004669], [-87.88208600026341, 43.16825400010679], [-87.8820700003699, 43.16828299986646], [-87.88202699981387, 43.168348999787895], [-87.88201099992037, 43.168379999776015], [-87.88189600029261, 43.16859399983549], [-87.88186000030761, 43.168676000222895], [-87.88185399956151, 43.168683999967165], [-87.88183099999529, 43.16873300017966], [-87.88181599992667, 43.16877000010011], [-87.88180500005603, 43.16880499973865], [-87.88178599978946, 43.168850999794685], [-87.8817609996751, 43.16887699986795], [-87.88173100043619, 43.168935999892476], [-87.88171499964436, 43.16896199992956], [-87.8816689996136, 43.169010000120224], [-87.88163600000162, 43.169026999973966], [-87.88160099984152, 43.16903600012586], [-87.88158900014596, 43.16904300002465], [-87.88157999992514, 43.16905099972085], [-87.88156499985651, 43.169066999765306], [-87.8815420002903, 43.169092999746674], [-87.88138400010654, 43.1690590000712], [-87.8813740000608, 43.16908599985356], [-87.88136999986284, 43.16909599979417], [-87.88136499983996, 43.16911300027917], [-87.88135899999219, 43.16913799978905], [-87.88135700034236, 43.169169000031864], [-87.88135999981711, 43.16917800016284], [-87.88135499979423, 43.16920400009695], [-87.8813520003195, 43.16922699997903], [-87.88134100044884, 43.16928600032062], [-87.88133499970274, 43.16931900007597], [-87.88133100040311, 43.16941000024203], [-87.8813389999007, 43.16946400013969], [-87.88133999972561, 43.16954800024954], [-87.88125100003717, 43.16967799967709], [-87.88124400036446, 43.16968800017597], [-87.8812259999228, 43.169722999943644], [-87.88428600044537, 43.16974199982784], [-87.88444999957859, 43.16973899981201], [-87.88565399987579, 43.16974600028548], [-87.88569099968572, 43.16974600028548], [-87.8856899998608, 43.16982300019885], [-87.88568800021099, 43.17008499978983], [-87.88575299960999, 43.170093000004684], [-87.88590400012106, 43.170110999992986], [-87.88716399959644, 43.17011199977377], [-87.88788099982193, 43.170113000209724], [-87.88816200002933, 43.170113000209724], [-87.88863999988021, 43.170125000198595], [-87.88913399962463, 43.170129999756476], [-87.88962700044245, 43.170134000188696], [-87.89011299979093, 43.17013799996549], [-87.89061300028145, 43.170141999742015], [-87.89109399960705, 43.170146999953666], [-87.89158300022692, 43.1701509997296], [-87.8920750003215, 43.17015500016045], [-87.89256800024101, 43.170158999935865], [-87.89306700000829, 43.17016400014612], [-87.89404100015173, 43.17017199969547], [-87.8947859999663, 43.1701790001193], [-87.89479000016426, 43.16988100018016], [-87.89479099998917, 43.1698350002447], [-87.89489700029439, 43.1698350002447], [-87.89540600010741, 43.169833000018855], [-87.89541000030536, 43.16961000030336], [-87.89549300014606, 43.16960899985917], [-87.89549399997097, 43.16959599997969], [-87.89553499997885, 43.16959699976891], [-87.89563000041339, 43.169599999791714], [-87.89624499963332, 43.16961100009235], [-87.89627300012073, 43.169692999769616], [-87.89660399965852, 43.16969800001803], [-87.89688599969084, 43.16970199982337], [-87.89688499986592, 43.16985400009405], [-87.89699700001891, 43.16985499987905], [-87.89754799966474, 43.16986199968404], [-87.89805400000301, 43.16986900014335], [-87.89835399957869, 43.169872000152786], [-87.89859200012837, 43.16987500016207], [-87.89876399965752, 43.169876999731365], [-87.898967999872, 43.16987999974041], [-87.89896500039727, 43.17001700021404], [-87.89896299984913, 43.17015500016045], [-87.89896200002421, 43.17023500020499], [-87.89991000022837, 43.170245999736096], [-87.90044199960764, 43.17026099968917], [-87.9005520001108, 43.17026500011276], [-87.90054700008794, 43.170470999955235], [-87.9005239996234, 43.17137200016491], [-87.90052799982136, 43.17163200015085], [-87.90053500039238, 43.17201999986567], [-87.9005579999586, 43.172396000195775], [-87.90061800023305, 43.17292800026252], [-87.90062599973065, 43.17299099989459], [-87.90069699987576, 43.17340899982118], [-87.90076100034818, 43.17369699973904], [-87.90084400018885, 43.17399399968539], [-87.9009670002125, 43.174339000086036], [-87.90109799973375, 43.17472700029111], [-87.90113500044201, 43.17481800026094], [-87.90124699969667, 43.17509599981828], [-87.90143099981968, 43.175506999937056], [-87.90144199969035, 43.17552899971877], [-87.90166699982124, 43.17595700008896], [-87.90176499973053, 43.176118999960764], [-87.90189299977705, 43.17612000029832], [-87.9036979999488, 43.17614199985918], [-87.90395400004184, 43.176145999897614], [-87.90459099990136, 43.17615199995475], [-87.90525799989814, 43.17615899969314], [-87.90525700007323, 43.176174000159186], [-87.90525600024831, 43.17624499978229], [-87.90581699993989, 43.17624899981397], [-87.9064859995865, 43.17625299984539], [-87.90723700014716, 43.17626400025792], [-87.9077459999602, 43.176268999968364], [-87.90881800001293, 43.17628100005791], [-87.90942399991032, 43.17629100013066], [-87.9112809999606, 43.17630700024372], [-87.91215899984456, 43.17631599997794], [-87.91282800038948, 43.17632299969748], [-87.91435099963059, 43.17634000013611], [-87.9143580002016, 43.176270000303504], [-87.91476699955722, 43.17627700002832], [-87.91499400023623, 43.17627799970817], [-87.91520799959818, 43.176281999737704], [-87.9152100001463, 43.176034999716954], [-87.91535300026145, 43.17603699973969], [-87.91543899957685, 43.17603800007858], [-87.91548399978268, 43.17603899976239], [-87.91551100044519, 43.17494099973103], [-87.9155199997677, 43.174571999922385]]]}, "properties": {"id": "covered-us-wi-fox-point", "status": "covered", "jurisdiction": "Fox Point", "country_id": "us", "state_id": "wi", "area_type": "city", "note": "Covered by public tree inventory for Fox Point; geometry from official jurisdiction boundary."}}, {"type": "Feature", "geometry": {"type": "Polygon", "coordinates": [[[-88.0699469997252, 42.85042299978304], [-88.06994300042555, 42.84827200010638], [-88.06993699967944, 42.84784700000368], [-88.06994300042555, 42.847713999990695], [-88.06993699967944, 42.84715699988565], [-88.06993699967944, 42.846172000222275], [-88.06993000000676, 42.845832000011946], [-88.06992400015899, 42.84332299993456], [-88.06696699956856, 42.84334200026949], [-88.06006700034537, 42.84338800032814], [-88.05809899996702, 42.84338900017153], [-88.05514300009983, 42.8433909998583], [-88.05436599959988, 42.8433909998583], [-88.05203700044481, 42.84339300020362], [-88.05126099976978, 42.84339400004692], [-88.05022300005224, 42.843394999890215], [-88.05007200043951, 42.843394999890215], [-88.04650800012676, 42.843414000203005], [-88.04538099982244, 42.843420999762074], [-88.04531999972309, 42.84341900007633], [-88.04525899962373, 42.843420999762074], [-88.04445000023503, 42.8434249997921], [-88.04184099979919, 42.84343900022431], [-88.04110799968016, 42.843443000253124], [-88.04097200013605, 42.843444000095666], [-88.03977799988458, 42.84344999980896], [-88.03619799967832, 42.84346800026274], [-88.03500500015008, 42.84347499981569], [-88.03427299985599, 42.843478000000246], [-88.0320779996969, 42.84348900023662], [-88.03134700012602, 42.843494000103874], [-88.03118499974431, 42.843494000103874], [-88.03070199987056, 42.843495999787244], [-88.03054100021208, 42.84349800012917], [-88.02675900033945, 42.8435159999103], [-88.01710699966695, 42.84356099999882], [-88.01541500037143, 42.843569999880884], [-88.01163400032372, 42.84358900013985], [-88.01148399963759, 42.84358900013985], [-88.01103699974884, 42.843590999820094], [-88.01088799978594, 42.84359300015895], [-88.00896999963628, 42.84359300015895], [-88.00321600008564, 42.84359499983906], [-88.00129899976092, 42.843595999679096], [-87.99928500025013, 42.843595999679096], [-87.993243999746, 42.84359700017779], [-87.99140299958925, 42.84359800001779], [-87.99123100006011, 42.84359800001779], [-87.98990700011231, 42.843598999857775], [-87.98593799974363, 42.84360399971617], [-87.98461499962073, 42.843606000054606], [-87.98435299967991, 42.843606000054606], [-87.9840620003251, 42.843606000054606], [-87.98240399956813, 42.8436079997343], [-87.98185200009739, 42.843609000232796], [-87.9817320004468, 42.843609000232796], [-87.98137199969838, 42.843609000232796], [-87.98125299987268, 42.843609000232796], [-87.98076999999893, 42.8436079997343], [-87.97932200020256, 42.843606000054606], [-87.97884000015371, 42.843606000054606], [-87.97842199967897, 42.84360500021469], [-87.97716700022646, 42.84360399971617], [-87.97674999957663, 42.84360399971617], [-87.97602900005148, 42.843602999876225], [-87.97593199996709, 42.84359999969774], [-87.97587099986775, 42.843598999857775], [-87.9757210000799, 42.843602999876225], [-87.97566900020138, 42.843598999857775], [-87.971877000283, 42.84359800001779], [-87.97150099964107, 42.84359700017779], [-87.96958400021464, 42.843593999999015], [-87.9638359996135, 42.84358599996069], [-87.96192000001197, 42.843584000280224], [-87.96135299957432, 42.84358299978134], [-87.95965200005797, 42.84358000026055], [-87.95908600034353, 42.84358000026055], [-87.95725400040762, 42.84357099972132], [-87.9563520002342, 42.8435669997008], [-87.95612999957804, 42.843565999860246], [-87.95535799999928, 42.8435619998394], [-87.95522900012784, 42.8435619998394], [-87.95496800001193, 42.84356000015822], [-87.95487199975247, 42.84356000015822], [-87.95478300006401, 42.84356000015822], [-87.95454299986449, 42.8435579998183], [-87.95355799985039, 42.84355399979694], [-87.95334000029051, 42.843552999956216], [-87.95322999978734, 42.843552000115494], [-87.95311199978657, 42.843551000274694], [-87.95287300031028, 42.843551000274694], [-87.95275799978424, 42.84354999977531], [-87.95264099960838, 42.84354999977531], [-87.95251099991204, 42.843548999934484], [-87.9524950000185, 42.843548999934484], [-87.95212099992469, 42.843547000252876], [-87.95199200005327, 42.843547000252876], [-87.95190400018973, 42.84354599975338], [-87.95197199996177, 42.84443199992445], [-87.95196899958873, 42.844538999709656], [-87.95196899958873, 42.84455399971394], [-87.95195699989317, 42.845069000068065], [-87.95192900030408, 42.84622100020098], [-87.95184899993812, 42.849679000269084], [-87.95182299999887, 42.850831999768495], [-87.95179899970942, 42.85163200013022], [-87.95173099993735, 42.854032999957944], [-87.95170800037113, 42.85483400000291], [-87.95168800027966, 42.855492000063435], [-87.95163200020315, 42.85746699993861], [-87.95161399976149, 42.858125999864086], [-87.95157000027886, 42.859973000324985], [-87.9515300000959, 42.86166699981083], [-87.95144200023236, 42.86551699985368], [-87.95139899967633, 42.867364999895194], [-87.95138699998077, 42.86785300010682], [-87.95136299969133, 42.86885399975886], [-87.95135099999575, 42.86932000022481], [-87.95134500014797, 42.86957400011918], [-87.95134000012511, 42.86981000027137], [-87.95134000012511, 42.86982500006365], [-87.95132599988139, 42.87037700015423], [-87.95128599969843, 42.8720220000121], [-87.95128499987352, 42.872078000151674], [-87.95127400000285, 42.87259800024379], [-87.95127200035304, 42.87264600029476], [-87.95127200035304, 42.872660000028304], [-87.95126099958406, 42.87302299986328], [-87.95123200017007, 42.87411199972447], [-87.95122299994924, 42.874476000234154], [-87.9512199995762, 42.87453900010437], [-87.95121499955332, 42.874730999970645], [-87.95121399972841, 42.87479500023218], [-87.95119799983487, 42.875363999711276], [-87.95115199980413, 42.877074000112806], [-87.95113900028365, 42.87759099973792], [-87.95113799956043, 42.87764500019636], [-87.95112500003994, 42.878102000001554], [-87.95108800023003, 42.87947300017428], [-87.95107599963613, 42.87993100017458], [-87.95107300016141, 42.8800100002592], [-87.95106700031363, 42.88025000027901], [-87.9510659995904, 42.88032999985874], [-87.95106300011567, 42.88042200013585], [-87.95105800009279, 42.88056299999383], [-87.95103800000132, 42.881265000051144], [-87.95103200015353, 42.881498999831244], [-87.95102100028288, 42.88185099969099], [-87.95098899959751, 42.882909000109116], [-87.95097899955178, 42.88326199967925], [-87.95097100005417, 42.883511000199256], [-87.95095699981046, 42.884006999852794], [-87.95094900031285, 42.88425799967868], [-87.95094199974183, 42.884507000128046], [-87.9509250000234, 42.88505300025989], [-87.95087700034281, 42.886694000022636], [-87.95086099955098, 42.88724099967686], [-87.95083899980968, 42.88787000030339], [-87.95083700015985, 42.88795700031], [-87.95076799966458, 42.890108000282574], [-87.95074500009835, 42.890825000277424], [-87.95074500009835, 42.890841999693286], [-87.95071999998399, 42.891579000063274], [-87.95064899983888, 42.89379100000956], [-87.95062999957231, 42.89439699987938], [-87.95062600027266, 42.89452899969328], [-87.95062500044774, 42.89454299972678], [-87.95057799969376, 42.895981999707594], [-87.95049200037838, 42.89863500029677], [-87.95043700012677, 42.90034399970415], [-87.95039100009602, 42.9017979997862], [-87.95033900021748, 42.9033620002053], [-87.95018600005662, 42.90805800006553], [-87.95016400031531, 42.90874099979896], [-87.95013500000299, 42.90962300032552], [-87.95011300026167, 42.91026299984789], [-87.9500510003374, 42.91218600012692], [-87.95003000042101, 42.912827000045226], [-87.95002700004794, 42.91290099993701], [-87.95002000037526, 42.91312599982686], [-87.95001799982712, 42.913202000074854], [-87.9499960000858, 42.9138379998612], [-87.94993300033661, 42.915745999970525], [-87.94991200042023, 42.91638299979479], [-87.9498549996205, 42.91795400021064], [-87.94981600016075, 42.91903600007767], [-87.94968300009137, 42.92267000021231], [-87.94962700001487, 42.92422300025534], [-87.94962600018997, 42.924242000029096], [-87.94961000029642, 42.924613000288666], [-87.94956599991549, 42.925729000293366], [-87.9495519996718, 42.92610099996814], [-87.94952699955745, 42.92670499967687], [-87.94949999979328, 42.92739300025855], [-87.94947499967891, 42.928014999933474], [-87.94945899978538, 42.92839499984628], [-87.94945399976251, 42.9285170001035], [-87.94943600021917, 42.928985999753564], [-87.9494320000212, 42.929083999739845], [-87.94943100019628, 42.92912200022953], [-87.94942899964815, 42.92915499987415], [-87.94942699999832, 42.92921400007172], [-87.9494250003485, 42.92925400001743], [-87.94942399962528, 42.92928800001666], [-87.94942100015054, 42.929336999789044], [-87.94941500030276, 42.92948599971657], [-87.94941500030276, 42.929501999890405], [-87.94941399957953, 42.92953599975275], [-87.94940699990684, 42.92970300015812], [-87.94938699981536, 42.930203999973095], [-87.94938099996756, 42.930357000092854], [-87.94938099996756, 42.93037200029051], [-87.95024499960785, 42.930373999790376], [-87.95283999980002, 42.93038000026284], [-87.95370500016348, 42.93038300017001], [-87.9538809998906, 42.93038399991975], [-87.95413699998363, 42.93038500032727], [-87.95421700034956, 42.93038500032727], [-87.95575600038254, 42.930388000234196], [-87.95624299955594, 42.93038999973354], [-87.95627000021844, 42.93038999973354], [-87.9565279999613, 42.93038999973354], [-87.95730100026329, 42.930391999890574], [-87.95755999983105, 42.93039300029792], [-87.95780900025139, 42.93039400004755], [-87.95789499956679, 42.93039400004755], [-87.95807700004, 42.93039400004755], [-87.95890300004542, 42.930396000204446], [-87.9592389996061, 42.93039699995403], [-87.95929600040583, 42.93039699995403], [-87.95934800028435, 42.93039699995403], [-87.95950800011794, 42.93039699995403], [-87.95956099982136, 42.93039699995403], [-87.9598090004168, 42.93039699995403], [-87.95986299994516, 42.930396000204446], [-87.96059299969112, 42.930396000204446], [-87.96077199979126, 42.930396000204446], [-87.96107499973998, 42.930396000204446], [-87.96113500001444, 42.930396000204446], [-87.96151900015398, 42.93039499979716], [-87.96285300014753, 42.93039400004755], [-87.96329800038646, 42.93039400004755], [-87.96338000040221, 42.93039400004755], [-87.96362800009933, 42.93039400004755], [-87.96371099994002, 42.93039400004755], [-87.9639620000102, 42.93039300029792], [-87.96471400039576, 42.93039300029792], [-87.96496600029084, 42.93039300029792], [-87.96505800035236, 42.930391999890574], [-87.96533500036179, 42.930391999890574], [-87.96542800024821, 42.930391999890574], [-87.96560300015041, 42.930391999890574], [-87.96581300021268, 42.930391000140915], [-87.96696999975592, 42.930391000140915], [-87.9673560004436, 42.930391000140915], [-87.96739900010131, 42.930391000140915], [-87.96752799997273, 42.930391000140915], [-87.96757200035367, 42.930391000140915], [-87.96782900027162, 42.930391000140915], [-87.96790700008941, 42.93038999973354], [-87.96808700001448, 42.93038999973354], [-87.9689110003701, 42.93038999973354], [-87.96906299980772, 42.93038999973354], [-87.96909999961765, 42.93038999973354], [-87.96911399986136, 42.930097999787584], [-87.96913700032589, 42.92963400017945], [-87.9691930004024, 42.92841200008529], [-87.96921000012082, 42.928049999746534], [-87.96926100017444, 42.92697799968194], [-87.97299100016853, 42.92693800023149], [-87.9791770004376, 42.926878000020494], [-87.97917999991233, 42.926796000032276], [-87.97918099973725, 42.92673799995865], [-87.97918599976013, 42.92656400006785], [-87.97918900013318, 42.92650700024625], [-87.97919400015604, 42.926348000222795], [-87.97920900022466, 42.92587200014413], [-87.97921500007244, 42.92571400028058], [-87.97921800044547, 42.92562199981535], [-87.98206800000746, 42.9255869999383], [-87.98425800014367, 42.925559999981985], [-87.98813100025288, 42.925506999862755], [-87.98904699977169, 42.92549499994114], [-87.9891179999168, 42.92369100026334], [-87.98910600022123, 42.923137999781545], [-87.99191499977533, 42.92316600000851], [-87.99567599973155, 42.92320599993481], [-87.99906199976904, 42.923240999848964], [-88.00150499962524, 42.92327099975957], [-88.00178400018282, 42.92327400001297], [-88.00299599997761, 42.92328800009716], [-88.0033320004366, 42.92314100004141], [-88.00409099959657, 42.922812000055316], [-88.00506200026527, 42.92223499978195], [-88.00562299995684, 42.92190299990019], [-88.00580799990477, 42.92178599980482], [-88.0063660001216, 42.921436999949044], [-88.00655199989443, 42.92132200007812], [-88.0065700003361, 42.921886999726006], [-88.00673699984235, 42.921890000046744], [-88.00713500022562, 42.921895000142506], [-88.00804800026968, 42.921907999994886], [-88.00903900013157, 42.921917000295934], [-88.00903599975851, 42.922040000111814], [-88.00903400010868, 42.92209999977244], [-88.00903099973566, 42.92228399990226], [-88.00902999991072, 42.92234499986336], [-88.00902099968988, 42.92269499971272], [-88.00899599957553, 42.92374499982906], [-88.00898800007793, 42.924096000128166], [-88.00898600042811, 42.92412899983417], [-88.00898399987997, 42.92422999986107], [-88.00898399987997, 42.92426400000223], [-88.00898300005507, 42.9242800002169], [-88.00898200023015, 42.92432900002633], [-88.00898200023015, 42.92434600007192], [-88.00897399983424, 42.92463900015926], [-88.0089710003595, 42.92478800026853], [-88.00959499980026, 42.92478699977016], [-88.01346899973437, 42.924782999749766], [-88.01637600009609, 42.92477899972917], [-88.01640100021044, 42.924035999780216], [-88.01641399973091, 42.92366599985147], [-88.01641600027905, 42.923264000044874], [-88.0164420002183, 42.922580000216485], [-88.01651400018834, 42.91963000008064], [-88.01896799991518, 42.91963100000495], [-88.01898800000667, 42.91973799970515], [-88.0210180003093, 42.91973699978263], [-88.02141499996934, 42.91973699978263], [-88.02207799976816, 42.91973699978263], [-88.02276999987929, 42.91973699978263], [-88.02281900028309, 42.91973699978263], [-88.02387200006925, 42.91973699978263], [-88.02481799972527, 42.91973699978263], [-88.02575400023389, 42.91973699978263], [-88.02668999984418, 42.91973699978263], [-88.02884200034555, 42.91973699978263], [-88.0288249997288, 42.92027499985166], [-88.0287750003984, 42.921891999822], [-88.02875899960657, 42.92243100002937], [-88.0287560001318, 42.92252700016472], [-88.02871400029902, 42.92387799981225], [-88.02858100022964, 42.928221999816635], [-88.02853699984871, 42.92967000014935], [-88.02853600002379, 42.92970900003825], [-88.02853199982583, 42.929804000254485], [-88.02852000013027, 42.9302090000518], [-88.02851799958214, 42.930296000172326], [-88.02856600016102, 42.930296000172326], [-88.02878000042128, 42.93029400001218], [-88.02942399995351, 42.930291000100674], [-88.0295500003502, 42.93028999969168], [-88.02963900003866, 42.93028999969168], [-88.03058800006774, 42.930283999868145], [-88.0334359999799, 42.93026799989745], [-88.03438599983389, 42.93026299982357], [-88.03447299987252, 42.93026299982357], [-88.03467500043719, 42.930262000071814], [-88.03522500025811, 42.93025799974925], [-88.03774500010721, 42.93024300018157], [-88.03785300006223, 42.930241999771795], [-88.03852400025697, 42.930238999857764], [-88.03854799964809, 42.92943700006272], [-88.0385760001355, 42.92844100032747], [-88.03879100022066, 42.928439999888425], [-88.04084699956425, 42.928423000314865], [-88.04253499956013, 42.92840699986075], [-88.04502099997235, 42.92838599983388], [-88.04547200005906, 42.928382000047236], [-88.0454679998611, 42.92856599983151], [-88.045404000287, 42.93018299990119], [-88.04552300011268, 42.930182000148136], [-88.04568200012133, 42.93017999998428], [-88.04651899999742, 42.93017299973914], [-88.04679799965668, 42.93017100023274], [-88.0471299999177, 42.930168000315255], [-88.0481290001755, 42.930160000315375], [-88.04835900032927, 42.93015800015081], [-88.04861000039944, 42.93015699973961], [-88.04929300028974, 42.93015000014959], [-88.05178700019955, 42.930124999728065], [-88.05261900005277, 42.93011800013442], [-88.05381099975608, 42.930116999722564], [-88.05727100031174, 42.930073999757525], [-88.05858100001585, 42.930059999900095], [-88.05962899977914, 42.93005100013096], [-88.06254000033879, 42.930032999931115], [-88.06353000037575, 42.93001399997022], [-88.06637499991486, 42.929989999907434], [-88.0667509996585, 42.92998199988438], [-88.06843399963151, 42.92996599983524], [-88.069439999562, 42.92995499988127], [-88.06949599963849, 42.92995499988127], [-88.06951599972997, 42.92946299987048], [-88.06951099970709, 42.92924599989884], [-88.06958600005017, 42.92455400028861], [-88.06958699987509, 42.92451499976703], [-88.06958699987509, 42.9238149996829], [-88.06958699987509, 42.92318000011724], [-88.06958699987509, 42.923160000148926], [-88.06958699987509, 42.92195200028455], [-88.06959400044609, 42.91985700024174], [-88.06958699987509, 42.91960699984379], [-88.06957299963138, 42.91953200018442], [-88.06958699987509, 42.91943599998731], [-88.06958699987509, 42.91681500018561], [-88.06958699987509, 42.91627100029555], [-88.06958199985222, 42.915189999898736], [-88.06958600005017, 42.91331499991535], [-88.06958600005017, 42.91328499976247], [-88.06958400040035, 42.91321999992941], [-88.06958699987509, 42.91312799988651], [-88.06958699987509, 42.90969900028759], [-88.06958699987509, 42.9096469997696], [-88.06959100007305, 42.90795099982334], [-88.06958699987509, 42.90598899992274], [-88.06958699987509, 42.90161699967497], [-88.06958699987509, 42.900817999777786], [-88.06958699987509, 42.90057500011194], [-88.06958699987509, 42.900510000036256], [-88.06958600005017, 42.90021900019369], [-88.06958699987509, 42.89849300001937], [-88.06958600005017, 42.898415000182034], [-88.06956000011091, 42.89825700032721], [-88.06954400021738, 42.898167000212304], [-88.06948599959274, 42.89781500000744], [-88.06958699987509, 42.894315000102026], [-88.06958600005017, 42.88701500029226], [-88.06948599959274, 42.8829149999378], [-88.06952900014876, 42.882135000201025], [-88.0695380003696, 42.88197600022952], [-88.0695879997, 42.88111600003813], [-88.06958699987509, 42.88031599989039], [-88.06958600005017, 42.8750149996787], [-88.06958600005017, 42.87287899981969], [-88.06958600005017, 42.87286900023395], [-88.06958600005017, 42.86904999988055], [-88.06958600005017, 42.86889700030241], [-88.06958500022525, 42.86886799969415], [-88.06958600005017, 42.86882100008699], [-88.06958600005017, 42.86726300006778], [-88.06958600005017, 42.8671730001575], [-88.06958600005017, 42.867016000058506], [-88.06968599960929, 42.8653190000717], [-88.06968599960929, 42.86371399969031], [-88.06976099995235, 42.86261200023008], [-88.06974900025679, 42.86255099976247], [-88.06971900011955, 42.86233399993128], [-88.06972699961716, 42.86152399982036], [-88.06973900021106, 42.86115899975204], [-88.06974199968577, 42.86078500015342], [-88.06974900025679, 42.86044999986072], [-88.0697640003254, 42.860023000123455], [-88.06978199986875, 42.859080000082166], [-88.0697919999145, 42.85892599990702], [-88.06979699993735, 42.85819899994875], [-88.06979799976227, 42.858188999960284], [-88.06981500037904, 42.85766499987989], [-88.0698129998309, 42.85740100025608], [-88.0698139996558, 42.85735399982055], [-88.06983600029544, 42.8564089999221], [-88.06984999964082, 42.856052000308985], [-88.06988099960296, 42.854249999987374], [-88.06988999982379, 42.85404200028995], [-88.06989099964869, 42.853772000296345], [-88.06990999991527, 42.85317199988928], [-88.06991400011322, 42.85264500030341], [-88.06992199961084, 42.85250199983379], [-88.06993599985454, 42.85162700026305], [-88.06994300042555, 42.85076400013249], [-88.0699469997252, 42.85042299978304]]]}, "properties": {"id": "covered-us-wi-franklin", "status": "covered", "jurisdiction": "Franklin", "country_id": "us", "state_id": "wi", "area_type": "city", "note": "Covered by public tree inventory for Franklin; geometry from official jurisdiction boundary."}}, {"type": "Feature", "geometry": {"type": "Polygon", "coordinates": [[[-87.95475799994965, 43.148488000023434], [-87.95461999985739, 43.14816900013633], [-87.95451500027539, 43.147929000167565], [-87.9537820001564, 43.14625499993446], [-87.95353799975892, 43.14569700015615], [-87.9533519999861, 43.1452590002082], [-87.95279399976926, 43.14394499988713], [-87.9526079999964, 43.14350800005595], [-87.95252599998064, 43.1433190002007], [-87.95227999993335, 43.14275400020811], [-87.95219899974249, 43.14256600021985], [-87.95207599971886, 43.142283999808924], [-87.95170699964791, 43.14143799994828], [-87.95158500034749, 43.141156000233686], [-87.95114599995634, 43.1401390002286], [-87.95095099996267, 43.13968199973907], [-87.94984700012289, 43.137090999971974], [-87.94905600027755, 43.13525700031744], [-87.94842199989274, 43.13378400024527], [-87.94828600034863, 43.13348599979426], [-87.94787799991963, 43.132595000090696], [-87.94774200037551, 43.13229800014563], [-87.947538000161, 43.131804999814086], [-87.94711700021152, 43.13078600011518], [-87.94692700024073, 43.130325999887575], [-87.94671100033067, 43.12986099990377], [-87.94630100025182, 43.12891000010347], [-87.94602699971713, 43.12829099987453], [-87.94600099977785, 43.128232999751305], [-87.94601099982361, 43.12772800029966], [-87.9460800003189, 43.12536399970009], [-87.94610299988511, 43.124567999905615], [-87.94610500043326, 43.12440300009616], [-87.94611399975577, 43.123912000144514], [-87.94611799995373, 43.123747999760795], [-87.94612200015169, 43.123549000279944], [-87.94613399984725, 43.12295199992052], [-87.94613800004521, 43.122751999917426], [-87.94615599958856, 43.12221300028946], [-87.94616399998449, 43.122160999762734], [-87.9461730002053, 43.122097000264326], [-87.94617499985513, 43.122055000065316], [-87.9462009997944, 43.1211289996866], [-87.9462009997944, 43.12110300027949], [-87.94620400016747, 43.12102899973766], [-87.94620499999236, 43.12100400021662], [-87.94620900019032, 43.12089200024378], [-87.94552799994985, 43.12087899983557], [-87.9455670003079, 43.11972600010473], [-87.94556899995771, 43.119650999913866], [-87.94541999999481, 43.11964700011093], [-87.94542800039072, 43.11935100019809], [-87.94543500006343, 43.119120000181724], [-87.94541099977398, 43.119120000181724], [-87.94528000025272, 43.11911800026294], [-87.9452219996281, 43.11911599968836], [-87.94504800044915, 43.11911299980993], [-87.94499099964942, 43.11911299980993], [-87.94491399965652, 43.119110999890914], [-87.9446860000509, 43.11910800001228], [-87.94464900024097, 43.11910800001228], [-87.9446099998829, 43.11910700005267], [-87.94466500013448, 43.11887699973424], [-87.9446940004468, 43.118556000165135], [-87.94395600030492, 43.118545999822636], [-87.94380300014406, 43.118546999791356], [-87.94380399996895, 43.11848299979114], [-87.94380499979387, 43.11845599994512], [-87.94380899999183, 43.11833800006547], [-87.94381300018979, 43.11821800001], [-87.9440530003893, 43.11821500008759], [-87.94477499973937, 43.11820900024228], [-87.94501599976377, 43.118207000293715], [-87.94501999996173, 43.11806499984392], [-87.94503300038052, 43.117638999796], [-87.94503800040339, 43.11749799998113], [-87.94504099987813, 43.117385000160084], [-87.9451100003734, 43.117387000135516], [-87.94565500017146, 43.11739600002414], [-87.94566199984415, 43.117132000117415], [-87.94597999986146, 43.11713800006832], [-87.9460169996714, 43.11585399978674], [-87.94603000009019, 43.115508000297524], [-87.94597999986146, 43.11550700027914], [-87.94588500032523, 43.11550600026068], [-87.94579800028657, 43.115504000223766], [-87.94553999964542, 43.11549900013122], [-87.94545400033, 43.11549800011264], [-87.94538099963675, 43.11549600007547], [-87.94516200025195, 43.11549300001961], [-87.94508899955869, 43.11549200000092], [-87.94484900025749, 43.11548499986987], [-87.94413200003201, 43.115465000146656], [-87.94389299965741, 43.115459000031706], [-87.94392199996973, 43.11444799980205], [-87.94392399961954, 43.11436500005897], [-87.94394600025917, 43.11362200012591], [-87.94395200010698, 43.113393000228186], [-87.94395799995475, 43.11320499981765], [-87.9440039999855, 43.11320499981765], [-87.94409100002414, 43.1132069999297], [-87.94455700017946, 43.1132149997215], [-87.94455600035454, 43.11332699997543], [-87.94467699983005, 43.113321000306634], [-87.94469600009663, 43.113321999704965], [-87.94474499960212, 43.11332299975911], [-87.94480300022674, 43.1133249998673], [-87.94515200020622, 43.1133379999132], [-87.9454750002464, 43.113343000182354], [-87.94556899995771, 43.11334599968784], [-87.94575200025584, 43.11334799979527], [-87.94578300021797, 43.112256000263116], [-87.94529500032135, 43.112272000094265], [-87.94518200034344, 43.112293999691275], [-87.94506900036554, 43.11231599993619], [-87.94454399976067, 43.11236800030475], [-87.94398200024419, 43.112358000262496], [-87.94397999969607, 43.112407999801526], [-87.94397800004623, 43.112509000135944], [-87.94397399984827, 43.112627000107835], [-87.94396399980252, 43.11298400014887], [-87.9435899997087, 43.11297400020727], [-87.94358700023399, 43.113068999914155], [-87.94357200016536, 43.11361000018975], [-87.94351299971582, 43.11361000018975], [-87.94348599995165, 43.11361000018975], [-87.94343700044614, 43.11444000017143], [-87.94340399993588, 43.1154370002609], [-87.94328199973714, 43.115436000241345], [-87.94316200008653, 43.11543400020214], [-87.94280499971117, 43.1154280000841], [-87.94268599988547, 43.11542600004464], [-87.94242599959448, 43.11542099994573], [-87.94164499979489, 43.115406000302194], [-87.94138600022711, 43.11540200022178], [-87.94100100026263, 43.11539700012085], [-87.93984899984399, 43.11538299983616], [-87.93946499970443, 43.115378999754235], [-87.93939199990947, 43.11542299998535], [-87.93914800041034, 43.11551499977024], [-87.93902799986142, 43.115560999938694], [-87.93886999967766, 43.115386999917824], [-87.93849700030708, 43.11538099979522], [-87.93957400038269, 43.116513000052734], [-87.93958500025333, 43.1165270000789], [-87.94005100040866, 43.117019000276166], [-87.93993599988261, 43.11741099983562], [-87.93994900030141, 43.1175390000445], [-87.94009900008923, 43.11774599991297], [-87.93998299973829, 43.117877999995656], [-87.93998600011133, 43.11790999999272], [-87.9399989996318, 43.117981999760914], [-87.94007099960183, 43.11837499967991], [-87.94003700016496, 43.11857300028461], [-87.9400470002107, 43.11886500017286], [-87.94005100040866, 43.11896299980053], [-87.94004999968544, 43.11902899987622], [-87.93995699979901, 43.119027999915325], [-87.93760099998146, 43.11898800015552], [-87.93748600035373, 43.118985000270804], [-87.93715699956745, 43.11897999980698], [-87.93714200039715, 43.11897899984533], [-87.937027999696, 43.11897799988362], [-87.9369709997946, 43.118976999921934], [-87.93680000009039, 43.11897400003669], [-87.93674300018897, 43.11897300007489], [-87.9366119997694, 43.1189700001895], [-87.93621900030733, 43.1189639997625], [-87.93608899971268, 43.118961999838604], [-87.93602199976553, 43.11896099987661], [-87.93596099966616, 43.118958999952625], [-87.93557999989963, 43.11895300018027], [-87.93545400040126, 43.118951000256025], [-87.93533499967727, 43.118947999713825], [-87.93500499996438, 43.11894299990265], [-87.93497999985001, 43.1189419999404], [-87.93486199984925, 43.11894000001579], [-87.93472299993208, 43.118937000128724], [-87.93430600018054, 43.11892899977352], [-87.93416800008828, 43.11892699984849], [-87.93414499962375, 43.11892699984849], [-87.93400999990455, 43.11859400027144], [-87.93390799979728, 43.118355000245515], [-87.93373799991798, 43.117930000228256], [-87.93374299994086, 43.11776000031283], [-87.9335069999393, 43.11657700014624], [-87.93339200031157, 43.115988000037554], [-87.93325099984625, 43.11526599995459], [-87.93308900036287, 43.1152629998874], [-87.9319510001879, 43.11524500013713], [-87.93035000023066, 43.11522000022014], [-87.92853800038623, 43.11519100019868], [-87.9273259996931, 43.11517299977146], [-87.92732099967023, 43.11562699974937], [-87.92730200030198, 43.11618699984894], [-87.92730200030198, 43.116359000209066], [-87.92756000004483, 43.116532000087496], [-87.92770900000775, 43.11663200017317], [-87.92776699973406, 43.11667100016226], [-87.9277120003808, 43.11881200011476], [-87.92757699976328, 43.118809000221425], [-87.92745799993757, 43.11880700029248], [-87.92669899987929, 43.11879300013223], [-87.92644600015932, 43.1187890002732], [-87.9262129996325, 43.118785999723066], [-87.92551700022172, 43.11877700003885], [-87.92528500041813, 43.118774000143794], [-87.92505199989131, 43.11877100024864], [-87.92435599958222, 43.11876199990649], [-87.92412399977862, 43.118759000010755], [-87.9238829997542, 43.11875300021878], [-87.92316300005398, 43.11873700011495], [-87.92292299985446, 43.11873200028652], [-87.92266000008873, 43.11872599983618], [-87.92213500038218, 43.118715000211175], [-87.92187099989322, 43.11871200031313], [-87.9216080001275, 43.11871099969138], [-87.9214530003168, 43.11870899975922], [-87.9209889998113, 43.1187049998947], [-87.92083499982552, 43.118703999928506], [-87.92095000035154, 43.11857700015776], [-87.92097299991775, 43.11852199991192], [-87.92104800026084, 43.11841699978223], [-87.92121899996506, 43.118268999980344], [-87.92148900030179, 43.11800399992818], [-87.92160399992954, 43.11784799994228], [-87.92170600003678, 43.11771299984785], [-87.92172899960299, 43.11769600014514], [-87.92191600009906, 43.1174270002862], [-87.92200499978752, 43.11722299996552], [-87.92200499978752, 43.11720100017319], [-87.92204999999336, 43.11711300026895], [-87.92212500033644, 43.1170079996886], [-87.92230400043658, 43.116831999854256], [-87.92243099975987, 43.11672800010167], [-87.92271600016524, 43.11641899979401], [-87.92294799996883, 43.11608400032063], [-87.92308299968803, 43.11595200030241], [-87.92313499956657, 43.11591299985501], [-87.92323300037417, 43.115769999969274], [-87.92331500038993, 43.11569300014462], [-87.92342900019277, 43.11554400029387], [-87.92347199985045, 43.11548899994487], [-87.92351700005631, 43.115444999761145], [-87.9236519997755, 43.11524200006892], [-87.92368100008784, 43.11515399997051], [-87.92370100017932, 43.11512399989311], [-87.92374100036228, 43.115065999745504], [-87.9237709996012, 43.11497800004976], [-87.92389100015012, 43.1147800002716], [-87.92395100042458, 43.11451500019198], [-87.92400999997581, 43.114338999744945], [-87.92402500004442, 43.114119000277775], [-87.92406600005229, 43.11404499981421], [-87.92407000025025, 43.11400900024759], [-87.9241000003875, 43.113943000003424], [-87.9241299996264, 43.11374500015538], [-87.92415999976363, 43.11367900028225], [-87.9242200000381, 43.11330500009395], [-87.92420499996948, 43.11321699983323], [-87.92420300031965, 43.113130000159], [-87.92416999980938, 43.113023999898836], [-87.92413499964928, 43.11292000023224], [-87.92411999958065, 43.112568000150354], [-87.92408199994583, 43.112000999848775], [-87.92396899996793, 43.11168600010742], [-87.92385599999002, 43.11152700015941], [-87.92394800005152, 43.11136999997043], [-87.92401599982358, 43.111310000025746], [-87.92421500001521, 43.1111669998767], [-87.92455599959877, 43.111087999981315], [-87.92482400028568, 43.11102099977426], [-87.925058999564, 43.110933000164124], [-87.92536999990863, 43.11078199968131], [-87.9256009998873, 43.11063200023564], [-87.92586600020117, 43.11059100013517], [-87.92598900022483, 43.11066199989183], [-87.92666600026735, 43.110720000278505], [-87.9267769996971, 43.110740000240796], [-87.92708200019395, 43.11067599994499], [-87.92732400004327, 43.110625000204436], [-87.92758099996124, 43.11051499979635], [-87.92784399972696, 43.11029499969871], [-87.92808399992647, 43.110231000249165], [-87.92830700040756, 43.110089000309316], [-87.92835799956285, 43.11004500017793], [-87.92890200043429, 43.10963800025065], [-87.92913699971263, 43.10947800011179], [-87.92925399988847, 43.10941200022777], [-87.92934299957695, 43.10936100008977], [-87.92937799973704, 43.10933599973656], [-87.92967599966288, 43.10912099995008], [-87.92980799990735, 43.109026000017394], [-87.93007499987105, 43.10883500023802], [-87.93038500039076, 43.10861299974207], [-87.93049900019358, 43.10853100008786], [-87.93079799994432, 43.10824000021247], [-87.9309519999301, 43.10799299993591], [-87.93097000037177, 43.10772400005418], [-87.93087199956416, 43.107419000138115], [-87.93084899999795, 43.10734900005047], [-87.93073600002005, 43.10719500010058], [-87.9305710001636, 43.10706299992883], [-87.93043700026931, 43.10698699980023], [-87.93018299982609, 43.106892999993846], [-87.93003300003826, 43.106859999978745], [-87.92976299970151, 43.106837999740165], [-87.92919399961404, 43.10676099982671], [-87.92901500041219, 43.10672300024255], [-87.92896500018348, 43.106715000258035], [-87.92847599956363, 43.10664100002399], [-87.92823700008735, 43.10656399986268], [-87.92811599971353, 43.10654200017357], [-87.92800399956053, 43.10650300028794], [-87.92795400023013, 43.10648600009457], [-87.9279319995905, 43.10647999975516], [-87.92790999984919, 43.10647100022865], [-87.92763700003773, 43.106377000285754], [-87.92727800001252, 43.106211999953196], [-87.92694900012455, 43.10601999974566], [-87.92688800002519, 43.10597599996851], [-87.92667899978781, 43.1058549997625], [-87.92649899986274, 43.105722999980436], [-87.92644699998422, 43.10567300022716], [-87.9262970001964, 43.10545900021829], [-87.9262970001964, 43.10543700013204], [-87.92622199985331, 43.10530500010452], [-87.92622299967823, 43.10528299996294], [-87.92617699964748, 43.10521700014667], [-87.92614700040856, 43.10512900006228], [-87.92613200033995, 43.10501900027085], [-87.92614700040856, 43.104930999901825], [-87.92614700040856, 43.10453400008545], [-87.92613200033995, 43.1044899998961], [-87.92613200033995, 43.10426299968385], [-87.92608700013412, 43.104115999961245], [-87.9260720000655, 43.103851999827555], [-87.92607299989042, 43.10357599993133], [-87.92606299984466, 43.10339700017227], [-87.92603400043066, 43.103127000205234], [-87.92597199960807, 43.10296599987677], [-87.92590200018618, 43.10277800023244], [-87.92586399965303, 43.10269400017687], [-87.92576900011679, 43.102570000009116], [-87.92555400003164, 43.10240799995102], [-87.92536099968778, 43.10228599967293], [-87.92509200007429, 43.10215299982931], [-87.9250090002336, 43.10208599968031], [-87.92503400034796, 43.1015540001138], [-87.92502900032508, 43.1014249996742], [-87.92503299962472, 43.10120100000401], [-87.92504600004352, 43.10053299975234], [-87.92505100006639, 43.10030999970907], [-87.92582299964516, 43.100332999936406], [-87.92814000000297, 43.10040500005036], [-87.92853900021113, 43.100418000216784], [-87.92859100008967, 43.10041899982584], [-87.92723000033195, 43.09808899996832], [-87.92706799995024, 43.09781500028841], [-87.92705399970654, 43.09778999981134], [-87.9270360001632, 43.09775799978922], [-87.9269459997515, 43.09760500029275], [-87.92541299956633, 43.097117000107666], [-87.92590200018618, 43.097115000125754], [-87.92664700000076, 43.09711199982488], [-87.92661600003862, 43.09704300007872], [-87.92554999983368, 43.09517599975591], [-87.92508600022649, 43.095172000321305], [-87.92508799987633, 43.09470599978436], [-87.92505799973908, 43.09470599978436], [-87.92506100011214, 43.09456800003998], [-87.92207099990976, 43.094545000271], [-87.9219539997339, 43.09454399991011], [-87.92192799979463, 43.09454300020513], [-87.92183699955802, 43.09454199984421], [-87.91899000036909, 43.09452100013212], [-87.91899299984384, 43.09456599997486], [-87.91906499981387, 43.09461699997534], [-87.91914199980675, 43.0946729997597], [-87.91926200035567, 43.094760000084555], [-87.91935600006701, 43.09482500032199], [-87.91929400014273, 43.094821999908866], [-87.91908099970739, 43.09482300026527], [-87.9191800003399, 43.09489199988899], [-87.91923999971604, 43.09493300000886], [-87.91938500037931, 43.09503299996217], [-87.91947999991557, 43.09509300011812], [-87.91957000032724, 43.09515199986432], [-87.91969400017581, 43.09522899994788], [-87.91976799979565, 43.095275000275365], [-87.91706899984642, 43.09525299980934], [-87.91707300004437, 43.095009999711856], [-87.91707600041744, 43.094911000075946], [-87.91707899989215, 43.094780000013586], [-87.91904399989747, 43.09479500012008], [-87.9190110002855, 43.09477100007912], [-87.91892900026976, 43.094711000263615], [-87.91888099969084, 43.094680000303114], [-87.91883899985805, 43.094645999905225], [-87.91879600020035, 43.09461099978455], [-87.9187509999945, 43.094576000299845], [-87.9187080003368, 43.0945410001392], [-87.91866700032892, 43.09450599995851], [-87.91862499959781, 43.09447200011995], [-87.91858000029028, 43.09443600019315], [-87.91853799955918, 43.09440000024518], [-87.91849599972637, 43.0943649999839], [-87.91845399989359, 43.094328999994204], [-87.9184120000608, 43.09429299998334], [-87.91837199987782, 43.09425699995132], [-87.91833000004502, 43.09422099989807], [-87.91828999986205, 43.094184999823725], [-87.91824899985417, 43.094148000016794], [-87.91821399969407, 43.09411300026748], [-87.91816799966331, 43.094075000048484], [-87.91812800037866, 43.09403800017509], [-87.91808900002061, 43.09400100027934], [-87.91804899983764, 43.093963999705245], [-87.91801000037789, 43.09392699976478], [-87.91797100001983, 43.09388900008632], [-87.91793199966177, 43.09385200010054], [-87.91789400002693, 43.09381399971961], [-87.91785600039209, 43.09377599997102], [-87.91781799985894, 43.09373899991698], [-87.91778000022411, 43.09369999974718], [-87.9177430004142, 43.09366199992786], [-87.91770599970596, 43.09362400008497], [-87.91757900038267, 43.0934959997157], [-87.91711300022735, 43.09300499973835], [-87.91699400040166, 43.092879000163556], [-87.91699600005148, 43.092697999836574], [-87.91699799970131, 43.09260500013101], [-87.91700199989927, 43.092407000139346], [-87.91651700037568, 43.09189500000258], [-87.916539000117, 43.091103000133735], [-87.91655900020848, 43.08980400014109], [-87.91590200025743, 43.0898019999204], [-87.91488700010613, 43.089798000134785], [-87.91425500026945, 43.08978900012421], [-87.91055299986446, 43.08976400030657], [-87.90958999959167, 43.08976899987733], [-87.90924900000813, 43.08975600007414], [-87.90788300022754, 43.08974600027412], [-87.90786300013606, 43.09079200016124], [-87.90781700010531, 43.091499000036386], [-87.9078100004326, 43.092500999883846], [-87.90780100021176, 43.09391099973044], [-87.90775000015816, 43.09651000031336], [-87.90772699969362, 43.09753799975838], [-87.9077180003711, 43.098111999718064], [-87.90770999997518, 43.09850499998237], [-87.90770400012741, 43.09880099970947], [-87.90770099975435, 43.098954999785995], [-87.90782999962579, 43.09913000023764], [-87.90798500033479, 43.09933899996803], [-87.90815299966597, 43.09956499979318], [-87.90818700000115, 43.09958800030037], [-87.90860700012573, 43.099952999863646], [-87.90876600013438, 43.10009200020524], [-87.90953199986535, 43.1005879997676], [-87.90977299988977, 43.10074399980434], [-87.90994000029436, 43.10085200020241], [-87.91007300036377, 43.10087500022613], [-87.91063900007819, 43.10097799977013], [-87.91088799960022, 43.10102300011509], [-87.91111399955602, 43.101064000065364], [-87.9115129997642, 43.101135999975604], [-87.911626999567, 43.101157000042804], [-87.91180599966714, 43.10118900025625], [-87.91191000032254, 43.10120799980117], [-87.91204599986668, 43.10123199994282], [-87.91233200009694, 43.10128399988955], [-87.91279200040448, 43.10136799991202], [-87.91280499992493, 43.10136999975498], [-87.91282699966625, 43.101380999873975], [-87.91284900030587, 43.10139300024002], [-87.91304000010159, 43.10149100029916], [-87.91306500021594, 43.101504999826325], [-87.91326699988231, 43.10160899986778], [-87.91329600019462, 43.101624000269126], [-87.91341800039336, 43.101686999946914], [-87.91350799990673, 43.10173300001427], [-87.91386899958175, 43.10192100024394], [-87.91398699958253, 43.10201700029209], [-87.9144000000344, 43.10235300025896], [-87.91480000006749, 43.10267799980962], [-87.91483000020472, 43.102702000030966], [-87.91558300041521, 43.10298899976219], [-87.91606499956575, 43.10317299984651], [-87.9166520000949, 43.10330000010257], [-87.91687499967765, 43.10334800004807], [-87.91687399985274, 43.10340799992708], [-87.91686999965478, 43.103559000236864], [-87.91686800000495, 43.10364599974238], [-87.91696000006647, 43.104133999705276], [-87.9169490001958, 43.10462899977527], [-87.9164200002913, 43.10460800024317], [-87.9156460001644, 43.10459800024482], [-87.91449000044608, 43.10458299991626], [-87.91325500018675, 43.10456800023993], [-87.91203099979805, 43.104551999706636], [-87.90989300043869, 43.10452400007501], [-87.90959499961454, 43.10452100013718], [-87.91159899997791, 43.10586100016317], [-87.9116469996585, 43.105892999885484], [-87.91199499981303, 43.10612599967507], [-87.91198999979017, 43.10634200031201], [-87.91198899996526, 43.10644199999656], [-87.91198300011747, 43.10669299996739], [-87.91197399989665, 43.10716399990198], [-87.91196700022395, 43.10744900005751], [-87.91196200020107, 43.10770099998018], [-87.91195299998024, 43.10806299994292], [-87.91192799986588, 43.1091519998134], [-87.9119210001932, 43.10951499983674], [-87.91191199997236, 43.10987799967474], [-87.9118879996829, 43.11096599995076], [-87.9118800001853, 43.111329999795245], [-87.91224099986033, 43.11133400014183], [-87.91332499960862, 43.11134699995485], [-87.91365299967168, 43.11135199973087], [-87.91360800036416, 43.112890999776674], [-87.91184099982726, 43.11286700027116], [-87.91184000000234, 43.11290099973179], [-87.91183300032965, 43.11317900032237], [-87.91183099978153, 43.113272000256906], [-87.91181400006307, 43.113827000037695], [-87.91176499965927, 43.11549500005688], [-87.91174899976575, 43.1160510000149], [-87.91174200009306, 43.11632400004153], [-87.91172100017666, 43.11714300002699], [-87.91171600015377, 43.11735399987674], [-87.91227000017265, 43.117360999793995], [-87.9122529995559, 43.118047000262095], [-87.91221800029412, 43.118047000262095], [-87.91218099958587, 43.118046000285155], [-87.91213999957799, 43.11804500030824], [-87.91205199971445, 43.11804299969858], [-87.91169799971212, 43.11803899979053], [-87.91168400036673, 43.11859400027144], [-87.9116750001459, 43.11900600011624], [-87.91164800038172, 43.12024299999489], [-87.91163999998581, 43.12065599981722], [-87.91163099976497, 43.12101200030051], [-87.91160599965062, 43.12208200029026], [-87.91159899997791, 43.12243900024932], [-87.91158899993218, 43.12276200022817], [-87.91155999961985, 43.12373400007547], [-87.91155100029735, 43.12405800030813], [-87.91154000042668, 43.124422000303525], [-87.91150699991641, 43.125512999897], [-87.91149699987066, 43.1258780002628], [-87.91169500023739, 43.12588099980948], [-87.91210699996603, 43.125887000213766], [-87.91210600014114, 43.125965000170446], [-87.91210199994316, 43.126095999722686], [-87.9120979997452, 43.126229999835196], [-87.91209500027048, 43.12636400030983], [-87.91209400044555, 43.126377000208144], [-87.91209100007252, 43.12650199984595], [-87.91209100007252, 43.126513000037875], [-87.91208799969947, 43.12663000004962], [-87.91208699987456, 43.12665000005723], [-87.91208400039982, 43.12676500013807], [-87.91208000020185, 43.12689800026414], [-87.91207799965373, 43.12696599996544], [-87.9120769998288, 43.12702899978515], [-87.91207299963084, 43.127158999853314], [-87.9120690003312, 43.12728200020811], [-87.9120690003312, 43.12729499991134], [-87.91206500013324, 43.127418999816406], [-87.91206500013324, 43.12742999984343], [-87.91206099993528, 43.1275620000134], [-87.91205799956222, 43.12769600019262], [-87.91205199971445, 43.1278889997441], [-87.91204900023972, 43.128018999951365], [-87.91204400021684, 43.12814400016749], [-87.91204400021684, 43.128154000252394], [-87.91203900019396, 43.12833599980786], [-87.91203800036907, 43.12834800013413], [-87.9120340001711, 43.128509999719434], [-87.91203300034618, 43.12853200003473], [-87.91202800032333, 43.12870399978331], [-87.91202699960009, 43.128730999696096], [-87.91217399991318, 43.12873299995628], [-87.91217100043846, 43.12885400016785], [-87.91216700024049, 43.128989999735296], [-87.91189000023107, 43.12897500014011], [-87.91189000023107, 43.129014999926575], [-87.91176200018454, 43.12901400012889], [-87.91173500042035, 43.129012999675616], [-87.91173500042035, 43.12902499986907], [-87.91172799984936, 43.12932500000716], [-87.91170500028313, 43.12950600022232], [-87.91180900004021, 43.12950600022232], [-87.91191500034543, 43.12950799980153], [-87.91198200029257, 43.12950799980153], [-87.91218599960875, 43.12951099982583], [-87.91225400027913, 43.129512000271], [-87.91224900025625, 43.12959700002312], [-87.91224800043135, 43.1296409998638], [-87.91224599988321, 43.129710000235676], [-87.91224500005829, 43.12974100015889], [-87.91224199968525, 43.12987800016001], [-87.9122380003856, 43.130014000072954], [-87.91223400018764, 43.1301519998973], [-87.91222999998968, 43.130287999856584], [-87.91222699961664, 43.13038799974941], [-87.91222599979172, 43.130444000247365], [-87.91222099976885, 43.130609000152056], [-87.91221499992108, 43.13082999975611], [-87.91221300027125, 43.130880999702605], [-87.91220800024838, 43.131048999688424], [-87.91220700042346, 43.13110099987149], [-87.91220700042346, 43.131114999837564], [-87.9122030002255, 43.131268000147756], [-87.91220099967737, 43.13132300008004], [-87.9121959996545, 43.13149199992008], [-87.91219499982958, 43.131543999726446], [-87.91219400000467, 43.13156700001755], [-87.91218999980671, 43.131706000025005], [-87.91218399995891, 43.13192700025421], [-87.91217999976097, 43.13206300020005], [-87.91216200021762, 43.13253499997965], [-87.91211299981381, 43.13255200014819], [-87.91205300043768, 43.132574000320766], [-87.91199200033832, 43.132595999829846], [-87.91193299988876, 43.13261799998654], [-87.91187299961432, 43.132640000135325], [-87.91181300023815, 43.13266200027624], [-87.91175299996371, 43.13268500014689], [-87.91169400041247, 43.1327080000089], [-87.91163400013802, 43.13273099986219], [-87.9115760004117, 43.13275399970689], [-87.91151699996215, 43.13277700019852], [-87.91145800041092, 43.13280099976167], [-87.91139899996138, 43.13282499997102], [-87.9112940003794, 43.13286900011175], [-87.91128599998348, 43.13312400009559], [-87.91126900026502, 43.13313100017528], [-87.91123999995271, 43.13313100017528], [-87.91070699985025, 43.133124999826094], [-87.91064999994883, 43.13315100002395], [-87.91059499969727, 43.13317700021074], [-87.91054000034399, 43.1332040001157], [-87.91048599991731, 43.13323000027995], [-87.9104299998408, 43.133257000161464], [-87.91037600031245, 43.13328400003109], [-87.91032199988578, 43.13331099988876], [-87.9102669996342, 43.13333799973454], [-87.91021300010584, 43.13336500022393], [-87.91015899967915, 43.13339299977196], [-87.91010500015079, 43.13342099996273], [-87.91005200044737, 43.133449000140686], [-87.90999800002068, 43.13347700030582], [-87.90994500031724, 43.133504999802554], [-87.90989199971547, 43.13353400032139], [-87.90983900001203, 43.133561999792036], [-87.90978700013349, 43.133591000283836], [-87.90973400043003, 43.13362000010631], [-87.90968199965319, 43.13365000029252], [-87.90962999977465, 43.13367900008703], [-87.9095770000712, 43.13370900024429], [-87.90952600001756, 43.13373800001081], [-87.90947400013904, 43.13376800013914], [-87.90942300008541, 43.13379800025275], [-87.9093720000318, 43.13382799969608], [-87.90932000015324, 43.133859000154224], [-87.90926999992453, 43.13388999994119], [-87.90921899987093, 43.1339199999949], [-87.9091689996422, 43.1339509997509], [-87.90911799958857, 43.13398200014674], [-87.90906900008308, 43.134014000242836], [-87.90901899985437, 43.13404499995118], [-87.90896899962566, 43.13407700001427], [-87.90891900029527, 43.134109000060654], [-87.90886999989145, 43.134141000090246], [-87.90882100038596, 43.13417300010315], [-87.90877199998216, 43.13420500009924], [-87.9087240003016, 43.13423700007866], [-87.9086749998978, 43.13426999975306], [-87.90862700021721, 43.13430300006516], [-87.90857899963832, 43.13433599970395], [-87.90853099995773, 43.13436899998048], [-87.90848400010208, 43.13440200023922], [-87.9084360004215, 43.134436000189154], [-87.90838899966752, 43.134468999756166], [-87.90830400017703, 43.134515000096286], [-87.90821299994042, 43.13457300016233], [-87.90815600003901, 43.134638999786205], [-87.90814900036634, 43.13494999990605], [-87.90814199979532, 43.135249999825604], [-87.90812300042705, 43.13595700022594], [-87.90812300042705, 43.136003999785736], [-87.90811500003113, 43.136287999676426], [-87.90810699963522, 43.13658800024273], [-87.90810099978742, 43.13682899983043], [-87.90808200041918, 43.13755099979163], [-87.90807999987102, 43.137632999889064], [-87.90806700035057, 43.13797300023922], [-87.90806200032769, 43.13809799977698], [-87.90805499975667, 43.138412000247044], [-87.9080149995737, 43.14036300028244], [-87.90797000026618, 43.14171199967563], [-87.90796000022044, 43.14201900022231], [-87.90795099999961, 43.14233399980001], [-87.90794799962654, 43.142417999850295], [-87.90785700028827, 43.1424160000377], [-87.90780299986159, 43.1424160000377], [-87.90776299967862, 43.14290799980957], [-87.90785700028827, 43.14291000026154], [-87.90792900025829, 43.142910999832004], [-87.90791900021256, 43.1432639999146], [-87.90789999994597, 43.14390300027], [-87.90789699957293, 43.143994999830646], [-87.90808999991678, 43.14399700024704], [-87.90818799982607, 43.14399799979973], [-87.9083309999412, 43.1439990000079], [-87.90861799999638, 43.14400300018487], [-87.90853099995773, 43.14688099970534], [-87.90850599984337, 43.1476430003069], [-87.90839299986547, 43.147641000009806], [-87.90838399964464, 43.1480039997675], [-87.90835600005556, 43.148991000163385], [-87.90834299963677, 43.149462999700255], [-87.9083519998576, 43.14969899974034], [-87.90833500013916, 43.14978300015673], [-87.90831800042072, 43.1498630000091], [-87.90844899994198, 43.149871000250755], [-87.90878000037809, 43.14987500004346], [-87.90901600037964, 43.14987600015544], [-87.90956000035277, 43.14988499985182], [-87.90955699997971, 43.149983999701504], [-87.90955500032989, 43.150055999729794], [-87.91014000031092, 43.15006299983724], [-87.91024900009086, 43.150065000055065], [-87.91138499971767, 43.15008199993764], [-87.91149699987066, 43.1500840001548], [-87.911746000291, 43.15008699982507], [-87.91249600012847, 43.150096000145766], [-87.91274700019864, 43.150098999815455], [-87.91309299980503, 43.150101000032095], [-87.91324000011812, 43.15010300024863], [-87.91342300041623, 43.150108000134395], [-87.91341800039336, 43.150271999961106], [-87.9142090002387, 43.15028199970455], [-87.91419099979704, 43.150312999685205], [-87.91432499969133, 43.15031399979], [-87.91396099964325, 43.15087400021224], [-87.91287199987208, 43.152556000320395], [-87.91275499969623, 43.1527379999965], [-87.91254600035718, 43.15313899990164], [-87.91244900027279, 43.153494000007996], [-87.91242900018132, 43.15357000003969], [-87.91236200023417, 43.15427100003175], [-87.91233100027202, 43.15459000018272], [-87.91229699993683, 43.15495700007141], [-87.91226900034773, 43.155618999846844], [-87.91226799962452, 43.15592900005397], [-87.91248899955745, 43.15752299987254], [-87.91252600026569, 43.158164999848694], [-87.91250399962607, 43.15866599970066], [-87.91228900043923, 43.15937399990703], [-87.91210000029334, 43.15999699980488], [-87.91194100028467, 43.16065500027963], [-87.91187000013957, 43.16117400002882], [-87.91174999959065, 43.161934000175705], [-87.91176499965927, 43.161934000175705], [-87.91241699958742, 43.161942000147654], [-87.91242300033353, 43.16171600004522], [-87.91317300017097, 43.161724000045716], [-87.91330600024038, 43.16172200020953], [-87.91329500036973, 43.16215200018354], [-87.91329299982158, 43.16223900024905], [-87.91357900005184, 43.16224199997792], [-87.91523600008559, 43.162287999734325], [-87.91544600014787, 43.16228099971664], [-87.91544699997277, 43.16226100022336], [-87.91545000034583, 43.16217799983198], [-87.91547899975983, 43.16121099994106], [-87.91562199987497, 43.156359000168635], [-87.91566999955555, 43.155001000013655], [-87.91577599986074, 43.14952900029201], [-87.9157790002338, 43.14938699980443], [-87.9158140003939, 43.14773100020488], [-87.91530899988051, 43.14547899977526], [-87.91499099986319, 43.14407900022051], [-87.91510399984111, 43.14408099997865], [-87.91517900018418, 43.14408200018547], [-87.91524000028355, 43.14408200018547], [-87.91533200034506, 43.144082999736774], [-87.91542600005637, 43.14408399994356], [-87.91548799998067, 43.144085999701545], [-87.9154550003687, 43.14394199991544], [-87.91545000034583, 43.14391999990005], [-87.9151530002449, 43.14263400019865], [-87.91535599973618, 43.1426379998095], [-87.91596500000662, 43.14264300030584], [-87.91658099994979, 43.142648999721125], [-87.9165740002771, 43.1428780002326], [-87.91654800033781, 43.1436969999823], [-87.91688300007358, 43.143707999703395], [-87.91722500038034, 43.14372099984792], [-87.91733300033538, 43.14373999995334], [-87.91744700013818, 43.14375100032214], [-87.91813800042442, 43.14368999980127], [-87.9187290002532, 43.14363900004971], [-87.91920000043139, 43.14349900007606], [-87.91965499981774, 43.14336499978229], [-87.91971300044237, 43.14142300012874], [-87.91973799965841, 43.14055299970826], [-87.9208480002443, 43.140565999868194], [-87.92098799998638, 43.14056799974129], [-87.92098100031369, 43.140557999719675], [-87.92097399974267, 43.14054000020106], [-87.92096600024509, 43.14053000017487], [-87.92144599974579, 43.140535000188166], [-87.92175500044058, 43.14054000020106], [-87.92176200011328, 43.14055700011074], [-87.92176399976309, 43.14057000026982], [-87.9217710003341, 43.14059400005201], [-87.92177299998393, 43.1406059999396], [-87.92177800000681, 43.140619999696185], [-87.92177700018189, 43.140637999846746], [-87.92178700022762, 43.140655999992006], [-87.92178700022762, 43.14067299986939], [-87.92178999970237, 43.14068799987299], [-87.92178999970237, 43.140701000004206], [-87.92179700027339, 43.14072499973498], [-87.92191799974889, 43.14094199976814], [-87.92221200037507, 43.14136999995014], [-87.92225900023074, 43.14142499997376], [-87.92226099988056, 43.141441000042846], [-87.92226400025362, 43.14145799970201], [-87.92227099992631, 43.141479999947904], [-87.92227599994916, 43.14150500027735], [-87.92228099997205, 43.14151800023485], [-87.92229000019287, 43.14153100018955], [-87.92230000023864, 43.14154100005203], [-87.92231199993418, 43.14155099991286], [-87.92233200002569, 43.14157699980555], [-87.92238399990421, 43.14162100020382], [-87.92239800014791, 43.14163599997478], [-87.92241999988923, 43.14164899990444], [-87.92243699960765, 43.14166600016125], [-87.92245000002644, 43.14167799983839], [-87.92248900038452, 43.141706000168426], [-87.92251199995074, 43.141714999756736], [-87.92253000039238, 43.1417319999952], [-87.92254000043812, 43.141749000228884], [-87.92255700015657, 43.14176200013451], [-87.922573999875, 43.1417780001154], [-87.92259999981428, 43.14179499968087], [-87.92261099968493, 43.141805000155586], [-87.92263400014947, 43.141819999881456], [-87.92264800039317, 43.14183599984716], [-87.92266199973855, 43.14184899973429], [-87.92267500015734, 43.141859000200185], [-87.9226919998758, 43.141873000325376], [-87.92271600016524, 43.14188499996189], [-87.9227410002796, 43.14188999986438], [-87.92277200024174, 43.141896000009], [-87.92280099965573, 43.14190399998248], [-87.92282900014314, 43.14191099971254], [-87.9228550000824, 43.14191999992621], [-87.92287799964862, 43.14192700030991], [-87.92291000033399, 43.141937999693994], [-87.9229329999002, 43.141946000317404], [-87.92296899988521, 43.14196500031899], [-87.92298499977873, 43.14197399986923], [-87.92300999989308, 43.141984000314714], [-87.92305799957367, 43.14199200027663], [-87.92307799966515, 43.141994999688535], [-87.92310399960444, 43.142002000063655], [-87.92313100026692, 43.14200899978255], [-87.92322400015334, 43.142038000201204], [-87.92325000009261, 43.142044999915974], [-87.92329399957522, 43.142049000220794], [-87.92333799995615, 43.142063000302436], [-87.92342699964462, 43.14207199983825], [-87.92345599995694, 43.142074999901695], [-87.92348299972112, 43.142074000317514], [-87.92350899966038, 43.14207699972544], [-87.92353600032288, 43.142084000091174], [-87.92357099958467, 43.14208599991463], [-87.92365699979838, 43.142092000040016], [-87.9236929997834, 43.14209699992557], [-87.92372499957045, 43.14210199981072], [-87.9237630001036, 43.1421060001118], [-87.92379599971557, 43.14210900017364], [-87.92382300037805, 43.14210999975721], [-87.92386299966272, 43.142120999763826], [-87.92388399957912, 43.14212500006372], [-87.92390600021872, 43.14213600006765], [-87.923932000158, 43.1421409999496], [-87.92395499972422, 43.14215000012936], [-87.92397399999079, 43.142155000010185], [-87.9240529996335, 43.142192999877544], [-87.92406299967925, 43.14220099981211], [-87.92408799979361, 43.14220999998309], [-87.92411700010594, 43.14221499985896], [-87.92414999971788, 43.14222500026502], [-87.92417700038038, 43.14222700008386], [-87.9241990001217, 43.14222700008386], [-87.92421800038827, 43.14222899990263], [-87.92424099995449, 43.142230000139705], [-87.92425799967293, 43.14223600025096], [-87.9242779997644, 43.1422449997613], [-87.92431899977228, 43.14226499990647], [-87.92445799968945, 43.14227400006802], [-87.92448700000178, 43.14227400006802], [-87.92453100038273, 43.14227100001428], [-87.92459599978172, 43.14224799981627], [-87.92462599991896, 43.14223600025096], [-87.92464900038348, 43.142233000195404], [-87.92467600014766, 43.142230000139705], [-87.92470499956165, 43.14222099997172], [-87.92472100035351, 43.14221499985896], [-87.924733999874, 43.14222200020893], [-87.92474200026992, 43.142233000195404], [-87.92474700029278, 43.1422440001799], [-87.92475099959242, 43.14225299968907], [-87.92475999981326, 43.14226400032543], [-87.92477300023205, 43.14227400006802], [-87.92478199955457, 43.14228500004514], [-87.92479300032353, 43.1422940002037], [-87.92480699966892, 43.14230599975763], [-87.92482599993549, 43.14231999978042], [-87.92484199982901, 43.142333000220106], [-87.92486000027068, 43.14234600000155], [-87.92488799985976, 43.14237400002562], [-87.92489899973043, 43.142381999936504], [-87.92490899977616, 43.142394000128576], [-87.92491499962395, 43.142417999850295], [-87.92491899982193, 43.142430000035304], [-87.9249310004158, 43.14245199993143], [-87.92494300011136, 43.14246299987652], [-87.9249609996547, 43.14247200000893], [-87.9249809997462, 43.14247000019811], [-87.92500300038583, 43.142464999687576], [-87.92504600004352, 43.14244800030846], [-87.9250729998077, 43.14243799993886], [-87.92508200002852, 43.14243100026909], [-87.92512399986134, 43.14240699989706], [-87.92513399990708, 43.14239499970753], [-87.92513899992994, 43.14237599983958], [-87.92513999975485, 43.14236499987883], [-87.92513700028013, 43.14234299995135], [-87.92510700014289, 43.14232799969837], [-87.92509200007429, 43.14231999978042], [-87.92507199998279, 43.142306999993444], [-87.92504799969335, 43.14229499978424], [-87.92503400034796, 43.142283000228204], [-87.92502799960187, 43.14227299983162], [-87.92501900027933, 43.142260000034646], [-87.92501300043156, 43.14224599999812], [-87.9250100000585, 43.14223500001398], [-87.92500800040868, 43.14222299979069], [-87.92500199966258, 43.14220800016369], [-87.92499400016499, 43.14219400011526], [-87.92497400007349, 43.14218499994193], [-87.92495499980691, 43.14218000006356], [-87.92493999973833, 43.14217599976732], [-87.924917999997, 43.142170000305605], [-87.92489999955535, 43.14216199971156], [-87.92490100027857, 43.1421509997123], [-87.92491999964682, 43.142139000127955], [-87.92493999973833, 43.14213100018528], [-87.92495399998202, 43.14212899970782], [-87.92497300024858, 43.142128000124565], [-87.92498999996704, 43.14213199976847], [-87.92501099988343, 43.14213300000718], [-87.92502900032508, 43.14213499982898], [-87.92504900041658, 43.14213499982898], [-87.92508100020362, 43.142145000248135], [-87.9251220002115, 43.142164000187876], [-87.92515399999856, 43.14218000006356], [-87.92517300026515, 43.142187999999834], [-87.92518499996069, 43.142192999877544], [-87.92520199967915, 43.1422020000497], [-87.92523299964128, 43.14221999973446], [-87.9252479997099, 43.14223399977699], [-87.92526000030377, 43.1422440001799], [-87.92527100017442, 43.14225299968907], [-87.92528000039525, 43.142260000034646], [-87.92528899971776, 43.142266999724], [-87.92530100031165, 43.14227700012157], [-87.9253110003574, 43.14228500004514], [-87.925318999855, 43.1422940002037], [-87.92533300009869, 43.14230899980959], [-87.92534999981713, 43.14232700011833], [-87.92535900003797, 43.1423369998506], [-87.9253690000837, 43.142369999742066], [-87.92537499993149, 43.14238800003284], [-87.92538499997723, 43.14240300027114], [-87.92539300037316, 43.142417999850295], [-87.9254030004189, 43.1424440000297], [-87.92542299961207, 43.14246799973175], [-87.92543799968068, 43.14249500012267], [-87.92544799972643, 43.1425150001861], [-87.92548899973431, 43.1425490002133], [-87.92554800018385, 43.142581999990334], [-87.92563000019962, 43.142614999749505], [-87.92566000033683, 43.142614999749505], [-87.92580299955367, 43.142680999869924], [-87.92613200033995, 43.14287099995774], [-87.92616199957885, 43.1428780002326], [-87.92618300039356, 43.14289999996751], [-87.9262980000213, 43.14296599978026], [-87.92654599971843, 43.14309300004373], [-87.92672900001654, 43.14320600022662], [-87.92675400013088, 43.14321800025701], [-87.92678799956776, 43.14323200007096], [-87.92681600005515, 43.143247000102136], [-87.92685000039035, 43.14326299969439], [-87.9268830000023, 43.14328300016204], [-87.92692900003307, 43.14329899974488], [-87.92696900021603, 43.14332200020296], [-87.92698900030753, 43.14333499977411], [-87.92702699994236, 43.143350999998795], [-87.92706700012533, 43.143373000218965], [-87.92710599958507, 43.143388999778246], [-87.92714099974516, 43.14340999976699], [-87.92717199970731, 43.14342799975154], [-87.92720699986741, 43.14344699994801], [-87.92725100024835, 43.143469000133635], [-87.92731900002042, 43.14351299982571], [-87.92735199963236, 43.143540999970746], [-87.92739799966311, 43.14358599982583], [-87.9274310001734, 43.14361399993749], [-87.92750700034138, 43.14367000012223], [-87.92755099982399, 43.143708999916264], [-87.92760400042576, 43.14375100032214], [-87.92764700008347, 43.1437819996824], [-87.92770700035793, 43.143828999781995], [-87.92773099974904, 43.143843000111474], [-87.92777099993202, 43.14388300000523], [-87.92782399963548, 43.14392599984543], [-87.92787300003928, 43.143969999864], [-87.9279030001765, 43.144003999737464], [-87.92791400004715, 43.14401800002687], [-87.92793999998644, 43.14404299997393], [-87.92806200018516, 43.14415800012286], [-87.92812999995722, 43.14424299983744], [-87.92815000004872, 43.1442689998962], [-87.92818000018593, 43.14430500000969], [-87.92820199992725, 43.144335000197316], [-87.92822399966855, 43.14437400022258], [-87.92824999960783, 43.14440000022557], [-87.92826399985152, 43.1444179999187], [-87.92827999974506, 43.144442999702136], [-87.92829200033893, 43.14447599976767], [-87.92829499981366, 43.14451800030199], [-87.92828800014097, 43.144537999703616], [-87.92828399994302, 43.14455899995306], [-87.92831699955498, 43.14467300024512], [-87.92835099989016, 43.14477200001582], [-87.92836299958573, 43.144787999864405], [-87.92837900037756, 43.14481000022288], [-87.92838900042332, 43.144826000061485], [-87.92840100011888, 43.14484400028462], [-87.92841299981444, 43.1448659999675], [-87.92842399968511, 43.14489000002959], [-87.9284379999288, 43.14491500027545], [-87.9284449996015, 43.1449380001256], [-87.92846600041621, 43.1449560003157], [-87.92847999976159, 43.14497500003728], [-87.92849599965513, 43.14499699967301], [-87.9285149999217, 43.145010999735014], [-87.92853599983809, 43.145033000013235], [-87.92856199977736, 43.14505500028354], [-87.92857900039411, 43.14507599969995], [-87.92859000026478, 43.14509600022985], [-87.92859899958728, 43.14511700028766], [-87.92860500033338, 43.14513100032218], [-87.92861700002895, 43.14515100017865], [-87.92862600024978, 43.145175000128894], [-87.92864799999109, 43.14520499988957], [-87.92867800012831, 43.145234000103024], [-87.92869700039489, 43.14524900029842], [-87.92872199961093, 43.145270999835546], [-87.92873400020481, 43.14528400030315], [-87.92874500007547, 43.145294000207144], [-87.92875099992324, 43.14530999991912], [-87.92875699977102, 43.145319999818916], [-87.92876500016695, 43.14532999971703], [-87.92877400038778, 43.145340000268995], [-87.92882399971818, 43.14536800023267], [-87.92884299998475, 43.14537800012294], [-87.92885899987829, 43.14538900019699], [-87.92887399994689, 43.14540099979888], [-87.92888300016772, 43.14541599995331], [-87.9288890000155, 43.14542999991935], [-87.92889300021346, 43.14545099986237], [-87.92889599968821, 43.14547100026959], [-87.92889800023633, 43.14548800011905], [-87.92890499990904, 43.14552100027587], [-87.92891099975682, 43.14553800011138], [-87.9289169996046, 43.14555600012486], [-87.92892400017561, 43.14557299995064], [-87.92893099984829, 43.14559099995377], [-87.92893800041931, 43.14560799976981], [-87.92894599991692, 43.14562500023656], [-87.92895400031283, 43.14564200004315], [-87.92896099998552, 43.14565899984506], [-87.92897000020636, 43.14567600029758], [-87.92897900042718, 43.145693000090034], [-87.92898399955175, 43.14571100005783], [-87.92899299977259, 43.14573099972454], [-87.92899899962036, 43.14574500027388], [-87.92900600019138, 43.14576300022636], [-87.92902000043507, 43.1457810001736], [-87.92903299995555, 43.14580799975676], [-87.92905999971974, 43.14584300009683], [-87.92907399996342, 43.14585999984279], [-87.92908499983409, 43.14587099983012], [-87.92909800025289, 43.145888000223735], [-87.92911499997132, 43.14590399978023], [-87.92913400023791, 43.145922999862556], [-87.92915000013141, 43.145939000065326], [-87.92916699984985, 43.14595500026386], [-87.92918299974338, 43.1459700002824], [-87.929205000383, 43.14598299994586], [-87.9292270001243, 43.14600000030832], [-87.92924200019293, 43.146015000315806], [-87.92927700035303, 43.14604999988192], [-87.92928800022368, 43.14606000031609], [-87.92929599972129, 43.14608399990941], [-87.92930499994212, 43.146104000109524], [-87.92931900018581, 43.14613000003217], [-87.92933300042952, 43.146149000044296], [-87.92935400034592, 43.14617200008554], [-87.92937400043739, 43.14618800022314], [-87.92938699995788, 43.1461969998071], [-87.92941000042241, 43.14620899990577], [-87.92944899988215, 43.14623000023667], [-87.92948300021733, 43.14625099990486], [-87.92952400022523, 43.14628000027752], [-87.9295500001645, 43.14630300026947], [-87.9295719999058, 43.14633099979206], [-87.92958000030173, 43.14634800005775], [-87.92958199995155, 43.14636599983273], [-87.92958299977646, 43.14638800027868], [-87.92958500032461, 43.14642300028665], [-87.92959100017238, 43.146461000122855], [-87.9296070000659, 43.14651799983282], [-87.9296149995635, 43.14656199995202], [-87.92961700011165, 43.14657600031102], [-87.9296199995864, 43.14658600000373], [-87.92962200013451, 43.14659599969474], [-87.92962499960927, 43.14660600003959], [-87.9296279999823, 43.14661599972733], [-87.92963100035536, 43.14662499990372], [-87.92963499965501, 43.146635000243826], [-87.92963800002805, 43.14664499992683], [-87.92964300005092, 43.14665400009894], [-87.92964700024888, 43.14666399977888], [-87.92965100044684, 43.146672999948194], [-87.92965700029461, 43.14668200011618], [-87.92966200031749, 43.14669199979154], [-87.92966700034037, 43.146700999956735], [-87.92967300018816, 43.146710000120606], [-87.92967900003593, 43.14671900028315], [-87.9296849998837, 43.14672799978893], [-87.92969099973149, 43.14673699994888], [-87.92971099982299, 43.14676499992806], [-87.92973400028752, 43.146799999720216], [-87.92977399957216, 43.146853999940674], [-87.92988999992312, 43.147049999806136], [-87.93002499964234, 43.1472309999931], [-87.93002600036556, 43.147249000163484], [-87.93023600042784, 43.147604999894696], [-87.93028099973539, 43.14770400016029], [-87.9303109998726, 43.147830000266396], [-87.93037500034502, 43.14796600023514], [-87.9303879998655, 43.14798400018904], [-87.93039299988837, 43.14800499991008], [-87.93041700017781, 43.14805599995163], [-87.93043200024643, 43.148115999907525], [-87.93044700031506, 43.14813299967678], [-87.93046200038366, 43.148215000000896], [-87.93047800027719, 43.14823199974261], [-87.93048599977477, 43.14826999976503], [-87.9304940001707, 43.14830500000618], [-87.93049599982054, 43.14833599967877], [-87.93050300039154, 43.14836099982613], [-87.93051099988914, 43.14839200012568], [-87.93051199971406, 43.148417000250085], [-87.93051699973692, 43.14845699977252], [-87.9305229995847, 43.14847699985163], [-87.93052099993487, 43.148500999806814], [-87.9305229995847, 43.148534999781845], [-87.9305229995847, 43.14855999984776], [-87.9305140002622, 43.14862499997136], [-87.93049699964544, 43.14866399988125], [-87.9304869995997, 43.148687000287], [-87.93047800027719, 43.148720000027645], [-87.93047200042939, 43.14875299975048], [-87.93046700040652, 43.148769999997974], [-87.93044899996487, 43.14880999994481], [-87.93043499972116, 43.14883899975881], [-87.93043200024643, 43.148868999687494], [-87.93042700022355, 43.14889700000088], [-87.93041499962968, 43.14893599973721], [-87.93040399975902, 43.14896500014684], [-87.93038899969041, 43.148988999910415], [-87.93037199997198, 43.14902100001747], [-87.93034799968252, 43.14905300010778], [-87.93032299956818, 43.14909100027512], [-87.93031599989547, 43.14911200027126], [-87.93030800039787, 43.14913399972893], [-87.93031400024564, 43.14917099972243], [-87.93032000009343, 43.14920200026657], [-87.93032799959103, 43.14923900021896], [-87.93033599998697, 43.14927200031699], [-87.93033900036001, 43.14929800020294], [-87.93033299961391, 43.14932500019883], [-87.93031400024564, 43.14936499978241], [-87.9302969996289, 43.149387999924386], [-87.93028599975824, 43.14943300006311], [-87.93027800026063, 43.14946100011812], [-87.9302759997125, 43.14950199973085], [-87.93027400006267, 43.14953800003949], [-87.93027400006267, 43.149569999859125], [-87.93026599966676, 43.14960000008442], [-87.93025999981899, 43.149626999946896], [-87.93026099964388, 43.14965399979746], [-87.93025599962102, 43.14970099997004], [-87.93025700034424, 43.14994299975676], [-87.93027200041286, 43.149959000218026], [-87.93028699958316, 43.15005300005801], [-87.9303180004436, 43.150108000134395], [-87.9303180004436, 43.150152000290966], [-87.93034799968252, 43.150207000278265], [-87.93036299975114, 43.15031700010437], [-87.93037799981975, 43.15033299981234], [-87.93037799981975, 43.15048200012774], [-87.93033900036001, 43.15063499982292], [-87.93033400033715, 43.15065800014232], [-87.930331999789, 43.150712000231394], [-87.93032199974326, 43.150764000077864], [-87.9303180004436, 43.15078600025166], [-87.93031199969752, 43.150806000224016], [-87.93029800035214, 43.15086399991031], [-87.93029099978112, 43.1508959996911], [-87.93027900008555, 43.15093799974654], [-87.93025999981899, 43.15097100023802], [-87.93024300010053, 43.15099599996295], [-87.93021499961313, 43.151015999866644], [-87.93019100022201, 43.1510260001437], [-87.93016799975747, 43.151025000050545], [-87.93013000012263, 43.15102899976774], [-87.9301130004042, 43.151036999856764], [-87.93009499996253, 43.151072999916614], [-87.93010099981034, 43.15110500024336], [-87.9300919995895, 43.151120999745046], [-87.93007099967309, 43.15114700015518], [-87.93004100043417, 43.15117500008037], [-87.93001999961946, 43.15119299974465], [-87.9300079999239, 43.15122500000855], [-87.93000399972594, 43.15126099995767], [-87.93000200007613, 43.151285000130464], [-87.93000600027408, 43.151325999830355], [-87.93000100025121, 43.151346000281436], [-87.92999299985529, 43.15137199994047], [-87.92996699991603, 43.151396000069674], [-87.92995600004537, 43.15140999997681], [-87.92993500012898, 43.151436000264056], [-87.92992699973306, 43.15144799998958], [-87.92991000001462, 43.15147100000303], [-87.92987999987739, 43.15150200003599], [-87.9298599997859, 43.151535000222935], [-87.92985899996098, 43.151579000007544], [-87.92986200033404, 43.151608999902116], [-87.92986599963368, 43.15161799999864], [-87.92987099965654, 43.151629000260534], [-87.92987300020468, 43.15164799987408], [-87.92987300020468, 43.15168200006462], [-87.92987300020468, 43.151701000317054], [-87.9298539999381, 43.1517279999068], [-87.92984399989237, 43.151749000307596], [-87.92983399984662, 43.15177900011873], [-87.92984200024254, 43.151790999776914], [-87.92985099956506, 43.151814000316655], [-87.92985300011321, 43.15182599996796], [-87.9298539999381, 43.15184699967977], [-87.9298580001361, 43.15186900011909], [-87.92985499976302, 43.151904999688924], [-87.92985700031117, 43.15192800018576], [-87.9298580001361, 43.151946999706354], [-87.92985099956506, 43.15196499979863], [-87.92985099956506, 43.15207000001272], [-87.92985099956506, 43.152092999792146], [-87.92985099956506, 43.15212400016493], [-87.92985599958793, 43.15214900007361], [-87.92985300011321, 43.15216999967443], [-87.9298599997859, 43.15218700028226], [-87.9298580001361, 43.152221000172894], [-87.92986599963368, 43.15223599996446], [-87.92994599999963, 43.152384000157106], [-87.92996500026621, 43.15240699981837], [-87.92998799983242, 43.15243000012628], [-87.93001700014473, 43.1524670000906], [-87.9300360004113, 43.152485000029685], [-87.93005399995465, 43.152508999721825], [-87.93008999993967, 43.15254899984312], [-87.93010699965811, 43.152575999713555], [-87.93012799957451, 43.15258799987061], [-87.93014699984109, 43.15259799989045], [-87.93016799975747, 43.15261400031202], [-87.93019299987184, 43.15263000007403], [-87.93021100031348, 43.15264599983186], [-87.93022999968174, 43.15267399972568], [-87.93024599957529, 43.152693999735575], [-87.9302680002149, 43.15271900006645], [-87.93028099973539, 43.15273399973579], [-87.93030500002482, 43.15275900005031], [-87.93034799968252, 43.152816999849264], [-87.93036899959893, 43.15283899993942], [-87.93039100023853, 43.15286899987086], [-87.93041800000273, 43.152900999912546], [-87.93044200029217, 43.15292500009664], [-87.93046700040652, 43.15293700018517], [-87.93049699964544, 43.152951999801004], [-87.93052400030794, 43.15298399979923], [-87.9305579997448, 43.153022000144006], [-87.93058100020936, 43.15304899980547], [-87.93059600027796, 43.15306600016874], [-87.93061700019436, 43.1530890002287], [-87.93062899988992, 43.15310100028498], [-87.9306480001565, 43.15312300027288], [-87.93068099976846, 43.153156000239925], [-87.93072900034734, 43.15319100030457], [-87.93074299969274, 43.153206999915575], [-87.93075399956338, 43.15321899994869], [-87.93079499957128, 43.15325900026064], [-87.9308180000358, 43.15328699987361], [-87.9308399997771, 43.15330600028238], [-87.93085900004368, 43.15333099970754], [-87.93089199965566, 43.15336400021757], [-87.93094000023454, 43.15341400032094], [-87.93099700013596, 43.153483000081835], [-87.9310499998394, 43.15351399974955], [-87.93111400031182, 43.153566999885015], [-87.93120100035046, 43.153632999977035], [-87.93122899993955, 43.153677000217264], [-87.93125900007678, 43.15369499980001], [-87.93127800034335, 43.153715000131136], [-87.93129599988669, 43.15375600016687], [-87.9313319998717, 43.15382899973093], [-87.93135899963588, 43.153869999690244], [-87.9313870001233, 43.15390299990922], [-87.931465999766, 43.153988999879815], [-87.93149599990323, 43.15401399968094], [-87.93157399972104, 43.1540720002549], [-87.93164400004123, 43.15412800003368], [-87.93171900038432, 43.154208000096766], [-87.93187099982195, 43.15439300021009], [-87.93195600021077, 43.15444000001509], [-87.93204300024941, 43.15453200010039], [-87.93209299957981, 43.154569000102754], [-87.93211699986925, 43.15461399970351], [-87.93213500031091, 43.15465299972389], [-87.93215700005223, 43.154699999984224], [-87.93217100029592, 43.15471599985546], [-87.93225099976355, 43.15476700019524], [-87.93227699970284, 43.154810000243074], [-87.9323319999544, 43.15487000012213], [-87.93236399974145, 43.154906999919845], [-87.93239300005378, 43.15493700014676], [-87.93242800021387, 43.15499099973173], [-87.9324659998487, 43.15502800011153], [-87.93249500016103, 43.155055000197414], [-87.93253799981873, 43.15510800030706], [-87.9325910004205, 43.1551530001662], [-87.93262800023042, 43.15519900001713], [-87.93266099984237, 43.15526699970486], [-87.93270699987313, 43.15531800024012], [-87.93272199994175, 43.15533900006266], [-87.93275000042915, 43.15535099967719], [-87.93279999975955, 43.15539900007761], [-87.93283300026984, 43.155431000105196], [-87.93284699961522, 43.15546100007487], [-87.93284800033844, 43.155478999787455], [-87.93283599974457, 43.15550100022997], [-87.93282499987392, 43.15553000014584], [-87.932824000049, 43.1555539999528], [-87.9328380002927, 43.15557399967551], [-87.93288500014837, 43.15560999968419], [-87.93291299973745, 43.155629000026046], [-87.9329510002706, 43.155644000291815], [-87.93299499975322, 43.15567300013977], [-87.93303800030924, 43.15571600020542], [-87.93307000009631, 43.15576000025651], [-87.93307299957104, 43.15577599985021], [-87.93313100019567, 43.15585100030633], [-87.93314700008919, 43.155879000042376], [-87.93315899978475, 43.15590000032745], [-87.9331680000056, 43.155926000015114], [-87.93317200020354, 43.15594800029664], [-87.93315600031002, 43.155968999902726], [-87.93314700008919, 43.155990000156876], [-87.93314899973902, 43.15600499967865], [-87.93316700018067, 43.15603299999947], [-87.93319300011994, 43.156062999673594], [-87.93319800014282, 43.1560739997907], [-87.93321900005921, 43.15609099996779], [-87.9332669997398, 43.15611300018992], [-87.93328600000636, 43.156128999691205], [-87.9332829996333, 43.1561509998997], [-87.9332669997398, 43.15615999998268], [-87.93324499999848, 43.1561720000913], [-87.93322999992986, 43.15619200026709], [-87.933224999907, 43.15620999976435], [-87.93323199957968, 43.156244000038136], [-87.93325099984625, 43.15627800029299], [-87.93327599996061, 43.156303999819826], [-87.93331399959544, 43.156360000174516], [-87.9333389997098, 43.1563969997254], [-87.93336899984705, 43.156452999994904], [-87.93339700033445, 43.156489000141015], [-87.93349199987068, 43.15661899983688], [-87.93354799994718, 43.15669899991547], [-87.93360800022164, 43.15680199986246], [-87.93361700044247, 43.15682299983034], [-87.93362499994008, 43.156836999804916], [-87.93363699963564, 43.15685699976304], [-87.93366199975, 43.15688799968519], [-87.93369500026027, 43.15693200020302], [-87.9337110001538, 43.15696000009902], [-87.93373500044325, 43.1569939999555], [-87.93378599959856, 43.15703999973123], [-87.93388400040617, 43.1571529996885], [-87.9339439997823, 43.157199999991974], [-87.93399599966084, 43.15722799976517], [-87.93404000004178, 43.15725400019842], [-87.93410799981383, 43.15730999968248], [-87.93419400002756, 43.15738000027603], [-87.93423599986035, 43.15741199992151], [-87.93427000019555, 43.157439000264674], [-87.9342889995638, 43.15746499995283], [-87.93429600013481, 43.157483999717904], [-87.93430600018054, 43.157507000080976], [-87.93439300021919, 43.15760000012159], [-87.93443099985403, 43.15763400027723], [-87.93445500014346, 43.15765399997449], [-87.93448600010561, 43.157697999940744], [-87.93452499956535, 43.1577379999421], [-87.93457399996916, 43.157764000158345], [-87.93461699962685, 43.15776900007261], [-87.93463699971835, 43.157774999969234], [-87.93467799972623, 43.15781499992019], [-87.93471100023649, 43.15785699980776], [-87.93476399993995, 43.157922999853625], [-87.93480599977275, 43.15796399968736], [-87.93483900028302, 43.15800200021195], [-87.93487799974277, 43.158042999992674], [-87.93491899975065, 43.15810399995113], [-87.9349720003524, 43.15822499971003], [-87.93501400018522, 43.15830600028126], [-87.93503599992653, 43.15837499976091], [-87.9350839996071, 43.1584540001901], [-87.9351199995921, 43.15851399976765], [-87.9351199995921, 43.15863999986828], [-87.93513600038395, 43.15865699998678], [-87.93513899985867, 43.1586720001645], [-87.935204000156, 43.15870299982115], [-87.93521400020175, 43.158713000150904], [-87.93522699972222, 43.1587399999192], [-87.93522800044545, 43.15877200016305], [-87.9352250000724, 43.1588260002908], [-87.93521699967648, 43.158873999927465], [-87.93520599980582, 43.15891099992195], [-87.93518400006451, 43.15894899985759], [-87.93513999968359, 43.159009000259616], [-87.93512700016312, 43.15902900016213], [-87.9375680003695, 43.15910299994104], [-87.9406740000245, 43.15919600017366], [-87.94066499980367, 43.159404999862815], [-87.94065099955996, 43.16011000019124], [-87.9407719999338, 43.160117999746745], [-87.94105399996609, 43.16012300012372], [-87.94181700022234, 43.16014700009255], [-87.94321899998795, 43.16019100022939], [-87.9450950003048, 43.16024599970061], [-87.94521800032845, 43.16024599970061], [-87.94646299973522, 43.160243999816046], [-87.9464820000018, 43.15972400007938], [-87.94630000042692, 43.159584000251016], [-87.94542900021564, 43.15891499977833], [-87.94513899978742, 43.15869200017727], [-87.94516700027482, 43.15767700027358], [-87.94522400017624, 43.15567800022519], [-87.94523900024485, 43.15518500032262], [-87.94525400031345, 43.15463499976797], [-87.94528299972748, 43.15362100002521], [-87.94531200003978, 43.15256999996182], [-87.94540199955316, 43.14942099994197], [-87.9454330004136, 43.14837099988218], [-87.94647600015401, 43.148383999690445], [-87.94960500027356, 43.148422999754146], [-87.950607999831, 43.14843600020676], [-87.95064800001396, 43.14843699968687], [-87.95146999982146, 43.14844699973054], [-87.95393600014218, 43.14847699985163], [-87.95475799994965, 43.148488000023434]]]}, "properties": {"id": "covered-us-wi-glendale-wi", "status": "covered", "jurisdiction": "Glendale WI", "country_id": "us", "state_id": "wi", "area_type": "city", "note": "Covered by public tree inventory for Glendale WI; geometry from official jurisdiction boundary."}}, {"type": "Feature", "geometry": {"type": "Polygon", "coordinates": [[[-88.02989299958355, 42.949000999948424], [-88.03012399956224, 42.948769000123946], [-88.0297600004125, 42.94860499981113], [-88.02937600027293, 42.948432000005916], [-88.02865800022253, 42.948141999709264], [-88.02828900015159, 42.94799400032824], [-88.0283030003953, 42.94734400016628], [-88.02834400040318, 42.945393999924576], [-88.02835899957347, 42.944745000100326], [-88.0283610001216, 42.94463899995528], [-88.02836600014449, 42.94432199992112], [-88.02836899961922, 42.944216999888106], [-88.02837000034245, 42.94413699968005], [-88.02828099975568, 42.944137999864154], [-88.02816899960268, 42.944137999864154], [-88.02737899958227, 42.94414000023222], [-88.02659699995775, 42.94414199994272], [-88.0262060001455, 42.944143000126694], [-88.02581500033325, 42.94414400031065], [-88.02581699998308, 42.944020999917115], [-88.02582299983085, 42.94374799983358], [-88.02582200000596, 42.94368800021659], [-88.0258400004476, 42.942836999813004], [-88.0258479999452, 42.942397000013784], [-88.02749900013116, 42.94239200026699], [-88.02781399977543, 42.94239200026699], [-88.02840100030458, 42.94239100005457], [-88.02841200017524, 42.94172400006634], [-88.02844700033535, 42.93972399974683], [-88.0284599998558, 42.939058000068215], [-88.02846900007664, 42.93852000028352], [-88.02848699961999, 42.93751899997795], [-88.0284930003661, 42.93690899993591], [-88.02850000003878, 42.936372000099595], [-88.02850000003878, 42.93633899971814], [-88.0285009998637, 42.9362399997829], [-88.0285019996886, 42.93620800030121], [-88.02850400023674, 42.93594700029085], [-88.02850699971148, 42.93567399992031], [-88.02851299955925, 42.935162999869334], [-88.02851599993232, 42.93490299971007], [-88.02851699975722, 42.93480200008321], [-88.02765800013984, 42.93479800005551], [-88.02697199987648, 42.9347949997057], [-88.02697799972427, 42.93437999967449], [-88.02698199992223, 42.93408800022995], [-88.02698799977, 42.93379400001207], [-88.02699799981573, 42.9333490002203], [-88.02720899970295, 42.933349999921944], [-88.02754199978887, 42.933349999921944], [-88.02788099972258, 42.933351999982854], [-88.02832699978643, 42.93335299968445], [-88.02853299965075, 42.93335499974526], [-88.02853299965075, 42.93328300014588], [-88.02853699984871, 42.93288900026299], [-88.02853900039685, 42.93275899979526], [-88.0285429996965, 42.932308999851934], [-88.0285569999402, 42.93107899967362], [-88.02855799976511, 42.93095900002548], [-88.02856299978797, 42.930548000100195], [-88.02856299978797, 42.93050900008485], [-88.02856299978797, 42.93046599973569], [-88.0285650003361, 42.930338000231906], [-88.02856600016102, 42.930296000172326], [-88.02851799958214, 42.930296000172326], [-88.02852000013027, 42.9302090000518], [-88.02853199982583, 42.929804000254485], [-88.02853600002379, 42.92970900003825], [-88.02853699984871, 42.92967000014935], [-88.02858100022964, 42.928221999816635], [-88.02871400029902, 42.92387799981225], [-88.0287560001318, 42.92252700016472], [-88.02875899960657, 42.92243100002937], [-88.0287750003984, 42.921891999822], [-88.0288249997288, 42.92027499985166], [-88.02884200034555, 42.91973699978263], [-88.02668999984418, 42.91973699978263], [-88.02575400023389, 42.91973699978263], [-88.02481799972527, 42.91973699978263], [-88.02387200006925, 42.91973699978263], [-88.02281900028309, 42.91973699978263], [-88.02276999987929, 42.91973699978263], [-88.02207799976816, 42.91973699978263], [-88.02141499996934, 42.91973699978263], [-88.0210180003093, 42.91973699978263], [-88.01898800000667, 42.91973799970515], [-88.01896799991518, 42.91963100000495], [-88.01651400018834, 42.91963000008064], [-88.0164420002183, 42.922580000216485], [-88.01641600027905, 42.923264000044874], [-88.01641399973091, 42.92366599985147], [-88.01640100021044, 42.924035999780216], [-88.01637600009609, 42.92477899972917], [-88.01346899973437, 42.924782999749766], [-88.00959499980026, 42.92478699977016], [-88.0089710003595, 42.92478800026853], [-88.00897399983424, 42.92463900015926], [-88.00898200023015, 42.92434600007192], [-88.00898200023015, 42.92432900002633], [-88.00898300005507, 42.9242800002169], [-88.00898399987997, 42.92426400000223], [-88.00898399987997, 42.92422999986107], [-88.00898600042811, 42.92412899983417], [-88.00898800007793, 42.924096000128166], [-88.00899599957553, 42.92374499982906], [-88.00902099968988, 42.92269499971272], [-88.00902999991072, 42.92234499986336], [-88.00903099973566, 42.92228399990226], [-88.00903400010868, 42.92209999977244], [-88.00903599975851, 42.922040000111814], [-88.00903900013157, 42.921917000295934], [-88.00804800026968, 42.921907999994886], [-88.00713500022562, 42.921895000142506], [-88.00673699984235, 42.921890000046744], [-88.0065700003361, 42.921886999726006], [-88.00655199989443, 42.92132200007812], [-88.0063660001216, 42.921436999949044], [-88.00580799990477, 42.92178599980482], [-88.00562299995684, 42.92190299990019], [-88.00506200026527, 42.92223499978195], [-88.00409099959657, 42.922812000055316], [-88.0033320004366, 42.92314100004141], [-88.00299599997761, 42.92328800009716], [-88.00178400018282, 42.92327400001297], [-88.00150499962524, 42.92327099975957], [-87.99906199976904, 42.923240999848964], [-87.99567599973155, 42.92320599993481], [-87.99191499977533, 42.92316600000851], [-87.98910600022123, 42.923137999781545], [-87.9891179999168, 42.92369100026334], [-87.98904699977169, 42.92549499994114], [-87.98813100025288, 42.925506999862755], [-87.98425800014367, 42.925559999981985], [-87.98206800000746, 42.9255869999383], [-87.97921800044547, 42.92562199981535], [-87.97921500007244, 42.92571400028058], [-87.97920900022466, 42.92587200014413], [-87.97919400015604, 42.926348000222795], [-87.97918900013318, 42.92650700024625], [-87.97918599976013, 42.92656400006785], [-87.97918099973725, 42.92673799995865], [-87.97917999991233, 42.926796000032276], [-87.9791770004376, 42.926878000020494], [-87.97299100016853, 42.92693800023149], [-87.96926100017444, 42.92697799968194], [-87.96921000012082, 42.928049999746534], [-87.9691930004024, 42.92841200008529], [-87.96913700032589, 42.92963400017945], [-87.96911399986136, 42.930097999787584], [-87.96909999961765, 42.93038999973354], [-87.96923199986215, 42.93038999973354], [-87.96924699993076, 42.93038999973354], [-87.9692429997328, 42.930506999931566], [-87.96923199986215, 42.93085799984994], [-87.96922900038739, 42.93097600021459], [-87.96922699983926, 42.93102400022019], [-87.96922199981641, 42.931168999749595], [-87.96922099999148, 42.931217999998765], [-87.96921500014369, 42.93136999983903], [-87.96920099990001, 42.93182599974005], [-87.96919699970205, 42.93197899977687], [-87.96918699965629, 42.93229999975375], [-87.96918199963343, 42.93246299972031], [-87.96915700041738, 42.93326500023289], [-87.96914700037163, 42.93358699978176], [-87.9691439999986, 42.93365599993584], [-87.9691380001508, 42.93386599967174], [-87.96913599960267, 42.93393599986301], [-87.96913499977775, 42.93395499992942], [-87.96913300012794, 42.93401400013278], [-87.96913300012794, 42.93403399986562], [-87.96791399976212, 42.934018999902186], [-87.96668100005091, 42.9340039999351], [-87.96660599970784, 42.93642399976803], [-87.96658899998941, 42.9369919999141], [-87.96656899989792, 42.93764200020853], [-87.96679700040187, 42.93764200020853], [-87.96748299976689, 42.93764200020853], [-87.96757300017859, 42.937642999840435], [-87.96771200009574, 42.937642999840435], [-87.96797300021166, 42.937642999840435], [-87.96875800020922, 42.93764400013004], [-87.96902000015004, 42.937644999761915], [-87.96900900027937, 42.93805599967646], [-87.96900699973123, 42.938135999894506], [-87.96899500003568, 42.938591000062274], [-87.9689680002715, 42.939608999818205], [-87.9689549998527, 42.94010000007288], [-87.96895200037797, 42.94019600029186], [-87.97044500038018, 42.94019999996891], [-87.97066299994006, 42.94020600014164], [-87.97259799980816, 42.94020499989371], [-87.97272800040281, 42.94020499989371], [-87.97280299984756, 42.94020600014164], [-87.97277199988542, 42.94134199973214], [-87.97276699986254, 42.94154699974651], [-87.97275799964171, 42.94187699984356], [-87.97275199979393, 42.94211000021376], [-87.97274699977108, 42.94231599985744], [-87.97274000009837, 42.94257600028166], [-87.97272900022772, 42.94295999994179], [-87.9727219996567, 42.94323499997161], [-87.97271599980893, 42.94348099970821], [-87.97270800031131, 42.94378299991193], [-87.97269900009047, 42.94408499994943], [-87.9726920004178, 42.94438900018056], [-87.97268300019697, 42.94474299975192], [-87.972678999999, 42.94489400023142], [-87.97287499981759, 42.94489400023142], [-87.97346300017163, 42.94489400023142], [-87.97365999981513, 42.94489400023142], [-87.97395000024335, 42.94489300005964], [-87.9748189999065, 42.94489300005964], [-87.97511000015963, 42.94489300005964], [-87.97529400028264, 42.94489300005964], [-87.97554299980469, 42.94489300005964], [-87.97584900012643, 42.94489300005964], [-87.97603400007436, 42.94489300005964], [-87.97630000021313, 42.94489300005964], [-87.9762900001674, 42.94547899996828], [-87.97627799957353, 42.94613300004597], [-87.97877099965842, 42.94614499989199], [-87.97876499981064, 42.94647300003792], [-87.97874800009221, 42.94746000024312], [-87.97874300006934, 42.947764999713954], [-87.97874300006934, 42.94779000020718], [-87.97874100041952, 42.947881999778204], [-87.97873600039664, 42.94815899975755], [-87.9787349996734, 42.948252000209386], [-87.97873200019868, 42.94837999995804], [-87.9787260003509, 42.94876699990625], [-87.97872399980277, 42.948896000005796], [-87.9792410000117, 42.948896000005796], [-87.98079099991533, 42.948896000005796], [-87.98130800012426, 42.948896000005796], [-87.98300799981571, 42.94745500025001], [-87.98315199975575, 42.94755899989206], [-87.98319899961143, 42.94759300030597], [-87.98334699974943, 42.94768600029785], [-87.98377100007195, 42.947952999939176], [-87.98417299975486, 42.948208000295935], [-87.98477000032975, 42.948586999774264], [-87.98530300043222, 42.94892300025236], [-87.98550799957331, 42.94905300012921], [-87.9851960003021, 42.94931600001662], [-87.98645999997545, 42.949301999930945], [-87.98732699998875, 42.94929200024351], [-87.98868299972361, 42.94927700005178], [-87.98868199989872, 42.949359999795526], [-87.9886810000738, 42.94939100023362], [-87.98867600005092, 42.949734999698535], [-87.98867500022601, 42.94984999978089], [-87.98867199985295, 42.95002900007617], [-87.98866400035536, 42.95056900004998], [-87.98866199980722, 42.95074900030347], [-87.98865699978434, 42.95102499980124], [-87.98864500008878, 42.95185700030823], [-87.98864099989082, 42.95213400015147], [-87.9894989996833, 42.952127999826295], [-87.99207200013416, 42.95211300032573], [-87.99293099975155, 42.95210800005307], [-87.99317000012616, 42.95210599994389], [-87.99388999982638, 42.95210100032812], [-87.9941309998508, 42.95210000027345], [-87.99434699976085, 42.952098000164], [-87.99499700003922, 42.95209399994491], [-87.99521399977418, 42.95209399994491], [-87.99554100001232, 42.95209199983532], [-87.99652199982846, 42.952085000108546], [-87.99684999989151, 42.95208400005362], [-87.99718800000032, 42.952080999888665], [-87.99820099960351, 42.95207500021578], [-87.99854000043554, 42.95207300010552], [-87.99854299991028, 42.951834000269955], [-87.99855399978092, 42.95111699979709], [-87.99855799997887, 42.95087900026873], [-88.00053499967977, 42.950863999806295], [-88.00235599974503, 42.95085100014771], [-88.0064659996807, 42.950819999787484], [-88.00773600010015, 42.95081099976478], [-88.00807300038404, 42.950809000270965], [-88.0084440001048, 42.95080600004386], [-88.00844699957955, 42.95064700029023], [-88.00845400015055, 42.95038899992761], [-88.0089579999407, 42.95038699976256], [-88.00947900034761, 42.95038699976256], [-88.009528999678, 42.95038300008979], [-88.0098020003878, 42.95038599968004], [-88.00977999974819, 42.95121500007029], [-88.00907000009369, 42.95121299993208], [-88.00843400005907, 42.95121299993208], [-88.0084290000362, 42.95137200019609], [-88.00842599966315, 42.95150100009604], [-88.00841700034061, 42.95184999989727], [-88.00841300014267, 42.95200999988682], [-88.00858700021993, 42.95200899983062], [-88.00863499990052, 42.95200899983062], [-88.00874899970333, 42.95200899983062], [-88.00911000027666, 42.952007999774445], [-88.00928500017886, 42.952007999774445], [-88.00920900001087, 42.95213200004312], [-88.0093939999588, 42.95213200004312], [-88.00902400006295, 42.95270899967239], [-88.00889199981847, 42.95291399996918], [-88.00986900033494, 42.95291299992766], [-88.01000200040434, 42.95291299992766], [-88.00999599965824, 42.95334599993365], [-88.01101699965734, 42.9533439998647], [-88.01102199968022, 42.95331500017264], [-88.01102699970309, 42.9532730000049], [-88.01103099990105, 42.9530120000109], [-88.01103299955086, 42.95291099984463], [-88.01146299972119, 42.95290799971999], [-88.01266100017061, 42.95289799996096], [-88.01265799979755, 42.95309199986223], [-88.01264600010201, 42.95381399981533], [-88.01228299987883, 42.95381399981533], [-88.01216300022823, 42.9538149998422], [-88.0119630002117, 42.9538149998422], [-88.01136300016208, 42.9538149998422], [-88.01134100042077, 42.95381599986901], [-88.01133499967467, 42.95432700027517], [-88.01133300002486, 42.95475300011382], [-88.01133200019994, 42.95500399988208], [-88.01132700017706, 42.95506500031025], [-88.01208899971007, 42.95506999968518], [-88.01217200044907, 42.955070999691635], [-88.01228500042698, 42.955071999698035], [-88.012273999658, 42.95500399988208], [-88.01222199977947, 42.95468699997073], [-88.01225799976449, 42.95468599995803], [-88.01232999973449, 42.95468699997073], [-88.01331800012163, 42.954694000059], [-88.01331999977145, 42.954549000040494], [-88.01332999981722, 42.9538129997885], [-88.01343799977224, 42.9538129997885], [-88.01364000033692, 42.95381199976159], [-88.01424799988415, 42.95381099973471], [-88.01445100027372, 42.95381099973471], [-88.01482600019247, 42.95380999970783], [-88.01595000012372, 42.95380800031145], [-88.01632599986736, 42.95380800031145], [-88.01663800003689, 42.9538149998422], [-88.01672500007554, 42.95382800018967], [-88.0168709996654, 42.953851000140254], [-88.01709099977342, 42.95391599983982], [-88.01761999967793, 42.95414699996643], [-88.01786300025049, 42.954192000257315], [-88.01795199993896, 42.954208999949586], [-88.01826300028358, 42.95421700011251], [-88.0182640001085, 42.95414699996643], [-88.01916799993174, 42.9540730003077], [-88.02230600027212, 42.9538149998422], [-88.02383899955898, 42.95368500016112], [-88.02426700007946, 42.95358999996761], [-88.02436400016384, 42.95351700032833], [-88.0246579998917, 42.95330000030387], [-88.024755999801, 42.953227999699514], [-88.0248119998775, 42.95318600012991], [-88.02498199975682, 42.95305899989506], [-88.02503899965822, 42.95301800024994], [-88.02508700023711, 42.95298200012206], [-88.02531800021579, 42.95281000017016], [-88.02544399971417, 42.95271599998564], [-88.02556199971495, 42.95262799993461], [-88.0261559999168, 42.95218899981773], [-88.02643600029927, 42.95198200028029], [-88.02662999956972, 42.95184100002523], [-88.02721200007599, 42.95141900001763], [-88.02740700006966, 42.95127899985582], [-88.02756600007831, 42.95115499984106], [-88.02804399992921, 42.950785999841045], [-88.02820399976277, 42.95066300022612], [-88.02823100042528, 42.950641999898416], [-88.02835899957347, 42.95051799991535], [-88.02881999970592, 42.950076000265746], [-88.02897399969171, 42.94992999979717], [-88.02920399984549, 42.94969700009292], [-88.02989299958355, 42.949000999948424]]]}, "properties": {"id": "covered-us-wi-greendale", "status": "covered", "jurisdiction": "Greendale", "country_id": "us", "state_id": "wi", "area_type": "city", "note": "Covered by public tree inventory for Greendale; geometry from official jurisdiction boundary."}}, {"type": "Feature", "geometry": {"type": "Polygon", "coordinates": [[[-88.06928800012435, 42.95262699988845], [-88.06928999977416, 42.95237400018735], [-88.0639489997771, 42.95236699983519], [-88.05985700028309, 42.95236200024063], [-88.05793199956243, 42.952371000036486], [-88.05641699981891, 42.952371000036486], [-88.05449000034676, 42.95238600013168], [-88.05409500033655, 42.952389000281755], [-88.05379400003767, 42.952390999724244], [-88.05359400002112, 42.95239199977424], [-88.0533110001639, 42.952394999924024], [-88.05292200000147, 42.95239800007368], [-88.05265800041083, 42.95239700002383], [-88.05115500036288, 42.95241100006301], [-88.05087599980531, 42.95241300016228], [-88.05027099973282, 42.95241400021188], [-88.04958600019269, 42.95242300000013], [-88.04874699976847, 42.95242900029659], [-88.04823999960527, 42.952428000247245], [-88.04806800007613, 42.95243399988566], [-88.04794900025044, 42.95243499993496], [-88.04782000037902, 42.95243499993496], [-88.04770999987583, 42.95243599998419], [-88.0476220000123, 42.9524329998364], [-88.04699500019848, 42.95244000018105], [-88.04674599977815, 42.952431999787116], [-88.04608600035237, 42.95244499976922], [-88.04606799991072, 42.95243099973778], [-88.04562100002198, 42.95243700003345], [-88.04537999999755, 42.952502999959584], [-88.0452000000725, 42.95250500005587], [-88.04488600025313, 42.95221900009312], [-88.04480500006228, 42.9521440000347], [-88.04472300004652, 42.952068999884816], [-88.04469000043456, 42.952088000273356], [-88.04462799961196, 42.952125000320954], [-88.04419800033996, 42.95237899978089], [-88.04384699981237, 42.95205799993405], [-88.04367299973508, 42.95216100029263], [-88.04349799983291, 42.95226399982137], [-88.04332299993074, 42.95236699983519], [-88.04316499974699, 42.9524609998952], [-88.04303800042368, 42.9524609998952], [-88.04278499980539, 42.952462999992854], [-88.0423970003662, 42.95246500009044], [-88.04218899995372, 42.95246900028541], [-88.04158700025428, 42.95246999967664], [-88.04026900015425, 42.95247700001708], [-88.03814400031538, 42.95248899994132], [-88.0381250000488, 42.95335400020877], [-88.0381180003761, 42.95344900010909], [-88.03794000010087, 42.95337000009843], [-88.03762899975625, 42.95323199984485], [-88.0371810000426, 42.953033000187396], [-88.03686700022322, 42.95289499983564], [-88.0367659999409, 42.952849999911315], [-88.03654599983285, 42.952752000269115], [-88.03636300043308, 42.95267099993043], [-88.03622699999063, 42.95261099980562], [-88.03596800042287, 42.9524960002796], [-88.03590399995043, 42.95246800023667], [-88.0356960004363, 42.95237600028778], [-88.03319199958243, 42.951267999763864], [-88.03320199962816, 42.95066200014803], [-88.03321099984899, 42.950086999913275], [-88.0332119996739, 42.95001500015263], [-88.03321300039714, 42.94998600020701], [-88.03251100024028, 42.949577999999626], [-88.03219999989564, 42.94939800026673], [-88.03175600037993, 42.949068999821925], [-88.03106599991862, 42.948561000150065], [-88.03063900012137, 42.94887400028321], [-88.03054500041004, 42.94891899982696], [-88.03034100019553, 42.94884599990756], [-88.03012399956224, 42.948769000123946], [-88.02989299958355, 42.949000999948424], [-88.02920399984549, 42.94969700009292], [-88.02897399969171, 42.94992999979717], [-88.02881999970592, 42.950076000265746], [-88.02835899957347, 42.95051799991535], [-88.02823100042528, 42.950641999898416], [-88.02820399976277, 42.95066300022612], [-88.02804399992921, 42.950785999841045], [-88.02756600007831, 42.95115499984106], [-88.02740700006966, 42.95127899985582], [-88.02721200007599, 42.95141900001763], [-88.02662999956972, 42.95184100002523], [-88.02643600029927, 42.95198200028029], [-88.0261559999168, 42.95218899981773], [-88.02556199971495, 42.95262799993461], [-88.02544399971417, 42.95271599998564], [-88.02531800021579, 42.95281000017016], [-88.02508700023711, 42.95298200012206], [-88.02503899965822, 42.95301800024994], [-88.02498199975682, 42.95305899989506], [-88.0248119998775, 42.95318600012991], [-88.024755999801, 42.953227999699514], [-88.0246579998917, 42.95330000030387], [-88.02436400016384, 42.95351700032833], [-88.02426700007946, 42.95358999996761], [-88.02383899955898, 42.95368500016112], [-88.02230600027212, 42.9538149998422], [-88.01916799993174, 42.9540730003077], [-88.0182640001085, 42.95414699996643], [-88.01826300028358, 42.95421700011251], [-88.01795199993896, 42.954208999949586], [-88.01786300025049, 42.954192000257315], [-88.01761999967793, 42.95414699996643], [-88.01709099977342, 42.95391599983982], [-88.0168709996654, 42.953851000140254], [-88.01672500007554, 42.95382800018967], [-88.01663800003689, 42.9538149998422], [-88.01632599986736, 42.95380800031145], [-88.01595000012372, 42.95380800031145], [-88.01482600019247, 42.95380999970783], [-88.01445100027372, 42.95381099973471], [-88.01424799988415, 42.95381099973471], [-88.01364000033692, 42.95381199976159], [-88.01343799977224, 42.9538129997885], [-88.01332999981722, 42.9538129997885], [-88.01331999977145, 42.954549000040494], [-88.01331800012163, 42.954694000059], [-88.01232999973449, 42.95468699997073], [-88.01225799976449, 42.95468599995803], [-88.01222199977947, 42.95468699997073], [-88.012273999658, 42.95500399988208], [-88.01228500042698, 42.955071999698035], [-88.01217200044907, 42.955070999691635], [-88.01208899971007, 42.95506999968518], [-88.01132700017706, 42.95506500031025], [-88.01133200019994, 42.95500399988208], [-88.01133300002486, 42.95475300011382], [-88.01133499967467, 42.95432700027517], [-88.01134100042077, 42.95381599986901], [-88.01136300016208, 42.9538149998422], [-88.0119630002117, 42.9538149998422], [-88.01216300022823, 42.9538149998422], [-88.01228299987883, 42.95381399981533], [-88.01264600010201, 42.95381399981533], [-88.01265799979755, 42.95309199986223], [-88.01266100017061, 42.95289799996096], [-88.01146299972119, 42.95290799971999], [-88.01103299955086, 42.95291099984463], [-88.01103099990105, 42.9530120000109], [-88.01102699970309, 42.9532730000049], [-88.01102199968022, 42.95331500017264], [-88.01101699965734, 42.9533439998647], [-88.00999599965824, 42.95334599993365], [-88.01000200040434, 42.95291299992766], [-88.00986900033494, 42.95291299992766], [-88.00889199981847, 42.95291399996918], [-88.00902400006295, 42.95270899967239], [-88.0093939999588, 42.95213200004312], [-88.00920900001087, 42.95213200004312], [-88.00928500017886, 42.952007999774445], [-88.00911000027666, 42.952007999774445], [-88.00874899970333, 42.95200899983062], [-88.00863499990052, 42.95200899983062], [-88.00858700021993, 42.95200899983062], [-88.00841300014267, 42.95200999988682], [-88.00841700034061, 42.95184999989727], [-88.00842599966315, 42.95150100009604], [-88.0084290000362, 42.95137200019609], [-88.00843400005907, 42.95121299993208], [-88.00907000009369, 42.95121299993208], [-88.00977999974819, 42.95121500007029], [-88.0098020003878, 42.95038599968004], [-88.009528999678, 42.95038300008979], [-88.00947900034761, 42.95038699976256], [-88.0089579999407, 42.95038699976256], [-88.00845400015055, 42.95038899992761], [-88.00844699957955, 42.95064700029023], [-88.0084440001048, 42.95080600004386], [-88.00807300038404, 42.950809000270965], [-88.00773600010015, 42.95081099976478], [-88.0064659996807, 42.950819999787484], [-88.00235599974503, 42.95085100014771], [-88.00053499967977, 42.950863999806295], [-87.99855799997887, 42.95087900026873], [-87.99855399978092, 42.95111699979709], [-87.99854299991028, 42.951834000269955], [-87.99854000043554, 42.95207300010552], [-87.99820099960351, 42.95207500021578], [-87.99718800000032, 42.952080999888665], [-87.99684999989151, 42.95208400005362], [-87.99652199982846, 42.952085000108546], [-87.99554100001232, 42.95209199983532], [-87.99521399977418, 42.95209399994491], [-87.99499700003922, 42.95209399994491], [-87.99434699976085, 42.952098000164], [-87.9941309998508, 42.95210000027345], [-87.99388999982638, 42.95210100032812], [-87.99317000012616, 42.95210599994389], [-87.99293099975155, 42.95210800005307], [-87.99207200013416, 42.95211300032573], [-87.9894989996833, 42.952127999826295], [-87.98864099989082, 42.95213400015147], [-87.98864500008878, 42.95185700030823], [-87.98865699978434, 42.95102499980124], [-87.98866199980722, 42.95074900030347], [-87.98866400035536, 42.95056900004998], [-87.98867199985295, 42.95002900007617], [-87.98867500022601, 42.94984999978089], [-87.98867600005092, 42.949734999698535], [-87.9886810000738, 42.94939100023362], [-87.98868199989872, 42.949359999795526], [-87.98868299972361, 42.94927700005178], [-87.98732699998875, 42.94929200024351], [-87.98645999997545, 42.949301999930945], [-87.9851960003021, 42.94931600001662], [-87.98550799957331, 42.94905300012921], [-87.98530300043222, 42.94892300025236], [-87.98477000032975, 42.948586999774264], [-87.98417299975486, 42.948208000295935], [-87.98377100007195, 42.947952999939176], [-87.98334699974943, 42.94768600029785], [-87.98319899961143, 42.94759300030597], [-87.98315199975575, 42.94755899989206], [-87.98300799981571, 42.94745500025001], [-87.98130800012426, 42.948896000005796], [-87.98079099991533, 42.948896000005796], [-87.9792410000117, 42.948896000005796], [-87.97872399980277, 42.948896000005796], [-87.9787260003509, 42.94876699990625], [-87.97873200019868, 42.94837999995804], [-87.9787349996734, 42.948252000209386], [-87.97873600039664, 42.94815899975755], [-87.97874100041952, 42.947881999778204], [-87.97874300006934, 42.94779000020718], [-87.97874300006934, 42.947764999713954], [-87.97874800009221, 42.94746000024312], [-87.97876499981064, 42.94647300003792], [-87.97877099965842, 42.94614499989199], [-87.97627799957353, 42.94613300004597], [-87.9762900001674, 42.94547899996828], [-87.97630000021313, 42.94489300005964], [-87.97603400007436, 42.94489300005964], [-87.97584900012643, 42.94489300005964], [-87.97554299980469, 42.94489300005964], [-87.97529400028264, 42.94489300005964], [-87.97511000015963, 42.94489300005964], [-87.9748189999065, 42.94489300005964], [-87.97395000024335, 42.94489300005964], [-87.97365999981513, 42.94489400023142], [-87.97346300017163, 42.94489400023142], [-87.97287499981759, 42.94489400023142], [-87.972678999999, 42.94489400023142], [-87.97268300019697, 42.94474299975192], [-87.9726920004178, 42.94438900018056], [-87.97269900009047, 42.94408499994943], [-87.97270800031131, 42.94378299991193], [-87.97271599980893, 42.94348099970821], [-87.9727219996567, 42.94323499997161], [-87.97272900022772, 42.94295999994179], [-87.97274000009837, 42.94257600028166], [-87.97274699977108, 42.94231599985744], [-87.97275199979393, 42.94211000021376], [-87.97275799964171, 42.94187699984356], [-87.97276699986254, 42.94154699974651], [-87.97277199988542, 42.94134199973214], [-87.97280299984756, 42.94020600014164], [-87.97272800040281, 42.94020499989371], [-87.97259799980816, 42.94020499989371], [-87.97066299994006, 42.94020600014164], [-87.97044500038018, 42.94019999996891], [-87.96895200037797, 42.94019600029186], [-87.9689549998527, 42.94010000007288], [-87.9689680002715, 42.939608999818205], [-87.96899500003568, 42.938591000062274], [-87.96900699973123, 42.938135999894506], [-87.96900900027937, 42.93805599967646], [-87.96902000015004, 42.937644999761915], [-87.96875800020922, 42.93764400013004], [-87.96797300021166, 42.937642999840435], [-87.96771200009574, 42.937642999840435], [-87.96757300017859, 42.937642999840435], [-87.96748299976689, 42.93764200020853], [-87.96679700040187, 42.93764200020853], [-87.96656899989792, 42.93764200020853], [-87.96658899998941, 42.9369919999141], [-87.96660599970784, 42.93642399976803], [-87.96668100005091, 42.9340039999351], [-87.96791399976212, 42.934018999902186], [-87.96913300012794, 42.93403399986562], [-87.96913300012794, 42.93401400013278], [-87.96913499977775, 42.93395499992942], [-87.96913599960267, 42.93393599986301], [-87.9691380001508, 42.93386599967174], [-87.9691439999986, 42.93365599993584], [-87.96914700037163, 42.93358699978176], [-87.96915700041738, 42.93326500023289], [-87.96918199963343, 42.93246299972031], [-87.96918699965629, 42.93229999975375], [-87.96919699970205, 42.93197899977687], [-87.96920099990001, 42.93182599974005], [-87.96921500014369, 42.93136999983903], [-87.96922099999148, 42.931217999998765], [-87.96922199981641, 42.931168999749595], [-87.96922699983926, 42.93102400022019], [-87.96922900038739, 42.93097600021459], [-87.96923199986215, 42.93085799984994], [-87.9692429997328, 42.930506999931566], [-87.96924699993076, 42.93038999973354], [-87.96923199986215, 42.93038999973354], [-87.96909999961765, 42.93038999973354], [-87.96906299980772, 42.93038999973354], [-87.9689110003701, 42.93038999973354], [-87.96808700001448, 42.93038999973354], [-87.96790700008941, 42.93038999973354], [-87.96782900027162, 42.930391000140915], [-87.96757200035367, 42.930391000140915], [-87.96752799997273, 42.930391000140915], [-87.96739900010131, 42.930391000140915], [-87.9673560004436, 42.930391000140915], [-87.96696999975592, 42.930391000140915], [-87.96581300021268, 42.930391000140915], [-87.96560300015041, 42.930391999890574], [-87.96542800024821, 42.930391999890574], [-87.96533500036179, 42.930391999890574], [-87.96505800035236, 42.930391999890574], [-87.96496600029084, 42.93039300029792], [-87.96471400039576, 42.93039300029792], [-87.9639620000102, 42.93039300029792], [-87.96371099994002, 42.93039400004755], [-87.96362800009933, 42.93039400004755], [-87.96338000040221, 42.93039400004755], [-87.96329800038646, 42.93039400004755], [-87.96285300014753, 42.93039400004755], [-87.96151900015398, 42.93039499979716], [-87.96113500001444, 42.930396000204446], [-87.96107499973998, 42.930396000204446], [-87.96077199979126, 42.930396000204446], [-87.96059299969112, 42.930396000204446], [-87.95986299994516, 42.930396000204446], [-87.9598090004168, 42.93039699995403], [-87.95956099982136, 42.93039699995403], [-87.95950800011794, 42.93039699995403], [-87.95934800028435, 42.93039699995403], [-87.95929600040583, 42.93039699995403], [-87.9592389996061, 42.93039699995403], [-87.95890300004542, 42.930396000204446], [-87.95807700004, 42.93039400004755], [-87.95789499956679, 42.93039400004755], [-87.95780900025139, 42.93039400004755], [-87.95755999983105, 42.93039300029792], [-87.95730100026329, 42.930391999890574], [-87.9565279999613, 42.93038999973354], [-87.95627000021844, 42.93038999973354], [-87.95624299955594, 42.93038999973354], [-87.95575600038254, 42.930388000234196], [-87.95421700034956, 42.93038500032727], [-87.95413699998363, 42.93038500032727], [-87.9538809998906, 42.93038399991975], [-87.95370500016348, 42.93038300017001], [-87.95283999980002, 42.93038000026284], [-87.95024499960785, 42.930373999790376], [-87.94938099996756, 42.93037200029051], [-87.94937099992183, 42.93083199997329], [-87.94934499998257, 42.93221299983308], [-87.94933699958663, 42.932673999948236], [-87.94933099973886, 42.932928000086655], [-87.94931700039348, 42.93369299988175], [-87.94931300019552, 42.93394899980521], [-87.94930800017264, 42.93414100020044], [-87.94929700030198, 42.93472000012104], [-87.94929399992894, 42.934914000095716], [-87.94928499970811, 42.93545399981068], [-87.94927499966238, 42.93610799984088], [-87.94925299992106, 42.93707600007916], [-87.9492420000504, 42.93761700019757], [-87.94951800023493, 42.93761700019757], [-87.9503469997151, 42.93761799982993], [-87.95062399972453, 42.937619000119895], [-87.95101200006204, 42.937619000119895], [-87.95153599994369, 42.93761999975223], [-87.95217799982609, 42.93761999975223], [-87.95256699998853, 42.93762100004215], [-87.95271500012653, 42.93762100004215], [-87.95316000036546, 42.93762100004215], [-87.95330900032837, 42.93762199967445], [-87.95350400032204, 42.93762199967445], [-87.95408900030306, 42.9376229999644], [-87.95428500012163, 42.937624000254274], [-87.95452299977302, 42.937624000254274], [-87.9552409998234, 42.937624000254274], [-87.955480000198, 42.93762499988652], [-87.95571799984938, 42.93762499988652], [-87.9564359998998, 42.93762600017637], [-87.95667500027439, 42.937626999808586], [-87.95691399975067, 42.937626999808586], [-87.95763099997615, 42.937626999808586], [-87.95787000035075, 42.93762800009841], [-87.9581199996977, 42.93762800009841], [-87.95887000043346, 42.93762800009841], [-87.95912099960532, 42.9376289997306], [-87.95936699965262, 42.9376289997306], [-87.96010700034263, 42.93763100031019], [-87.96035400021483, 42.937631999942276], [-87.96090300021083, 42.937631999942276], [-87.96255000019885, 42.93763500015387], [-87.96309900019483, 42.93763599978588], [-87.96323499973896, 42.93763599978588], [-87.96364599964268, 42.93763599978588], [-87.96378299991004, 42.937637000075604], [-87.96407099979014, 42.93763799970764], [-87.96406099974439, 42.937984999938465], [-87.96405099969863, 42.938360000083634], [-87.96467699968754, 42.93835699990737], [-87.96465800031928, 42.93884599974122], [-87.9645629998847, 42.94247099990106], [-87.96453100009768, 42.943678999808704], [-87.96450699980822, 42.94488499999985], [-87.96407599981299, 42.94488399982788], [-87.96403599963003, 42.94488399982788], [-87.96391799962926, 42.94488399982788], [-87.9638790001695, 42.94488399982788], [-87.96384900003228, 42.94488399982788], [-87.96376000034383, 42.94488399982788], [-87.9637310000315, 42.94488399982788], [-87.96364499981779, 42.944883000313524], [-87.96338700007493, 42.944883000313524], [-87.9633009998612, 42.944883000313524], [-87.96326300022636, 42.944883000313524], [-87.96326900007415, 42.94463399973298], [-87.96329800038646, 42.943582999759826], [-87.96330300040933, 42.943393000262844], [-87.96330400023423, 42.94330399983651], [-87.96273500014676, 42.9432850000244], [-87.96274099999455, 42.94315799974509], [-87.96271000003239, 42.94315799974509], [-87.96235299965704, 42.94315700020272], [-87.96227599966413, 42.943097000009736], [-87.96221999958763, 42.94313499974419], [-87.96205200025646, 42.94324799992345], [-87.96199700000487, 42.94328699976263], [-87.96189800027066, 42.94328699976263], [-87.96173199969101, 42.94315600000267], [-87.96167200031485, 42.94310800024675], [-87.96160700001754, 42.94315100031757], [-87.96147200029833, 42.94315100031757], [-87.96146999975018, 42.94322300021593], [-87.96146899992527, 42.94327600021515], [-87.9614210002447, 42.94327600021515], [-87.96127800012957, 42.94327399981896], [-87.961034999557, 42.94328099989015], [-87.96021899959732, 42.94327900015173], [-87.96020600007684, 42.943694000049405], [-87.96016900026692, 42.94487500025244], [-87.96005000044123, 42.94487500025244], [-87.95982699996016, 42.9448740000803], [-87.95915800031354, 42.94487199973609], [-87.9589359996574, 42.94487199973609], [-87.9588379997481, 42.9448710002215], [-87.9585840002032, 42.9448710002215], [-87.95854599967005, 42.9448710002215], [-87.95844899958566, 42.9448710002215], [-87.95832599956202, 42.9448710002215], [-87.95805799977342, 42.9448710002215], [-87.95806000032157, 42.94422799992499], [-87.95717800023964, 42.94422799992499], [-87.9571909997601, 42.94368999994173], [-87.9571709996686, 42.94368999994173], [-87.95706799973647, 42.94368999994173], [-87.95701800040605, 42.94368999994173], [-87.95686799971992, 42.94368999994173], [-87.95681800038953, 42.94368999994173], [-87.95669399964265, 42.9436920003244], [-87.9563249995717, 42.943701000072835], [-87.95620200044637, 42.94370500017979], [-87.9558879997287, 42.943698999690454], [-87.95494600027062, 42.943681000191724], [-87.95463199955296, 42.94367499970006], [-87.95449600000882, 42.94367599989167], [-87.95409099995287, 42.943682999917094], [-87.95395700005857, 42.94368599983384], [-87.95368099987405, 42.94368599983384], [-87.95348199968242, 42.94368999994173], [-87.95328699968876, 42.943685000299986], [-87.95310099991592, 42.943685000299986], [-87.9530089998544, 42.943685000299986], [-87.95291400031815, 42.943685000299986], [-87.95272799964701, 42.943685000299986], [-87.95254100004925, 42.94368599983384], [-87.95235399955318, 42.94368599983384], [-87.95206200037347, 42.94368400010852], [-87.95158399962425, 42.943682999917094], [-87.95103499962826, 42.943682999917094], [-87.94938400034063, 42.943681000191724], [-87.94927399983744, 42.943681000191724], [-87.94908899988953, 42.943681000191724], [-87.9490520000796, 42.94486000029949], [-87.94904200003387, 42.94522999982573], [-87.94901500026968, 42.946340999676124], [-87.94900600004885, 42.94671200030653], [-87.94900000020107, 42.946913999777], [-87.94898599995737, 42.94752299985882], [-87.94898199975941, 42.94772600008145], [-87.94897699973653, 42.94788000018924], [-87.94896599986588, 42.948343000289185], [-87.94896199966792, 42.94849800028164], [-87.94891900001022, 42.95028300029599], [-87.94889499972076, 42.95121800027745], [-87.94888200020029, 42.95176999974652], [-87.94887399980436, 42.952135000205644], [-87.94887299997944, 42.95215600002387], [-87.94888399985011, 42.952214999881946], [-87.94883199997157, 42.95416499969226], [-87.94879900035961, 42.955766000233204], [-87.9487909999637, 42.956129000025385], [-87.94876800039748, 42.95721799970314], [-87.94876099982646, 42.957582000099876], [-87.94875300032886, 42.9579470002754], [-87.94872999986433, 42.95904200030238], [-87.94872300019163, 42.95940800029982], [-87.94868300000866, 42.96159600006594], [-87.94868100035885, 42.96175800015051], [-87.94867799998579, 42.961920999703615], [-87.94867700016088, 42.962011999951926], [-87.94867399978783, 42.96202700032671], [-87.94867299996292, 42.9620590001936], [-87.94866799994004, 42.96240899982908], [-87.94866799994004, 42.962470000147825], [-87.94866600029022, 42.96257300017153], [-87.9486639997421, 42.96266499999587], [-87.94866299991719, 42.9626760000228], [-87.94866100026736, 42.96274499978843], [-87.94865899971921, 42.96294799976481], [-87.9486579998943, 42.96298800014751], [-87.94865700006937, 42.96309299971355], [-87.94865399969635, 42.963229999672926], [-87.94864799984856, 42.96364200021736], [-87.94864600019875, 42.963780000133895], [-87.94863899962773, 42.96420100031975], [-87.94863600015299, 42.964281000087055], [-87.94863100013013, 42.96452199993243], [-87.9486300003052, 42.96460299979124], [-87.94862799975708, 42.96475699973992], [-87.94862799975708, 42.964824000105196], [-87.94861900043456, 42.96522200008408], [-87.9486160000615, 42.965377000294225], [-87.94861100003864, 42.96563100027344], [-87.94859699979494, 42.96639400031433], [-87.94864500037383, 42.96664800003837], [-87.94860400036596, 42.96885199980343], [-87.94851300012934, 42.97393600029476], [-87.9494250003485, 42.9739329998807], [-87.94986800003929, 42.9739329998807], [-87.95153900031673, 42.9739309998237], [-87.95233500018493, 42.9739289997666], [-87.95242999972118, 42.9739289997666], [-87.95330599995533, 42.97392800006668], [-87.9534030000397, 42.97392699970942], [-87.95369699976757, 42.97392699970942], [-87.95379499967687, 42.97392699970942], [-87.95388500008856, 42.97392699970942], [-87.95387300039299, 42.974580999815714], [-87.95386800037012, 42.97489999978805], [-87.95386800037012, 42.975027999975204], [-87.95487299957739, 42.97501199980207], [-87.95534700012861, 42.97500399971392], [-87.95605299958513, 42.975005000053606], [-87.955881000056, 42.97513900007583], [-87.95505599987548, 42.9757880001177], [-87.95480399998041, 42.975986999792454], [-87.95477999969096, 42.97600200004571], [-87.95359700020846, 42.976866999696256], [-87.95320399984807, 42.97715599970792], [-87.95328699968876, 42.97721499991176], [-87.95413600015871, 42.977821000254686], [-87.9540990003488, 42.97784700000348], [-87.95405699961769, 42.97787900018478], [-87.95393199994422, 42.97796999982885], [-87.95392199989847, 42.97844200019843], [-87.95392100007355, 42.97851600012275], [-87.95330400030551, 42.978519999938484], [-87.95330099993245, 42.97865799999456], [-87.95329900028263, 42.97877699971328], [-87.95329599990957, 42.97890599999318], [-87.9532890002369, 42.97929299986629], [-87.95328699968876, 42.97942299998866], [-87.95328099984098, 42.97974999994575], [-87.95326400012254, 42.980698000296336], [-87.95388300043874, 42.980695999802165], [-87.95388300043874, 42.98032500032541], [-87.95450400040475, 42.980322000223076], [-87.9545010000317, 42.9804310001227], [-87.95450000020679, 42.98048699971862], [-87.95510899957893, 42.98048300003084], [-87.95510799975402, 42.98056500015047], [-87.95531600016649, 42.98056399990123], [-87.95547000015226, 42.980563000309175], [-87.95572700007023, 42.98055799971974], [-87.9557260002453, 42.98057699985427], [-87.95572299987226, 42.98075400030626], [-87.95572299987226, 42.980767999807924], [-87.95633499961745, 42.98076299989238], [-87.95634100036355, 42.98047499999724], [-87.95651600026572, 42.980473999746536], [-87.95678800025229, 42.98047199990228], [-87.95696099960634, 42.98047199990228], [-87.9569649998043, 42.980330999872415], [-87.95696700035244, 42.98022800000979], [-87.95697300020022, 42.979920999906106], [-87.95697599967495, 42.979819000275235], [-87.95721300039972, 42.9798140002825], [-87.9576050000369, 42.979806999766325], [-87.95761199970958, 42.979394000101436], [-87.95765199989255, 42.97781200023802], [-87.95769200007553, 42.977812999874786], [-87.95780900025139, 42.977834000130464], [-87.95814900001001, 42.97783600006057], [-87.95826199998791, 42.97783999992053], [-87.95826500036098, 42.977685000226806], [-87.95827899970635, 42.97699000016744], [-87.95828499955414, 42.97675899970484], [-87.95828600027737, 42.9767089999002], [-87.9582879999272, 42.97656199987096], [-87.95828999957702, 42.976513000221296], [-87.95829299995007, 42.9763920000875], [-87.9599929996415, 42.97638899979333], [-87.96010200031975, 42.97638899979333], [-87.96011499984023, 42.97592199974826], [-87.96013499993173, 42.97519600022727], [-87.96079199988276, 42.97519099985867], [-87.96103600028022, 42.975190000179225], [-87.96176900039924, 42.97518899984254], [-87.96201399972331, 42.97518899984254], [-87.96325499983044, 42.97518600014687], [-87.96446999999831, 42.97518400013058], [-87.9648010004344, 42.97518200011427], [-87.96480599955896, 42.97500100000923], [-87.96483099967331, 42.97406100010881], [-87.96483499987129, 42.9739080001491], [-87.96618599958327, 42.97390600009125], [-87.9662230002915, 42.97390499973368], [-87.96633799991922, 42.97390499973368], [-87.96637599955406, 42.97390499973368], [-87.96666900035535, 42.97390400003338], [-87.96755100043727, 42.97390299967577], [-87.96774700025586, 42.97390299967577], [-87.96775300010364, 42.97375200004314], [-87.9677580001265, 42.97343000024996], [-87.96736499976612, 42.97342100024785], [-87.96728500029849, 42.9734199998824], [-87.9673289997811, 42.97270799976604], [-87.9682500002211, 42.97270000003546], [-87.96824699984805, 42.972842000192365], [-87.96823099995451, 42.97363699993499], [-87.96822599993165, 42.97390199997538], [-87.96822199973369, 42.974015999889524], [-87.96821400023609, 42.97435900002872], [-87.96821300041117, 42.97441400020459], [-87.96888000040795, 42.974416000245874], [-87.96887799985981, 42.974484999988405], [-87.96996599980606, 42.974484999988405], [-87.96994900008762, 42.97495599982056], [-87.96994800026272, 42.97498200012346], [-87.96994499988966, 42.97507900017066], [-87.97057000005366, 42.97507900017066], [-87.97055599980995, 42.97597600017401], [-87.97055400016012, 42.97610000012034], [-87.97066399976497, 42.97610000012034], [-87.97066700013802, 42.97628399991913], [-87.97061600008439, 42.97862600021872], [-87.96843099997108, 42.97861099994833], [-87.96810100025817, 42.9786240003143], [-87.96809899971005, 42.978725999955934], [-87.96803400031104, 42.98117900028011], [-87.96795800014306, 42.98488499977702], [-87.96795700031814, 42.98492899974981], [-87.96796300016592, 42.98494200009418], [-87.96794200024952, 42.98573299980047], [-87.968427999598, 42.985720999788754], [-87.96859500000258, 42.98571600027604], [-87.96859199962954, 42.98618499985065], [-87.96876200040718, 42.986188000323985], [-87.96921599996861, 42.986186000008445], [-87.96921699979352, 42.986167999794034], [-87.96921799961845, 42.98615300004943], [-87.9692229996413, 42.98606700017263], [-87.97041500024294, 42.98606300019072], [-87.97062100010727, 42.98606300019072], [-87.97063899965062, 42.98605100024342], [-87.9713199998911, 42.985638999974505], [-87.97143500041715, 42.98557000026242], [-87.97183799992496, 42.9859290003176], [-87.96990200023197, 42.98709899995325], [-87.97027499960255, 42.98743199999421], [-87.97040799967192, 42.9875119997728], [-87.97040099999926, 42.98776799994167], [-87.97039799962619, 42.98785099967516], [-87.97039799962619, 42.987876999782365], [-87.9707630003975, 42.98787500017892], [-87.9707630003975, 42.987856999801956], [-87.9707630003975, 42.98774400005326], [-87.97076900024527, 42.98755599983663], [-87.97077300044323, 42.98749799983546], [-87.97077900029102, 42.98728600011344], [-87.97081199990298, 42.98726599994074], [-87.9708699996293, 42.987230000139185], [-87.97111300020185, 42.987083000292586], [-87.97110700035407, 42.9873679997021], [-87.97110399998103, 42.98752099968386], [-87.97110700035407, 42.987550999815994], [-87.97132800028702, 42.987550999815994], [-87.97166800004565, 42.987550999815994], [-87.97166600039581, 42.98758599995169], [-87.97166399984769, 42.98764200025875], [-87.97166200019787, 42.98767600020904], [-87.9716579999999, 42.98777799994719], [-87.97165700017499, 42.987812999953576], [-87.97165399980193, 42.987874000048556], [-87.97224299998092, 42.98788299990667], [-87.97224600035395, 42.987779000079065], [-87.97226499972221, 42.98701499971715], [-87.97168200028933, 42.98701300008566], [-87.97167600044156, 42.98721100008943], [-87.97167499971832, 42.98728700025332], [-87.97167399989343, 42.98730199972121], [-87.9716730000685, 42.987349999833796], [-87.9716730000685, 42.98736600008204], [-87.97167100041868, 42.987420999794715], [-87.97166899987054, 42.98752099968386], [-87.9714039995567, 42.98751100029366], [-87.97140600010482, 42.98741500028245], [-87.97141600015057, 42.986900000099645], [-87.971432999869, 42.98688999995133], [-87.9714539997854, 42.98687599987234], [-87.97151999990763, 42.98683599991077], [-87.97154199964895, 42.98682400011436], [-87.97157099996126, 42.98680600008681], [-87.97166100037293, 42.986750999823876], [-87.97169099961187, 42.98673399992383], [-87.97174000001567, 42.98670400005004], [-87.97188800015367, 42.986613000190076], [-87.97193800038238, 42.98658399975147], [-87.97210200041391, 42.986484000309375], [-87.97259500033341, 42.98618700016622], [-87.97273300042568, 42.98610400015732], [-87.97275799964171, 42.98608599991889], [-87.9727919999769, 42.98606499985316], [-87.97289599973399, 42.98600100010918], [-87.97293099989409, 42.98598100017552], [-87.9731500001772, 42.98584800028694], [-87.97380700012822, 42.98545099989129], [-87.97402700023625, 42.98531899968508], [-87.97405700037348, 42.98529900018666], [-87.97414600006195, 42.985236999991706], [-87.97418200004695, 42.98522200001993], [-87.9743970001321, 42.985091999673195], [-87.97504300021248, 42.98470299979405], [-87.97525900012255, 42.98457399984812], [-87.97529599993248, 42.984551000211404], [-87.97540800008547, 42.984484999834585], [-87.97544599972029, 42.98446299969323], [-87.97554100015485, 42.9844050000595], [-87.97582499983697, 42.98423400008438], [-87.97592100009646, 42.984177999958376], [-87.97593899963981, 42.98416699983376], [-87.97599399989139, 42.98413299991405], [-87.97601300015796, 42.984122999972776], [-87.97612600013586, 42.984055000065865], [-87.9757620000878, 42.98372900020214], [-87.97592299974627, 42.9836139996946], [-87.9760099997849, 42.983561999805914], [-87.97679700033059, 42.98310600001017], [-87.97703300033216, 42.982962999686], [-87.97709299970829, 42.98301800005225], [-87.977395999657, 42.98328900032587], [-87.97741200044884, 42.983279999795194], [-87.97773200011599, 42.983082000273136], [-87.9777489998344, 42.98307200016085], [-87.97779999988803, 42.983044000232155], [-87.97785299959148, 42.983016000290746], [-87.97788699992668, 42.98298599991688], [-87.978100000362, 42.9828639998228], [-87.97854899990057, 42.98257899990403], [-87.97870100023654, 42.98248499985553], [-87.97878099970418, 42.982435000106804], [-87.97902000007878, 42.982286999744645], [-87.97910100026962, 42.98223800005687], [-87.9792050000267, 42.98217600006068], [-87.98005100012362, 42.981657999981024], [-87.98013700033734, 42.98160500017715], [-87.98013700033734, 42.98156300026296], [-87.98013800016226, 42.98152600017389], [-87.98014499983493, 42.98115400020834], [-87.9801349997892, 42.98066999994364], [-87.98044399958569, 42.980673000028986], [-87.98053900002024, 42.9806719997815], [-87.98064399960224, 42.9806719997815], [-87.98108700019134, 42.9806740002765], [-87.98108899984116, 42.98048699971862], [-87.9810910003893, 42.980224999902724], [-87.98109700023707, 42.97996800026538], [-87.98110399990976, 42.979564999737484], [-87.98111399995553, 42.978873999689185], [-87.9811270003743, 42.97805799978263], [-87.98113499987191, 42.97754199978125], [-87.98114300026782, 42.977020999830565], [-87.98053700037043, 42.97702200013744], [-87.98053800019534, 42.97698899985999], [-87.98053900002024, 42.976871999928576], [-87.98054099967007, 42.97673500011918], [-87.98054499986803, 42.976523000085905], [-87.98054599969294, 42.97647300008938], [-87.9802260000258, 42.976473999747924], [-87.97998599982628, 42.976473999747924], [-87.97994999984127, 42.976475000063694], [-87.97994200034366, 42.976803000235435], [-87.97990499963544, 42.976803000235435], [-87.97990299998561, 42.976913000109654], [-87.97990100033579, 42.97702200013744], [-87.97989899978766, 42.97713200027715], [-87.97989799996273, 42.97724200022008], [-87.97989299993988, 42.97746099987309], [-87.97989299993988, 42.9775439997208], [-87.97985199993198, 42.9775439997208], [-87.97946199994465, 42.9775439997208], [-87.9793320002483, 42.97754500001923], [-87.97907399960714, 42.97754500001923], [-87.97830000037855, 42.97754600031758], [-87.97804299956228, 42.97754699995868], [-87.97804500011041, 42.977416999813364], [-87.97805099995821, 42.97702600005041], [-87.97805199978312, 42.976969000280725], [-87.97805400033124, 42.976896999769735], [-87.97805799963089, 42.97666299999144], [-87.97806900039987, 42.97596400022958], [-87.97807400042275, 42.975730999857774], [-87.97782300035257, 42.9757300001871], [-87.97707299961681, 42.9757300001871], [-87.97682300026987, 42.9757300001871], [-87.97667500013186, 42.9757300001871], [-87.97623099971786, 42.97573299985623], [-87.97608400030306, 42.975734000184055], [-87.97572399955466, 42.975734999854666], [-87.97559999970609, 42.975736000182465], [-87.97556100024634, 42.97863300021218], [-87.97386599967946, 42.97862899974657], [-87.97348200043821, 42.978612999853155], [-87.97353500014167, 42.97852699994402], [-87.97359600024103, 42.97842899979397], [-87.97363899989872, 42.9782469997581], [-87.97366300018818, 42.978150000107554], [-87.97366700038614, 42.97783299983679], [-87.97367700043188, 42.97710499992053], [-87.97361299995947, 42.976894000157394], [-87.97360100026391, 42.97685100000161], [-87.9734530001259, 42.97662400027039], [-87.97338600017875, 42.97655900024227], [-87.97329599976706, 42.9764699997991], [-87.97320899972841, 42.97640999987807], [-87.97353799961641, 42.976133999881746], [-87.97352699974574, 42.976127000261044], [-87.97347900006518, 42.976096000147194], [-87.97358000034751, 42.97602199993948], [-87.97321899977418, 42.97572800018855], [-87.97317199991849, 42.975688999874514], [-87.97314599997924, 42.975704999871496], [-87.97313199973553, 42.97571400019661], [-87.97311900021505, 42.97572299986316], [-87.97309900012357, 42.975736999852984], [-87.97308499987986, 42.975746000173416], [-87.97307300018429, 42.97575499983528], [-87.9730589999406, 42.97576499982315], [-87.97304700024505, 42.97577499980939], [-87.97303399982624, 42.97578400012426], [-87.97302200013067, 42.975794000107406], [-87.97300399968901, 42.975808999750484], [-87.97299100016853, 42.975818999729576], [-87.9729800002979, 42.97583000003335], [-87.972967999704, 42.97584000000902], [-87.97295600000844, 42.97584999998307], [-87.97294500013778, 42.975861000281256], [-87.97293400026713, 42.97587199992026], [-87.97292300039648, 42.975881999889104], [-87.9729119996275, 42.97589399984958], [-87.97290099975685, 42.975903999814854], [-87.97289200043433, 42.97591500010338], [-87.97288099966536, 42.97592599973272], [-87.97287099961962, 42.97593799968462], [-87.9728620002971, 42.97594899996706], [-87.97284899987831, 42.9759649998964], [-87.97283800000766, 42.97597800016455], [-87.97280299984756, 42.97602500025162], [-87.9727850003042, 42.97604999977987], [-87.97277799973321, 42.97606100004228], [-87.9727710000605, 42.976072999967826], [-87.9727429995731, 42.9761109997166], [-87.97272400020485, 42.97613599986715], [-87.9727009997403, 42.976168000281604], [-87.97263299996824, 42.97614399980798], [-87.97258299973953, 42.976127000261044], [-87.97251300031765, 42.97611000005211], [-87.97241799988309, 42.976086999877985], [-87.97213300037605, 42.976019999950374], [-87.9720389997664, 42.97599800006613], [-87.97195900029878, 42.9759789998312], [-87.97192800033665, 42.97597600017401], [-87.97158900040293, 42.97594899996706], [-87.97147700024993, 42.97594100000085], [-87.97144299991474, 42.97593799968462], [-87.9713409998075, 42.97592999971693], [-87.97130700037063, 42.97592799972489], [-87.97117400030122, 42.97593700001732], [-87.9707779995678, 42.97596600022046], [-87.97064600022163, 42.97597699984069], [-87.97064899969635, 42.975838999682914], [-87.97065899974211, 42.975428000321656], [-87.97066299994006, 42.975290999924106], [-87.97066399976497, 42.975227999816376], [-87.97066799996293, 42.97504200012327], [-87.97066999961275, 42.97498099978339], [-87.97059500016799, 42.97498099978339], [-87.9703700000371, 42.97498099978339], [-87.97016099979973, 42.97498200012346], [-87.97017599986835, 42.974484999988405], [-87.97032300018145, 42.974484999988405], [-87.9703769997098, 42.974484999988405], [-87.97037800043303, 42.97435299989901], [-87.97037800043303, 42.97390299967577], [-87.97039599997638, 42.97390299967577], [-87.97051499980205, 42.97390400003338], [-87.97055099978706, 42.97390400003338], [-87.97065899974211, 42.97390400003338], [-87.97069599955202, 42.97390400003338], [-87.97107399984381, 42.97390400003338], [-87.97220899964572, 42.97390499973368], [-87.97237699987521, 42.97390600009125], [-87.972382999723, 42.97339299986771], [-87.97318699998712, 42.97339099979311], [-87.9732149995762, 42.97295100020611], [-87.97334099997289, 42.97295100020611], [-87.97331699968345, 42.97390600009125], [-87.97349999998157, 42.97390699979157], [-87.9736790000817, 42.97390699979157], [-87.97421899985687, 42.97390699979157], [-87.97439899978193, 42.9739080001491], [-87.9748330001502, 42.9739080001491], [-87.97483899999797, 42.97293900032862], [-87.97445499985842, 42.9729440002231], [-87.97435199992627, 42.97294499993902], [-87.97404700032774, 42.97294900011717], [-87.97401399981746, 42.972949999833006], [-87.97402499968811, 42.97253799984485], [-87.97403499973386, 42.972159999712524], [-87.97403899993182, 42.972137000032895], [-87.97406099967313, 42.97127899975219], [-87.97406499987108, 42.971069999868035], [-87.97407200044209, 42.97083400010743], [-87.97712700004348, 42.97083400010743], [-87.97756499971139, 42.97083100019935], [-87.97758499980289, 42.97017599989201], [-87.97759300019881, 42.97007600005425], [-87.97759099965067, 42.96998100018921], [-87.97759900004658, 42.96973299969085], [-87.97760599971927, 42.969470000293626], [-87.97760800026742, 42.96942599977482], [-87.97763400020668, 42.96857300004939], [-87.97765500012308, 42.9678820000611], [-87.97766599999373, 42.96753500007955], [-87.97767400038965, 42.967257000076266], [-87.97767600003947, 42.96718800011255], [-87.97768000023743, 42.96707799993412], [-87.97768899955996, 42.9667770001255], [-87.97769199993301, 42.96665299978691], [-87.97773600031395, 42.966651999968725], [-87.97817900000473, 42.966651999968725], [-87.97832799996765, 42.966651999968725], [-87.97832200011985, 42.96683400013898], [-87.97830500040142, 42.967380000048244], [-87.97830000037855, 42.96756299984004], [-87.97854999972549, 42.967562000036594], [-87.97930100028617, 42.967562000036594], [-87.97955200035634, 42.967562000036594], [-87.98018099981995, 42.96756100023318], [-87.98207100038051, 42.96755999977241], [-87.98270099966905, 42.96755999977241], [-87.98284899980706, 42.967558999968915], [-87.98324200016742, 42.967558999968915], [-87.98325899988588, 42.967558999968915], [-87.98328999984801, 42.966640999995306], [-87.9835130003291, 42.96664000017692], [-87.98370800032275, 42.96664000017692], [-87.98377400044501, 42.96664000017692], [-87.98396199986766, 42.96663899970117], [-87.98452900030533, 42.966637999882714], [-87.98471900027612, 42.966637999882714], [-87.98496000030055, 42.96663700006428], [-87.98568500002365, 42.96663499976998], [-87.98592699987297, 42.96663499976998], [-87.9860690001632, 42.96663399995149], [-87.98649500013555, 42.96663399995149], [-87.98655899970964, 42.96663399995149], [-87.9866380002507, 42.96663399995149], [-87.98696100029088, 42.96663300013295], [-87.98793299988618, 42.96663000001997], [-87.98825799957619, 42.96663000001997], [-87.98824800042874, 42.966873999967], [-87.98822099976626, 42.96760800017957], [-87.98821200044375, 42.967852999989866], [-87.98820800024578, 42.96795399995224], [-87.98820499987274, 42.96803199984875], [-87.9881959996519, 42.96826000019266], [-87.98819200035226, 42.96836199993449], [-87.98819099962904, 42.96839500024009], [-87.98818499978124, 42.96854400030393], [-87.98816399986484, 42.969090000153045], [-87.98815800001707, 42.96927300011594], [-87.98815700019216, 42.96928899981026], [-87.98815200016928, 42.96939300002234], [-87.98814499959828, 42.96959599975282], [-87.98813899975049, 42.96975600026947], [-87.98813499955253, 42.96987800007979], [-87.98813100025288, 42.969954999743905], [-87.98812299985697, 42.97018600012979], [-87.98812000038222, 42.970263999825136], [-87.98786299956598, 42.970263999825136], [-87.98709500018516, 42.970263999825136], [-87.98683900009213, 42.97026500024193], [-87.98660100044076, 42.97026500024193], [-87.98588800041323, 42.97026699976088], [-87.98565099968845, 42.97026800017763], [-87.98541300003708, 42.97026800017763], [-87.98469900018463, 42.97027199987259], [-87.98446200035818, 42.97027300028924], [-87.98420200006719, 42.9702870002052], [-87.98342399974233, 42.970333000282146], [-87.98316500017454, 42.97034799994261], [-87.98315299958067, 42.97069699999252], [-87.98311999996871, 42.97174400009149], [-87.98310999992296, 42.97209399983721], [-87.98309800022739, 42.97243599979805], [-87.98306200024238, 42.97346600024524], [-87.98305100037173, 42.97380900016568], [-87.9830499996485, 42.97382799975658], [-87.98304799999869, 42.973884999808675], [-87.98304799999869, 42.97390499973368], [-87.98319699996159, 42.97390400003338], [-87.98364399985036, 42.97390400003338], [-87.98366200029201, 42.97390400003338], [-87.98366499976675, 42.97535199995652], [-87.98363399980461, 42.97571400019661], [-87.98362799995681, 42.97607600027748], [-87.98361100023838, 42.97716200022134], [-87.9836060002155, 42.9775249999635], [-87.98357600007829, 42.97953599991723], [-87.98344200018398, 42.97961600011336], [-87.98270800024007, 42.980052999873074], [-87.98186600034109, 42.980554000036584], [-87.98219100003111, 42.980868000004605], [-87.98224799993251, 42.98095000026802], [-87.98240699994118, 42.98087200032454], [-87.98259199988911, 42.98075999981142], [-87.98245999964462, 42.98061500010568], [-87.9841760001279, 42.98059900007185], [-87.98417799977771, 42.98050299978154], [-87.98418500034873, 42.98018599981211], [-87.98397000026357, 42.980183999958435], [-87.98397699993627, 42.979821999744885], [-87.98419200002144, 42.979824000267506], [-87.98419299984634, 42.979768000067736], [-87.98436000025093, 42.97976899967276], [-87.98437399959631, 42.979515999851934], [-87.98470800040548, 42.97951500024284], [-87.98479999956866, 42.97945899976164], [-87.98544099962616, 42.97907699967196], [-87.9854430001743, 42.978893999963304], [-87.98593699991872, 42.97889099979115], [-87.98602300013245, 42.97888599972296], [-87.98603099963005, 42.97805300030398], [-87.98509300036993, 42.97861999984811], [-87.98496199995037, 42.97869900029919], [-87.98502300004974, 42.97390199997538], [-87.98497299982101, 42.97390199997538], [-87.98491799956945, 42.97390199997538], [-87.98470500003242, 42.97390199997538], [-87.98458899968146, 42.97390199997538], [-87.98446099963493, 42.97390199997538], [-87.9843850003653, 42.97390199997538], [-87.98418799982346, 42.97390299967577], [-87.98415900040946, 42.97390299967577], [-87.9840840000664, 42.97390299967577], [-87.98402499961685, 42.97390299967577], [-87.98394199977618, 42.97390299967577], [-87.98394900034718, 42.973692000099284], [-87.98396000021783, 42.97340300023967], [-87.98374099993472, 42.973403999948125], [-87.98373900028491, 42.97328199990193], [-87.98377699991973, 42.97209300010746], [-87.98382899979828, 42.97070700014556], [-87.98403200018787, 42.970707999897876], [-87.98444499974143, 42.97071200022148], [-87.98444800011448, 42.97061600027041], [-87.9844509995892, 42.970566999826794], [-87.98445300013734, 42.970507999817684], [-87.98504499979104, 42.97049699987656], [-87.9850480001641, 42.97054700013084], [-87.9850480001641, 42.97055599989622], [-87.9855839997413, 42.970555000141474], [-87.98558600028943, 42.97048599993347], [-87.98564200036594, 42.97048599993347], [-87.98682999987129, 42.9704850001776], [-87.98811199998632, 42.97048399976438], [-87.98814899979625, 42.97048300000841], [-87.98816200021503, 42.97014400030341], [-87.98820700042087, 42.97014400030341], [-87.98821300026864, 42.96997300010391], [-87.98821900011643, 42.969880000268596], [-87.98821800029152, 42.9698699999811], [-87.98822800033726, 42.96986400007074], [-87.988238000383, 42.96959700018047], [-87.98827299964478, 42.969592000013904], [-87.98959499994277, 42.96958300010746], [-87.98976700037022, 42.969717000112084], [-87.9899480001202, 42.96982499998178], [-87.98999499997586, 42.96986300030475], [-87.99009700008311, 42.969900000181426], [-87.99035300017614, 42.96999899988429], [-87.9906319998354, 42.97009500014108], [-87.9909769996169, 42.97010499973472], [-87.99120199974779, 42.97011200004085], [-87.99138500004591, 42.970118999688914], [-87.99138199967287, 42.970214999758404], [-87.99138099984795, 42.97024400003066], [-87.99143199990156, 42.97024400003066], [-87.99276400024529, 42.97023999967662], [-87.99275500002445, 42.97046400004144], [-87.99271700038962, 42.97147899995442], [-87.99269999977287, 42.972003000042335], [-87.99269499975001, 42.97207600009794], [-87.99010700012884, 42.97209599995399], [-87.99010600030394, 42.97220700008848], [-87.99005600007523, 42.973880999691396], [-87.99088000043083, 42.97387399981425], [-87.99092399991345, 42.973873000113436], [-87.99105500033302, 42.97387199975528], [-87.99109999964054, 42.97387199975528], [-87.99132300012162, 42.973869999696305], [-87.99169499966729, 42.97386800029449], [-87.99199500014126, 42.97386499987711], [-87.99221900044725, 42.97386299981786], [-87.99234499994564, 42.97386200011687], [-87.99272300023742, 42.973857999998145], [-87.9928499995607, 42.973857999998145], [-87.99295900023897, 42.97378799984993], [-87.99328599957879, 42.97357800024179], [-87.99339500025705, 42.97350799977492], [-87.99353300034932, 42.97341900017415], [-87.99394599990288, 42.973154000024294], [-87.99408499982005, 42.97306600028252], [-87.99488099968825, 42.972542000049486], [-87.9969260000595, 42.971200000285165], [-87.99727400021405, 42.97098000027783], [-87.998080000128, 42.97047200006282], [-87.99826800044899, 42.97035300004768], [-87.99868900039844, 42.97008900025267], [-87.9987560003456, 42.97004699970278], [-88.00162799964889, 42.970007999729845], [-88.0048389997842, 42.96997300010391], [-88.00625599961842, 42.96995799969472], [-88.00807400020896, 42.969939000222844], [-88.01003599984122, 42.96992000008776], [-88.0120340003568, 42.9699149999475], [-88.01302500021868, 42.96988799970866], [-88.01476799956782, 42.969858999925876], [-88.01477799961359, 42.97002099994269], [-88.0147729995907, 42.970139999942866], [-88.0147729995907, 42.970323000068305], [-88.01469300012306, 42.970323000068305], [-88.01469999979578, 42.97114600026658], [-88.01471800023742, 42.97196899996888], [-88.01465200011519, 42.97196999970064], [-88.0146450004425, 42.97237799999244], [-88.01480100007811, 42.97237700026726], [-88.01480000025319, 42.97278200001793], [-88.01477900033679, 42.97320400009039], [-88.01476199972004, 42.973736999898335], [-88.01506999969162, 42.973736000195295], [-88.01599399960634, 42.97373400013184], [-88.01630300030114, 42.97373400013184], [-88.01661200009762, 42.97373299977148], [-88.01754199986013, 42.97373000000479], [-88.01785200037983, 42.97373000000479], [-88.0181029995517, 42.97372900030164], [-88.01885499993728, 42.97372599987749], [-88.01910699983236, 42.97372599987749], [-88.01913199994672, 42.97372500017423], [-88.01963599973688, 42.97372300011046], [-88.02114899983057, 42.97371600021528], [-88.02165400034394, 42.97371499985462], [-88.02212700017196, 42.97371299979054], [-88.02230999957176, 42.97371200008706], [-88.02282299958273, 42.973709000319346], [-88.02354800020416, 42.973707000255025], [-88.02402199985708, 42.973705999894214], [-88.02476599984675, 42.97370300012622], [-88.0270010001888, 42.97369299980304], [-88.02774600000339, 42.97369099973819], [-88.02800299992133, 42.97368899967332], [-88.02877299985026, 42.973683000135516], [-88.02903099959312, 42.97368199977428], [-88.02927099979264, 42.97367999970912], [-88.02999300004099, 42.97367499987447], [-88.03023400006542, 42.97367400017043], [-88.03047400026493, 42.97367200010496], [-88.03119499979007, 42.97366599990822], [-88.03143599981448, 42.97366500020402], [-88.03168900043278, 42.97366300013827], [-88.0324509999658, 42.973658000302244], [-88.03270500040902, 42.973656999940644], [-88.032950999558, 42.97365499987467], [-88.03368799987497, 42.973648999676264], [-88.03393499974717, 42.973647999971746], [-88.03447799989539, 42.97364500020092], [-88.03610899998986, 42.97363800029691], [-88.03665299996298, 42.97363600023027], [-88.03758199990058, 42.97363000003001], [-88.03768400000783, 42.97363000003001], [-88.03762399973338, 42.975806000085065], [-88.0375330003951, 42.97935000011047], [-88.03752400017426, 42.97968600019954], [-88.03751499995344, 42.98004100006705], [-88.03750499990768, 42.98041899973319], [-88.03749300021212, 42.980922000030084], [-88.03749700041008, 42.98096900028136], [-88.03755699978623, 42.981540999733134], [-88.03755699978623, 42.981684000078936], [-88.03755900033437, 42.98211599979283], [-88.03756000015927, 42.98225999968008], [-88.03759600014429, 42.982642999924735], [-88.03749400003704, 42.98636499973621], [-88.03747300012064, 42.98743700002448], [-88.03768700038088, 42.98810299989727], [-88.0383440003319, 42.988101000301135], [-88.03855299967097, 42.9881000001745], [-88.0386399997096, 42.98809900004784], [-88.0388780002593, 42.98809799992113], [-88.03914699987283, 42.988096000324866], [-88.0399560001598, 42.98809299994463], [-88.04022599959823, 42.98809299994463], [-88.04025099971258, 42.98809199981786], [-88.04032900042871, 42.98809199981786], [-88.04035500036798, 42.98809199981786], [-88.04039600037586, 42.98809299994463], [-88.04058299997361, 42.98809199981786], [-88.04198499973923, 42.988086999840874], [-88.04219499980151, 42.98808599971401], [-88.04226599994661, 42.98587600025281], [-88.0422850002132, 42.98545499991303], [-88.04231100015245, 42.98470900022813], [-88.04231899965006, 42.98447099986501], [-88.04244599987166, 42.98447099986501], [-88.04285199975254, 42.98448400030628], [-88.04299499986767, 42.984466999779244], [-88.04326500020441, 42.98446500006488], [-88.04407699996614, 42.98445999979286], [-88.0443480001278, 42.9844590002641], [-88.0446229995891, 42.984458000078206], [-88.04535200040846, 42.9844539999916], [-88.04572999980192, 42.98445200027676], [-88.04614599972852, 42.98444999990473], [-88.04673699955731, 42.98444800018976], [-88.04724399972052, 42.98444299991636], [-88.04726299998708, 42.98394899994507], [-88.04730700036802, 42.98285799986577], [-88.04733999998, 42.98202700016393], [-88.04734400017794, 42.981928999677734], [-88.04736699974417, 42.98138699974704], [-88.04737099994213, 42.981275000172054], [-88.04738500018583, 42.980939000222975], [-88.0473900002087, 42.980828000076905], [-88.04789900002172, 42.980828000076905], [-88.04942600035913, 42.98082999990958], [-88.04993500017214, 42.980831000154545], [-88.05010000002859, 42.980831000154545], [-88.05059600032114, 42.980831000154545], [-88.05076200000249, 42.98083199974224], [-88.05096399966885, 42.98083199974224], [-88.05157299993931, 42.98083199974224], [-88.0517760003289, 42.98083299998712], [-88.05208000010252, 42.98083299998712], [-88.05299200032167, 42.98083299998712], [-88.05329600009529, 42.98083400023199], [-88.05336200021752, 42.98083400023199], [-88.05356300005899, 42.98083400023199], [-88.05363000000614, 42.980834999819685], [-88.05407400042014, 42.980834999819685], [-88.05540800041369, 42.98083600006452], [-88.05555200035374, 42.98083700030934], [-88.05585299975431, 42.98083700030934], [-88.05595499986156, 42.98083700030934], [-88.05612800011392, 42.98083700030934], [-88.05695400011935, 42.98083700030934], [-88.05723000030387, 42.98083799989698], [-88.05776199968311, 42.98084500029583], [-88.05916699982178, 42.980863999684416], [-88.05936099999053, 42.980863000097244], [-88.05989499991793, 42.98086199985284], [-88.06031900024045, 42.98086600017317], [-88.06079700009133, 42.98087200032454], [-88.0635040004365, 42.98090199975842], [-88.06365400022432, 42.98090300000217], [-88.06440700043481, 42.98091299981005], [-88.06508100010429, 42.980920000200356], [-88.06710399983592, 42.98094299988113], [-88.06777900022861, 42.98095099985378], [-88.0679469995598, 42.98095200009672], [-88.06845100024826, 42.98095800023976], [-88.06862000030266, 42.980960000068215], [-88.06866200013545, 42.9798299998634], [-88.06869300009758, 42.978949000026354], [-88.06872599970956, 42.97793500013334], [-88.06873099973241, 42.97779999999458], [-88.06878199978604, 42.976546000096945], [-88.0687850001591, 42.976455999976096], [-88.06879400037992, 42.976215000223405], [-88.06880500025058, 42.97595099995847], [-88.0688139995731, 42.975808999750484], [-88.06885899977894, 42.97460900031221], [-88.0688629999769, 42.97432400024973], [-88.06887600039569, 42.97396700018294], [-88.06888700026634, 42.97366599990822], [-88.06890300015988, 42.972262999944114], [-88.0689120003807, 42.971801999837744], [-88.06902500035861, 42.96949600028662], [-88.06903700005417, 42.969137000245745], [-88.0690539997726, 42.96727499991115], [-88.06909899997845, 42.9663899997099], [-88.06909999980336, 42.966377000044325], [-88.06910499982624, 42.96616099983924], [-88.06914400018428, 42.96419499985637], [-88.0691450000092, 42.96413200021496], [-88.06914699965904, 42.96406600027101], [-88.0691519996819, 42.96381400013249], [-88.06916199972764, 42.9631239998078], [-88.0691729995983, 42.96272099999304], [-88.06918299964406, 42.96233600013333], [-88.06918400036726, 42.96231700027933], [-88.06918500019218, 42.96229799976211], [-88.06918600001708, 42.961837999807706], [-88.06920799975839, 42.96108500019804], [-88.06921199995635, 42.960879000255126], [-88.06921600015431, 42.960700999876636], [-88.06924700011645, 42.9596639998052], [-88.06924700011645, 42.959179000078564], [-88.06924899976627, 42.95910399995573], [-88.06925100031441, 42.95903400010924], [-88.0692499995912, 42.95896500012629], [-88.06925700016221, 42.95766299989167], [-88.06925899981204, 42.957493999775046], [-88.06926300001, 42.95678599996376], [-88.06926600038302, 42.95628400013374], [-88.06927399988064, 42.95477799974111], [-88.06927800007861, 42.9542759999672], [-88.0692789999035, 42.95398700027273], [-88.06928499975129, 42.95311900024056], [-88.06928700029943, 42.95283099975808], [-88.06928800012435, 42.95269100017821], [-88.06928800012435, 42.952680999726354], [-88.06928800012435, 42.95262699988845]], [[-88.06041999962446, 42.977259999761834], [-88.06035500022544, 42.97945399973964], [-88.06017100010243, 42.979449999984666], [-88.05858000019093, 42.9794380000609], [-88.05727200013666, 42.97942600013486], [-88.05728300000733, 42.97904399984016], [-88.05732200036539, 42.977725999865804], [-88.05733599971076, 42.97728799969572], [-88.0573380002589, 42.97723300011861], [-88.05891199955364, 42.9772460001187], [-88.06041999962446, 42.977259999761834]]]}, "properties": {"id": "covered-us-wi-greenfield", "status": "covered", "jurisdiction": "Greenfield", "country_id": "us", "state_id": "wi", "area_type": "city", "note": "Covered by public tree inventory for Greenfield; geometry from official jurisdiction boundary."}}, {"type": "Feature", "geometry": {"type": "Polygon", "coordinates": [[[-88.06949499981357, 42.92997999971404], [-88.06949599963849, 42.92995499988127], [-88.069439999562, 42.92995499988127], [-88.06843399963151, 42.92996599983524], [-88.0667509996585, 42.92998199988438], [-88.06637499991486, 42.929989999907434], [-88.06353000037575, 42.93001399997022], [-88.06254000033879, 42.930032999931115], [-88.05962899977914, 42.93005100013096], [-88.05858100001585, 42.930059999900095], [-88.05727100031174, 42.930073999757525], [-88.05381099975608, 42.930116999722564], [-88.05261900005277, 42.93011800013442], [-88.05178700019955, 42.930124999728065], [-88.04929300028974, 42.93015000014959], [-88.04861000039944, 42.93015699973961], [-88.04835900032927, 42.93015800015081], [-88.0481290001755, 42.930160000315375], [-88.0471299999177, 42.930168000315255], [-88.04679799965668, 42.93017100023274], [-88.04651899999742, 42.93017299973914], [-88.04568200012133, 42.93017999998428], [-88.04552300011268, 42.930182000148136], [-88.045404000287, 42.93018299990119], [-88.0454679998611, 42.92856599983151], [-88.04547200005906, 42.928382000047236], [-88.04502099997235, 42.92838599983388], [-88.04253499956013, 42.92840699986075], [-88.04084699956425, 42.928423000314865], [-88.03879100022066, 42.928439999888425], [-88.0385760001355, 42.92844100032747], [-88.03854799964809, 42.92943700006272], [-88.03852400025697, 42.930238999857764], [-88.03785300006223, 42.930241999771795], [-88.03774500010721, 42.93024300018157], [-88.03522500025811, 42.93025799974925], [-88.03467500043719, 42.930262000071814], [-88.03447299987252, 42.93026299982357], [-88.03438599983389, 42.93026299982357], [-88.0334359999799, 42.93026799989745], [-88.03058800006774, 42.930283999868145], [-88.02963900003866, 42.93028999969168], [-88.0295500003502, 42.93028999969168], [-88.02942399995351, 42.930291000100674], [-88.02878000042128, 42.93029400001218], [-88.02856600016102, 42.930296000172326], [-88.0285650003361, 42.930338000231906], [-88.02856299978797, 42.93046599973569], [-88.02856299978797, 42.93050900008485], [-88.02856299978797, 42.930548000100195], [-88.02855799976511, 42.93095900002548], [-88.0285569999402, 42.93107899967362], [-88.0285429996965, 42.932308999851934], [-88.02853900039685, 42.93275899979526], [-88.02853699984871, 42.93288900026299], [-88.02853299965075, 42.93328300014588], [-88.02853299965075, 42.93335499974526], [-88.02832699978643, 42.93335299968445], [-88.02788099972258, 42.933351999982854], [-88.02754199978887, 42.933349999921944], [-88.02720899970295, 42.933349999921944], [-88.02699799981573, 42.9333490002203], [-88.02698799977, 42.93379400001207], [-88.02698199992223, 42.93408800022995], [-88.02697799972427, 42.93437999967449], [-88.02697199987648, 42.9347949997057], [-88.02765800013984, 42.93479800005551], [-88.02851699975722, 42.93480200008321], [-88.02851599993232, 42.93490299971007], [-88.02851299955925, 42.935162999869334], [-88.02850699971148, 42.93567399992031], [-88.02850400023674, 42.93594700029085], [-88.0285019996886, 42.93620800030121], [-88.0285009998637, 42.9362399997829], [-88.02850000003878, 42.93633899971814], [-88.02850000003878, 42.936372000099595], [-88.0284930003661, 42.93690899993591], [-88.02848699961999, 42.93751899997795], [-88.02846900007664, 42.93852000028352], [-88.0284599998558, 42.939058000068215], [-88.02844700033535, 42.93972399974683], [-88.02841200017524, 42.94172400006634], [-88.02840100030458, 42.94239100005457], [-88.02781399977543, 42.94239200026699], [-88.02749900013116, 42.94239200026699], [-88.0258479999452, 42.942397000013784], [-88.0258400004476, 42.942836999813004], [-88.02582200000596, 42.94368800021659], [-88.02582299983085, 42.94374799983358], [-88.02581699998308, 42.944020999917115], [-88.02581500033325, 42.94414400031065], [-88.0262060001455, 42.944143000126694], [-88.02659699995775, 42.94414199994272], [-88.02737899958227, 42.94414000023222], [-88.02816899960268, 42.944137999864154], [-88.02828099975568, 42.944137999864154], [-88.02837000034245, 42.94413699968005], [-88.02836899961922, 42.944216999888106], [-88.02836600014449, 42.94432199992112], [-88.0283610001216, 42.94463899995528], [-88.02835899957347, 42.944745000100326], [-88.02834400040318, 42.945393999924576], [-88.0283030003953, 42.94734400016628], [-88.02828900015159, 42.94799400032824], [-88.02865800022253, 42.948141999709264], [-88.02937600027293, 42.948432000005916], [-88.0297600004125, 42.94860499981113], [-88.03012399956224, 42.948769000123946], [-88.03034100019553, 42.94884599990756], [-88.03054500041004, 42.94891899982696], [-88.03063900012137, 42.94887400028321], [-88.03106599991862, 42.948561000150065], [-88.03175600037993, 42.949068999821925], [-88.03219999989564, 42.94939800026673], [-88.03251100024028, 42.949577999999626], [-88.03321300039714, 42.94998600020701], [-88.0332119996739, 42.95001500015263], [-88.03321099984899, 42.950086999913275], [-88.03320199962816, 42.95066200014803], [-88.03319199958243, 42.951267999763864], [-88.0356960004363, 42.95237600028778], [-88.03590399995043, 42.95246800023667], [-88.03596800042287, 42.9524960002796], [-88.03622699999063, 42.95261099980562], [-88.03636300043308, 42.95267099993043], [-88.03654599983285, 42.952752000269115], [-88.0367659999409, 42.952849999911315], [-88.03686700022322, 42.95289499983564], [-88.0371810000426, 42.953033000187396], [-88.03762899975625, 42.95323199984485], [-88.03794000010087, 42.95337000009843], [-88.0381180003761, 42.95344900010909], [-88.0381250000488, 42.95335400020877], [-88.03814400031538, 42.95248899994132], [-88.04026900015425, 42.95247700001708], [-88.04158700025428, 42.95246999967664], [-88.04218899995372, 42.95246900028541], [-88.0423970003662, 42.95246500009044], [-88.04278499980539, 42.952462999992854], [-88.04303800042368, 42.9524609998952], [-88.04316499974699, 42.9524609998952], [-88.04332299993074, 42.95236699983519], [-88.04349799983291, 42.95226399982137], [-88.04367299973508, 42.95216100029263], [-88.04384699981237, 42.95205799993405], [-88.04419800033996, 42.95237899978089], [-88.04462799961196, 42.952125000320954], [-88.04469000043456, 42.952088000273356], [-88.04472300004652, 42.952068999884816], [-88.04480500006228, 42.9521440000347], [-88.04488600025313, 42.95221900009312], [-88.0452000000725, 42.95250500005587], [-88.04537999999755, 42.952502999959584], [-88.04562100002198, 42.95243700003345], [-88.04606799991072, 42.95243099973778], [-88.04608600035237, 42.95244499976922], [-88.04674599977815, 42.952431999787116], [-88.04699500019848, 42.95244000018105], [-88.0476220000123, 42.9524329998364], [-88.04770999987583, 42.95243599998419], [-88.04782000037902, 42.95243499993496], [-88.04794900025044, 42.95243499993496], [-88.04806800007613, 42.95243399988566], [-88.04823999960527, 42.952428000247245], [-88.04874699976847, 42.95242900029659], [-88.04958600019269, 42.95242300000013], [-88.05027099973282, 42.95241400021188], [-88.05087599980531, 42.95241300016228], [-88.05115500036288, 42.95241100006301], [-88.05265800041083, 42.95239700002383], [-88.05292200000147, 42.95239800007368], [-88.0533110001639, 42.952394999924024], [-88.05359400002112, 42.95239199977424], [-88.05379400003767, 42.952390999724244], [-88.05409500033655, 42.952389000281755], [-88.05449000034676, 42.95238600013168], [-88.05641699981891, 42.952371000036486], [-88.05793199956243, 42.952371000036486], [-88.05985700028309, 42.95236200024063], [-88.0639489997771, 42.95236699983519], [-88.06928999977416, 42.95237400018735], [-88.0692930001472, 42.95182499973806], [-88.06929499979704, 42.95176199992301], [-88.06930800021583, 42.951358999987285], [-88.06931700043666, 42.949992000083526], [-88.06932300028444, 42.949333999840306], [-88.06932300028444, 42.949307999874094], [-88.06932900013221, 42.9487880002161], [-88.06933499998, 42.9483289999822], [-88.06933800035304, 42.94810899971819], [-88.06934199965269, 42.94780399997925], [-88.06934400020084, 42.94765199993531], [-88.06936299956911, 42.94604400029301], [-88.06938699985855, 42.94472399972628], [-88.06938500020873, 42.94470300000266], [-88.06938199983567, 42.94453300028525], [-88.06941500034596, 42.94253599978202], [-88.0693840003838, 42.94070800024712], [-88.06948599959274, 42.93811999999076], [-88.06948700031597, 42.93809000007778], [-88.06948700031597, 42.93751399983508], [-88.0694889999658, 42.93742799968135], [-88.06949300016376, 42.93724900023038], [-88.069411000148, 42.933629999925], [-88.06942399966846, 42.93343399979347], [-88.06943600026234, 42.933176000293464], [-88.06942299984354, 42.93198900030337], [-88.06948300011801, 42.930286000028666], [-88.0694889999658, 42.93011500021436], [-88.06949499981357, 42.92997999971404]]]}, "properties": {"id": "covered-us-wi-hales-corners", "status": "covered", "jurisdiction": "Hales Corners", "country_id": "us", "state_id": "wi", "area_type": "city", "note": "Covered by public tree inventory for Hales Corners; geometry from official jurisdiction boundary."}}, {"type": "Feature", "geometry": {"type": "MultiPolygon", "coordinates": [[[[-89.57165999992607, 43.06094599977867], [-89.57101399984568, 43.060948999882], [-89.57103399993717, 43.0602069998198], [-89.56836000010229, 43.0602069998198], [-89.56803100021432, 43.06020999995934], [-89.56684199998573, 43.06020100019668], [-89.56674999992423, 43.06020100019668], [-89.56675999996996, 43.058680999963606], [-89.56676800036588, 43.057406000009365], [-89.5667690001908, 43.05729500017506], [-89.56680000015294, 43.052937000263746], [-89.56683100011507, 43.050424000162124], [-89.56689100038953, 43.0456460000788], [-89.56636099976178, 43.045653000315724], [-89.56419499991503, 43.04565800020307], [-89.56351200002473, 43.04566600028465], [-89.56323199964226, 43.04566799997663], [-89.56228299961317, 43.04567799974851], [-89.56211600010691, 43.045679000250814], [-89.5614950001409, 43.04568300029032], [-89.56124400007072, 43.045679000250814], [-89.56062200027979, 43.04568400013604], [-89.5603140003082, 43.0456869996731], [-89.56015799977429, 43.04568800017527], [-89.55827599960966, 43.04568800017527], [-89.55728300009795, 43.04569899978936], [-89.5572859995727, 43.0455860000787], [-89.55728899994573, 43.045347999850364], [-89.55736299956558, 43.043042000308326], [-89.55739400042603, 43.042065000094496], [-89.557463000023, 43.04155300014051], [-89.55912400025471, 43.04156200001371], [-89.55909999996526, 43.042054999733686], [-89.56197299999177, 43.04204099975102], [-89.56213500037347, 43.04204099975102], [-89.56214500041924, 43.04201899986556], [-89.56691599960558, 43.04201899986556], [-89.56706100026885, 43.04203800003569], [-89.56708100036033, 43.041563999839475], [-89.56708800003302, 43.04125999997187], [-89.56710499975148, 43.04095300014267], [-89.5671349998887, 43.04024899988597], [-89.56716000000304, 43.03965100015528], [-89.5671919997901, 43.039023999869144], [-89.56719900036111, 43.038750999932034], [-89.56721600007955, 43.038441000132416], [-89.56721799972937, 43.03839499981263], [-89.56709200023099, 43.03837999968666], [-89.56534899998353, 43.03838900002535], [-89.56540800043308, 43.03676299992503], [-89.56597599979733, 43.03676599989827], [-89.56601099995743, 43.0358109996985], [-89.56720400038397, 43.03581999975738], [-89.56733900010319, 43.03582099976385], [-89.56734099975301, 43.03579100021957], [-89.56734400012607, 43.03558599976738], [-89.56735699964653, 43.03533499995628], [-89.56738299958582, 43.034805999922376], [-89.56738500013394, 43.03477099976428], [-89.56385400033149, 43.034767000326525], [-89.56371299986617, 43.03476200020817], [-89.56376100044508, 43.03384499984954], [-89.56380900012566, 43.03292199991275], [-89.56383900026287, 43.03234499970769], [-89.56390100018716, 43.031135000080944], [-89.56387500024789, 43.03105299980211], [-89.5577090000703, 43.03107400025229], [-89.55772699961365, 43.03063399988641], [-89.55781600020043, 43.02845899987504], [-89.55783299991886, 43.028047999733666], [-89.55721299977775, 43.02802999996173], [-89.55666200013194, 43.02801399979524], [-89.55528200010764, 43.02796599992737], [-89.55523500025197, 43.027964999792914], [-89.55308399957549, 43.027896000326386], [-89.5530829997506, 43.027808000151886], [-89.55315600044383, 43.023737000151684], [-89.55801600021697, 43.02388700026133], [-89.55805300002689, 43.020715999757904], [-89.55805700022485, 43.020353000263064], [-89.55805800004977, 43.02023600012053], [-89.5580670002706, 43.01946300020018], [-89.55323599991148, 43.01933100014755], [-89.55325600000295, 43.01827300009132], [-89.55311899973562, 43.018269000235314], [-89.54828699955158, 43.01813900017533], [-89.54828900009971, 43.016360000135194], [-89.54795000016598, 43.01634600020185], [-89.54764300001933, 43.01633899990561], [-89.54721799987188, 43.01632000031718], [-89.54599000018355, 43.01629300009689], [-89.54572999989254, 43.01628199980911], [-89.54475900012216, 43.01625900021612], [-89.54366000030525, 43.01622399999079], [-89.54342099993066, 43.01622399999079], [-89.54340000001426, 43.01622399999079], [-89.54261699966654, 43.016206999705226], [-89.54142900016116, 43.016176000099684], [-89.54032199994833, 43.01615499980716], [-89.53900100037359, 43.01614000015676], [-89.53845499985232, 43.01613499983463], [-89.53764300009058, 43.01613000016886], [-89.53647200030366, 43.016110999859], [-89.53558699984869, 43.0161049998636], [-89.53511599967048, 43.016092999871105], [-89.53411999978574, 43.01608099987625], [-89.53351300006342, 43.01608400020359], [-89.53352999978186, 43.016303000058244], [-89.53353499980474, 43.01636600010567], [-89.53352899995696, 43.01650599990673], [-89.53349999964465, 43.01731599985572], [-89.5334839997511, 43.01827600031155], [-89.5334550003371, 43.021158000122504], [-89.53344600011627, 43.02156200006457], [-89.53343000022275, 43.02320099980352], [-89.53341500015414, 43.02385799968203], [-89.53338500001689, 43.02483299980272], [-89.5331930003963, 43.0248320002739], [-89.53204199980253, 43.024820000016774], [-89.53206199989401, 43.023577999792884], [-89.52847699966489, 43.023532999703306], [-89.5284699999922, 43.02326299978663], [-89.52833500027297, 43.02327100016121], [-89.52545100037582, 43.02323499978084], [-89.52540399962183, 43.023234000226054], [-89.52388999970323, 43.02316399982613], [-89.52367299996826, 43.02315300011258], [-89.52413800029866, 43.022957000109315], [-89.52490300020473, 43.0226489997782], [-89.52529800021495, 43.02249899992739], [-89.52616299968012, 43.02215500022535], [-89.52661100029209, 43.02195699985503], [-89.52701700017296, 43.02176599983808], [-89.52721800001441, 43.02165799992654], [-89.52735000025889, 43.02157499988365], [-89.527710000109, 43.02126899967402], [-89.5284630003195, 43.02058500002669], [-89.52849299955841, 43.02055799971142], [-89.52849199973352, 43.02041999981209], [-89.52850900035024, 43.01756499984334], [-89.52851699984787, 43.01619400006325], [-89.52851799967277, 43.0160200001946], [-89.52815600017284, 43.016014999862655], [-89.52685300014143, 43.01600600018375], [-89.52615299963438, 43.01599699984665], [-89.52522899971966, 43.01599299984235], [-89.52417699975841, 43.01598000015507], [-89.5241120003594, 43.01598000015507], [-89.52369200023482, 43.01598000015507], [-89.522585000022, 43.015966999808214], [-89.5224310000362, 43.015966999808214], [-89.52236400008906, 43.015966999808214], [-89.52237699960955, 43.015156999799046], [-89.52241400031777, 43.01515800014216], [-89.52241400031777, 43.01514100021832], [-89.52352800020331, 43.01516499991621], [-89.5236060000211, 43.00875200014139], [-89.52268799995417, 43.008736999996636], [-89.52255999990764, 43.0087349997581], [-89.51871699993566, 43.00868300010208], [-89.51660700016538, 43.00865100019083], [-89.51672900036414, 43.00275999983996], [-89.5167419998846, 43.00144299974661], [-89.51637199998875, 43.001440999927546], [-89.51359000019883, 43.00142400014877], [-89.51210600041748, 43.00140200015756], [-89.51189200015722, 43.001398999769954], [-89.51185100014933, 43.002357000258584], [-89.51184899960121, 43.00242199994597], [-89.510391999584, 43.00241300024607], [-89.51044600001069, 43.00138100006905], [-89.51009600020632, 43.00137799968038], [-89.5095039996543, 43.00137799968038], [-89.50760700031935, 43.00136099988418], [-89.50722800020266, 43.00135399985081], [-89.50650000010653, 43.00134900029573], [-89.50614799975403, 43.0013479997277], [-89.50416000018251, 43.00132900010049], [-89.50393400022668, 43.00129100017141], [-89.5013719996465, 43.001300000035734], [-89.50106100020018, 43.00130799998698], [-89.50088700012292, 43.00130500025177], [-89.50085500033586, 43.001301999859386], [-89.50065199994627, 43.001302999771234], [-89.50061099993837, 43.001302999771234], [-89.5004920001127, 43.00124700008591], [-89.50056300025781, 43.001172999930716], [-89.50050499963316, 43.00114600027804], [-89.50070100035006, 43.00093099991955], [-89.50084799976484, 43.00076999979408], [-89.5004920001127, 43.000592999818046], [-89.50137400019463, 42.9996369999522], [-89.50118800042179, 42.999544000306656], [-89.50099000005507, 42.999446000153426], [-89.5005349997704, 42.99995200027013], [-89.50050700018132, 42.99996500006499], [-89.49936099961042, 43.0006470002545], [-89.49929899968615, 43.00068300008112], [-89.49905400036207, 43.000565999910485], [-89.49908799979895, 42.998686000094736], [-89.49904599996614, 42.99842600023343], [-89.4990569998368, 42.998213000136204], [-89.49861400014602, 42.998409000277476], [-89.49819200037162, 42.99859900005894], [-89.4975780000783, 42.998885999845925], [-89.49619399985605, 42.99960200010916], [-89.49579100034823, 42.99981000031004], [-89.49540399983562, 43.00001200021017], [-89.49537200004856, 43.001270999957285], [-89.49576100021099, 43.0012739996942], [-89.4957469999673, 43.00192700003812], [-89.4943600002703, 43.00230700025004], [-89.49360299986182, 43.0025199999512], [-89.49310599974437, 43.00265899989151], [-89.49275199974205, 43.002760999728025], [-89.49229999983044, 43.002909999951285], [-89.49177199975082, 43.00310000026733], [-89.491297000273, 43.00331000020957], [-89.49129999974772, 43.00340700023463], [-89.49131499981634, 43.00425399974312], [-89.491325999687, 43.004894999736585], [-89.48974900001919, 43.004897000100165], [-89.48918699960441, 43.00489899980673], [-89.48916700041124, 43.005992999696474], [-89.4891220002054, 43.00850399968634], [-89.48715899984991, 43.008511000218796], [-89.48689299971115, 43.008511000218796], [-89.48422100042438, 43.00851999968234], [-89.4841729998455, 43.00852199992788], [-89.48415799977687, 43.008607000121394], [-89.48415699995198, 43.00863399977958], [-89.48415500030215, 43.00870599990483], [-89.48411900031714, 43.009907000287015], [-89.48405099964675, 43.01219899997759], [-89.48409199965465, 43.01357799994262], [-89.48404700034712, 43.015746000058726], [-89.48402300005768, 43.01701099975064], [-89.4840180000348, 43.017287000113335], [-89.48401200018702, 43.017544000025836], [-89.484004999616, 43.01791100024414], [-89.48399299992045, 43.018481999758876], [-89.48396699998116, 43.019584000272765], [-89.48396500033135, 43.0196980001936], [-89.48396100013339, 43.02005500001088], [-89.4839550002856, 43.02034399990638], [-89.48389699966097, 43.023402000072046], [-89.48389500001116, 43.0235130001637], [-89.4838709997217, 43.02575400021067], [-89.48386599969882, 43.02619800009359], [-89.48386099967597, 43.02666400019367], [-89.48032300020081, 43.02657399990881], [-89.480237999812, 43.026569999936875], [-89.47522999990086, 43.026460000278], [-89.47479800008072, 43.026447999682404], [-89.47450500017777, 43.02644099988111], [-89.47449500013204, 43.02686099967798], [-89.47447500004054, 43.02731800000751], [-89.47277199997606, 43.02725200025201], [-89.4726559996251, 43.02724700017811], [-89.46907700014208, 43.027126000103884], [-89.46899799960104, 43.02712300031612], [-89.46890700026276, 43.02712200016792], [-89.4687120002691, 43.02711300014686], [-89.46648899962261, 43.02706000014195], [-89.4663759996447, 43.02705600020169], [-89.4662419997504, 43.0271739999719], [-89.46597599961162, 43.027406999714636], [-89.46653300000355, 43.027415999692636], [-89.46653100035373, 43.02746500013322], [-89.46652700015576, 43.027526000265155], [-89.46652700015576, 43.02760299995762], [-89.46652399978271, 43.028524000177434], [-89.46652999963048, 43.02895099968482], [-89.46626600003985, 43.02895400003994], [-89.46603300041134, 43.028951999803205], [-89.46581400012822, 43.028955000158284], [-89.4656090000888, 43.02894699986778], [-89.4656009996929, 43.02900799984032], [-89.46554700016455, 43.02917299995746], [-89.4654800002174, 43.02925299989439], [-89.46537999975995, 43.02937100003791], [-89.46534799997289, 43.02939899987169], [-89.46653600037659, 43.029401000093856], [-89.46653499965336, 43.029657999862984], [-89.46579499986164, 43.029666000060814], [-89.4657970004098, 43.02994599976163], [-89.46585799961085, 43.02994500031611], [-89.46653300000355, 43.02994599976163], [-89.46653300000355, 43.03000300030647], [-89.46652999963048, 43.03033500019267], [-89.46652899980559, 43.03051299992227], [-89.46652799998067, 43.03058700018914], [-89.46716300019038, 43.03059199999098], [-89.46716300019038, 43.03121500008723], [-89.46800500008933, 43.031218999756476], [-89.46798300034804, 43.03184400019728], [-89.46786299979914, 43.03184400019728], [-89.46733600044276, 43.031836000283334], [-89.46674999973851, 43.031833000069085], [-89.46654999972198, 43.031828999783244], [-89.46652399978271, 43.03182799971174], [-89.46653499965336, 43.031578999784244], [-89.46653499965336, 43.031105000215874], [-89.46598900003042, 43.03110400013256], [-89.46598400000754, 43.03166100001697], [-89.46599099968023, 43.03182700029681], [-89.46583099984666, 43.03182700029681], [-89.46510399957545, 43.03182700029681], [-89.46511600016932, 43.031484999831136], [-89.46511600016932, 43.03143900020674], [-89.46442999990596, 43.03143800012887], [-89.4644180002104, 43.031706000058094], [-89.46441200036261, 43.0318250001537], [-89.46430000020962, 43.031824000082125], [-89.46373299977196, 43.031809999735025], [-89.46349699977041, 43.03181700023728], [-89.4630659997752, 43.03181700023728], [-89.46291099996449, 43.0318129999504], [-89.4627839997429, 43.03181099980683], [-89.46270900029812, 43.031809999735025], [-89.46272000016879, 43.03131300011698], [-89.46272500019165, 43.03101499987594], [-89.46271000012305, 43.03101399979117], [-89.46268099981073, 43.031003000170884], [-89.4624330001136, 43.030915999940646], [-89.46205800019489, 43.03075400017962], [-89.46186499985103, 43.03061600021615], [-89.46182999969093, 43.030581000295065], [-89.46115500019656, 43.03106099981813], [-89.46115900039452, 43.03081400023823], [-89.46116299969415, 43.030557000056206], [-89.4611789995877, 43.0303690001588], [-89.46119500037953, 43.02995299981986], [-89.4612000004024, 43.02981500002545], [-89.46120299987713, 43.02974499990642], [-89.4612079999, 43.02962900004002], [-89.46121100027304, 43.02942199979595], [-89.4612210003188, 43.029188999821834], [-89.46127599967205, 43.02802100007381], [-89.46132199970282, 43.02711999987149], [-89.46133699977143, 43.02689800005398], [-89.46134599999226, 43.02678200006071], [-89.46144100042682, 43.02488299986298], [-89.4614890001074, 43.0239360002353], [-89.46149099975722, 43.0238949998979], [-89.46149800032823, 43.023747999760594], [-89.46150199962788, 43.023638000298796], [-89.46151500004666, 43.023355000091044], [-89.46152000006954, 43.02326299978663], [-89.4615519998566, 43.02256299975097], [-89.4613069996342, 43.02257300000467], [-89.45946399982762, 43.022595000294444], [-89.45834599974415, 43.022597000081575], [-89.45831999980487, 43.022597000081575], [-89.45832099962979, 43.02263799997233], [-89.4583280002008, 43.02306899990636], [-89.4582379997891, 43.02421199967953], [-89.45824700000995, 43.024884000047656], [-89.45800900035856, 43.02888400025235], [-89.45801000018348, 43.029108999801494], [-89.45799500011486, 43.02937100003791], [-89.45799599993978, 43.0296509997711], [-89.4579769996732, 43.03005500029647], [-89.45795999995477, 43.03042899993712], [-89.4579549999319, 43.030540999891755], [-89.45791800012198, 43.03124900022249], [-89.45792399996975, 43.031293999909025], [-89.45792200031994, 43.03132699992084], [-89.45789399983252, 43.03176200020906], [-89.45789399983252, 43.03177499983816], [-89.45781600001472, 43.03177499983816], [-89.45778300040276, 43.03177399976577], [-89.4569620004202, 43.031770000132695], [-89.4557799998643, 43.03176399969761], [-89.45451199999299, 43.03175699984592], [-89.4535699996366, 43.03174899992063], [-89.45353500037483, 43.03174799984781], [-89.4526959999506, 43.0317409999943], [-89.45239200017699, 43.03062599981474], [-89.45283599969268, 43.030553999779436], [-89.4529560002416, 43.03053299980797], [-89.4529279997542, 43.03043200021999], [-89.45289199976918, 43.03030299974386], [-89.45282599964695, 43.03007099993094], [-89.4527589996998, 43.02986600007126], [-89.45270000014855, 43.02966399984729], [-89.45259800004129, 43.02925500012131], [-89.45246699962175, 43.029262000258356], [-89.45220600040413, 43.02929500004941], [-89.45123300008562, 43.02937599993881], [-89.4510759997268, 43.02938900007324], [-89.45092799958877, 43.02938799996197], [-89.45076100008252, 43.029385999739375], [-89.45079399969447, 43.02905399997326], [-89.45076799975521, 43.029052999856525], [-89.45074299964085, 43.02905100027971], [-89.45072799957224, 43.02904900004613], [-89.45071300040193, 43.029046999812486], [-89.45069900015824, 43.02904500023547], [-89.45067700041692, 43.0290419998848], [-89.45066300017324, 43.02903900019066], [-89.45064899992951, 43.029035999839685], [-89.45063399986091, 43.029033000145255], [-89.45060999957147, 43.029028000216414], [-89.45058899965507, 43.02902200016994], [-89.45056799973867, 43.02901600012287], [-89.45055199984515, 43.029011000192604], [-89.4505350001267, 43.029005000144465], [-89.45051199966217, 43.02899599974281], [-89.45049199957069, 43.02898800011433], [-89.45047300020242, 43.028979999828124], [-89.45045499976077, 43.02897100007949], [-89.45044200024029, 43.02896500002744], [-89.45042999964642, 43.0289589999748], [-89.45041899977575, 43.02895299992158], [-89.45040700008019, 43.0289459997493], [-89.45039500038463, 43.02893900023286], [-89.45038399961567, 43.02893200005897], [-89.450372999745, 43.028924999884296], [-89.45036199987435, 43.02891700024657], [-89.45035199982861, 43.02891000007018], [-89.45034099995794, 43.028901999773794], [-89.45033099991221, 43.02889400013307], [-89.45032099986648, 43.0288859998346], [-89.45031199964563, 43.02887800019173], [-89.45030199959989, 43.02886999989119], [-89.45029300027737, 43.02886100012643], [-89.45028400005654, 43.02885299982367], [-89.45027499983571, 43.02884400005642], [-89.45026700033812, 43.02883500028785], [-89.45025899994218, 43.02882599986126], [-89.45021299991143, 43.02885000012029], [-89.44986499975688, 43.029035999839685], [-89.44972800038784, 43.02889199989438], [-89.44927800012606, 43.028882000013326], [-89.44919899958501, 43.02888300013284], [-89.44913599983583, 43.0288809998938], [-89.44911499991943, 43.02886700018865], [-89.4491330003611, 43.028766999950676], [-89.44913500001091, 43.02865399991907], [-89.44915199972937, 43.02842699976153], [-89.4491619997751, 43.02837999968766], [-89.44908700033034, 43.02836099988512], [-89.44855400022787, 43.02822899991933], [-89.44727100028794, 43.027915000272905], [-89.44725700004423, 43.027911999866994], [-89.44714900008921, 43.027885000147315], [-89.44501699967932, 43.03167799996343], [-89.43974900037551, 43.03166200009122], [-89.43623600011641, 43.03165099993039], [-89.43613300018424, 43.03165099993039], [-89.43492999971194, 43.031647000289254], [-89.43486600013784, 43.03164600021478], [-89.43489700009998, 43.031144000168936], [-89.4349120001686, 43.0309209997157], [-89.43506500032946, 43.02845799974862], [-89.43520199969852, 43.026254000016436], [-89.43525299975212, 43.02544099990002], [-89.43528899973714, 43.02487299998551], [-89.43530600035389, 43.024740000212745], [-89.43529700013308, 43.02456699979568], [-89.43404299960714, 43.02409299992856], [-89.43351700007568, 43.0238949998979], [-89.43294799998819, 43.0236790001511], [-89.43283599983519, 43.023637000093835], [-89.43227299959551, 43.02343700014625], [-89.4317720001784, 43.02330900028445], [-89.43132299974152, 43.023234000226054], [-89.43083700039301, 43.023191000308856], [-89.4303999996517, 43.02318499969178], [-89.4302730003284, 43.023188999884326], [-89.42981100037105, 43.0232259998466], [-89.42897399959664, 43.023352999671864], [-89.42835900037672, 43.023503000063066], [-89.42801100022217, 43.023611000012714], [-89.42738199986023, 43.023854000189864], [-89.42692300027592, 43.02407400011252], [-89.42634199959457, 43.02439000009058], [-89.42609899992033, 43.0245469999362], [-89.42587700016246, 43.024711000036405], [-89.425556999597, 43.02496799974062], [-89.42554900009941, 43.02515999982685], [-89.42552900000791, 43.02538099984283], [-89.42552599963487, 43.02543599967859], [-89.42524899962545, 43.025736999936825], [-89.42465399959868, 43.02638100014461], [-89.42436800026674, 43.0263980002401], [-89.42375499979832, 43.02643100025747], [-89.42359400013983, 43.02645100015988], [-89.42342300043562, 43.026448999841584], [-89.4228090001423, 43.026489000284826], [-89.42120200033727, 43.02657299975167], [-89.41992699989494, 43.026644999859926], [-89.4194869996789, 43.02666300003799], [-89.41927099976883, 43.02667499993485], [-89.4189529997515, 43.026691999948916], [-89.41816100008126, 43.0267320002338], [-89.4180869995631, 43.02673600019519], [-89.41765399991806, 43.02676299976355], [-89.41744999970356, 43.026770999682014], [-89.41657500019264, 43.026817999674485], [-89.41575699968482, 43.02685900002975], [-89.4154450004136, 43.026875999992875], [-89.41506899977163, 43.02688500004868], [-89.41495800034188, 43.02688200024913], [-89.4141289999634, 43.02685200027538], [-89.41382000016691, 43.02683900026033], [-89.41376999993818, 43.02683299999982], [-89.41355800022608, 43.026808000112254], [-89.41355099965507, 43.02695000004777], [-89.41348399970792, 43.02816399996125], [-89.41346299979152, 43.02878699974862], [-89.41345799976867, 43.02892700012191], [-89.41361400030257, 43.02893099994026], [-89.41455800030879, 43.028955000158284], [-89.41468899983005, 43.02896199967285], [-89.41480400035609, 43.0289730003156], [-89.41501799971802, 43.0289679997252], [-89.41505399970303, 43.02896700026375], [-89.41509300006108, 43.02896500002744], [-89.41541600010127, 43.028941999931924], [-89.41689499985978, 43.0288720001306], [-89.41689900005773, 43.02939899987169], [-89.4169180003243, 43.02964300022799], [-89.41690900010349, 43.03030499993657], [-89.41689900005773, 43.03094800006986], [-89.41689200038505, 43.03146500025561], [-89.41618799968002, 43.03146099994573], [-89.41492400000668, 43.03145199990422], [-89.41465399966994, 43.03145299998186], [-89.41394400001546, 43.03144199978359], [-89.41253200020411, 43.031430000162004], [-89.41248600017336, 43.03143399981724], [-89.41151500040297, 43.03142499977177], [-89.41151500040297, 43.03143900020674], [-89.41150899965686, 43.03190399984698], [-89.41149399958826, 43.0330760001087], [-89.41147299967186, 43.03459900006664], [-89.41122300032492, 43.03459099985524], [-89.41085500007888, 43.03457900019272], [-89.40995399973039, 43.0345459999596], [-89.40977399980532, 43.034520999930415], [-89.40960499975093, 43.03446999981298], [-89.40938899984087, 43.03437599969143], [-89.40921399993867, 43.03425099975386], [-89.4088270003244, 43.03388099991726], [-89.40867400016351, 43.03372400030631], [-89.40854799976682, 43.03358399971215], [-89.40845599970531, 43.033433000270534], [-89.40790400023458, 43.03305400029197], [-89.40802600043332, 43.03289200026452], [-89.40816299980234, 43.03268599992009], [-89.40824200034338, 43.032566000121086], [-89.40858399975184, 43.03210900012279], [-89.40886099976126, 43.031715000062356], [-89.40902999981566, 43.03150600013349], [-89.40910799963346, 43.031409999911936], [-89.40856500038358, 43.03140400009831], [-89.4081250001675, 43.03139099973401], [-89.40815399958153, 43.03092299988826], [-89.40800999964146, 43.030890000315885], [-89.40735600006349, 43.03074399994525], [-89.40622299991139, 43.03073599988792], [-89.40514800038393, 43.03072500021781], [-89.40475599984845, 43.03072199994925], [-89.40476699971912, 43.03054300007671], [-89.40479199983346, 43.03013699993869], [-89.40500699991861, 43.02630800022197], [-89.4050610003453, 43.02535600002059], [-89.40510499982791, 43.02457900010231], [-89.40484700008506, 43.02463999981855], [-89.40317900018067, 43.02503999976125], [-89.40260800044337, 43.0252699998451], [-89.401774000042, 43.0256080001007], [-89.40125000016036, 43.02582000026335], [-89.40044099987337, 43.025803000007784], [-89.40018200030559, 43.025797000302774], [-89.39996300002248, 43.02579200011035], [-89.3977250002057, 43.02576799996904], [-89.3978380001836, 43.023715000271146], [-89.39784300020646, 43.02363400013556], [-89.39781999974193, 43.02363299993052], [-89.39775299979479, 43.02368699981477], [-89.3976480002128, 43.02367799994679], [-89.39750500009767, 43.02363299993052], [-89.39726599972306, 43.023629999972044], [-89.39695100007879, 43.023627000013434], [-89.39679000042032, 43.02362500025986], [-89.39663499971131, 43.02362299984947], [-89.39621200011199, 43.02361800013671], [-89.39574199975871, 43.02361299976675], [-89.39514799955687, 43.023606000298976], [-89.39514500008215, 43.02364300000998], [-89.39513900023437, 43.023734000198296], [-89.3951130002951, 43.02405199969602], [-89.39506200024147, 43.02469700003692], [-89.39494900026355, 43.026366999869325], [-89.39494199969255, 43.02646300009817], [-89.39354900014779, 43.02645600029863], [-89.39330099955234, 43.026480000170906], [-89.39317900025192, 43.02649399976376], [-89.39266799989076, 43.02655400004652], [-89.39221199978118, 43.02660699983156], [-89.39052600033344, 43.028546999772935], [-89.39036399995173, 43.028732999753814], [-89.39031100024827, 43.02912499968255], [-89.3906650002506, 43.02913099971896], [-89.39110299991852, 43.029137999870144], [-89.39409800014377, 43.029186000134885], [-89.39409200029598, 43.02929799973103], [-89.39408200025025, 43.029457999831465], [-89.39406600035672, 43.02974900032814], [-89.39447499971232, 43.029751999987575], [-89.39457299962162, 43.029751999987575], [-89.39468599959952, 43.029754000198245], [-89.39463200007116, 43.03000100010392], [-89.39455500007826, 43.03017599985018], [-89.39433400014534, 43.0306100003249], [-89.39406800000654, 43.03118400017925], [-89.39406100033385, 43.03122600032619], [-89.394052000113, 43.03128200025851], [-89.39268100030955, 43.03128700000373], [-89.39177499993818, 43.031266999707064], [-89.39174800017399, 43.031266000283054], [-89.39134200029314, 43.031257000212946], [-89.39128100019377, 43.03125600013212], [-89.39035100043125, 43.03125600013212], [-89.3901089996836, 43.031252999889524], [-89.38999800025384, 43.0312509997277], [-89.38993499960633, 43.03122999999472], [-89.38989500032167, 43.03119699993074], [-89.3898829997278, 43.031185999686585], [-89.38981699960554, 43.03183899984082], [-89.38972500044235, 43.03273800026351], [-89.38971100019866, 43.032857000328114], [-89.38969500030514, 43.033091000218], [-89.3902350000803, 43.03333699978003], [-89.39050799989177, 43.03345700004138], [-89.3907070000834, 43.03355299968753], [-89.3909609996283, 43.03369100027005], [-89.39114300010148, 43.033803000181656], [-89.39131600035387, 43.03392200015101], [-89.3914810002103, 43.034048000137474], [-89.39163699984591, 43.03418000006466], [-89.39178199961087, 43.03431699986294], [-89.39191800005331, 43.03446000018409], [-89.39204399955169, 43.034608000303294], [-89.39215900007773, 43.03476100018445], [-89.39205699997049, 43.03504699973751], [-89.39159699966294, 43.03524599992583], [-89.39130799995795, 43.035402000226014], [-89.39133700027027, 43.03548699998281], [-89.3913549998136, 43.035571000267915], [-89.39136099966139, 43.03559199982874], [-89.39136400003444, 43.03565499978142], [-89.39136300020952, 43.035736999820955], [-89.3913539999887, 43.0358169997379], [-89.39131800000368, 43.035961999855076], [-89.39128200001866, 43.03603900012668], [-89.39124799968349, 43.036106000284384], [-89.39120900022374, 43.03616799970859], [-89.39116800021587, 43.036224999727565], [-89.39112600038308, 43.03627699969873], [-89.39108500037518, 43.03632100029652], [-89.39104600001713, 43.03635700022492], [-89.39094899993275, 43.036440999975724], [-89.39088100016068, 43.03648799978609], [-89.39081400021352, 43.03652400027312], [-89.39073399984757, 43.036560000082424], [-89.3906490003571, 43.036593999882925], [-89.39055999977032, 43.036624999684655], [-89.39045699983815, 43.03665700012013], [-89.39033899983738, 43.03669199985916], [-89.39021599981372, 43.03672900021817], [-89.3900950003382, 43.036764999907206], [-89.38997800016236, 43.036800000241186], [-89.38986500018446, 43.03683299991881], [-89.38975600040452, 43.03686400025636], [-89.3896509999242, 43.03689399993268], [-89.38954899981695, 43.03692200027396], [-89.38945000008275, 43.03694999994584], [-89.38940300022709, 43.036961999801335], [-89.38935399982327, 43.03697600028633], [-89.38916999970027, 43.0370280002777], [-89.38899800017113, 43.03708200019679], [-89.38893600024686, 43.03710099992603], [-89.38891699998027, 43.03710799982475], [-89.38883999998738, 43.03713500008338], [-89.38876600036754, 43.03716099968888], [-89.38869600004735, 43.03718599995577], [-89.38863099975, 43.03721000022864], [-89.38856800000083, 43.037227999934736], [-89.38853899968852, 43.03723099988524], [-89.3882779995726, 43.03726100003873], [-89.38799700026352, 43.03736800009468], [-89.3876640001776, 43.03745499971429], [-89.38646499990325, 43.037763999924444], [-89.38601299999162, 43.037884000064686], [-89.38560899976058, 43.0379970001737], [-89.38525899995622, 43.038105000228654], [-89.38484999970231, 43.038246000324385], [-89.38465600043186, 43.03830700024677], [-89.3844470001945, 43.03834500025384], [-89.38430800027731, 43.03835200001069], [-89.38397299964325, 43.03835399994107], [-89.38340199990594, 43.03851500003203], [-89.38259900036505, 43.03872700026184], [-89.38173999984933, 43.038954999703925], [-89.38173900002442, 43.039012999714814], [-89.38136699958044, 43.03913399999117], [-89.38093800013334, 43.03927299979164], [-89.38062599996381, 43.039349999847914], [-89.38053700027535, 43.03937200003383], [-89.3802739996113, 43.039400999848986], [-89.37998800027935, 43.03943300014991], [-89.37951399972812, 43.03938899981394], [-89.37897200030311, 43.039321999958005], [-89.37871500038517, 43.03928900030583], [-89.37852500041438, 43.0392640002392], [-89.37866699980628, 43.03892199985442], [-89.37882800036307, 43.03852800020036], [-89.37892600027237, 43.03830199976028], [-89.37932600030545, 43.0370709996943], [-89.37976399997336, 43.03568300003143], [-89.38018999994573, 43.03454800001403], [-89.38056400003954, 43.0334389998858], [-89.38081099991174, 43.03284500032654], [-89.38067100016966, 43.03284500032654], [-89.38020199964129, 43.03283899999655], [-89.37973600038427, 43.03283300032262], [-89.37958499987322, 43.0328310002123], [-89.37956499978175, 43.031121000233284], [-89.37957300017766, 43.03104599986928], [-89.37956399995683, 43.03097200015582], [-89.37955800010904, 43.03048700012679], [-89.3795559995609, 43.030306000032894], [-89.37955499973602, 43.03029300009268], [-89.37954999971312, 43.02986700017474], [-89.37954600041348, 43.02950099995561], [-89.37954499969024, 43.02932000023744], [-89.37954399986535, 43.029062999709716], [-89.37954300004043, 43.028787999869685], [-89.37954300004043, 43.02857700023162], [-89.37954200021552, 43.028395000287986], [-89.3795410003906, 43.02783700017857], [-89.37953999966739, 43.02758699967982], [-89.38173499982646, 43.0277030001219], [-89.38184699997946, 43.02779199992752], [-89.38200599998811, 43.02793800009655], [-89.382187999563, 43.02786600019156], [-89.38210600044555, 43.02774899991949], [-89.38205899969157, 43.02765299973178], [-89.3820339995772, 43.02760000019316], [-89.38195999995736, 43.02743700007385], [-89.38181199981936, 43.02707199996124], [-89.38174800024525, 43.026873000192836], [-89.38172999980358, 43.02679900004516], [-89.38132499974763, 43.02678399971146], [-89.37932399975732, 43.02672400031022], [-89.37870600016434, 43.0267049999951], [-89.37843900020064, 43.02669800022315], [-89.37752799980642, 43.02693199995386], [-89.37700200027494, 43.027004000297744], [-89.37465300013007, 43.027392000186275], [-89.37463200021368, 43.027809000288904], [-89.3745839996348, 43.028753999684504], [-89.37400899969953, 43.02873799970668], [-89.37037400013999, 43.02867200016467], [-89.36737800008983, 43.02854299992956], [-89.36573399957658, 43.028513000110905], [-89.36483999979909, 43.028495999944504], [-89.36495500032512, 43.02667799974451], [-89.36499100031013, 43.02613599979109], [-89.36499799998285, 43.026031999693835], [-89.36502200027228, 43.02565599984228], [-89.36503499979275, 43.02554899972385], [-89.36504099964053, 43.025492999814595], [-89.36490400027151, 43.02549999972395], [-89.3647560001335, 43.025507999807004], [-89.36473699986692, 43.025507999807004], [-89.3639259999301, 43.025507000289224], [-89.36345300010208, 43.02551000015596], [-89.36328200039787, 43.02549500016405], [-89.36175800043351, 43.025503999765604], [-89.35891399982101, 43.02549500016405], [-89.3578359999205, 43.02549200029657], [-89.35631100013124, 43.02548899977222], [-89.35529900035297, 43.0254870000793], [-89.3553300003151, 43.02358699967547], [-89.35536700012503, 43.02183500028414], [-89.35042600016105, 43.02183200023776], [-89.3503309997265, 43.02547499995017], [-89.35003699999864, 43.02547399977512], [-89.34537100039427, 43.02547899999345], [-89.34512000032409, 43.02548400021138], [-89.34355700000168, 43.025477000300214], [-89.34246300020766, 43.02548800025413], [-89.34216100008385, 43.02548300003648], [-89.34177199992143, 43.02548199986157], [-89.34109200040417, 43.025480000168415], [-89.340432999905, 43.02547799981848], [-89.34036400030803, 43.02743700007385], [-89.3403540002623, 43.027695000324904], [-89.34030499985849, 43.02912199999247], [-89.33664000016174, 43.02910000007178], [-89.33535899987163, 43.02909299991625], [-89.33539499985665, 43.028126000216524], [-89.33549600013897, 43.025469000213114], [-89.33488699986853, 43.02547200008172], [-89.33437899988043, 43.02546599968764], [-89.33353500033164, 43.025466999862815], [-89.33313600012346, 43.02546399999397], [-89.33269300043267, 43.02545300003574], [-89.33139100022618, 43.02546299981875], [-89.3298789999574, 43.02546999973151], [-89.32961700001658, 43.025477000300214], [-89.32856500005535, 43.026377000160096], [-89.32862000030691, 43.02640500004625], [-89.32866600033769, 43.026428999938524], [-89.32874900017836, 43.02646199993922], [-89.32885299993542, 43.02650800001008], [-89.32892999992833, 43.02655400004652], [-89.32904000043149, 43.026617000083235], [-89.32922299983129, 43.02672599996289], [-89.32925399979342, 43.02674699992346], [-89.32947399990144, 43.02690999990494], [-89.32963799993297, 43.02719099984778], [-89.3297440002382, 43.0273830002048], [-89.32983200010173, 43.0275710000545], [-89.32981399966006, 43.0276969999459], [-89.32981299983517, 43.02782999987901], [-89.3297440002382, 43.0281060002032], [-89.32971800029891, 43.02822700031567], [-89.32965499965141, 43.0285109998598], [-89.3296110001688, 43.028603000179544], [-89.32936900031946, 43.02893200005897], [-89.32900299972326, 43.0293559996761], [-89.32859199981952, 43.02979900032425], [-89.32817099987004, 43.03020500007139], [-89.32739199972028, 43.0308529997196], [-89.32681799960991, 43.03130299997371], [-89.3262739996368, 43.03173999992134], [-89.32525699983564, 43.03263799976599], [-89.32394299993359, 43.03375899974827], [-89.32384199965125, 43.033879999879176], [-89.32371699997776, 43.034023999941105], [-89.32361599969543, 43.03415199978544], [-89.32353299985476, 43.0342650002008], [-89.32342599972463, 43.03440900001596], [-89.32331899959452, 43.03453500031571], [-89.32318200022547, 43.03473100012192], [-89.32310699988241, 43.0348249996997], [-89.32305400017896, 43.03487500015687], [-89.32299100042977, 43.03490500014896], [-89.32291699991161, 43.03494000023063], [-89.32281900000233, 43.03496200002789], [-89.32278899986511, 43.03497000019098], [-89.3226559997957, 43.03500400021582], [-89.322641999552, 43.03500600025533], [-89.3225639997342, 43.03502199991238], [-89.32249500013722, 43.035040000260274], [-89.32241800014431, 43.03505299985157], [-89.32233500030365, 43.035058999965095], [-89.32225599976263, 43.03505299985157], [-89.32222499980047, 43.035054999889475], [-89.32211500019562, 43.03502199991238], [-89.32205599974608, 43.03500200017625], [-89.32203200035495, 43.034997000077055], [-89.32200999971532, 43.034996000057156], [-89.32197600027845, 43.03500000013663], [-89.32194699996614, 43.03502099989289], [-89.32192500022482, 43.035043000317735], [-89.32190000011046, 43.03506900015299], [-89.32184900005686, 43.035119999772625], [-89.3218959999125, 43.0351480002668], [-89.32192500022482, 43.03516199985243], [-89.3219579998368, 43.035175000074545], [-89.32198899979893, 43.03518800029392], [-89.32203900002764, 43.035213000051385], [-89.32206999998978, 43.03522600026272], [-89.32213199991408, 43.03526300019244], [-89.32217299992195, 43.03529099996474], [-89.32222499980047, 43.03532899986975], [-89.32227699967903, 43.03537399984779], [-89.322316999862, 43.03540600027901], [-89.32232100005996, 43.03542799990922], [-89.3223179996869, 43.035512000275084], [-89.32230299961829, 43.03553499987841], [-89.32226599980837, 43.03554599999963], [-89.32224599971687, 43.03554199995576], [-89.32222200032575, 43.03553499987841], [-89.32218899981548, 43.03552299974386], [-89.3221629998762, 43.03551899969849], [-89.32215000035572, 43.03551899969849], [-89.32213399956389, 43.035520999721214], [-89.32211900039358, 43.035528999811426], [-89.32210400032497, 43.035550000043244], [-89.32209799957887, 43.035569000246824], [-89.32210299960175, 43.03558599976738], [-89.32211600002053, 43.03559499985922], [-89.32214399960962, 43.03562000010754], [-89.32217000044722, 43.03564300032696], [-89.32220700025712, 43.03566799989911], [-89.3222399998691, 43.03568700006611], [-89.32225900013566, 43.03570800024391], [-89.32227699967903, 43.03570800024391], [-89.32229199974762, 43.03570000017702], [-89.32231100001421, 43.03567699997893], [-89.32232600008281, 43.03568000000525], [-89.32233600012857, 43.035691000100535], [-89.32236299989275, 43.03573199978164], [-89.32239300002996, 43.035789000205654], [-89.32241499977128, 43.035846999926136], [-89.32242900001498, 43.03590600025345], [-89.32243599968767, 43.035967999879716], [-89.32243499986276, 43.03603400011197], [-89.32242700036515, 43.036105000282575], [-89.32241099957332, 43.03618199971813], [-89.32238800000711, 43.03626499970928], [-89.32235000037227, 43.036367000201246], [-89.32228699972477, 43.036516000312616], [-89.32220100040935, 43.036704999757106], [-89.32209900030209, 43.0369200002969], [-89.32198700014911, 43.0371459999178], [-89.3219029995852, 43.03730799987764], [-89.32189099988965, 43.037309999842044], [-89.32179999965305, 43.03732700019345], [-89.3217479997745, 43.037394000258054], [-89.32167199960652, 43.03744099999513], [-89.32160600038259, 43.03740000014268], [-89.32161800007816, 43.03728099969517], [-89.32167400015466, 43.037208000260975], [-89.32178899978238, 43.03689699989952], [-89.32190799960807, 43.036714999676775], [-89.32194000029344, 43.036580999961465], [-89.3220430002256, 43.036410000081034], [-89.32202899998191, 43.03630100032714], [-89.32212500024136, 43.036162999704395], [-89.3221350002871, 43.036075000220514], [-89.32209400027922, 43.035969999887804], [-89.32205200044643, 43.035887000154254], [-89.32200999971532, 43.03582399978313], [-89.3218819996688, 43.03577400009918], [-89.32182499976739, 43.03577400009918], [-89.3217760002619, 43.035759999996564], [-89.32174500029977, 43.035784000170565], [-89.32176299984313, 43.03580899968528], [-89.32182999979027, 43.03584499991405], [-89.32187199962307, 43.03587200007174], [-89.32192299967669, 43.03592399968543], [-89.32196000038493, 43.035964999867474], [-89.32197299990541, 43.03617499971378], [-89.32194399959309, 43.03625299971754], [-89.32191900037704, 43.03633600026922], [-89.32185999992748, 43.036421000045465], [-89.32186599977527, 43.03645499992298], [-89.32184400003398, 43.03650699969925], [-89.32180700022406, 43.03656900003146], [-89.32175399962229, 43.036604999814365], [-89.32174199992673, 43.036651000162855], [-89.32173799972877, 43.036700999788785], [-89.32167900017754, 43.036755999986916], [-89.32162700029899, 43.03688799999858], [-89.32159799998668, 43.03692600022787], [-89.32144099962784, 43.037180000050206], [-89.32144599965072, 43.03724700027532], [-89.3213889997493, 43.03731299978853], [-89.32141499968857, 43.03733999995693], [-89.32137799987865, 43.037391000315516], [-89.32132199980215, 43.03745399973445], [-89.32133699987078, 43.03751399980874], [-89.32129500003798, 43.037595000012914], [-89.3213250001752, 43.03768899979972], [-89.32138399972642, 43.03772400026325], [-89.32147199958997, 43.037613000262624], [-89.32154699993306, 43.03763599973508], [-89.32156000035184, 43.037862999975026], [-89.32157399969724, 43.03793000011091], [-89.32154799975797, 43.038051999866745], [-89.3215360000624, 43.03817500000471], [-89.32153199986445, 43.038195000019826], [-89.3215229996436, 43.038222999767434], [-89.32148900020674, 43.03839499981263], [-89.32146999994015, 43.03844699991461], [-89.32145400004664, 43.03851000021906], [-89.32144300017598, 43.03855399987221], [-89.32142700028245, 43.03860000007275], [-89.32147499996303, 43.038634000056085], [-89.3214940002296, 43.03865299996131], [-89.3215229996436, 43.03869099975415], [-89.32157700007028, 43.03877299967615], [-89.32160999968225, 43.03878499983166], [-89.32163099959863, 43.03879799994282], [-89.32165599971302, 43.0388110000512], [-89.32168099982735, 43.038832999773796], [-89.32187900019407, 43.03912399980914], [-89.3219169998289, 43.03921200017302], [-89.32202700033207, 43.039399999900866], [-89.32206099976896, 43.03948100024169], [-89.32208199968535, 43.0395229999629], [-89.32208400023349, 43.03960200025167], [-89.32207800038572, 43.039649000267175], [-89.3220580002942, 43.03969600024668], [-89.32204700042355, 43.03972300002306], [-89.32199899984467, 43.03979800028792], [-89.32189799956232, 43.03976999994588], [-89.32186199957732, 43.039723999965915], [-89.3218520004299, 43.039711000050985], [-89.32183300016331, 43.039684000269325], [-89.32182300011758, 43.03961700007895], [-89.321811000422, 43.039551999706745], [-89.32178700013256, 43.03951499973681], [-89.32174600012469, 43.039424999912086], [-89.32169699972088, 43.039347999949996], [-89.3216349997966, 43.03926600013986], [-89.32159999963649, 43.03920900031942], [-89.3215779998952, 43.03917499999811], [-89.32156000035184, 43.03915399969371], [-89.32151299959787, 43.03909000009736], [-89.32146400009238, 43.039017000189], [-89.32143399995513, 43.03895299979313], [-89.32139100029744, 43.03888400020464], [-89.32136899965782, 43.03885200027398], [-89.32134100006874, 43.03881200000892], [-89.32130599990862, 43.0387800000407], [-89.3212759997714, 43.038759000257684], [-89.32125800022804, 43.038724999687076], [-89.32124599963417, 43.038698000128115], [-89.32121700022017, 43.03865799976261], [-89.32120499962629, 43.03865100004067], [-89.32117899968704, 43.03864400031799], [-89.32116100014369, 43.03864800015965], [-89.32114000022729, 43.0386630002201], [-89.32112599998356, 43.03868400003597], [-89.32110800044023, 43.038723999727935], [-89.32109800039449, 43.038768999842624], [-89.3210849999757, 43.0388189997125], [-89.32108199960264, 43.03884300000325], [-89.32107999995281, 43.03887999972178], [-89.32107999995281, 43.03890699985723], [-89.32108400015078, 43.03893300002507], [-89.32108999999856, 43.03895299979313], [-89.32109900021939, 43.038994999875804], [-89.32110900026512, 43.03904300031019], [-89.321106999717, 43.03907899995481], [-89.32108699962552, 43.03916100001485], [-89.32109099982347, 43.03921899983097], [-89.32109699967125, 43.03929300010546], [-89.32110300041735, 43.03935900004427], [-89.32111500011291, 43.03939099971052], [-89.32114400042524, 43.0394629998834], [-89.32120299997648, 43.03952499985512], [-89.32126700044888, 43.03957700031256], [-89.32133799969567, 43.03961700007895], [-89.32140700019097, 43.03967200028958], [-89.32147800033607, 43.03971399988004], [-89.32153799971222, 43.03976900000377], [-89.32157700007028, 43.039807999703484], [-89.32165599971302, 43.03987199986406], [-89.32171099996458, 43.03991599985367], [-89.32174299975163, 43.0399310002607], [-89.3218239999425, 43.03996999985748], [-89.32189300043778, 43.03999500029298], [-89.32196100020984, 43.04001900012374], [-89.32205599974608, 43.040066999757094], [-89.32208199968535, 43.040084000001215], [-89.32211299964749, 43.04010300011401], [-89.32215299983046, 43.040127999838795], [-89.32218200014277, 43.04015099968164], [-89.32225499993771, 43.040217000010664], [-89.32230500016641, 43.040243000279965], [-89.32239600040303, 43.040287000003524], [-89.32246300035017, 43.040309999786764], [-89.32250699983278, 43.040318999842306], [-89.32256200008437, 43.04032699996357], [-89.32260899994003, 43.04034200027013], [-89.32266900021449, 43.04036799982989], [-89.32271000022237, 43.04038300012643], [-89.32277999964427, 43.040385999922684], [-89.322837000444, 43.040385999922684], [-89.32287300042901, 43.040385999922684], [-89.32292199993448, 43.040390000307305], [-89.32295399972153, 43.040398999694595], [-89.32301099962295, 43.04040799973713], [-89.32306500004961, 43.04041799970984], [-89.3231420000425, 43.040424999886774], [-89.32322900008116, 43.0404369997192], [-89.32332199996758, 43.04044599975616], [-89.3233870002649, 43.04044100010054], [-89.32341499985398, 43.04044299996284], [-89.32343499994548, 43.04044299996284], [-89.32349000019707, 43.04045199999887], [-89.32352199998411, 43.040457000310155], [-89.32354500044863, 43.040462999895276], [-89.32358700028144, 43.04047499972027], [-89.3236340001371, 43.040478000168584], [-89.32366199972618, 43.04047499972027], [-89.32368799966547, 43.04047499972027], [-89.32371399960472, 43.040480999960195], [-89.32374899976482, 43.04049399971198], [-89.32379700034372, 43.04050600018752], [-89.32384199965125, 43.04051899993401], [-89.32385500007005, 43.040524000239834], [-89.32395899982711, 43.04053999977122], [-89.32401800027665, 43.040538999841665], [-89.32409600009447, 43.040546000004795], [-89.32414499959994, 43.04055400009641], [-89.32418300013309, 43.040564000045364], [-89.32423599983655, 43.0405779997085], [-89.3242829996922, 43.04059200002501], [-89.32440400006604, 43.04061499969392], [-89.3244579995944, 43.040627000145804], [-89.32452500043985, 43.040644000234764], [-89.32461599977815, 43.04066400010167], [-89.32469500031917, 43.0406910001086], [-89.3247959997032, 43.04072800002593], [-89.32487299969608, 43.04076300006909], [-89.32497599962825, 43.040814000208805], [-89.32501099978836, 43.04083000032114], [-89.32514399985774, 43.04089100030081], [-89.32521500000286, 43.040921999901315], [-89.32526500023157, 43.04094999971758], [-89.32533600037668, 43.041003000202444], [-89.32539499992791, 43.04105400014271], [-89.32549200001229, 43.04116299998867], [-89.32556099960925, 43.041246999725786], [-89.32561400021102, 43.04132699968118], [-89.32561699968576, 43.04133600024409], [-89.32563000010457, 43.041371999856466], [-89.3256400001503, 43.04140999993495], [-89.32564599999807, 43.041432000038775], [-89.3256619998916, 43.041450999734124], [-89.32568100015817, 43.04145899970778], [-89.32570500044763, 43.04146200010798], [-89.32573499968653, 43.04146200010798], [-89.3257609996258, 43.04147000008014], [-89.32577999989238, 43.04147700013705], [-89.32581400022757, 43.041493000076485], [-89.32589000039556, 43.04153100008007], [-89.32594700029695, 43.041559000274965], [-89.3261880003214, 43.04161699979393], [-89.32632100039078, 43.04163600008854], [-89.32637900011709, 43.04164100030333], [-89.32654399997354, 43.04164200021492], [-89.32662099996642, 43.041623999834066], [-89.32665799977634, 43.04160700001664], [-89.32672899992146, 43.04159600032534], [-89.32705299978655, 43.04147899996558], [-89.3270979999924, 43.041463000022496], [-89.32713599962725, 43.04144500024562], [-89.32714900004603, 43.041432000038775], [-89.32714599967298, 43.04140600027338], [-89.32715099969586, 43.04138599999179], [-89.32717099978733, 43.04136299995533], [-89.327181999658, 43.041357999717896], [-89.3272109999703, 43.041348999814765], [-89.3272319998867, 43.04133899999375], [-89.3272460001304, 43.04133000008783], [-89.32726899969661, 43.041307999947435], [-89.32728600031336, 43.041299000036965], [-89.32732599959803, 43.04128200012944], [-89.32735499991034, 43.04127099972336], [-89.32738400022268, 43.04126299972525], [-89.32741000016193, 43.04125900005405], [-89.32743500027628, 43.04125700021835], [-89.32745899966741, 43.04125999997187], [-89.32747999958383, 43.04126600013498], [-89.32749999967531, 43.041275000050334], [-89.32751700029206, 43.04128300004689], [-89.32753400001049, 43.04128699971652], [-89.32755300027708, 43.04128699971652], [-89.32757300036855, 43.04128300004689], [-89.32760799963035, 43.04126899988806], [-89.32769999969184, 43.041221999800435], [-89.32772599963111, 43.04121199995872], [-89.32774999992056, 43.04120399995291], [-89.32784700000494, 43.04118099984823], [-89.32791999979987, 43.04116700032268], [-89.32796800037876, 43.04116200006927], [-89.32799400031804, 43.04116900016126], [-89.32799400031804, 43.04114500012383], [-89.32799699979276, 43.04113199985343], [-89.3280050001887, 43.04112299991709], [-89.32801699988426, 43.04111900023677], [-89.32802799975491, 43.04111499989963], [-89.32803600015083, 43.04110400012017], [-89.32802299973204, 43.041094000259214], [-89.32801100003647, 43.04109199976164], [-89.32799799961768, 43.04109199976164], [-89.3279840002723, 43.04109500017973], [-89.32795599978489, 43.041100999702465], [-89.32791999979987, 43.041106999881166], [-89.32784899965476, 43.04111300005928], [-89.32782199989059, 43.04111300005928], [-89.32779900032436, 43.041111000218834], [-89.32778099988269, 43.041106999881166], [-89.32777000001205, 43.041102000279416], [-89.3277109995625, 43.04105699990615], [-89.32767299992767, 43.04102299995233], [-89.32766200005702, 43.041008999734174], [-89.32765500038431, 43.04099799993571], [-89.32765600020923, 43.04098299978948], [-89.32767200010275, 43.0409639999492], [-89.32768600034646, 43.04093799998549], [-89.32769800004203, 43.0409069997365], [-89.32770499971471, 43.04087500020439], [-89.32770899991269, 43.04085800017943], [-89.32771499976046, 43.04084499984821], [-89.32772300015638, 43.0408340000203], [-89.32773300020213, 43.04082599996519], [-89.3277459997226, 43.040818999834016], [-89.32776300033935, 43.040815000133875], [-89.32778300043083, 43.040811999702036], [-89.32780599999705, 43.04081099977691], [-89.3279290000207, 43.04080999985177], [-89.32802899957981, 43.04080600015109], [-89.32811099959558, 43.0407980000923], [-89.32817300041818, 43.04078800018147], [-89.32820199983219, 43.040781999971614], [-89.32823299979432, 43.040778000269064], [-89.32826299993155, 43.04077499983542], [-89.32829300006877, 43.04077499983542], [-89.3283240000309, 43.04077699968683], [-89.32835199962, 43.040781000046], [-89.32837500008453, 43.04078599967391], [-89.32839000015316, 43.0407929998088], [-89.32840900041973, 43.04080099986826], [-89.32843199998595, 43.04080800000144], [-89.32846200012318, 43.040811999702036], [-89.32850399995597, 43.040814000208805], [-89.32853900011607, 43.04081699998398], [-89.32857000007822, 43.040822000265514], [-89.32859699984239, 43.040828999739794], [-89.3286189995837, 43.0408379997192], [-89.32863600020045, 43.04084900020291], [-89.32864799989602, 43.04086199987677], [-89.32865499956871, 43.04087700005254], [-89.32865700011685, 43.040893000148436], [-89.32865000044416, 43.04094300025711], [-89.32864500042129, 43.04096200010389], [-89.32863700002537, 43.04097800017768], [-89.32862600015471, 43.040991999746346], [-89.328611999911, 43.041004000124445], [-89.32859500019255, 43.04101499992188], [-89.32857500010108, 43.041023999874], [-89.32853999994099, 43.04103500032441], [-89.32852400004747, 43.04103800008873], [-89.32848999971226, 43.04104099985297], [-89.32846100029826, 43.041049999801324], [-89.32843399963576, 43.04106499993113], [-89.3283869997801, 43.04109999978205], [-89.32836400021388, 43.04111200013906], [-89.32834199957426, 43.04111499989963], [-89.32830499976436, 43.041107999801476], [-89.32828999969573, 43.041106999881166], [-89.32827499962711, 43.04110899972176], [-89.32825999955851, 43.041115999819795], [-89.32824100019025, 43.04112900009365], [-89.3282310001445, 43.04113700010924], [-89.32823299979432, 43.041148999802466], [-89.32824500038821, 43.04115300013734], [-89.3282660003046, 43.04115599989594], [-89.32833499990156, 43.041159000310955], [-89.32836099984084, 43.041159000310955], [-89.32849100043549, 43.04114099978839], [-89.32878199979032, 43.04114300028442], [-89.32895199966963, 43.04114600004351], [-89.32901899961678, 43.041116999739955], [-89.32903799988335, 43.04112900009365], [-89.32907399986837, 43.04113199985343], [-89.3291180002493, 43.04118500018107], [-89.32915000003635, 43.04122500021218], [-89.32996699982094, 43.040802999718814], [-89.32997299966873, 43.04066300017414], [-89.32997799969161, 43.040542000286855], [-89.32998799973734, 43.04035899978149], [-89.33000000033124, 43.040011999900535], [-89.33010900011118, 43.0371909998766], [-89.33011400013403, 43.03706699974984], [-89.33014199972312, 43.03634600024902], [-89.33023499960956, 43.0339709999941], [-89.33028599966316, 43.032677000058214], [-89.33091800039816, 43.03268100028883], [-89.3345810004451, 43.03270400029648], [-89.33522099977937, 43.03270799986874], [-89.33622699970988, 43.032713000154395], [-89.33689000040701, 43.03272300006793], [-89.33820000011109, 43.03272300006793], [-89.34007800007777, 43.032731999923065], [-89.3401779996369, 43.032731999923065], [-89.34465199962064, 43.03275399985522], [-89.34512500034697, 43.032755999968046], [-89.34597800011657, 43.032762999705795], [-89.348627999662, 43.032784000227544], [-89.3490210000224, 43.0328019999186], [-89.35226300011985, 43.03281199981763], [-89.35263100036588, 43.03282000026101], [-89.35369099982472, 43.03282599993621], [-89.35381700022143, 43.03283000015711], [-89.35445699955571, 43.03283200026747], [-89.35513500032145, 43.032833999721106], [-89.35538600039162, 43.03283899999655], [-89.35795300009637, 43.03281800015026], [-89.35822000006006, 43.03281499998402], [-89.35818599972485, 43.033999999735364], [-89.35818499989996, 43.0340349996766], [-89.35817599967912, 43.034353000310354], [-89.35817400002931, 43.03443700017787], [-89.35816900000644, 43.03456899992497], [-89.35812100032587, 43.03625199971812], [-89.35811999960264, 43.03639400012932], [-89.3580889996405, 43.03734699982842], [-89.35808399961762, 43.037515999766434], [-89.3580750002951, 43.037817999852436], [-89.35807299974695, 43.03789099987413], [-89.35804299960974, 43.03894100032704], [-89.3580390003101, 43.03907899995481], [-89.35803400028722, 43.03923600031005], [-89.3580269997162, 43.03976299969422], [-89.35801699967047, 43.04039599989898], [-89.35802199969335, 43.04090100019485], [-89.35852600038181, 43.04091200001071], [-89.35891600036916, 43.04091399985764], [-89.35900300040778, 43.04091499978109], [-89.35922000014277, 43.040920999977985], [-89.35921000009701, 43.041023999874], [-89.35916800026423, 43.04276000016999], [-89.35915499984544, 43.043265000047036], [-89.35915300019562, 43.04339000000531], [-89.3591459996246, 43.0436800002144], [-89.35914700034783, 43.043739000231746], [-89.35914399997479, 43.04391300031968], [-89.35787199990551, 43.04392900028035], [-89.35420600038385, 43.04393699993088], [-89.35415299978209, 43.044341000292356], [-89.35405999989567, 43.045051999855815], [-89.3540549998728, 43.04509299984712], [-89.35398000042804, 43.04523199993398], [-89.35370000004556, 43.045752000110646], [-89.35366800025851, 43.045812999791984], [-89.35352799961811, 43.045960000260074], [-89.35342999970881, 43.04606400007034], [-89.3532380000882, 43.046266000144804], [-89.35279100019945, 43.046597000187354], [-89.35257799976411, 43.04670399971793], [-89.35237500027284, 43.04679099988588], [-89.35200799985172, 43.04694999985129], [-89.3519009997216, 43.04698099967266], [-89.3514990000387, 43.04706800010423], [-89.35137199981709, 43.047090999971324], [-89.35117400034869, 43.04711699995337], [-89.35100000027141, 43.04713500003553], [-89.35092599975324, 43.04714399974636], [-89.35031099963501, 43.04716099999898], [-89.3499290000436, 43.0471509998123], [-89.34949200020058, 43.04713999980208], [-89.34839199966046, 43.047138000158085], [-89.34738699955489, 43.04713199991278], [-89.34644500009682, 43.04711699995337], [-89.3444249998399, 43.04710800023857], [-89.34286400006563, 43.047101999990325], [-89.34207900006811, 43.04710599993704], [-89.34055500010375, 43.047090999971324], [-89.33935199963145, 43.04815000009587], [-89.33897199968985, 43.04849500030178], [-89.33873400003849, 43.04870000029466], [-89.33827100025621, 43.049100000325545], [-89.3379900000488, 43.049364999910594], [-89.33792499975148, 43.04941799969022], [-89.33786299982721, 43.04944900023372], [-89.33767600022945, 43.04953200000236], [-89.3376510001151, 43.04954300024005], [-89.33756499990137, 43.04957900028817], [-89.33716700041643, 43.049729000261095], [-89.33709600027132, 43.049754999781435], [-89.3370319997989, 43.04977700017495], [-89.33684699985098, 43.049842000217225], [-89.33672800002527, 43.04988400006654], [-89.33682400028475, 43.05004599987231], [-89.33685100004892, 43.050108000308825], [-89.33688100018617, 43.050179999720584], [-89.33689399970665, 43.05021000010703], [-89.33692300001896, 43.050279999857544], [-89.33696800022481, 43.050390000148056], [-89.3370100000576, 43.05049299990108], [-89.3370529997153, 43.05059999985651], [-89.33709700009622, 43.05071000022957], [-89.3371370002792, 43.05081099992095], [-89.33716200039355, 43.050874999762804], [-89.33718400013487, 43.05093199990421], [-89.33720199967821, 43.05098099994889], [-89.33721699974683, 43.05102199991597], [-89.3372229995946, 43.051040000165045], [-89.33723000016562, 43.051057999752395], [-89.33723799966323, 43.051078999920755], [-89.33724699988407, 43.051100999839356], [-89.3372569999298, 43.051124000163526], [-89.33726799980046, 43.05114999974898], [-89.33729299991482, 43.051205999879116], [-89.33730999963323, 43.05124500018572], [-89.33732899989981, 43.051285999976315], [-89.3373489999913, 43.051328999903426], [-89.33736999990771, 43.05137499971571], [-89.33740900026575, 43.05145699975213], [-89.33745000027365, 43.05154399974303], [-89.3374610001443, 43.051566000151226], [-89.33748999955831, 43.05162699995879], [-89.33753200028941, 43.051712000213655], [-89.33757599977203, 43.05180099999127], [-89.33759800041165, 43.05184499995901], [-89.33761699977991, 43.051883000114564], [-89.33765199994002, 43.05195200018143], [-89.33766600018372, 43.05197899981545], [-89.33767799987928, 43.05200100006765], [-89.33768799992501, 43.05201999977185], [-89.33770899984141, 43.05205599967893], [-89.33772999975781, 43.05209099982356], [-89.33775300022235, 43.05212699968896], [-89.33778599983432, 43.052181000103886], [-89.33781699979646, 43.05223100020254], [-89.33784399956062, 43.05227400012349], [-89.33785899962925, 43.05229900014], [-89.33803799972941, 43.052540000170424], [-89.33802900040688, 43.05255700024032], [-89.33799699972151, 43.05260100032211], [-89.33790700020813, 43.052705999763155], [-89.33789899981223, 43.05271700008802], [-89.33788799994156, 43.052736000226844], [-89.33787799989582, 43.05275699982065], [-89.33787100022313, 43.052778000063654], [-89.33786700002517, 43.05280099975891], [-89.33786500037533, 43.052848000165405], [-89.33786799985009, 43.05286799999221], [-89.33787899972072, 43.05289299976658], [-89.33791600042898, 43.053034000009944], [-89.33790999968288, 43.0531690002744], [-89.33795499988871, 43.05334200014967], [-89.33802299966078, 43.05365499994726], [-89.33803799972941, 43.053730000246645], [-89.33805100014817, 43.05376999997495], [-89.33822900042341, 43.05385200009131], [-89.3383280001576, 43.05384300005187], [-89.33838099986106, 43.053852999803865], [-89.33842299969385, 43.053888000235816], [-89.33850600043286, 43.05388600015544], [-89.33854900009055, 43.053872000247125], [-89.33860500016705, 43.05385200009131], [-89.33863199993122, 43.05386500029179], [-89.33862899955818, 43.053891000028116], [-89.33867399976401, 43.053891000028116], [-89.33868100033503, 43.05390299985223], [-89.33869399985552, 43.05398299971349], [-89.33870399990126, 43.054110999930806], [-89.3387280001907, 43.05422799982916], [-89.33873800023645, 43.054305999856155], [-89.33873599968831, 43.05443100028999], [-89.33872399999274, 43.05456299968917], [-89.33871999979476, 43.05463800019087], [-89.33870499972618, 43.054710000192344], [-89.33869399985552, 43.05476599969748], [-89.3386520000227, 43.05480699975989], [-89.3385869997254, 43.05485199989287], [-89.33851599958028, 43.054884999706864], [-89.33841699984607, 43.05490399983037], [-89.33836099976958, 43.054916999807894], [-89.33832200030983, 43.05493199982898], [-89.33829499964735, 43.05495900012024], [-89.33825100016472, 43.05499199987665], [-89.33822600005037, 43.05500800022949], [-89.33821000015685, 43.05505300021503], [-89.33821299963158, 43.05512699976928], [-89.33823799974593, 43.05522899975359], [-89.33824199994388, 43.05532300009091], [-89.3382279997002, 43.05536999987733], [-89.33818599986739, 43.05540799981797], [-89.33810800004957, 43.05554999987136], [-89.33806799986661, 43.055806000061445], [-89.33809999965366, 43.055855000150316], [-89.33812700031616, 43.05592399968666], [-89.33813399998886, 43.055974000015624], [-89.33813800018682, 43.05602200029305], [-89.33814700040764, 43.05605500013384], [-89.33816599977591, 43.05612400010149], [-89.33818199966944, 43.05618800030652], [-89.33819199971518, 43.0562199997276], [-89.33826500040841, 43.05635700019867], [-89.33830800006614, 43.056427999824095], [-89.33833099963235, 43.05646900008805], [-89.33834200040133, 43.05648900004677], [-89.33835200044706, 43.05650700000407], [-89.3383699999904, 43.05653899991504], [-89.33838800043208, 43.056580999772926], [-89.3383979995795, 43.056606000002816], [-89.3384050001505, 43.056621999934585], [-89.33842400041709, 43.056645999824354], [-89.33844699998332, 43.05667800031923], [-89.33847799994545, 43.056714999783445], [-89.33853499984686, 43.05677300006945], [-89.33859699977113, 43.0568290003162], [-89.33860799964178, 43.05683799991741], [-89.33869700022855, 43.05690799997956], [-89.33873999988626, 43.05694200031847], [-89.33881100003137, 43.05699999973343], [-89.33885600023723, 43.057037999976764], [-89.33897300041308, 43.05713800008997], [-89.33898799958338, 43.05715100025024], [-89.33904299983497, 43.05719000005816], [-89.33906600029951, 43.05721199975373], [-89.33909200023876, 43.05723299978396], [-89.33918400030026, 43.057301999738876], [-89.3392000001938, 43.057316999832956], [-89.3392210001102, 43.05733700017147], [-89.33923600017881, 43.057352000256955], [-89.33929200025531, 43.05739699983513], [-89.33936099985229, 43.05744799992975], [-89.33941699992877, 43.057495999709765], [-89.33948800007387, 43.057557000182776], [-89.33956500006678, 43.05753699991601], [-89.33958699980808, 43.05753199968417], [-89.33964200005968, 43.05752500014661], [-89.33966399980099, 43.05752100022299], [-89.33971900005257, 43.057514000027794], [-89.33975300038774, 43.05751700029906], [-89.33979199984752, 43.05752100022299], [-89.33983600022844, 43.05753400030206], [-89.33986800001549, 43.05754499976096], [-89.33989300012983, 43.05757099990617], [-89.33992499991689, 43.05763299995551], [-89.33992300026706, 43.05775600021716], [-89.33962500034124, 43.058417000231366], [-89.33973099974814, 43.0584579998218], [-89.34004399974258, 43.05777199984886], [-89.34010300019212, 43.05768300020369], [-89.3402630000257, 43.057612999713534], [-89.34047700028593, 43.057527999761], [-89.3406220000509, 43.057442000036616], [-89.34076799964076, 43.05732200008228], [-89.3408399996108, 43.05729199989289], [-89.34091199958081, 43.05726300000218], [-89.34094300044126, 43.05725799974804], [-89.3409679996573, 43.05725799974804], [-89.34102899975667, 43.057245999924085], [-89.34107099958946, 43.05723299978396], [-89.3410949998789, 43.05722400024072], [-89.34117500024485, 43.05719500031785], [-89.34120899968173, 43.057178999879255], [-89.34123399979609, 43.05717099998656], [-89.34125700026061, 43.05715700017185], [-89.34128900004767, 43.057142999697554], [-89.34136900041362, 43.05710399985972], [-89.34138600013206, 43.05709599995725], [-89.3414249995918, 43.05708299978532], [-89.34147700036864, 43.05706399968056], [-89.3415090001557, 43.05704700020364], [-89.3415300000721, 43.05703299970428], [-89.34155500018645, 43.057010000283405], [-89.34156900043016, 43.05699900007216], [-89.34158500032368, 43.05698700019752], [-89.34160200004213, 43.05697299968441], [-89.34163200017935, 43.056958000162574], [-89.34164999972269, 43.0569509999031], [-89.34166300014148, 43.05694800026048], [-89.34169599975344, 43.056940999999924], [-89.34170099977632, 43.056929999776294], [-89.34170099977632, 43.05691900020713], [-89.34179399966273, 43.056876999924405], [-89.34185099956414, 43.05685700009224], [-89.34206399999948, 43.05678499998601], [-89.34230000000103, 43.05675100021637], [-89.34288599980695, 43.05661100031012], [-89.34314500027303, 43.05656299983735], [-89.34323099958844, 43.05654400022785], [-89.34328699966494, 43.05654400022785], [-89.34356500039759, 43.05652699995039], [-89.34356799987235, 43.05651299998865], [-89.34360800005531, 43.05634900019874], [-89.34357799991808, 43.056327000193555], [-89.3435729998952, 43.056313000186144], [-89.34357200007031, 43.0562950001719], [-89.3435729998952, 43.056281999830155], [-89.34358899978874, 43.05626100013064], [-89.3436139999031, 43.056237000090135], [-89.34365499991097, 43.056194999996684], [-89.34367500000246, 43.05617699994785], [-89.3437339995537, 43.05611699974682], [-89.34378799998036, 43.056063000172074], [-89.34384300023196, 43.05601000022723], [-89.34387699966882, 43.05597800004015], [-89.34390799963096, 43.05594799984962], [-89.34392600007263, 43.05593100006337], [-89.34394699998902, 43.05590899990822], [-89.3439729999283, 43.055865000230646], [-89.34399600039282, 43.055824999899606], [-89.34401099956312, 43.055797999989636], [-89.34401700030922, 43.05578100016175], [-89.34401599958599, 43.05574600015382], [-89.3440649999898, 43.055678000099995], [-89.3441989998841, 43.055384000100034], [-89.3442690002043, 43.05511599987664], [-89.3444249998399, 43.05486200013676], [-89.34445699962696, 43.05481700001111], [-89.34447800044167, 43.05479700016345], [-89.34449900035807, 43.054775999955396], [-89.34451699990142, 43.054752999688], [-89.3445369999929, 43.054732000121284], [-89.34455999955912, 43.054699000224964], [-89.34458300002366, 43.05466400025583], [-89.34462200038172, 43.054618999984896], [-89.34464999997081, 43.05458800008537], [-89.34467699973499, 43.05456299968917], [-89.3447119998951, 43.054524999881274], [-89.34476700014667, 43.05447600004251], [-89.3447839998651, 43.054462999971506], [-89.3448390001167, 43.05442099997586], [-89.34486900025392, 43.05440799989324], [-89.34489099999523, 43.05439699987165], [-89.3449520000946, 43.05438700020834], [-89.34506900027046, 43.05436799992466], [-89.3455089995882, 43.05432799992998], [-89.34582099975773, 43.0543149998276], [-89.34637099957865, 43.05425499977396], [-89.34665199978605, 43.05426099997889], [-89.34686299967323, 43.05437299975804], [-89.34724500016297, 43.05461499987172], [-89.34751499960142, 43.054853000245544], [-89.34763699980013, 43.05494800019748], [-89.34768200000597, 43.054974000131054], [-89.34770100027255, 43.05498799978775], [-89.34774800012823, 43.055006999879396], [-89.34778199956509, 43.055021000184965], [-89.34779499998388, 43.05503099974488], [-89.34780500002961, 43.05503899991672], [-89.34781500007537, 43.05505799999256], [-89.34782299957297, 43.055075999713495], [-89.3478169997252, 43.055089000310915], [-89.34781400025045, 43.055107999714814], [-89.34779800035693, 43.05512699976928], [-89.34781000005249, 43.05513400023697], [-89.34801099989394, 43.05527200019814], [-89.34803199981035, 43.055260999675106], [-89.34805899957452, 43.05524999980656], [-89.34808399968887, 43.055249000116774], [-89.34810899980323, 43.05525199984245], [-89.34812499969676, 43.055255999914124], [-89.34814599961317, 43.05526899981698], [-89.34816999990261, 43.05528900016707], [-89.34820900026067, 43.055327999846426], [-89.34824299969755, 43.05536100006067], [-89.34827299983476, 43.05538499978762], [-89.34830499962182, 43.055409000161525], [-89.34835099965258, 43.05544500004842], [-89.34840400025435, 43.05549500011159], [-89.34843199984344, 43.055520000127835], [-89.34854399999642, 43.05561499970294], [-89.34864299973063, 43.05569999968162], [-89.34869899980711, 43.05575499991397], [-89.34875599970853, 43.05582200020191], [-89.34880400028742, 43.055869000262284], [-89.34882799967856, 43.055892999790416], [-89.34884299974716, 43.05591099992261], [-89.34885399961782, 43.05592799971446], [-89.3488589996407, 43.05594199980976], [-89.34889600034892, 43.05597800004015], [-89.3489080000445, 43.05599000011229], [-89.34908100029685, 43.05615600021237], [-89.34909600036546, 43.05615299987447], [-89.34917199963513, 43.05615600021237], [-89.349288999811, 43.05616800024963], [-89.34958300043719, 43.0562879998368], [-89.34987100031728, 43.05640599984725], [-89.35030499978723, 43.056643999833945], [-89.35067600040631, 43.056904000015685], [-89.35092300027851, 43.057170000328085], [-89.3512329998999, 43.05757299986635], [-89.35141000035023, 43.05794699981431], [-89.3514789999472, 43.05818099984666], [-89.35150200041174, 43.058299999792624], [-89.3515130002824, 43.058361000122126], [-89.35154500006945, 43.05852400014547], [-89.35156099996297, 43.05862300016959], [-89.35156799963566, 43.0587020001471], [-89.35157500020668, 43.05876199978784], [-89.35157500020668, 43.05885799987852], [-89.3515769998565, 43.05899400007787], [-89.35157000018381, 43.059070000038574], [-89.35155799958993, 43.059203999860785], [-89.35154400024453, 43.05930399972337], [-89.35152900017592, 43.05940400007922], [-89.35150999990934, 43.059482999706844], [-89.3514789999472, 43.05958500032173], [-89.35145200018303, 43.0596710003222], [-89.35140899962701, 43.059786000225955], [-89.35137500019013, 43.0598759997148], [-89.35134800042597, 43.05994699986012], [-89.35133199963411, 43.060004999714394], [-89.35131300026585, 43.060054999997405], [-89.3512870003266, 43.060122999791844], [-89.35126600041019, 43.060189000292326], [-89.35123799992279, 43.06026699995684], [-89.35122000037944, 43.06031300028471], [-89.35120500031083, 43.06036099979097], [-89.3511890004173, 43.06039700005236], [-89.35116900032581, 43.06045599974226], [-89.35112499994489, 43.06057300000506], [-89.35110400002849, 43.06063500030059], [-89.3510770002643, 43.060685000069846], [-89.35105399979977, 43.06074700025218], [-89.35102799986049, 43.060801000296365], [-89.35101199996699, 43.06084999967543], [-89.35099199987548, 43.06089100026433], [-89.35095599989049, 43.06097300004722], [-89.35093599979899, 43.061034999938315], [-89.35089399996619, 43.06119999991463], [-89.35085799998117, 43.06124600019884], [-89.35082799984397, 43.061291000200875], [-89.35080399955451, 43.0613269999162], [-89.3507609998968, 43.061406999937184], [-89.35072900010977, 43.06145100023237], [-89.35071400004114, 43.06148199994406], [-89.35068100042919, 43.06154200014607], [-89.35065899978956, 43.061575999884404], [-89.35064100024621, 43.061612000088715], [-89.35062299980454, 43.06166100013232], [-89.35061000028405, 43.06168699984487], [-89.35059400039054, 43.061711999961936], [-89.35057799959871, 43.06175100015054], [-89.35055300038267, 43.061804999966775], [-89.35053300029116, 43.061850000214854], [-89.35051099965156, 43.06189100013501], [-89.35048899991024, 43.06193099979057], [-89.35047700021468, 43.06196399973292], [-89.35043299983376, 43.06202599993449], [-89.3504010000467, 43.062075999882], [-89.35037400028251, 43.062122000165246], [-89.35034599979511, 43.062162999903514], [-89.3503159996579, 43.06220799988887], [-89.35028499969575, 43.0622469997619], [-89.35025600028175, 43.06228399980366], [-89.35021500027386, 43.06232699989505], [-89.35018400031173, 43.06238200009014], [-89.35014400012876, 43.062434999777935], [-89.35009499972496, 43.062521999946334], [-89.35007200015873, 43.06256300007343], [-89.35004399967131, 43.06261300023932], [-89.35001799973206, 43.062648999834714], [-89.34997000005147, 43.06271599980934], [-89.34993800026443, 43.06277699968343], [-89.34991399997497, 43.06282100030805], [-89.34986100027153, 43.06292199974292], [-89.349845000378, 43.06295000001817], [-89.34977000003494, 43.06307799989476], [-89.34969600041508, 43.06320600016037], [-89.3496200002471, 43.06333700014521], [-89.34957099984331, 43.06342000015113], [-89.34954599972895, 43.06346400031426], [-89.34949800004837, 43.06354700014818], [-89.34947799995687, 43.06358100008726], [-89.34945000036778, 43.063625999688064], [-89.34942699990326, 43.06367299967338], [-89.34940799963668, 43.063720000279034], [-89.34938500007047, 43.063782000017355], [-89.34936300032916, 43.063824999714434], [-89.34932899999397, 43.06388899975712], [-89.34932399997109, 43.06390499975734], [-89.34930899990249, 43.063949999776646], [-89.34928499961303, 43.06400000012396], [-89.34927299991749, 43.06403600021749], [-89.34926600024477, 43.06406299978154], [-89.34925799984886, 43.06409299993955], [-89.3492460001533, 43.06415399975609], [-89.34923299973451, 43.06418600027036], [-89.3492260000618, 43.0642110000247], [-89.34919099990172, 43.06430100023734], [-89.34918000003105, 43.06433799969574], [-89.34914900006892, 43.0644459999738], [-89.349140999673, 43.06447400020931], [-89.34912999980234, 43.06451199975838], [-89.34911499973373, 43.064554000061605], [-89.34909499964223, 43.06460900022767], [-89.34906600022823, 43.06467600002913], [-89.34903899956575, 43.06473699992188], [-89.34902500022037, 43.064763000298825], [-89.34901000015174, 43.064791999923756], [-89.34899400025823, 43.0648329998453], [-89.34897499999165, 43.06487099982815], [-89.34894900005237, 43.064925999709814], [-89.34891999974006, 43.0649630001036], [-89.34890300002162, 43.06497800029234], [-89.34888899977791, 43.06498999991568], [-89.34886200001374, 43.065009999720196], [-89.34883299970141, 43.06503400026454], [-89.34881199978501, 43.065055000240925], [-89.3488029995642, 43.06506600031945], [-89.34867899971564, 43.06515100032266], [-89.34866700002007, 43.065154000220275], [-89.34861299959339, 43.065183000316495], [-89.34856999993569, 43.06520700013686], [-89.3485499998442, 43.065219999898865], [-89.34851100038446, 43.06524399970475], [-89.3484650003537, 43.06527500012371], [-89.34838199961472, 43.06531500019653], [-89.34836300024645, 43.0653269997539], [-89.34830299997199, 43.065362999724464], [-89.34820900026067, 43.065410999871105], [-89.34809999958242, 43.06548200016947], [-89.34796200038846, 43.06557000012942], [-89.34793999974883, 43.065585000169634], [-89.34789999956585, 43.06561000000975], [-89.34780400020472, 43.065671999805524], [-89.34776400002174, 43.06571100010013], [-89.347753999976, 43.06571900019112], [-89.34772100036403, 43.06576899975187], [-89.34771399979303, 43.065776999835336], [-89.34768799985375, 43.065807999984756], [-89.34765400041688, 43.06584099980905], [-89.34760199964003, 43.06588999975397], [-89.3475499997615, 43.06593299994128], [-89.34750600027888, 43.06596800004093], [-89.34746299972285, 43.066003000120595], [-89.347429000286, 43.06603199981524], [-89.34741199966925, 43.06604600022865], [-89.34736200033885, 43.06609399984049], [-89.34733399985143, 43.0661219999795], [-89.34731899978281, 43.06613599971612], [-89.34728500034593, 43.06616500000408], [-89.3472750003002, 43.06617300003582], [-89.34721500002576, 43.0662200000373], [-89.34718700043665, 43.066242999941124], [-89.34715899994924, 43.06626400015959], [-89.3471210003144, 43.06628800021302], [-89.34708699997924, 43.06630499975296], [-89.3470490003444, 43.06632700011568], [-89.34701199963615, 43.066344999809985], [-89.34696899997844, 43.066372000325906], [-89.34693800001631, 43.06639100017146], [-89.34689899965825, 43.06641500017512], [-89.3468600001985, 43.066435000171005], [-89.34681900019062, 43.06645600032374], [-89.34674999969533, 43.066503000108234], [-89.34670500038781, 43.0665329997284], [-89.34667100005262, 43.06655299968579], [-89.34661199960307, 43.0665869999265], [-89.34657899999112, 43.06660199971786], [-89.34653100031053, 43.06662500013465], [-89.34650199999821, 43.066645000062024], [-89.34645699979237, 43.066675999772485], [-89.34639099967013, 43.066709999944976], [-89.346359999708, 43.066727000024166], [-89.34633499959364, 43.06674000012013], [-89.34630100015676, 43.06675399971555], [-89.34625699977583, 43.06677300009893], [-89.34621400011812, 43.06678900000272], [-89.34617300011024, 43.066804999902345], [-89.34615800004163, 43.0668140000081], [-89.34613499957709, 43.066820999797784], [-89.34611600020884, 43.06683100005845], [-89.34608100004874, 43.06684400013235], [-89.3460579995842, 43.066856000046705], [-89.34603300036815, 43.0668679999587], [-89.34599700038314, 43.0668780002117], [-89.3459789999415, 43.06688499999403], [-89.34590600014654, 43.06690300018078], [-89.34575999965837, 43.06691200027215], [-89.34568199984056, 43.066921999861684], [-89.34564699968047, 43.06692300001745], [-89.34561400006851, 43.06692400017314], [-89.34558800012923, 43.066926999983984], [-89.34555999964182, 43.06693399976078], [-89.34552899967969, 43.0669379997266], [-89.34550500028857, 43.06694199969216], [-89.34547299960319, 43.06694600031374], [-89.3454319995953, 43.06695000027878], [-89.34534700010482, 43.066955999897736], [-89.3453189996174, 43.06695700005293], [-89.34522300025625, 43.066984999797754], [-89.34512899964662, 43.06701200003183], [-89.34508000014111, 43.0670269997192], [-89.34504599980593, 43.067036999946254], [-89.34500499979805, 43.067046000017946], [-89.34493500037615, 43.06706900026809], [-89.3448890003454, 43.06709099970036], [-89.34484699961429, 43.06710899982662], [-89.34480099958354, 43.06713200005312], [-89.34475499955279, 43.067156999918616], [-89.3447060000473, 43.06719199997568], [-89.34464199957489, 43.06724100015324], [-89.34458200019876, 43.06729400023422], [-89.34454100019086, 43.06733700009295], [-89.34449299961197, 43.06739000009093], [-89.34445599980205, 43.067431000243694], [-89.34442599966484, 43.06745499984017], [-89.34438800002998, 43.06748199986722], [-89.34435100022007, 43.06750700024619], [-89.34431600005996, 43.06753199995874], [-89.34427500005208, 43.06755799980649], [-89.34424900011281, 43.06757699994065], [-89.34423499986912, 43.06758499978817], [-89.34421499977762, 43.0675949999242], [-89.34416799992196, 43.067619000112735], [-89.34410900037072, 43.067638000227994], [-89.34404200042357, 43.06766299988711], [-89.34398999964674, 43.067688000192305], [-89.34391600002688, 43.067717999888806], [-89.34384700042992, 43.067749999855124], [-89.34379300000325, 43.06777000007171], [-89.34373899957656, 43.06778799999858], [-89.34369000007108, 43.06780700006145], [-89.343622000299, 43.06784600031022], [-89.34356500039759, 43.06788099997388], [-89.34352400038972, 43.06791399999469], [-89.34347699963574, 43.06794699999774], [-89.34343499980294, 43.06798700029583], [-89.34340899986368, 43.06800600029702], [-89.3433610001831, 43.06803900025052], [-89.34333100004588, 43.06805999985375], [-89.34330199973357, 43.06807799969541], [-89.34325999990077, 43.06811000013011], [-89.34320200017444, 43.06816599986615], [-89.34316000034164, 43.06820700015614], [-89.34313699987712, 43.068231000105065], [-89.34306999992997, 43.068300000151936], [-89.34302200024939, 43.06835000023252], [-89.34295799977698, 43.068418000014134], [-89.34293100001278, 43.06844900014048], [-89.34289199965473, 43.06848699985055], [-89.34285700039295, 43.06853100031434], [-89.3428189998598, 43.068581000206485], [-89.34277899967682, 43.068637000168486], [-89.34271199972967, 43.068720999687486], [-89.34265999985115, 43.06878499986875], [-89.34261299999547, 43.068847999858804], [-89.34258799988112, 43.068888999692604], [-89.34257000033777, 43.06891300003074], [-89.34255500026917, 43.068932999867855], [-89.3425450002234, 43.068946000152216], [-89.34252799960665, 43.0689630002675], [-89.34249800036775, 43.0690100000985], [-89.34246700040562, 43.06906299996244], [-89.3424380000933, 43.06911300007688], [-89.34241499962874, 43.0691520001509], [-89.34237699999392, 43.069199999955586], [-89.34234600003178, 43.069241000210134], [-89.3423259999403, 43.06926900022416], [-89.3422849999324, 43.069327999907195], [-89.34227499988667, 43.06934100010778], [-89.3422549997952, 43.06938200026801], [-89.34223200022898, 43.06942100017091], [-89.34221200013748, 43.06945400001888], [-89.34219500041904, 43.06947200010744], [-89.34217000030469, 43.06950200024331], [-89.34215400041116, 43.06952099977489], [-89.34214299964219, 43.069536000160795], [-89.34211599987802, 43.06957800030303], [-89.3420869995657, 43.06962699988569], [-89.34205499977864, 43.06968099998313], [-89.34203100038751, 43.069719999695735], [-89.34201100029604, 43.069755999711376], [-89.34199299985436, 43.069786999817225], [-89.3419739995878, 43.06981599969039], [-89.34195299967139, 43.06984500020602], [-89.34192599990722, 43.06988700013652], [-89.34190499999082, 43.06991900028299], [-89.34187800022663, 43.06996100016277], [-89.3418539999372, 43.06999900024796], [-89.34184399989145, 43.07001299975532], [-89.34180899973136, 43.07006100019823], [-89.34179299983784, 43.070082999869115], [-89.34176699989855, 43.07011800022413], [-89.34175299965486, 43.070136000117685], [-89.34172800043882, 43.07016900023695], [-89.34169699957836, 43.07020100023619], [-89.3416859997077, 43.070210999945424], [-89.34165599957046, 43.070254999827924], [-89.34163700020221, 43.070283000034976], [-89.34160500041516, 43.07033000016624], [-89.34156799970692, 43.07037899980401], [-89.34155900038441, 43.070390999682516], [-89.34152000002635, 43.07043600019042], [-89.34151300035366, 43.07044699995958], [-89.34147700036864, 43.070503000185425], [-89.3414460004065, 43.070543000127984], [-89.34141700009418, 43.07058199994835], [-89.34138100010917, 43.07062899985037], [-89.3413610000177, 43.07064899978376], [-89.34132300038287, 43.070694000102236], [-89.34128200037497, 43.07074900000914], [-89.34122899977321, 43.07079799996817], [-89.34120799985682, 43.07082300030714], [-89.34118199991755, 43.07085399987332], [-89.341170000222, 43.07086600031507], [-89.34111099977244, 43.07093100031563], [-89.34107499978742, 43.07096500009666], [-89.3410229999089, 43.07100900009406], [-89.34100100016758, 43.07104199974328], [-89.34097699987814, 43.07106000002171], [-89.34092300034979, 43.07110099968829], [-89.34085700022754, 43.07115699997282], [-89.3408129998466, 43.0712040000901], [-89.3407840004326, 43.071239999890295], [-89.34075199974723, 43.071268999732204], [-89.34069599967074, 43.071310999999376], [-89.34064200014237, 43.07135499974837], [-89.34060600015738, 43.07139200019889], [-89.34056099995153, 43.07143200021745], [-89.34055000008088, 43.07144199972584], [-89.34050300022521, 43.07147599987963], [-89.34043799992789, 43.071524999913635], [-89.34038900042239, 43.07156200026152], [-89.34032699959981, 43.071600000010335], [-89.34027800009432, 43.07163099983975], [-89.34025299997995, 43.07164599970921], [-89.34019799972836, 43.071680999827905], [-89.34014900022288, 43.07171200027258], [-89.34011400006278, 43.07173199985261], [-89.33991499987116, 43.07184199972275], [-89.33953900012752, 43.07197200020957], [-89.33911999982786, 43.072048999903515], [-89.33889300004714, 43.07208000016205], [-89.3385869997254, 43.07208000016205], [-89.33832200030983, 43.072056999823545], [-89.3378770000709, 43.07197900006646], [-89.33776900011588, 43.071938999748674], [-89.33768000042741, 43.07188699982153], [-89.33756200042663, 43.07186099984141], [-89.33753200028941, 43.071859999766225], [-89.33750700017507, 43.07185399997105], [-89.3374200001364, 43.07184299979822], [-89.33738900017427, 43.071838000076944], [-89.3373489999913, 43.0718359999258], [-89.33733300009779, 43.0718359999258], [-89.33728799989194, 43.07183399977465], [-89.3372490004322, 43.071838000076944], [-89.33720300040144, 43.07184199972275], [-89.3371659996932, 43.07184900025066], [-89.33714700032495, 43.071851999820474], [-89.33712200021058, 43.07185800027203], [-89.33708299985253, 43.071872000011], [-89.33705899956308, 43.071882000103834], [-89.33699199961593, 43.07190399977732], [-89.33694399993534, 43.07192800024729], [-89.33604299958684, 43.072256000041364], [-89.33594300002774, 43.07227600010005], [-89.3358989996468, 43.07228600012696], [-89.33584599994334, 43.07229700022027], [-89.33580300028565, 43.07230199990411], [-89.33577399997334, 43.07230800031165], [-89.33567799971387, 43.07232999983222], [-89.3355809996295, 43.07235400013537], [-89.3355179998803, 43.07237400016212], [-89.33545400030619, 43.072388999849736], [-89.3354059997273, 43.07240300012363], [-89.33537300011534, 43.072409999931246], [-89.3353139996658, 43.07241899987024], [-89.335271999833, 43.07242899987382], [-89.33521999995448, 43.07243699974425], [-89.33513999958852, 43.07244999994162], [-89.33507900038748, 43.07246999993704], [-89.33503400018162, 43.07248500025739], [-89.33499800019663, 43.072494000185365], [-89.33492200002864, 43.072509999908206], [-89.3348430003859, 43.07251999989695], [-89.33458200027, 43.07254899978937], [-89.33436100033707, 43.072545000189706], [-89.33410799971877, 43.07250500024134], [-89.33383699955712, 43.07244500026986], [-89.33366900022594, 43.072386000306246], [-89.33348699975275, 43.072402000057295], [-89.33336000042944, 43.07242599967607], [-89.33334399963762, 43.07242300013434], [-89.33332299972122, 43.07242200006838], [-89.3333079996526, 43.0724199999363], [-89.33328400026146, 43.07240899986507], [-89.33326900019286, 43.0723930001158], [-89.33326499999488, 43.07237099996163], [-89.33326499999488, 43.072345000186836], [-89.33312899955246, 43.07235300006823], [-89.3331040003364, 43.07236500021652], [-89.33309199974254, 43.07236999989481], [-89.33306800035139, 43.072373000095304], [-89.33304400006196, 43.072376000295655], [-89.33300899990185, 43.0723830001064], [-89.33297100026704, 43.07239099998283], [-89.33294399960452, 43.072396999725385], [-89.332927999711, 43.07240300012363], [-89.33291199981748, 43.07240899986507], [-89.33288599987821, 43.07241699973811], [-89.33286400013691, 43.07242400020034], [-89.3328490000683, 43.07242899987382], [-89.33283300017476, 43.07243599967846], [-89.33280999971022, 43.07244500026986], [-89.3327949996416, 43.07244999994162], [-89.33277000042557, 43.07245899987473], [-89.33274500031122, 43.072472000067435], [-89.33272900041769, 43.072483000127406], [-89.33264700040193, 43.072516999703645], [-89.33263399998313, 43.0725230000901], [-89.33245200040825, 43.07257600019736], [-89.33238100026315, 43.07260199987415], [-89.3323439995549, 43.07261500003652], [-89.33227800033099, 43.072639000228065], [-89.33224099962275, 43.07265100032036], [-89.33221399985855, 43.07266000022395], [-89.33217899969846, 43.07267200031209], [-89.33214899956124, 43.07268200027439], [-89.33208599981204, 43.07271100009016], [-89.33147200041702, 43.072979000182244], [-89.3311109998437, 43.07315900032068], [-89.33061200007641, 43.07353499977931], [-89.3301390002484, 43.07391000017033], [-89.32980799981229, 43.07425999999609], [-89.3297319996443, 43.074340000200564], [-89.32942299984782, 43.07470199988593], [-89.32913199959468, 43.075186000105], [-89.32904100025641, 43.07539800023352], [-89.32894800036998, 43.07563599998679], [-89.32854400013895, 43.076354000269774], [-89.32836599986369, 43.07671999985263], [-89.32834300029748, 43.0767589996793], [-89.32831399998517, 43.07679900013192], [-89.32828200019813, 43.076838999902265], [-89.32817500006801, 43.07696900028786], [-89.32808200018158, 43.07708999983362], [-89.32802100008222, 43.0771810001534], [-89.32800400036378, 43.07721299977227], [-89.32799599996785, 43.077234000169256], [-89.32798599992212, 43.07726699974738], [-89.32796900020368, 43.077299999963934], [-89.32794099971628, 43.077340000063366], [-89.32788299998995, 43.07741400027695], [-89.32786399972339, 43.0774409998538], [-89.32785000037798, 43.07746300015642], [-89.32784299980699, 43.07747899989431], [-89.32783600013428, 43.07750500011562], [-89.3278300002865, 43.077516999911204], [-89.32781299966975, 43.07753700022141], [-89.32778599990557, 43.077564999726164], [-89.32767899977544, 43.077661999880036], [-89.32755499992689, 43.077762999795894], [-89.32749800002547, 43.077806000183806], [-89.32743799975103, 43.077846999930415], [-89.32737599982674, 43.077884999719096], [-89.32731499972738, 43.077919000235276], [-89.32725299980311, 43.0779480001975], [-89.32719300042697, 43.07797300024438], [-89.32713499980231, 43.07799299974963], [-89.32707899972583, 43.078008000030444], [-89.32700900030395, 43.07802500025674], [-89.32695999990015, 43.078037999924874], [-89.32691899989226, 43.078052000220524], [-89.32688100025742, 43.078066999830774], [-89.32684299972428, 43.07808599998793], [-89.3268019997164, 43.0781100000053], [-89.32668999956338, 43.07818499991714], [-89.32664699990569, 43.07821299978191], [-89.32659900022512, 43.07823699974959], [-89.32654800017148, 43.07825899976636], [-89.32649100027007, 43.078277999863985], [-89.3264429996912, 43.078291000134605], [-89.32638900016285, 43.07830399974626], [-89.32618599977323, 43.07834099993831], [-89.32610799995544, 43.07835900004137], [-89.3260500002291, 43.07837700013914], [-89.3259990001755, 43.07840000007413], [-89.32595300014475, 43.078426999872676], [-89.32587699997677, 43.078480000123086], [-89.32583599996887, 43.078506999886386], [-89.3257959997859, 43.07852999977257], [-89.3257530001282, 43.078551999684144], [-89.32570700009745, 43.07857300027834], [-89.32551899977646, 43.07865400006576], [-89.3254929998372, 43.07865999985131], [-89.32545299965423, 43.07866299974392], [-89.32540599979856, 43.07866399970804], [-89.3253870004303, 43.078673000040894], [-89.32536700033882, 43.078702000302364], [-89.32535599956985, 43.07871499982688], [-89.32533700020159, 43.078723000188994], [-89.32531200008724, 43.07872400015218], [-89.32530399969131, 43.078730999893956], [-89.32529500036878, 43.078743000105604], [-89.32528199995, 43.0787669998657], [-89.32521300035303, 43.078916999957585], [-89.32519999993423, 43.07894700006313], [-89.32514200020792, 43.07909399984305], [-89.32510299984986, 43.079205000233216], [-89.32507600008569, 43.07929799994422], [-89.32506199984196, 43.07936400014029], [-89.32505400034438, 43.07942699975412], [-89.3250429995754, 43.07947100023753], [-89.32503400025288, 43.079511000232024], [-89.32501599981121, 43.07956899994805], [-89.32501099978836, 43.079659999866934], [-89.32501099978836, 43.07967399979203], [-89.32499599971975, 43.07971900004496], [-89.32498599967398, 43.07978499978755], [-89.32498400002416, 43.07981700001497], [-89.32498300019927, 43.079851000115184], [-89.32498300019927, 43.07991499982818], [-89.32497800017639, 43.07998599972887], [-89.32498200037435, 43.08007499980232], [-89.32498999987196, 43.08023100026067], [-89.32501699963613, 43.08046300000575], [-89.32513499963692, 43.08103999968583], [-89.32534499969918, 43.08173099999159], [-89.3256119996629, 43.08243999993747], [-89.32585199986241, 43.082956999849046], [-89.32589700006824, 43.08304199997272], [-89.32604100000829, 43.08331000015406], [-89.32608100019127, 43.08338299983137], [-89.32612499967388, 43.08342899987093], [-89.32613800009266, 43.08345000010574], [-89.32618599977323, 43.083484000158194], [-89.32620000001695, 43.08350800002948], [-89.32622000010842, 43.08354000028067], [-89.32622799960603, 43.08355300009087], [-89.32624100002482, 43.08358500031855], [-89.32625400044363, 43.08361400022337], [-89.32625899956818, 43.08363299997261], [-89.32626500031428, 43.08365300025475], [-89.3262529997204, 43.08368399989187], [-89.3262739996368, 43.083716999932776], [-89.32633599956108, 43.08381300030862], [-89.32635099962968, 43.083839999690106], [-89.32636999989626, 43.08387300030308], [-89.32641500010209, 43.083952999766936], [-89.32654300014862, 43.084158999840916], [-89.32662699981421, 43.084280000278035], [-89.32695999990015, 43.08475900031339], [-89.32734200038989, 43.08526099986756], [-89.32768100032358, 43.085669000311924], [-89.3279990003409, 43.08606899994909], [-89.32801000021155, 43.08608299972181], [-89.32811300014372, 43.08617799982878], [-89.32665399957837, 43.086883999992466], [-89.32658199960836, 43.086802000101194], [-89.32650799998852, 43.086724999919326], [-89.32631999966755, 43.08652699994443], [-89.32617999992546, 43.08632199979977], [-89.32606899959737, 43.08613800025058], [-89.32596099964235, 43.08595400014873], [-89.32516300012432, 43.08402099995072], [-89.3250989996519, 43.08386599983655], [-89.32506000019215, 43.08377600014058], [-89.32501599981121, 43.08367500029511], [-89.32492600029785, 43.08346899990584], [-89.32488600011487, 43.0833769998522], [-89.32464500009047, 43.08284399990337], [-89.32460099970953, 43.082724999706286], [-89.32454999965589, 43.082587999766496], [-89.32444400024902, 43.08233099996783], [-89.32425500010312, 43.08180999971528], [-89.3241139996378, 43.081439000103906], [-89.3240500000637, 43.08123200014722], [-89.32399999983498, 43.080986999681464], [-89.3239439997585, 43.08066700014179], [-89.32393200006294, 43.080589000189256], [-89.32390600012366, 43.080329000067834], [-89.323887999682, 43.08021399999023], [-89.323887999682, 43.08009499993378], [-89.3239019999257, 43.08000899971598], [-89.32393100023802, 43.079919000259125], [-89.3239849997664, 43.0797579999313], [-89.32409199989651, 43.07953900014706], [-89.32420999989728, 43.07935699981468], [-89.32433299992093, 43.07913799990945], [-89.32450399962515, 43.07887500031006], [-89.3246540003113, 43.0786219998871], [-89.3253310003538, 43.07752499977362], [-89.3257609996258, 43.076805000099114], [-89.32590700011397, 43.076462999717926], [-89.32594599957373, 43.076309000170134], [-89.32598400010689, 43.076034000155616], [-89.32598199955875, 43.07590199973653], [-89.32598599975671, 43.075855999951216], [-89.32600099982533, 43.07564700013504], [-89.32600400019835, 43.07547400020004], [-89.32601000004614, 43.075162000254714], [-89.32601699971885, 43.074955000089545], [-89.32602599993967, 43.07470900008716], [-89.3260340003356, 43.074420000300606], [-89.3260500002291, 43.07286300003159], [-89.32539699957775, 43.072875000079975], [-89.32427699984443, 43.072890999703354], [-89.32373399969622, 43.07290399980442], [-89.32353000038002, 43.07291100021103], [-89.32255399968845, 43.07293599968813], [-89.32155500032897, 43.07294300009108], [-89.32110599989208, 43.072959999753955], [-89.321106999717, 43.072850999980815], [-89.32112000013579, 43.07112300029831], [-89.32325800039345, 43.07109499981881], [-89.32607500034347, 43.07105300005986], [-89.32607600016838, 43.07094500026635], [-89.32607899964312, 43.07053100027919], [-89.32609500043496, 43.06922599975207], [-89.32610799995544, 43.06809399991485], [-89.32614899996331, 43.064677000221536], [-89.32614999978823, 43.064221000054836], [-89.32615800018415, 43.06374599977468], [-89.32615800018415, 43.06312700007928], [-89.32615399998619, 43.06247299993459], [-89.32616400003194, 43.062178000121094], [-89.32615300016127, 43.06208099974329], [-89.32614999978823, 43.061946000064914], [-89.32509500035226, 43.06197200031289], [-89.32503300042798, 43.0619880001571], [-89.32488100009202, 43.06198200005193], [-89.32460400008259, 43.061980999815596], [-89.32456200024978, 43.06198500010461], [-89.32452999956442, 43.06198699992088], [-89.3243739999288, 43.06199499984152], [-89.32421499992014, 43.06199900012962], [-89.32411600018594, 43.062000999945425], [-89.32410899961492, 43.06189600001134], [-89.32410299976715, 43.061804999966775], [-89.32409100007159, 43.06161800023011], [-89.32394899978138, 43.06162100030061], [-89.32393600026089, 43.06139500026887], [-89.323747000115, 43.059228000052705], [-89.3241129998129, 43.05922600014645], [-89.32429799976082, 43.05921599995792], [-89.32488600011487, 43.059200999672015], [-89.32505799964402, 43.05919600023228], [-89.32547399957063, 43.059191999761296], [-89.32544400033171, 43.05886899975623], [-89.32543500011087, 43.058777000181095], [-89.32554399989083, 43.05877399997148], [-89.32584600001462, 43.05874500012529], [-89.32580400018183, 43.058319999810514], [-89.325690000379, 43.05832399968201], [-89.3251480000557, 43.058330000145176], [-89.32508100010855, 43.05833599995138], [-89.32480499992403, 43.05834100011761], [-89.32457599959517, 43.05835500031837], [-89.32448799973163, 43.05835599995753], [-89.32421800029321, 43.05835799989215], [-89.32386500011579, 43.058364999991], [-89.3238740003366, 43.058081999765214], [-89.32382300028299, 43.05750200025395], [-89.32380499984131, 43.05728700029751], [-89.32379999981846, 43.057203999865344], [-89.32379099959762, 43.05707299990367], [-89.32377100040445, 43.056822000042], [-89.32289199979725, 43.05683900023768], [-89.32085700037005, 43.05688200020962], [-89.32071599990476, 43.05478499985791], [-89.31794300033566, 43.05484300000018], [-89.3179669997268, 43.053952000148826], [-89.31802700000125, 43.05161300019129], [-89.31773300027338, 43.05155500027631], [-89.31730399992799, 43.05146800030107], [-89.31710399991144, 43.05142199990209], [-89.31687999960545, 43.05137000029432], [-89.31649700018913, 43.05129300022602], [-89.31638099983817, 43.05126799979943], [-89.31548799988559, 43.05214199973609], [-89.31466799972793, 43.052158000176114], [-89.31444500014518, 43.05245800026911], [-89.31442800042674, 43.05248100008438], [-89.31395399987551, 43.05308699990123], [-89.31347900039766, 43.05370399978565], [-89.31213299981023, 43.05373399976118], [-89.31154700000431, 43.054251000293405], [-89.31070199973232, 43.05499800000946], [-89.30946599964805, 43.055023000228324], [-89.3091240002396, 43.05503499983093], [-89.30902999962994, 43.054539999998305], [-89.308892000436, 43.05391800012134], [-89.30880899969702, 43.05358099992963], [-89.30845999971756, 43.05207599976402], [-89.30843499960321, 43.05195500006843], [-89.30838799974752, 43.051722000313084], [-89.30828900001333, 43.05112900026141], [-89.30826999974677, 43.05093900019432], [-89.30823499958665, 43.05060100027854], [-89.30818600008118, 43.04991499971805], [-89.3081109997381, 43.04840899972606], [-89.30809999986745, 43.04827400014402], [-89.30809200036985, 43.04817400001888], [-89.3080820003241, 43.0480480001543], [-89.30807399992818, 43.047953000017536], [-89.3080680000804, 43.04792999981717], [-89.30767200024528, 43.04791800013735], [-89.30744700011438, 43.047895999733534], [-89.30705600030211, 43.04788899975261], [-89.30669399990389, 43.04787199970176], [-89.30667899983526, 43.04775200005856], [-89.30764600030601, 43.04773299968871], [-89.30781500036042, 43.047727000158034], [-89.30801399965372, 43.04772199978285], [-89.30903800002588, 43.047699000152356], [-89.30942299999035, 43.047690999679475], [-89.30961600033419, 43.04768699977086], [-89.30978100019064, 43.04768299986199], [-89.30982499967325, 43.04768200004885], [-89.30998000038227, 43.0476789999529], [-89.30997899965902, 43.04724500005798], [-89.30997299981125, 43.0470310000716], [-89.30995899956756, 43.046437999963395], [-89.30995299971977, 43.04620200008923], [-89.30993799965115, 43.04578399972506], [-89.30992299958254, 43.0455110003243], [-89.30991500008494, 43.04537399991472], [-89.30991300043512, 43.04532999990033], [-89.30990800041225, 43.04525999975274], [-89.30990099984122, 43.04517700011203], [-89.3098980003665, 43.04512999973568], [-89.30956600010548, 43.04512399995047], [-89.30907700038394, 43.04511400008823], [-89.30835199976254, 43.04506400009629], [-89.30808999982169, 43.04506400009629], [-89.30777000015456, 43.04508100026884], [-89.30752400010726, 43.04510599993471], [-89.30715900023428, 43.04516400003948], [-89.30704600025638, 43.045190000181826], [-89.30687499965386, 43.0452300002278], [-89.30669100042914, 43.04526399981961], [-89.30661500026117, 43.04527400031386], [-89.30661400043626, 43.04522500030552], [-89.30661299971302, 43.04519199988931], [-89.30660600004033, 43.04493400032039], [-89.30676300039916, 43.04493000023201], [-89.30673900010972, 43.044865000236506], [-89.30662799978164, 43.044601000112486], [-89.30653900009318, 43.042365000313495], [-89.31000200012357, 43.04226700020634], [-89.31100100038137, 43.04224299994188], [-89.31097799991683, 43.04116599974679], [-89.31095500035062, 43.04112499975715], [-89.31092900041133, 43.041085000317366], [-89.31090599994681, 43.041055000063864], [-89.31086699958875, 43.04101599984367], [-89.31081800008326, 43.04096499987183], [-89.31077399970232, 43.04092700017424], [-89.31072500019684, 43.04088099974863], [-89.31068099981592, 43.04082599996519], [-89.31063099958719, 43.04073099980531], [-89.31058499955644, 43.04067599988736], [-89.31053600005096, 43.04060499975332], [-89.3105119997615, 43.040580000222896], [-89.31046599973077, 43.0405309997481], [-89.31043999979148, 43.04049399971198], [-89.31041700022526, 43.040461999964464], [-89.30648200019178, 43.04048800012993], [-89.3026740003799, 43.04053400019363], [-89.30156700016707, 43.04053500012328], [-89.30132100011977, 43.0405379999121], [-89.30099800007959, 43.04053699998251], [-89.30071900042033, 43.04053699998251], [-89.30060100041955, 43.04055100030836], [-89.30031299964114, 43.04055300016707], [-89.3002330001735, 43.04055100030836], [-89.30000899986753, 43.04055300016707], [-89.29938500042678, 43.04055599995501], [-89.29745200020851, 43.0405759998506], [-89.2967120004168, 43.0405929999537], [-89.29671099969357, 43.040446999687234], [-89.29667399988367, 43.035524999766444], [-89.29666800003588, 43.03495899996646], [-89.29665499961708, 43.03334700024855], [-89.29665399979216, 43.0333190002459], [-89.29638799965339, 43.02662500002077], [-89.296374000308, 43.02583699985748], [-89.29585600027416, 43.02587899972301], [-89.29560500020398, 43.02589099977311], [-89.29556199964796, 43.025891999941365], [-89.29525700004943, 43.02589999997338], [-89.29511800013225, 43.0258930001096], [-89.29482500022931, 43.025894999789294], [-89.29355200033513, 43.02591899988096], [-89.29336200036431, 43.02592500023075], [-89.2912500000459, 43.02596700003611], [-89.29001899998454, 43.026001999961395], [-89.28904700038923, 43.026024999845156], [-89.28904700038923, 43.02605000005161], [-89.28904800021414, 43.0260799997606], [-89.28904999986396, 43.02616899994929], [-89.28905300023702, 43.02623100021848], [-89.28906099973462, 43.02657399990881], [-89.28897399969598, 43.02657500006593], [-89.28906900013052, 43.0294699998386], [-89.2891300002299, 43.03143900020674], [-89.28619600010403, 43.031479000024795], [-89.28607300008038, 43.03148100017917], [-89.28606200020972, 43.03119200017819], [-89.28605200016398, 43.03094100012511], [-89.28603500044555, 43.02986499996776], [-89.28603000042267, 43.0295979999876], [-89.28601600017898, 43.02882499974081], [-89.28599199988953, 43.02787299983031], [-89.28597000014821, 43.027383999692034], [-89.28596799960008, 43.02732400022055], [-89.28595799955434, 43.02708200013716], [-89.28594599985877, 43.0270110000348], [-89.28592400011746, 43.02632400017649], [-89.28592300029256, 43.026296000253375], [-89.28590499985089, 43.02611400011355], [-89.2854260001751, 43.02614300028383], [-89.28478000009471, 43.026175000274655], [-89.28279599982282, 43.026227999730246], [-89.28211600030558, 43.026242000037236], [-89.28200300032768, 43.02624499986807], [-89.2815899998758, 43.02625299985409], [-89.28160800031746, 43.02695100019877], [-89.28165400034823, 43.02879500005998], [-89.28169199998304, 43.03039600009913], [-89.28176800015103, 43.03356700029366], [-89.28632599980037, 43.03347999975821], [-89.28675400032085, 43.0334679998785], [-89.2867500001229, 43.03353100004178], [-89.2867149999628, 43.03404399999596], [-89.2867290002065, 43.03414000003709], [-89.28675299959762, 43.03459199988173], [-89.28675900034374, 43.035508000228994], [-89.28676600001643, 43.035736999820955], [-89.28677900043522, 43.036161999703495], [-89.28678699993283, 43.036436999990194], [-89.28680200000144, 43.03694400001722], [-89.28680799984922, 43.03758500023667], [-89.28680899967414, 43.03773400001686], [-89.286813999697, 43.03823999986589], [-89.2868129998721, 43.038639999819466], [-89.2868129998721, 43.03870299992571], [-89.28681200004718, 43.03882300019934], [-89.28664200016786, 43.03882300019934], [-89.28652800036505, 43.03882300019934], [-89.28590700039902, 43.0388189997125], [-89.28589399998025, 43.03772400026325], [-89.28595500007961, 43.0377230002878], [-89.28664200016786, 43.03771699977821], [-89.28661399968045, 43.03643899998299], [-89.2853569996798, 43.03645899990734], [-89.2853630004259, 43.03714399994804], [-89.27875799985718, 43.0372769997644], [-89.27875500038243, 43.03686300026689], [-89.27874000031382, 43.0336260001866], [-89.27842200029652, 43.033631999783005], [-89.27683800005771, 43.033663999809384], [-89.27683200020992, 43.03339499984807], [-89.2768299996618, 43.03329399971682], [-89.27682499963892, 43.033074000006295], [-89.27675400039212, 43.03006899973061], [-89.27674799964602, 43.029841000105606], [-89.27672699972963, 43.02893400029636], [-89.27672500007981, 43.02886700018865], [-89.27672199970675, 43.028742000194036], [-89.276683000247, 43.0270770000494], [-89.27668099969888, 43.027012999678064], [-89.27667900004904, 43.026912999703114], [-89.27667099965313, 43.02654600009973], [-89.2766460004371, 43.026377000160096], [-89.2765140001926, 43.02637999998438], [-89.27643999967445, 43.02638200030488], [-89.2763729997273, 43.02638299980847], [-89.27629099971153, 43.02638500012891], [-89.27460100006583, 43.02642700027622], [-89.27435500001853, 43.02643299991964], [-89.27433699957687, 43.02702400001346], [-89.27433400010214, 43.02709000001405], [-89.27410200029854, 43.02709500010075], [-89.27392599967314, 43.02710000018705], [-89.27391300015266, 43.02723700002906], [-89.27389800008405, 43.027333000210675], [-89.27327999959276, 43.02732099978575], [-89.27324199995793, 43.026480000170906], [-89.27323399956202, 43.02646899973808], [-89.27268000044145, 43.026485000307346], [-89.27212600042259, 43.026510999827906], [-89.27180099983426, 43.02651599996182], [-89.27170100027513, 43.02651999993728], [-89.27143199976332, 43.026534000177676], [-89.27081599982016, 43.026548999915704], [-89.26999700038574, 43.02656899977967], [-89.26990000030136, 43.02657699972341], [-89.26935200013027, 43.02658800013694], [-89.2692209997107, 43.02659200010769], [-89.26923599977933, 43.027155999943716], [-89.26923999997729, 43.02732099978575], [-89.26926799956638, 43.02861499969714], [-89.2692700001145, 43.028705000272915], [-89.26927199976434, 43.0287790000929], [-89.26930299972646, 43.03022100032342], [-89.2693050002746, 43.03032499989005], [-89.26930699992442, 43.030384999711416], [-89.26932799984083, 43.03133599998068], [-89.26932899966575, 43.031437000050985], [-89.26933100021388, 43.03149999967263], [-89.2693830000924, 43.03386600000105], [-89.27211200017888, 43.03379199974795], [-89.27267399969536, 43.03377699980998], [-89.27311700028447, 43.03376499998831], [-89.27308799997213, 43.037394000258054], [-89.27348800000523, 43.03740000014268], [-89.27464999957132, 43.03737100003834], [-89.27610300028886, 43.03732000031972], [-89.2763080003283, 43.03732700019345], [-89.2763450001382, 43.03733300008462], [-89.27681600031639, 43.03732100030174], [-89.2767960002249, 43.040739999799094], [-89.27680799992048, 43.04076000029127], [-89.27679100020204, 43.040758999708736], [-89.27679500039999, 43.04089200022463], [-89.27671300038425, 43.0408420000744], [-89.27649499992602, 43.040679000325845], [-89.27540399960672, 43.039863999683526], [-89.27372700037984, 43.03890300003245], [-89.27247899970169, 43.038100999695004], [-89.2720779998437, 43.037842999851634], [-89.2714879998398, 43.03746400018861], [-89.27144699983192, 43.03743800005489], [-89.26965900027695, 43.03628899968583], [-89.26963099978953, 43.0362709997043], [-89.26950699994097, 43.036190999722606], [-89.2687489997076, 43.03557699967417], [-89.2668969996802, 43.034382999901034], [-89.26687400011397, 43.032841000106615], [-89.26481000037447, 43.032891000210334], [-89.26482100024513, 43.032173999843046], [-89.26482999956762, 43.031603999698646], [-89.26483799996355, 43.031103000049235], [-89.26484499963625, 43.03067500031942], [-89.264714000115, 43.03067599975306], [-89.2645819998705, 43.03068000011409], [-89.26428300011978, 43.0306859999985], [-89.26207100024226, 43.030740999677626], [-89.26183000021783, 43.030747000212735], [-89.26182400037005, 43.030545999697345], [-89.261820999997, 43.03041800021199], [-89.26172700028567, 43.030419999744275], [-89.26122699979517, 43.03043300031426], [-89.26031200010128, 43.030454999757175], [-89.26008199994749, 43.030294000189215], [-89.25986100001457, 43.03013900013681], [-89.25892399968104, 43.029448000042635], [-89.25798899989567, 43.028694999704705], [-89.25777899983339, 43.02852300005212], [-89.25752100009053, 43.0283120001598], [-89.25685999994154, 43.0277550000904], [-89.25588199960013, 43.02694799974574], [-89.25536500028952, 43.02696199988851], [-89.25471199963813, 43.02697799967252], [-89.25301799979447, 43.027017000277844], [-89.25124799978282, 43.027069000170826], [-89.2504710001812, 43.02708600007574], [-89.24784500002689, 43.027158999729885], [-89.24737300002379, 43.027164999958465], [-89.2472120003653, 43.027163000320144], [-89.2470499999836, 43.02714299999305], [-89.24705599983139, 43.02795599989546], [-89.2470499999836, 43.028252000282016], [-89.24703599973988, 43.02849700007031], [-89.24703999993784, 43.02881100002289], [-89.2470299998921, 43.02897399977695], [-89.24702099967126, 43.02988899982057], [-89.24701900002145, 43.03007200003108], [-89.24701099962553, 43.03089899978313], [-89.24700300012793, 43.031374999786976], [-89.2469930000822, 43.031948999709925], [-89.24699200025728, 43.03198699971442], [-89.24697800001358, 43.03329399971682], [-89.2469799996634, 43.033433000270534], [-89.24698600040949, 43.03397500014038], [-89.24699200025728, 43.03439999975013], [-89.24698899988424, 43.03494000023063], [-89.24696299994496, 43.036367000201246], [-89.2469379998306, 43.0379970001737], [-89.24690699986847, 43.039825999960556], [-89.24690299967051, 43.04050899997776], [-89.24587900019667, 43.04027199968346], [-89.24580800005155, 43.04026199968695], [-89.24428999993499, 43.039891999982615], [-89.24317500022457, 43.03962700018057], [-89.24308700036102, 43.03982500001936], [-89.2429810000558, 43.040064999882546], [-89.24251300025067, 43.04062399970477], [-89.24248499976324, 43.04089400007223], [-89.24247100041785, 43.04112900009365], [-89.2424539998011, 43.04182899981048], [-89.2396789996839, 43.04194799997258], [-89.23572000025928, 43.04211599980847], [-89.235722999734, 43.041899999841185], [-89.23564699956603, 43.04174999976299], [-89.23548699973244, 43.041644999949575], [-89.23516200004244, 43.04159499975644], [-89.23492400039106, 43.04160600010447], [-89.23465599970416, 43.041613000145816], [-89.23461700024441, 43.04267599987825], [-89.23458600028225, 43.04293999975141], [-89.23445999988556, 43.0432400002874], [-89.23374900040616, 43.044569999744844], [-89.23364899994876, 43.044755999746044], [-89.23268200037633, 43.04666600029254], [-89.2321750002131, 43.04763500027885], [-89.23183999957904, 43.04822300029753], [-89.23246100044338, 43.04864300004839], [-89.2333290002816, 43.04920000025396], [-89.23360600029103, 43.04934699982639], [-89.23373599998737, 43.04940199984831], [-89.23387699955437, 43.04943199995881], [-89.2339410000268, 43.049440999989095], [-89.23431599994552, 43.04945000001806], [-89.23630500024028, 43.04936799992413], [-89.23714200011636, 43.04932400014875], [-89.24047299990227, 43.049173999841834], [-89.24152800023657, 43.04910899974813], [-89.24243600025775, 43.04963600032108], [-89.24321200003449, 43.050091999990386], [-89.2445219997386, 43.05003199974392], [-89.24489199963443, 43.04975799977589], [-89.24481399981663, 43.04967099987743], [-89.2450659997117, 43.04962899988226], [-89.24530599991122, 43.049450999802374], [-89.24554600011075, 43.04927400030603], [-89.24555399960835, 43.04893499995605], [-89.24557799989778, 43.048934000163314], [-89.24558000044593, 43.04869800004509], [-89.24558999959335, 43.04789300030449], [-89.24560100036231, 43.047024999815775], [-89.24561499970771, 43.04584800021674], [-89.24562200027871, 43.0453129997968], [-89.24265399981766, 43.04544300008256], [-89.24267399990913, 43.044550999702366], [-89.24269300017572, 43.043589000054126], [-89.24314300043751, 43.04357300000483], [-89.24385100044215, 43.04355199989268], [-89.2441710001093, 43.04354699983364], [-89.2452280000934, 43.04351499970891], [-89.24530699973613, 43.04350799988453], [-89.24621399993242, 43.043483000223915], [-89.24685900018788, 43.043456000132615], [-89.24684599976909, 43.044693999808324], [-89.24684800031724, 43.045208000172885], [-89.24684999996705, 43.04540099981839], [-89.2468669996855, 43.04707800030438], [-89.24684499994417, 43.04799899973585], [-89.2468170003551, 43.0487810001735], [-89.24681300015715, 43.04887899972176], [-89.24680700030936, 43.04907799968926], [-89.24680599958613, 43.049089000008415], [-89.24678899986769, 43.04973999980703], [-89.24678600039296, 43.049881000078244], [-89.24675500043081, 43.05113099977525], [-89.24675100023285, 43.0515760002745], [-89.24675100023285, 43.051655000140705], [-89.24673199996627, 43.053036000118155], [-89.24673299979119, 43.05364399979065], [-89.24669699980618, 43.05432100002669], [-89.24667599988977, 43.05495099993793], [-89.24666699966895, 43.05546499968476], [-89.24670100000414, 43.055670000011474], [-89.24664099972969, 43.055892999790416], [-89.24663700043004, 43.056375999866106], [-89.24663499988189, 43.056675999673416], [-89.24663599970681, 43.05683799991741], [-89.24663900007987, 43.05731299989572], [-89.24664699957748, 43.05920599976771], [-89.24672899959323, 43.067920000175505], [-89.2467339996161, 43.071675000015254], [-89.24674100018711, 43.071869999861015], [-89.24679200024073, 43.073171000311156], [-89.24684199957113, 43.07700799995606], [-89.2469169999142, 43.082758000263766], [-89.24693899965553, 43.08510999970234], [-89.24696700014292, 43.088057999744976], [-89.24696799996784, 43.08825100032525], [-89.24698499968628, 43.092379000201475], [-89.24700399995284, 43.095769000130815], [-89.24700899997572, 43.09742899976033], [-89.24700999980064, 43.09772900002122], [-89.24701099962553, 43.09783000030743], [-89.24702300021943, 43.099445999939896], [-89.24701900002145, 43.09987599981701], [-89.24701200034876, 43.0999610000759], [-89.24701499982349, 43.1001249999333], [-89.24701700037163, 43.10045700004356], [-89.24702599969415, 43.10176399968371], [-89.2470290000672, 43.104607000046634], [-89.2470299998921, 43.10486599989834], [-89.2470299998921, 43.1052800000623], [-89.24703300026516, 43.10673100022597], [-89.24703400009007, 43.10694099974553], [-89.24703400009007, 43.1071799997526], [-89.24729100000802, 43.10717699994488], [-89.25339600008623, 43.10709099971085], [-89.2534570001856, 43.107070999867865], [-89.25355300044507, 43.10706299992883], [-89.25446700031407, 43.10704300007674], [-89.25546200037388, 43.10702700019036], [-89.25753100013627, 43.10699599990668], [-89.26012700015335, 43.10695299967758], [-89.26171100039215, 43.10693200028685], [-89.26199000005141, 43.10691999969483], [-89.26241100000088, 43.106902000114125], [-89.26288899985177, 43.106889000012806], [-89.26299500015698, 43.106886000190876], [-89.26299699980682, 43.10711799998035], [-89.26199800044732, 43.10713499999821], [-89.2617570004229, 43.1071419997727], [-89.2617570004229, 43.10712300010183], [-89.26161299958456, 43.107129999877706], [-89.2614340003827, 43.10714100027341], [-89.26126000030546, 43.10715200001133], [-89.26106600013667, 43.10716500005674], [-89.26088700003653, 43.107178000099395], [-89.26071899980705, 43.1071920002936], [-89.26059699960832, 43.107201999868224], [-89.26041500003343, 43.107216000056944], [-89.26021800038995, 43.107234999698946], [-89.26003900028981, 43.107251999684316], [-89.2598839995808, 43.10726800016773], [-89.25970600020388, 43.107286999793594], [-89.25960999994439, 43.10729700000854], [-89.25951200003512, 43.10731000002316], [-89.2595039996392, 43.10772400005418], [-89.25922300033011, 43.10772799998061], [-89.25923099982771, 43.10732099973067], [-89.25911899967471, 43.107333999740234], [-89.25894399977254, 43.107355999800546], [-89.25794899971271, 43.1074949997304], [-89.25688400023098, 43.107675000114234], [-89.25687900020812, 43.10793199981768], [-89.25684499987291, 43.109742000247785], [-89.25617600022633, 43.10974899972416], [-89.25555100006235, 43.109754999743174], [-89.25555000023743, 43.10968900015784], [-89.25555000023743, 43.109594999910115], [-89.25554900041253, 43.10946399978461], [-89.25554699986439, 43.109453999923694], [-89.25550000000871, 43.10921500026993], [-89.2554840001152, 43.10909299978503], [-89.2554980003589, 43.10874800023709], [-89.25553000014595, 43.108023000229785], [-89.25519899970985, 43.108102000146324], [-89.25488300024065, 43.10817800020223], [-89.25448099965944, 43.108273000139434], [-89.25454299958372, 43.10840900020711], [-89.25379299974627, 43.108821999891454], [-89.25375400028652, 43.10879400024545], [-89.2537109997305, 43.108757000084616], [-89.25365899985198, 43.10870600005668], [-89.2536179998441, 43.10865799972153], [-89.25358699988195, 43.1086160001352], [-89.25356500014063, 43.10857899986676], [-89.25354500004914, 43.108542000231786], [-89.25352800033072, 43.108503000308744], [-89.25350700041432, 43.10850800031709], [-89.25330300019982, 43.10855799972222], [-89.25330599967455, 43.10856799972947], [-89.25331599972029, 43.108591000133536], [-89.25332199956807, 43.10860600013579], [-89.25332699959095, 43.1086160001352], [-89.2533440002077, 43.10865200025086], [-89.25337000014697, 43.108696000071966], [-89.25339299971318, 43.10873200014053], [-89.25342500039855, 43.10877499977569], [-89.25345899983543, 43.10881599978098], [-89.25348999979757, 43.10884900005324], [-89.25352199958462, 43.108881000181], [-89.25355699974472, 43.108912000165816], [-89.25358600005704, 43.10893599991061], [-89.2536110001714, 43.10895199995384], [-89.25348700032285, 43.109026000017394], [-89.25336299957597, 43.10907299994039], [-89.25320100009257, 43.10911200015608], [-89.25314800038912, 43.10912200007288], [-89.2530129997716, 43.1087520000966], [-89.25296300044118, 43.1086160001352], [-89.25268499970853, 43.10868399982578], [-89.25227999965259, 43.108784999747535], [-89.251943000267, 43.108902999685256], [-89.24987699997935, 43.109406000175134], [-89.250035999988, 43.10987299977834], [-89.24947799977117, 43.109984000137274], [-89.24946699990053, 43.111310000025746], [-89.24947000027358, 43.11162300022695], [-89.24945900040294, 43.11184099998496], [-89.25033899993672, 43.11182800027687], [-89.25033999976162, 43.11187500001563], [-89.25033399991383, 43.11231800007729], [-89.24945400038006, 43.11234099972792], [-89.24945299965682, 43.11238600024549], [-89.249451000007, 43.11268700007293], [-89.24945500020496, 43.11280899995176], [-89.25032899989097, 43.11279400032379], [-89.25032899989097, 43.112815000326535], [-89.25034599960942, 43.11332299975911], [-89.25034599960942, 43.1133450002899], [-89.25049600029554, 43.113343000182354], [-89.25103000022294, 43.113356000224435], [-89.251682999976, 43.11336099983629], [-89.25189100038847, 43.11336299994324], [-89.25184700000753, 43.1160489999958], [-89.25264200005083, 43.116033999850444], [-89.25428200036613, 43.1160110002762], [-89.25428200036613, 43.116034999860226], [-89.254279999818, 43.116138000126774], [-89.25426599957429, 43.11670200013588], [-89.25426700029752, 43.11700499970682], [-89.25448999988028, 43.11700599970078], [-89.25482999963889, 43.116999999736926], [-89.25643399996919, 43.11697799986438], [-89.2567090003288, 43.11697399988671], [-89.25669099988714, 43.11794899982302], [-89.25424600038112, 43.117988000284164], [-89.25180699982457, 43.11802400013299], [-89.25173999987742, 43.121673999846905], [-89.2475289996594, 43.121740000276645], [-89.24751399959078, 43.12230299988611], [-89.24687099988346, 43.12231599999173], [-89.24687400025651, 43.122566999775024], [-89.24687400025651, 43.12261600024999], [-89.24688799960188, 43.12286600021568], [-89.24688900032511, 43.12298499978279], [-89.24690100002069, 43.12317300030769], [-89.24692299976198, 43.123529999801434], [-89.24698600040949, 43.12376899993843], [-89.24708199977064, 43.12405400013763], [-89.2474299999252, 43.12484000009427], [-89.24763999998747, 43.12526000002524], [-89.24767099994963, 43.12529799990167], [-89.24776999968381, 43.12538599983559], [-89.24780099964596, 43.12541500027033], [-89.25650299956615, 43.12525199984117], [-89.25638000044083, 43.12886199988083], [-89.2613630002376, 43.1287590000544], [-89.26126199995527, 43.13242399988132], [-89.2650949998815, 43.13233400009662], [-89.26511800034605, 43.131499000186565], [-89.26530900014176, 43.1315020001132], [-89.26600600027575, 43.13148199972528], [-89.26625499979778, 43.131478000040296], [-89.2662699998664, 43.13092599969724], [-89.2662699998664, 43.130904000243035], [-89.26601799997133, 43.130897999675355], [-89.26514699976003, 43.1308840003152], [-89.26517299969932, 43.129924000019784], [-89.2660439999106, 43.12993800025533], [-89.26627499988928, 43.12994200004101], [-89.2662830002852, 43.12961699971624], [-89.2660520003065, 43.12961999973518], [-89.26546200030262, 43.129631999809554], [-89.26548700041698, 43.12867399979336], [-89.2662990001787, 43.12865900012067], [-89.26631599989715, 43.12759100007218], [-89.26632400029307, 43.127451000068305], [-89.26633099996576, 43.126817000029526], [-89.26637799982143, 43.124198000209624], [-89.26640100028597, 43.122644000129114], [-89.26639500043818, 43.12249400025252], [-89.26640499958562, 43.12226500011625], [-89.2664110003317, 43.12117800000188], [-89.26641299998154, 43.120642000080046], [-89.26641999965422, 43.11999600029304], [-89.26642100037745, 43.11992600016436], [-89.26642899987505, 43.119716999903105], [-89.2713730002121, 43.119701000051336], [-89.27138099970969, 43.11892399996084], [-89.27138699955748, 43.11828900009859], [-89.27139999997627, 43.117837000159426], [-89.27140099980117, 43.11777799997906], [-89.27147299977119, 43.11411400007202], [-89.27639500036692, 43.114086000223885], [-89.27641299991028, 43.11311199978129], [-89.27643399982668, 43.112202000310305], [-89.27694099998988, 43.112222999860435], [-89.27864700042741, 43.11223899970021], [-89.27878100032171, 43.11226500025062], [-89.27880200023812, 43.11226899988029], [-89.27889699977435, 43.112286999850156], [-89.27891600004094, 43.11224899976185], [-89.27892299971361, 43.1119159999117], [-89.27978300005424, 43.11192600002619], [-89.27976499961258, 43.11277599984726], [-89.28088799971893, 43.112789000009776], [-89.28088900044216, 43.11280599976417], [-89.28087699984827, 43.1133379999132], [-89.2813349996077, 43.113343000182354], [-89.28140099972991, 43.11026700007073], [-89.28141099977566, 43.10893900028795], [-89.27954000038, 43.10892899968543], [-89.2795479998776, 43.108484999881846], [-89.27862800016084, 43.10848600001503], [-89.27863900003149, 43.107753999824055], [-89.27843900001496, 43.107753999824055], [-89.27668400007191, 43.10772799998061], [-89.27653199973595, 43.10772199976295], [-89.2765209998653, 43.108253000026856], [-89.27651500001753, 43.10847399972767], [-89.2764079998874, 43.10846899971654], [-89.27485100031109, 43.10844499978869], [-89.27485399978583, 43.10829899975138], [-89.27488499974797, 43.106755000170054], [-89.27582200008148, 43.10675799999846], [-89.27631599982588, 43.10675199968571], [-89.27653299956087, 43.106746000028174], [-89.27715299970198, 43.106723999748674], [-89.27858200013009, 43.10671599976428], [-89.27996499962913, 43.10669900028592], [-89.28125299959191, 43.10668899997327], [-89.28240800038363, 43.106675000319875], [-89.28259099978342, 43.106672999994366], [-89.2831309995586, 43.10666399984042], [-89.2843909999323, 43.10665099968862], [-89.28443799978795, 43.106650000181304], [-89.28554300035096, 43.10663700002648], [-89.2857070003825, 43.10663499969973], [-89.286821000268, 43.10662200019761], [-89.28691199960628, 43.10662100003397], [-89.2869469997664, 43.10662100003397], [-89.28703399980503, 43.10662100003397], [-89.2871450001331, 43.1066189997067], [-89.28729499992095, 43.106618000198864], [-89.2879469998491, 43.10661099970859], [-89.28903999981821, 43.10659899970954], [-89.28972400043175, 43.106589000036415], [-89.29134100028253, 43.10656100002477], [-89.29134200010742, 43.106574999704286], [-89.29134899978013, 43.10686100013844], [-89.29134600030538, 43.10694099974553], [-89.2913270000388, 43.10746399968372], [-89.29131799981796, 43.10789800021998], [-89.29130799977223, 43.10813900004726], [-89.29130199992446, 43.108288000219574], [-89.29128900040396, 43.10894200000927], [-89.29127099996232, 43.10894200000927], [-89.29066099986694, 43.10893099993722], [-89.29064900017138, 43.1093390000943], [-89.29005800034258, 43.109329999676525], [-89.28994600018959, 43.10932900021296], [-89.28994199999163, 43.10971900027624], [-89.28993000029607, 43.1099240001455], [-89.2899179997022, 43.110125000214396], [-89.28991000020459, 43.11026100010195], [-89.28939100034582, 43.11026999972701], [-89.28940999971408, 43.109458999854354], [-89.28941999975982, 43.10905599980498], [-89.28942999980555, 43.10865200025086], [-89.28898000044208, 43.10864399986262], [-89.28899399978746, 43.10809899972795], [-89.28944300022435, 43.10810800032673], [-89.28944700042231, 43.10798100020774], [-89.28945800029297, 43.107485000203646], [-89.28900800003116, 43.107490999788745], [-89.28897799989394, 43.10749300008753], [-89.28898399974172, 43.106968000081245], [-89.28898499956662, 43.10691800003317], [-89.28873699986951, 43.106924999832486], [-89.2882570003688, 43.106929999969736], [-89.28794400037437, 43.106935000106574], [-89.28763200020482, 43.106936999767676], [-89.28761499958807, 43.10773900026886], [-89.28730300031687, 43.10774099990369], [-89.2870530000716, 43.10774200004902], [-89.28705700026956, 43.10754799975264], [-89.28706899996513, 43.106944000220665], [-89.28691900017729, 43.106944999723176], [-89.28682299991785, 43.10694599988147], [-89.28681000039735, 43.10756000022154], [-89.28680600019939, 43.10775200018964], [-89.28680100017652, 43.107982999834675], [-89.2865669998248, 43.107980000066355], [-89.28636099996046, 43.10797899992491], [-89.28630700043212, 43.11041199990275], [-89.28631599975462, 43.110467000224034], [-89.2863559999376, 43.11068600026202], [-89.28640399961817, 43.11095300005682], [-89.2864549996718, 43.111216999732925], [-89.28650900009849, 43.11147900006921], [-89.28656500017497, 43.11173999985971], [-89.28662299990128, 43.11199700020152], [-89.28668300017576, 43.11224600020257], [-89.28674699974985, 43.11250299973116], [-89.286813999697, 43.11275599989454], [-89.28688200036738, 43.11300600014573], [-89.2870599997443, 43.11361000018975], [-89.28756400043278, 43.11508300017887], [-89.28761299993825, 43.115221000243224], [-89.2876649998168, 43.115364000100406], [-89.28773500013699, 43.11555699986839], [-89.28818200002574, 43.11679399996513], [-89.28863300011244, 43.11761800013715], [-89.28884900002251, 43.11821800001], [-89.28917700008557, 43.119124999978396], [-89.28964499989071, 43.12042200032369], [-89.2898969997858, 43.12110799991416], [-89.28995100021247, 43.12125400021259], [-89.28946400014074, 43.12126400011249], [-89.28931799965257, 43.12126699988541], [-89.28905599971175, 43.121272000162335], [-89.28788199955177, 43.12128399990741], [-89.28609300017186, 43.121351000025115], [-89.28509200026426, 43.12136199983189], [-89.28431999978719, 43.12137199971414], [-89.28269399971558, 43.12139399997392], [-89.28216099961311, 43.1213949998961], [-89.28214100041993, 43.1213949998961], [-89.28138499983639, 43.12140299992886], [-89.2812250000028, 43.1214020000068], [-89.2812250000028, 43.12124600016033], [-89.28123599987347, 43.11975599989311], [-89.2812440002694, 43.118626999861476], [-89.28077800011407, 43.118628999796314], [-89.27703200022648, 43.118653000320734], [-89.2763080003283, 43.11865700018865], [-89.27630199958217, 43.118902000124315], [-89.27630499995523, 43.11898400030924], [-89.27630099975728, 43.119539000087094], [-89.27628700041188, 43.11990899976504], [-89.27628200038902, 43.120369000302865], [-89.27627599964292, 43.120572000034784], [-89.27740499959707, 43.12056299995755], [-89.2773939997264, 43.12128100013527], [-89.27627200034328, 43.121291000030766], [-89.27626800014532, 43.121509000100204], [-89.27625899992448, 43.12175600025089], [-89.27625499972653, 43.12185000017899], [-89.2762530000767, 43.121993000280916], [-89.27827900018137, 43.121995000105734], [-89.27830099992269, 43.122055000065316], [-89.2787660002531, 43.12205599997675], [-89.27903800023965, 43.122227000322795], [-89.27872500024522, 43.122495000156725], [-89.27864999990214, 43.12249400025252], [-89.2786330001837, 43.12250900012558], [-89.27854199994712, 43.12258699979969], [-89.27855199999286, 43.12260900027823], [-89.27856000038877, 43.1226430002273], [-89.27855100016795, 43.12269899994797], [-89.27852900042663, 43.12273600020365], [-89.27848099984774, 43.122777999935145], [-89.27842499977125, 43.12280300004262], [-89.27836799986984, 43.12281500014305], [-89.27829800044796, 43.12281400024402], [-89.2782380001735, 43.122799999689285], [-89.27816700002839, 43.12276099967265], [-89.27813000021845, 43.12271800002893], [-89.27811400032495, 43.12270200030627], [-89.2780280001112, 43.12267600025624], [-89.27802300008834, 43.123087000257826], [-89.27792000015617, 43.12308999994141], [-89.27745999984863, 43.123083999918464], [-89.27746800024457, 43.122597000137404], [-89.27736799978712, 43.12259600023482], [-89.27715299970198, 43.12259399977396], [-89.27714299965623, 43.12296300009513], [-89.27714199983131, 43.12309599996377], [-89.27722300002216, 43.12411099975592], [-89.27722100037235, 43.124407000243835], [-89.27695299968543, 43.12441400000987], [-89.27623600035827, 43.124407000243835], [-89.27623600035827, 43.12441800015683], [-89.27623299998521, 43.12458299992582], [-89.27622200011457, 43.12485099992939], [-89.27623299998521, 43.12497299981615], [-89.27622399976438, 43.12558899996764], [-89.27621999956641, 43.12593299979677], [-89.27621399971864, 43.126373000189275], [-89.27621899974152, 43.12655399996098], [-89.27621399971864, 43.12673400001785], [-89.27620200002306, 43.12717300006606], [-89.27620299984798, 43.127229000229455], [-89.27620399967289, 43.127309000092964], [-89.27620299984798, 43.12735199978787], [-89.2761970000002, 43.12762199975813], [-89.27537199981968, 43.12761900029677], [-89.27537600001764, 43.12724000029065], [-89.27607200032672, 43.127229000229455], [-89.27608300019739, 43.12673599968769], [-89.27609499989295, 43.12593100010068], [-89.27610599976362, 43.12457600017913], [-89.27610900013666, 43.124404999842206], [-89.27614199974863, 43.12278900014105], [-89.27554500007204, 43.12277299978127], [-89.27555500011778, 43.12232499981105], [-89.27616299966502, 43.1223389998188], [-89.2761619998401, 43.12225000018337], [-89.27617500025889, 43.12175399976257], [-89.27543399974395, 43.1217389997044], [-89.27531699956809, 43.1217379997878], [-89.27532099976605, 43.12146399973442], [-89.27532199959096, 43.121384000095254], [-89.27159300032011, 43.121392000129454], [-89.27135200029569, 43.121392000129454], [-89.27135099957246, 43.121445999841114], [-89.27130399971679, 43.12389699995977], [-89.27130100024206, 43.12410599971098], [-89.27130000041716, 43.12424500028266], [-89.271297999869, 43.12438600028516], [-89.27129600021918, 43.124526000091706], [-89.27129399967104, 43.12466600023351], [-89.27129200002122, 43.12478899970025], [-89.27128899964819, 43.12499500009227], [-89.27128699999837, 43.12518400020145], [-89.27128100015058, 43.125590999674905], [-89.27127799977754, 43.12578099976012], [-89.27127399957958, 43.12605799968626], [-89.27127100010482, 43.126336000166404], [-89.27126799973179, 43.1264889999742], [-89.27126500025705, 43.12676400030365], [-89.27126299970891, 43.12689699977622], [-89.2712600002342, 43.12712200030585], [-89.27125500021131, 43.127432000146094], [-89.27125199983826, 43.12768800032719], [-89.27124900036353, 43.127908000179936], [-89.27124400034064, 43.12824800018409], [-89.27123900031779, 43.128646999855405], [-89.27157999990132, 43.128646999855405], [-89.27220599989022, 43.12864600005171], [-89.27249999961809, 43.128645000248035], [-89.27301900037516, 43.128643999788736], [-89.27339000009593, 43.12864299998498], [-89.27364700001388, 43.12864299998498], [-89.27419500018497, 43.12864200018127], [-89.27602200009802, 43.128639000114305], [-89.27617699990871, 43.12864299998498], [-89.27617500025889, 43.12877100029775], [-89.27617199988583, 43.128903000196274], [-89.27617400043397, 43.129092000031896], [-89.27616400038823, 43.129425999954194], [-89.27613800044898, 43.130471999821495], [-89.27613500007591, 43.130845000207536], [-89.27610999996158, 43.13178599993322], [-89.27611300033462, 43.131852999693876], [-89.27611699963427, 43.131959999863916], [-89.27610599976362, 43.132298999889635], [-89.27610900013666, 43.13251799980639], [-89.27610099974073, 43.13329199982019], [-89.27610199956565, 43.13384700025364], [-89.27609499989295, 43.13437899970318], [-89.27609200041823, 43.13478600027186], [-89.27609900009091, 43.135067999866436], [-89.27607999982433, 43.13569099974936], [-89.27606700030385, 43.13591499971009], [-89.27624499968078, 43.13591400002525], [-89.2763450001382, 43.13580799990437], [-89.27650900016974, 43.13563500012263], [-89.28094399979543, 43.13123299998632], [-89.2810969999563, 43.131081000008024], [-89.2810960001314, 43.13122799986797], [-89.28109500030648, 43.13130300028917], [-89.28109199993342, 43.1315359997087], [-89.28107299966685, 43.13324300003013], [-89.28105299957537, 43.134999000295004], [-89.2810469997276, 43.135484000288194], [-89.28104199970471, 43.13590199987236], [-89.2815689999594, 43.13587699987403], [-89.28357800034566, 43.13586200000126], [-89.28387399972334, 43.13586100031555], [-89.28435300029744, 43.13586800008195], [-89.2848279997753, 43.13585799994719], [-89.28521100008993, 43.13586100031555], [-89.28614099985245, 43.13585399989281], [-89.28663299994702, 43.1358450000973], [-89.28763899987752, 43.13582499981862], [-89.28788400009991, 43.1358280001886], [-89.28788800029787, 43.13599200030605], [-89.28791900026, 43.13726400022321], [-89.28795199987198, 43.13740999998241], [-89.28798500038224, 43.137510999688175], [-89.28804700030653, 43.13764700032643], [-89.28792500010779, 43.13764700032643], [-89.2873910001804, 43.137668000320886], [-89.28465899972089, 43.137676000192066], [-89.28194899990099, 43.137684999718054], [-89.28193499965731, 43.13817799984525], [-89.2818989996723, 43.13951199996334], [-89.28091200000837, 43.139515999778425], [-89.28089500028993, 43.140011000110256], [-89.28085500010695, 43.14122500006786], [-89.28084900025918, 43.14140599980436], [-89.2808299999926, 43.1419510002149], [-89.278146000112, 43.141965999904954], [-89.2780919996853, 43.141965999904954], [-89.27804599965455, 43.14307300016939], [-89.27803899998187, 43.143256999683935], [-89.27796100016405, 43.14324899988755], [-89.27774000023112, 43.14322300005048], [-89.27711599989205, 43.14319299997263], [-89.2765140001926, 43.143176000140414], [-89.27579100011934, 43.14317399969721], [-89.2744010000493, 43.14317900014969], [-89.274042999849, 43.143170000121415], [-89.27302199984992, 43.14317499991882], [-89.27175099960556, 43.14318200015882], [-89.27047000021375, 43.1431670001117], [-89.27007500020353, 43.1431670001117], [-89.27001699957891, 43.14316599988995], [-89.26983699965386, 43.14336600000078], [-89.26778600033313, 43.14563299972203], [-89.26670900025755, 43.14684199996863], [-89.2658270001756, 43.147839000264035], [-89.26582100032782, 43.147943000213495], [-89.26572599989326, 43.15047399996611], [-89.26949000022253, 43.15046800000803], [-89.27057700034388, 43.15046699990569], [-89.27057499979574, 43.15053199996747], [-89.27057399997084, 43.150586000167806], [-89.27056499975001, 43.15087799993936], [-89.27554000004918, 43.15086999982952], [-89.2754849997976, 43.15286899987086], [-89.27546200023137, 43.15369699989892], [-89.27545600038358, 43.15391699989743], [-89.27549999986621, 43.154212000261], [-89.27576900037803, 43.1539749999081], [-89.27657899959162, 43.15324600017853], [-89.27676699991261, 43.15338099983791], [-89.27732000010656, 43.153810000140076], [-89.27764999981943, 43.15406099977743], [-89.27732799960415, 43.15434499967482], [-89.27681600031639, 43.1547959998041], [-89.27539799975894, 43.15604500013299], [-89.27524999962094, 43.161512000006105], [-89.27515599990961, 43.16496899993947], [-89.27515300043488, 43.16505900017051], [-89.27540399960672, 43.16505699978826], [-89.27721200015152, 43.16503400030165], [-89.27738799987863, 43.16503500016558], [-89.28125400031513, 43.165044000250454], [-89.28242500010207, 43.165046999841636], [-89.28258499993564, 43.165046999841636], [-89.28511599965537, 43.16503100005463], [-89.28510800015776, 43.164929999951084], [-89.28546999965772, 43.16491699973101], [-89.28631599975462, 43.164905999895424], [-89.2883770000194, 43.16487900023106], [-89.28938499959972, 43.16486400026674], [-89.28999600041833, 43.16485400028852], [-89.29045099980468, 43.16484799977664], [-89.29206099998274, 43.16482600007865], [-89.29238400002292, 43.16482000021923], [-89.29335700034146, 43.164802999849826], [-89.2947909998941, 43.164772000012064], [-89.29477800037363, 43.16493300020306], [-89.29478400022141, 43.165095999695616], [-89.2947699999777, 43.165490999958], [-89.29475200043437, 43.16565200021972], [-89.29471599955104, 43.165748999720854], [-89.29489700019933, 43.16574799986859], [-89.29488899980339, 43.1660760003153], [-89.29487799993275, 43.16662699993793], [-89.2948539996433, 43.167959000051674], [-89.29485199999348, 43.168059999733465], [-89.29480400031291, 43.171293000060786], [-89.29479000006921, 43.172032000134976], [-89.29976600019329, 43.171951999823634], [-89.30256700024977, 43.17190199982147], [-89.30362800043184, 43.171882999954065], [-89.30363199973148, 43.17140200016937], [-89.30459599982919, 43.17138300014641], [-89.30469799993644, 43.171380000211244], [-89.30469700011152, 43.17141699983849], [-89.30538300037487, 43.17141500031961], [-89.305378000352, 43.17191299970755], [-89.30813300037772, 43.1719039999796], [-89.30943200021117, 43.17190800029559], [-89.31136200005639, 43.171904999731055], [-89.31447199990937, 43.17188000004345], [-89.31452299996297, 43.16909199994915], [-89.31464400033681, 43.1692699996784], [-89.3146579996822, 43.16853699974901], [-89.31467100010099, 43.168181000085866], [-89.312214999826, 43.16461400031963], [-89.31257100037647, 43.16461100005195], [-89.31274000043086, 43.16461199992277], [-89.31276200017217, 43.16461199992277], [-89.31436399995432, 43.16694099997423], [-89.31446299968853, 43.167084000125676], [-89.31462300042043, 43.16731799994917], [-89.31467399957572, 43.16738800021497], [-89.31470000041331, 43.16743099989855], [-89.31525799973183, 43.16823900031602], [-89.31542900033438, 43.16848599976446], [-89.31615200040764, 43.16953300012141], [-89.31642299967098, 43.16994200011235], [-89.31675699958181, 43.17033900004072], [-89.3170160000479, 43.17064600028053], [-89.31712700037598, 43.17081299998492], [-89.31777699975599, 43.171792000196795], [-89.31783799985537, 43.171880999795285], [-89.3181630004437, 43.171888999774936], [-89.31834599984349, 43.17189399984357], [-89.31956600003423, 43.17188800002318], [-89.31956799968404, 43.171779000126854], [-89.3195929997984, 43.17008100000957], [-89.32007999987012, 43.17008100000957], [-89.32156200000166, 43.1700780000104], [-89.32180800004896, 43.1700780000104], [-89.32180899987388, 43.170020999998485], [-89.32180999969879, 43.16993000008757], [-89.32403199962204, 43.16992600029716], [-89.3243029997837, 43.16992499985815], [-89.32430000030895, 43.1685969999075], [-89.32428400041545, 43.16714100025765], [-89.32428900043831, 43.16688000032097], [-89.32431299982944, 43.16538800024358], [-89.32433999959362, 43.164543000279124], [-89.3243449996165, 43.164372000313556], [-89.32462199962592, 43.164383000245294], [-89.32483500006126, 43.164388000273156], [-89.32489899963537, 43.16438900014767], [-89.32499099969687, 43.16439699979815], [-89.32502500003206, 43.16421299970924], [-89.32485500015274, 43.16370500027586], [-89.32495300006202, 43.16316099976897], [-89.32497499980335, 43.16276299980828], [-89.3250280004051, 43.16178999984609], [-89.3249790000013, 43.1609690002153], [-89.32496200028287, 43.16069199985091], [-89.3249649997576, 43.160501000176346], [-89.32494200019137, 43.16042600018543], [-89.32500999996344, 43.15790500020564], [-89.3250550001693, 43.15738500022177], [-89.32517099962193, 43.15575700020934], [-89.32513299998708, 43.155208000240364], [-89.32521599982778, 43.15438499990506], [-89.32517499981988, 43.153770000188814], [-89.32516899997209, 43.15368199981064], [-89.32515999975126, 43.1535480002127], [-89.32518400004072, 43.15299100022668], [-89.32521300035303, 43.15188199983875], [-89.32523000007147, 43.151363999895345], [-89.32524699978991, 43.15085300016616], [-89.32536899998864, 43.15074400009171], [-89.3253720003617, 43.15066600027991], [-89.3253720003617, 43.15064199986405], [-89.3253809996842, 43.15037199994319], [-89.32537400001152, 43.150302999946824], [-89.32536200031593, 43.150182999682166], [-89.32535700029308, 43.15014799986095], [-89.32541199964633, 43.14850599982361], [-89.32547500029384, 43.14651399982038], [-89.32613800009266, 43.14652300001183], [-89.32661699976846, 43.14653100003517], [-89.33163800009838, 43.14667500027696], [-89.33510399960352, 43.1467740000825], [-89.33506599996868, 43.147818999976174], [-89.33501999993791, 43.14904499975906], [-89.33499300017375, 43.149761999735794], [-89.33496600040958, 43.15044099986167], [-89.33502199958775, 43.15044199996438], [-89.33507299964137, 43.15044300006708], [-89.33517200027389, 43.150444000169806], [-89.33603799956398, 43.15047000021255], [-89.33619699957264, 43.15045299978255], [-89.33838800043208, 43.15052900031903], [-89.33889499969696, 43.15054800027453], [-89.33989599960458, 43.150575999818756], [-89.3398909995817, 43.151158999937444], [-89.33985999961956, 43.15250299996351], [-89.3398410002513, 43.152824000295844], [-89.339847999924, 43.15291800031699], [-89.33983899970316, 43.15296299982275], [-89.33982799983251, 43.15336899983656], [-89.33987399986326, 43.15340200032607], [-89.33995900025208, 43.15337400011049], [-89.34002500037433, 43.15335100015779], [-89.3400880001235, 43.15332800019649], [-89.34023200006357, 43.153279000079095], [-89.34042899970704, 43.153211000145326], [-89.34206399999948, 43.15263599981988], [-89.34264200030779, 43.15244299972661], [-89.34268900016346, 43.152322000314854], [-89.34292599998993, 43.15169699998847], [-89.34328400019021, 43.15075200021804], [-89.34331400032744, 43.15067300031749], [-89.34416999957179, 43.14829899983518], [-89.34523699960164, 43.145432000288785], [-89.34533399968602, 43.14516999983962], [-89.34535999962529, 43.14510099986973], [-89.34539200031065, 43.14501600003729], [-89.34599300018519, 43.14339899999228], [-89.34751600032462, 43.13930400004205], [-89.34778300028832, 43.13858599967956], [-89.34797200043421, 43.13808000018969], [-89.34821900030641, 43.13741399993496], [-89.34824699989551, 43.13734000011444], [-89.34827399965968, 43.13726699986706], [-89.34829399975116, 43.137214000019014], [-89.34869100030951, 43.136155000302665], [-89.34879300041675, 43.13615800000096], [-89.34881500015807, 43.13615899968181], [-89.34893399998376, 43.13616099969905], [-89.34920299959727, 43.136170000103604], [-89.34940000013907, 43.13617699983463], [-89.34956699964535, 43.13618200020385], [-89.34977400023288, 43.13618899993351], [-89.35041899959005, 43.136209000093174], [-89.35330900023331, 43.1363019997662], [-89.35349500000613, 43.13630700012525], [-89.35524900012425, 43.136358999770785], [-89.35534899968337, 43.13636499980266], [-89.35534600020864, 43.13644100015569], [-89.35529900035297, 43.13830099967225], [-89.35526400019288, 43.13928899969892], [-89.35522700038295, 43.13997100030509], [-89.35535399970624, 43.13997399981619], [-89.35672799988275, 43.14000700032755], [-89.35673299990563, 43.14030600007735], [-89.3552099997662, 43.140282000182125], [-89.35520100044369, 43.140463999698845], [-89.3551529998648, 43.14134700006865], [-89.35510099998625, 43.14264399988071], [-89.35511400040505, 43.14289699994454], [-89.35509900033644, 43.143147000261564], [-89.35506199962818, 43.14356799988779], [-89.35504400008485, 43.143765000014035], [-89.35501399994762, 43.14410800031266], [-89.35498600035854, 43.14446100003804], [-89.3549770001377, 43.14463000027494], [-89.35502499981827, 43.14463099981728], [-89.35547300043025, 43.144634999952885], [-89.35568000011948, 43.144636999692885], [-89.35559300008084, 43.14617700029285], [-89.35556499959344, 43.1466799997877], [-89.3560330002969, 43.146687999790494], [-89.35600900000745, 43.147079999957455], [-89.35601099965727, 43.147174000292615], [-89.35584499997591, 43.147169000166855], [-89.35561900002011, 43.1471700003231], [-89.35521399996415, 43.14716000007056], [-89.35507900024494, 43.14714999981634], [-89.3549419999776, 43.147129999958466], [-89.35489099992397, 43.14711699988351], [-89.35482700034987, 43.147100999989064], [-89.35462800015823, 43.14703500005262], [-89.35455299981517, 43.14712499982916], [-89.35444300021032, 43.14722599987205], [-89.35430400029314, 43.14733599981975], [-89.35415500033022, 43.14743899981772], [-89.35399299994852, 43.14753099995554], [-89.35384800018356, 43.14762100031258], [-89.3531469998516, 43.14797799998652], [-89.35191400014038, 43.14852300013976], [-89.3525760001143, 43.14932199983576], [-89.35481899995395, 43.1484139998425], [-89.35481200028126, 43.148519999737374], [-89.35477999959589, 43.14910700030407], [-89.35471500019688, 43.150263999771994], [-89.354710000174, 43.15036700007908], [-89.35470500015114, 43.15044799992502], [-89.35468500005965, 43.150807999762144], [-89.35466199959511, 43.15178199970581], [-89.35603199957367, 43.15115300004661], [-89.35673100025582, 43.15087500030791], [-89.35828000033452, 43.150258999898995], [-89.35966799985641, 43.150251999814], [-89.36000099994234, 43.15025099970814], [-89.36000299959217, 43.15034200009682], [-89.3607859999399, 43.15035199982882], [-89.36165299995322, 43.15048499977848], [-89.36159799970163, 43.15103400023312], [-89.3615590002419, 43.15142399988079], [-89.36256299962423, 43.151480000119925], [-89.36266899992945, 43.15148599997866], [-89.36264700018813, 43.151781000280394], [-89.36262100024888, 43.15271000013201], [-89.36260899965498, 43.15289200000491], [-89.3626019999823, 43.15314400019439], [-89.36254199970783, 43.15420900013784], [-89.36267300012742, 43.154213000302], [-89.36295099996174, 43.154219999933325], [-89.36304200019836, 43.1535480002127], [-89.36381399977711, 43.152985999921405], [-89.36405399997663, 43.152474999991355], [-89.36425300016826, 43.15235399998763], [-89.36423999974946, 43.152164999957414], [-89.36362899982917, 43.15168400022946], [-89.36368300025586, 43.15153300005322], [-89.36344300005635, 43.15148700006427], [-89.36281399969441, 43.15136800024573], [-89.36267700032538, 43.15134400010553], [-89.36273000002882, 43.150437000105946], [-89.3653839997722, 43.1505330000687], [-89.36557600029114, 43.15054399987048], [-89.365649999911, 43.15055200002295], [-89.36561999977376, 43.15128799974179], [-89.36610000017279, 43.15160500022284], [-89.36644699960411, 43.151303999850946], [-89.36693100020109, 43.1512739998067], [-89.36704800037697, 43.15126699983791], [-89.36775200018364, 43.15143400009109], [-89.36908000032942, 43.151749000307596], [-89.36930100026235, 43.151802000007656], [-89.3694440003775, 43.15183600011248], [-89.37029100029932, 43.15203600003804], [-89.37031899988841, 43.15204299991875], [-89.37056900013366, 43.151675000142596], [-89.37061500016442, 43.1516060003065], [-89.37073599963993, 43.15097800024067], [-89.37080299958708, 43.150632000179506], [-89.37085000034106, 43.150383999877626], [-89.37115199956654, 43.149808999825325], [-89.37185700009645, 43.149601000200896], [-89.37199900038668, 43.149854999766454], [-89.37211800021237, 43.15006899983508], [-89.37219400038035, 43.15020100029397], [-89.3722539997565, 43.15031200023572], [-89.37237799960505, 43.150535999716915], [-89.37240600009247, 43.150620999738216], [-89.37221500029675, 43.15065999968529], [-89.37239100002384, 43.15115400013772], [-89.37256900029908, 43.15111599994216], [-89.37261399960661, 43.15125299989802], [-89.372642000094, 43.151336000056695], [-89.37268899994967, 43.151480000119925], [-89.37269300014762, 43.151492999922326], [-89.37277299961526, 43.15173300031494], [-89.37282299984398, 43.15188500007615], [-89.37285499963103, 43.15201499973585], [-89.37286100037713, 43.15203700011469], [-89.3728880001413, 43.152152000297896], [-89.37281699999619, 43.152383000086175], [-89.37275699972174, 43.15257400023326], [-89.37268300010189, 43.15280899999328], [-89.37259699988817, 43.15308199981242], [-89.3725779996216, 43.15314200007733], [-89.37257500014685, 43.153210000087874], [-89.37256799957585, 43.15337400011049], [-89.37253699961371, 43.15412499990639], [-89.37250599965157, 43.15484600004649], [-89.37248999975805, 43.15523200017378], [-89.37245200012322, 43.155299999824784], [-89.37239199984876, 43.15540900029281], [-89.37235400021393, 43.155463000116036], [-89.37229099956643, 43.155550999895524], [-89.37215900022026, 43.155661999950496], [-89.37211400001442, 43.15570600004045], [-89.37191300017295, 43.15590299971226], [-89.3716190004451, 43.15602899995439], [-89.37139400031418, 43.15612600031748], [-89.37131899997112, 43.15615799996438], [-89.3709869997101, 43.15629999979252], [-89.37060299957054, 43.15646400004181], [-89.37049299996569, 43.15651100021991], [-89.37018599981903, 43.156642999871465], [-89.36982699979382, 43.156796999869066], [-89.36974300012822, 43.15683199981438], [-89.36940599984435, 43.156564999724594], [-89.36935700033885, 43.15652500026597], [-89.36874700024349, 43.156469000062444], [-89.36871799993118, 43.15650800020961], [-89.36854100037917, 43.156739999915175], [-89.3683739999746, 43.1569580001069], [-89.36832200009604, 43.157032999767594], [-89.36800099970569, 43.15707000022157], [-89.36756399986268, 43.15712799986094], [-89.36728799967815, 43.157104000016844], [-89.36712500036985, 43.15709000010344], [-89.36683599976654, 43.15716200027925], [-89.36650199985569, 43.157253000207135], [-89.36635200006786, 43.15729299984453], [-89.3662630003794, 43.1573170002697], [-89.36610600002058, 43.15746299997719], [-89.36599399986757, 43.157567999919216], [-89.36596399973034, 43.157608000005716], [-89.36594000033922, 43.15773699995879], [-89.3659319999433, 43.15778299983045], [-89.36593000029349, 43.15779600025804], [-89.36625800035652, 43.158102999973806], [-89.36637899983205, 43.15814500031872], [-89.36662999990222, 43.15823200019241], [-89.36695899979019, 43.158176000242705], [-89.36732399966317, 43.15811399972367], [-89.3677980002144, 43.158033000208526], [-89.36787900040527, 43.158287000116474], [-89.36818999985157, 43.158393999898344], [-89.36853999965594, 43.158514999738294], [-89.36871200008339, 43.15844599976143], [-89.36890500042725, 43.158367999950215], [-89.36908299980415, 43.15833500017655], [-89.36924600001078, 43.15830700025531], [-89.36939599979861, 43.15865100017677], [-89.36951299997446, 43.15891599974241], [-89.36963099997524, 43.159185999922904], [-89.36974700032619, 43.1594479999234], [-89.36986399960374, 43.159713999915034], [-89.36998199960452, 43.159981999952464], [-89.37009799995548, 43.160248000240436], [-89.37020000006272, 43.160478000285], [-89.37024400044365, 43.160524999996696], [-89.37029299994914, 43.160576000075146], [-89.37053599962339, 43.16083500021478], [-89.37017999997123, 43.1607219998588], [-89.37002099996259, 43.16132900032613], [-89.36996900008404, 43.161530999823306], [-89.36959300034042, 43.16173700029005], [-89.3693949999737, 43.161710999798665], [-89.36886000022139, 43.16162099987727], [-89.36816399991231, 43.15992900013854], [-89.367769999727, 43.15963699970891], [-89.3659679999283, 43.15960000015405], [-89.3622770002923, 43.15875400010986], [-89.36223299991137, 43.16052699987211], [-89.36221000034514, 43.161433000254476], [-89.36220899962191, 43.16146800016532], [-89.36233199964556, 43.161527000138186], [-89.3628709995958, 43.16178199985424], [-89.3630539998939, 43.16186899979139], [-89.36361499958548, 43.162133999815566], [-89.36418100019823, 43.16240199972191], [-89.36482999975334, 43.16272100001678], [-89.364291999628, 43.16271599985248], [-89.36222500041374, 43.162695999846385], [-89.36215799956828, 43.165530000243464], [-89.36213199962903, 43.16627200012512], [-89.36397899963355, 43.16628900008567], [-89.36426800023686, 43.16629200027094], [-89.36662999990222, 43.16631400009615], [-89.37034300017785, 43.166413000194424], [-89.37202699997577, 43.166439999835966], [-89.37198099994501, 43.167427999769224], [-89.37196300040166, 43.17007599979251], [-89.37257699979668, 43.17007299979309], [-89.3730079997919, 43.170074000229675], [-89.37312800034081, 43.17007899979173], [-89.37748299960057, 43.170149000169225], [-89.37844599987335, 43.17016499992605], [-89.37843300035286, 43.16969700023046], [-89.38009799988421, 43.16792900032161], [-89.38018300027302, 43.167866000054325], [-89.38053200025249, 43.167490999833106], [-89.38138800039515, 43.166578000001635], [-89.38176999998656, 43.16617000026248], [-89.38193800021605, 43.165991000168866], [-89.3830260001623, 43.16482000021923], [-89.3847019995643, 43.16301900015955], [-89.38475400034116, 43.16296300001053], [-89.38476299966366, 43.16295400027434], [-89.38578100018805, 43.16172200020953], [-89.38635299975026, 43.1610980002805], [-89.38679399979122, 43.16061600015829], [-89.3843069995541, 43.159185999922904], [-89.38456299964713, 43.159033999972884], [-89.38502399977958, 43.15875999990976], [-89.3854690000185, 43.15849800023558], [-89.38568900012653, 43.15829699985906], [-89.38606900006813, 43.157946000051446], [-89.3872929995585, 43.158652000145125], [-89.38785999999617, 43.15898000002896], [-89.38920400003546, 43.15778499979561], [-89.39206799984115, 43.156563999722025], [-89.39226000036007, 43.15648300011817], [-89.3922350002457, 43.1570650002501], [-89.39486100040001, 43.15703599975206], [-89.39748199963313, 43.15700699989563], [-89.39925500001782, 43.156672999901396], [-89.4008450001044, 43.15624100001473], [-89.40225899956557, 43.15593200009269], [-89.40308999959389, 43.15629099973013], [-89.40367499957489, 43.15654400032332], [-89.4037869997279, 43.156591999786706], [-89.4042250002941, 43.156783999884254], [-89.40457400027358, 43.15661899983688], [-89.40439799964818, 43.15593900018245], [-89.40426999960165, 43.15543500018937], [-89.40415199960087, 43.15496500030156], [-89.40396699965295, 43.15417900020888], [-89.4039349998659, 43.15404300030248], [-89.40387399976652, 43.15381300028282], [-89.40378400025314, 43.15354199990104], [-89.40370399988721, 43.15329999994701], [-89.40355199955124, 43.15298399979923], [-89.40334999988488, 43.15262100012649], [-89.40306299982971, 43.15218400005969], [-89.40269299993385, 43.15170900031812], [-89.40233499973357, 43.151346000281436], [-89.40194599957113, 43.15097299977075], [-89.40188700001991, 43.15093500011805], [-89.4018510000349, 43.150898999976896], [-89.40170500044502, 43.15075300031567], [-89.39966199972359, 43.152005000275935], [-89.39858399982309, 43.152013000237204], [-89.39768500002272, 43.15202000012051], [-89.39241299962264, 43.152065999708284], [-89.39242000019364, 43.15198299988561], [-89.39247500044523, 43.15035199982882], [-89.39247799991995, 43.15025500013141], [-89.39254200039238, 43.1483970001514], [-89.39892699995475, 43.1483680001277], [-89.3991139995525, 43.14836699999105], [-89.39938800008721, 43.14836599985434], [-89.39941800022443, 43.1483680001277], [-89.39981400005956, 43.14836400023631], [-89.40014200012261, 43.14836199996287], [-89.39776700003848, 43.14613800010699], [-89.39763700034214, 43.14601800018576], [-89.39764300018992, 43.14566100020695], [-89.39766199955818, 43.14471499998865], [-89.39772699985551, 43.144716000185106], [-89.39783300016073, 43.144719000118805], [-89.39794500031371, 43.144723000248646], [-89.39812900043673, 43.144723000248646], [-89.39837999960858, 43.144723000248646], [-89.40009299971882, 43.14472000031514], [-89.40272999974378, 43.14471499998865], [-89.40280099988888, 43.14176800029169], [-89.40280699973667, 43.1415340002796], [-89.4028090002848, 43.14143699969826], [-89.40281199975955, 43.141337999770634], [-89.40281900033055, 43.141066999791065], [-89.4028949996002, 43.14106600019045], [-89.4029420003542, 43.14106600019045], [-89.41011799976191, 43.14101500021635], [-89.41004099976902, 43.14095799996367], [-89.40997499964679, 43.140908000158184], [-89.40993500036213, 43.14088000011821], [-89.40987599991259, 43.140832999717894], [-89.40982900005692, 43.14079000032413], [-89.40974700004115, 43.14072999973233], [-89.409680000094, 43.140672000262335], [-89.40965300032983, 43.14065200025149], [-89.40953899962868, 43.14057700015261], [-89.4093770001453, 43.140400999952654], [-89.40936600027464, 43.14037599982728], [-89.40934600018315, 43.140328999695015], [-89.4093360001374, 43.140296000012896], [-89.40933100011455, 43.14025700000807], [-89.40932600009167, 43.14021699970839], [-89.40931600004593, 43.14017599976733], [-89.4092519995735, 43.14004299967337], [-89.40925099974861, 43.14003199994832], [-89.40921599958848, 43.139961000185885], [-89.40918799999942, 43.13993200009296], [-89.40915500038744, 43.13989799992136], [-89.40914299979356, 43.139887000170276], [-89.40912600007512, 43.139859000318175], [-89.4091110000065, 43.139823000208565], [-89.40910799963346, 43.139797000225485], [-89.40910799963346, 43.13976600015557], [-89.4091090003567, 43.13975400010312], [-89.40911799967921, 43.13972800009069], [-89.40913299974783, 43.139714999752584], [-89.40914699999152, 43.13971099995056], [-89.4091739997557, 43.13970900004942], [-89.40919399984719, 43.139710000327725], [-89.40921399993867, 43.139698999887315], [-89.40921999978644, 43.13967900021369], [-89.40921399993867, 43.13966399996255], [-89.409207000266, 43.139653000169375], [-89.40919899987006, 43.1396429999981], [-89.40918999964923, 43.13963400010474], [-89.40917499958061, 43.139623000306166], [-89.40914100014375, 43.13959499967766], [-89.4091169998543, 43.139573000064495], [-89.4090390000365, 43.13951000005569], [-89.40900600042454, 43.139468000013785], [-89.40898799998287, 43.13945099980132], [-89.4089339995562, 43.13939999979109], [-89.40891400036301, 43.139378000107754], [-89.4089050001422, 43.13936200015425], [-89.40889300044662, 43.13933700025953], [-89.40889400027154, 43.13931600018277], [-89.40890900034016, 43.139305999956385], [-89.40892699988349, 43.13930099984258], [-89.4089339995562, 43.139286999783984], [-89.40892500023368, 43.13923500000641], [-89.40890900034016, 43.13912800011063], [-89.40891199981489, 43.13911000017099], [-89.40889599992136, 43.1391050000412], [-89.40889599992136, 43.139092999859024], [-89.40891199981489, 43.139085999806284], [-89.40891400036301, 43.13907600019779], [-89.40891000016505, 43.1390479999743], [-89.4089059999671, 43.13902200031717], [-89.40889699974626, 43.13899200014436], [-89.40889400027154, 43.13893699989862], [-89.40890299959406, 43.13886400024685], [-89.40890699979202, 43.13884699986644], [-89.4089260000586, 43.13884699986644], [-89.40893899957906, 43.1388419997151], [-89.40894299977703, 43.1388320000667], [-89.40894799979989, 43.13878699998989], [-89.40894899962481, 43.138765999724235], [-89.40895700002073, 43.13875600006341], [-89.40897100026443, 43.13875299983709], [-89.40901499974704, 43.13875299983709], [-89.40904800025731, 43.13875400013104], [-89.40908400024233, 43.138754999769496], [-89.4091169998543, 43.13875600006341], [-89.40915299983929, 43.13875600006341], [-89.40916899973284, 43.138754999769496], [-89.40918799999942, 43.138750999904616], [-89.40920499971786, 43.13873400014831], [-89.40921599958848, 43.138710999930666], [-89.40922900000729, 43.138690999933914], [-89.40924499990082, 43.138652999856454], [-89.40924900009878, 43.138634999776976], [-89.4092519995735, 43.13861099988134], [-89.40924700044896, 43.13859799996125], [-89.4092370004032, 43.13858500003838], [-89.40922700035746, 43.13857799992749], [-89.40919600039533, 43.13857000017437], [-89.40917499958061, 43.13856899987737], [-89.40915899968711, 43.13856899987737], [-89.40914299979356, 43.138568000235914], [-89.40912199987717, 43.1385660002974], [-89.40911000018161, 43.13855900018432], [-89.40911000018161, 43.13854600025317], [-89.40910799963346, 43.13853599990085], [-89.40911400037956, 43.1385269998446], [-89.40914600016661, 43.138524999904746], [-89.40919899987006, 43.13853000008201], [-89.40922200033461, 43.1385320000217], [-89.40923999987795, 43.1385320000217], [-89.40925900014452, 43.1385320000217], [-89.40927400021313, 43.138528000142244], [-89.40928400025888, 43.13852100002482], [-89.40928900028176, 43.138506000145114], [-89.40928900028176, 43.138489999963475], [-89.40928699973362, 43.13847700001765], [-89.40927800041109, 43.138464000069064], [-89.4092640001674, 43.138458000243105], [-89.40923599967999, 43.13844700023296], [-89.4091949996721, 43.13843600022084], [-89.4091739997557, 43.138429999736616], [-89.40916000041031, 43.13842399990736], [-89.40914299979356, 43.13841499983458], [-89.40913500029596, 43.13840300017249], [-89.40914199996867, 43.138392999796835], [-89.40916200006014, 43.13838800026384], [-89.40919600039533, 43.13838699996391], [-89.40924499990082, 43.13838699996391], [-89.4092990003275, 43.13838399971949], [-89.40934199998519, 43.13837099975113], [-89.40937999962003, 43.13833599972171], [-89.40940800010743, 43.138281000196876], [-89.40941599960505, 43.138229000219226], [-89.40941599960505, 43.138177000197395], [-89.40941099958216, 43.138162000233294], [-89.40940300008455, 43.13814999986605], [-89.40934000033536, 43.13812999968575], [-89.40921800013663, 43.138106999896436], [-89.40891199981489, 43.138084999747825], [-89.40862999978259, 43.13807600028066], [-89.40862800013277, 43.1379710002813], [-89.40875299980623, 43.137969999974494], [-89.40875199998132, 43.137992999815346], [-89.40882800014928, 43.137992999815346], [-89.40885400008857, 43.137990999858076], [-89.40888000002785, 43.1379860002922], [-89.40891400036301, 43.13799899968694], [-89.40893100008145, 43.138003000256475], [-89.40895500037091, 43.13800700017028], [-89.40903499983854, 43.138009000127084], [-89.40912500025021, 43.138009000127084], [-89.409207000266, 43.13800999977769], [-89.4092859999087, 43.13801199973439], [-89.40934500035824, 43.13801199973439], [-89.40939100038901, 43.13801199973439], [-89.40942499982587, 43.13800399990722], [-89.40945699961291, 43.137990999858076], [-89.40949900034404, 43.137962000141826], [-89.40952399956008, 43.137932999756366], [-89.40954500037479, 43.13791300016057], [-89.40956499956796, 43.13788799967345], [-89.40957100031406, 43.13786499979305], [-89.4095670001161, 43.137843999866256], [-89.40956100026831, 43.13783200009212], [-89.40954500037479, 43.1378190000064], [-89.40953100013108, 43.137807000227355], [-89.40951500023756, 43.137796000100096], [-89.40946599983376, 43.137758000121885], [-89.4094189999781, 43.13770199976601], [-89.40940100043474, 43.13767400022437], [-89.40939600041189, 43.137647999982946], [-89.40939600041189, 43.137573999790085], [-89.40939700023678, 43.13754800016166], [-89.4093980000617, 43.13749299992804], [-89.40939700023678, 43.13746500029069], [-89.40939600041189, 43.13745400010186], [-89.40939100038901, 43.13743199971835], [-89.40938200016816, 43.1374179998873], [-89.40937399977224, 43.13740900032196], [-89.4093649995514, 43.1373980001231], [-89.40935799987872, 43.1373900002156], [-89.4093570000538, 43.137380999990626], [-89.40935899970363, 43.137369000125624], [-89.40938100034326, 43.13735100032373], [-89.40939399986374, 43.13734600005006], [-89.40941399995522, 43.13734699971154], [-89.40942599965078, 43.13735300030199], [-89.40945400013818, 43.137373000080906], [-89.40948000007747, 43.13737799969685], [-89.40949099994812, 43.13737199976437], [-89.40950099999387, 43.137363000192266], [-89.40952299973517, 43.137334999839865], [-89.409531999956, 43.13731799968987], [-89.40953899962868, 43.137289999972346], [-89.40954200000174, 43.13726600020431], [-89.40954000035192, 43.13723599982548], [-89.40953399960583, 43.137214999682605], [-89.40951799971229, 43.13718800023752], [-89.40950299964368, 43.13717599967917], [-89.4094619996358, 43.13714999988152], [-89.40940800010743, 43.13711699979471], [-89.40938499964291, 43.13710699986421], [-89.40937499959718, 43.137100999905094], [-89.40935399968077, 43.13709200029311], [-89.4093289995664, 43.1370750000756], [-89.40932799974149, 43.13706599980426], [-89.40933100011455, 43.13704300027025], [-89.40932699991657, 43.13703300032764], [-89.40930400035035, 43.137002999834486], [-89.40928799955852, 43.13697499997272], [-89.409279000236, 43.1369659996867], [-89.40926900019025, 43.13695500006364], [-89.40925900014452, 43.136935000148014], [-89.40925099974861, 43.136925000187745], [-89.40923999987795, 43.13691900021082], [-89.40922499980933, 43.13691799988682], [-89.40921200028885, 43.13691900021082], [-89.40918499962635, 43.13691900021082], [-89.40915899968711, 43.13691900021082], [-89.40914299979356, 43.13691999987923], [-89.4091319999229, 43.13691599989433], [-89.40913100009801, 43.13690399993812], [-89.40913100009801, 43.13688900031722], [-89.4091319999229, 43.13687699970019], [-89.40915100018948, 43.13687000004929], [-89.40917700012876, 43.13686200007267], [-89.40922700035746, 43.13685400009504], [-89.40924900009878, 43.136848999780725], [-89.40927000001517, 43.13683699981132], [-89.40928400025888, 43.13682200017404], [-89.40928199971074, 43.13678099992305], [-89.40926800036536, 43.13676200027704], [-89.40924099970285, 43.13674200029829], [-89.4092080000909, 43.13672299998463], [-89.40918399980146, 43.13670499999257], [-89.40917600030384, 43.136692999994914], [-89.40917200010588, 43.136650999984575], [-89.4091729999308, 43.13663899997632], [-89.4091729999308, 43.13661800028396], [-89.40918999964923, 43.13658499991005], [-89.40922599963424, 43.13658499991005], [-89.40925300029674, 43.136576000222114], [-89.40925900014452, 43.136568000207085], [-89.40925900014452, 43.13654499983023], [-89.40925300029674, 43.13653699981112], [-89.4092230001595, 43.13652000009476], [-89.40918200015163, 43.13647100026903], [-89.40915100018948, 43.13641700005446], [-89.40912600007512, 43.1363749998545], [-89.40910599998365, 43.136327000246276], [-89.40904999990714, 43.13626699986353], [-89.40900100040166, 43.13622500021614], [-89.40896799989139, 43.136192000285625], [-89.40895199999785, 43.136162000035405], [-89.4089129996398, 43.13602699971054], [-89.40887800037801, 43.13594799979009], [-89.4088499998906, 43.135912999684805], [-89.40880399985986, 43.1358180000473], [-89.40878100029364, 43.1357650002544], [-89.4087720000728, 43.13574299991872], [-89.40873799973761, 43.13570799969614], [-89.40871000014853, 43.135681000241206], [-89.40867199961538, 43.13564800001712], [-89.40862599958463, 43.13560599994459], [-89.40855000031495, 43.135491000097744], [-89.408469999949, 43.13533799986369], [-89.40845099968243, 43.13529600023379], [-89.40838000043564, 43.13516599976048], [-89.40835600014618, 43.13508999978942], [-89.40831799961305, 43.13500400010505], [-89.4082580002369, 43.13482699989386], [-89.40818299989384, 43.13453300007747], [-89.40814899955865, 43.13439199986472], [-89.40814100006104, 43.13431999974229], [-89.40814299971088, 43.13424600011083], [-89.408145000259, 43.13419100018494], [-89.4081519999317, 43.13415099985028], [-89.40817000037336, 43.13409900029381], [-89.40819299993957, 43.134049000123895], [-89.40822300007682, 43.13398400023519], [-89.40826400008469, 43.13392400017579], [-89.40830300044274, 43.13387699967293], [-89.40837100021481, 43.13378099977501], [-89.40842200026843, 43.1337109996861], [-89.40848400019271, 43.13360199985645], [-89.4085469999419, 43.13351399994241], [-89.40865499989695, 43.13340499976163], [-89.40876899969975, 43.13329500031444], [-89.4088070002329, 43.13320600022954], [-89.40890699979202, 43.13311100032012], [-89.40897399973916, 43.13308200025623], [-89.40929000010665, 43.13300600031753], [-89.40929500012953, 43.13298099979084], [-89.40922599963424, 43.132931999751655], [-89.40916399970996, 43.13286200000212], [-89.40908800044029, 43.13270899974615], [-89.40906599980067, 43.13255200014819], [-89.40905400010512, 43.13243100004107], [-89.40903999986139, 43.132303000176506], [-89.40900399987638, 43.1322399998887], [-89.40899200018083, 43.132195999950966], [-89.40897000043952, 43.13215900017252], [-89.4089610002187, 43.13210799998055], [-89.408946999975, 43.13206100004878], [-89.4089419999521, 43.13202599968556], [-89.4089419999521, 43.1319939998604], [-89.408946999975, 43.131961000268994], [-89.40895399964768, 43.13192899975429], [-89.40900200022656, 43.131891999814314], [-89.4090180001201, 43.131875999868775], [-89.40909099991504, 43.13183899989673], [-89.40914299979356, 43.13182700025533], [-89.4091729999308, 43.131825000096384], [-89.40919600039533, 43.13182000002638], [-89.4092230001595, 43.131819000274604], [-89.40924999992369, 43.131819000274604], [-89.40929400030461, 43.131819000274604], [-89.40933000028963, 43.13181700011535], [-89.40936600027464, 43.131814000204166], [-89.40940999975726, 43.13180900013332], [-89.40945099976514, 43.13179699983044], [-89.40947599987949, 43.13178000010762], [-89.40951299968941, 43.131737000247675], [-89.40955100022258, 43.131658000029844], [-89.41178200036664, 43.13348700017436], [-89.41382299964165, 43.13454600020623], [-89.41975000034294, 43.13581199996176], [-89.42308799980155, 43.13537100025506], [-89.42714599985868, 43.13405800018368], [-89.42947900011004, 43.13337799994547], [-89.43195700012632, 43.13221100006742], [-89.4324340001523, 43.13148600006563], [-89.43242900012943, 43.131469000256374], [-89.43242900012943, 43.131453999957934], [-89.43244400019803, 43.131435999726094], [-89.43245800044174, 43.13142699993598], [-89.43316600044639, 43.13116100007818], [-89.43320999992902, 43.13114100023433], [-89.43322800037069, 43.131125000092325], [-89.43324500008912, 43.13109299979575], [-89.43325299958673, 43.131067000034164], [-89.43325699978469, 43.13104299979057], [-89.43327000020348, 43.13099599969591], [-89.43328199989905, 43.13096799970608], [-89.43331100021135, 43.13092400016438], [-89.43333600032571, 43.13088800003902], [-89.43335300004414, 43.13087300025373], [-89.43338400000628, 43.1308409998253], [-89.43339999989982, 43.130820000108706], [-89.43341300031862, 43.13078600011518], [-89.4334209998162, 43.130746999945025], [-89.43342500001417, 43.13069800008271], [-89.43343099986195, 43.130635000108335], [-89.43343800043296, 43.130609000152056], [-89.43345199977834, 43.13058499972868], [-89.43346500019715, 43.13056000017913], [-89.43346699984697, 43.13052200029352], [-89.4334619998241, 43.13050699976287], [-89.4334559999763, 43.13047100004767], [-89.43345400032649, 43.130450000203986], [-89.4334559999763, 43.13040100010372], [-89.43346000017426, 43.130368000308394], [-89.4334619998241, 43.130307000202805], [-89.43349399961116, 43.130101999778404], [-89.43349399961116, 43.130043000280416], [-89.43351299987772, 43.12995600027243], [-89.43352299992345, 43.12992499980259], [-89.43352700012142, 43.12989600019478], [-89.43352999959616, 43.12986399991079], [-89.4335329999692, 43.12981700022136], [-89.4335329999692, 43.12978899969171], [-89.43354999968764, 43.12974100015889], [-89.43355600043374, 43.12971700005052], [-89.43356800012931, 43.12968699990185], [-89.4335739999771, 43.12965399972129], [-89.43364699977202, 43.12946000004814], [-89.43393100035247, 43.12915300003806], [-89.43403500010953, 43.12884800005467], [-89.43438599973882, 43.128341000162635], [-89.43460500002193, 43.12793499978851], [-89.43461199969462, 43.12770000012497], [-89.43534999983652, 43.1269319997964], [-89.4361239999634, 43.126139000270236], [-89.4364400003309, 43.12570599977973], [-89.4370739998174, 43.12493999971497], [-89.43790900004367, 43.124144000304305], [-89.43859500030702, 43.12344000004283], [-89.43911199961764, 43.122947999677706], [-89.43931699965705, 43.12260900027823], [-89.43948300023672, 43.122456999850485], [-89.43972300043623, 43.1220359997785], [-89.44030599986911, 43.12115399981221], [-89.44075199993294, 43.12053000010029], [-89.44086800028388, 43.1203679997082], [-89.44113400042268, 43.11974499979754], [-89.4413269998682, 43.11950199986512], [-89.44158999963393, 43.1191530001438], [-89.44166599980191, 43.11902999983706], [-89.44183999987919, 43.11883699987571], [-89.44188400026013, 43.11878800030843], [-89.44234299984444, 43.11843399994037], [-89.4426850001512, 43.11826500008707], [-89.4431000002529, 43.11802600008754], [-89.44363599983011, 43.11766600000248], [-89.44414399981822, 43.11737200031815], [-89.4448610000437, 43.11704600010052], [-89.44540199964378, 43.11668500015228], [-89.4456760001785, 43.11642999983176], [-89.44589299991347, 43.116356000195516], [-89.44636999993945, 43.11623000014823], [-89.44683100007188, 43.11600000016313], [-89.44763899963566, 43.11550700027914], [-89.44878500020656, 43.11472699995403], [-89.44966999976322, 43.11400299998988], [-89.45007800019222, 43.11357499976148], [-89.45115699991763, 43.11228899999222], [-89.45210000009894, 43.110822000214654], [-89.45214799977951, 43.11074899979547], [-89.45233399955234, 43.1104239998101], [-89.45243099963673, 43.11025500013254], [-89.45276100024793, 43.10995099982117], [-89.4528780004238, 43.10989599969202], [-89.45355999959087, 43.109580000150274], [-89.45404099981481, 43.10937400032186], [-89.45433500044099, 43.10924899979191], [-89.45446500013733, 43.109266999994134], [-89.45498099962305, 43.10934099967687], [-89.45539099970186, 43.10940100024015], [-89.45671399982477, 43.109619000042926], [-89.45691600038944, 43.109652999996314], [-89.45720900029241, 43.109680999905144], [-89.4575189999138, 43.10971200014067], [-89.4586810003782, 43.10982699992506], [-89.45890099958793, 43.10982699992506], [-89.45986899988358, 43.109829000147506], [-89.46005499965642, 43.10983000025868], [-89.46018500025107, 43.10981499990061], [-89.46078000027782, 43.10963999982344], [-89.46098699996706, 43.109586000185814], [-89.46111500001358, 43.10954500004047], [-89.4615950004126, 43.109396000304784], [-89.46185700035342, 43.10936899972847], [-89.46232599998348, 43.10932300015224], [-89.46301399989666, 43.10920800007666], [-89.46333600011192, 43.1091550001801], [-89.46398600039026, 43.10906799997819], [-89.46487500014489, 43.10884500020006], [-89.46581599977804, 43.10839000027367], [-89.46652600033084, 43.10790499990723], [-89.46712499965724, 43.107529999700745], [-89.46791300002785, 43.10735300000146], [-89.46838900022891, 43.10729700000854], [-89.46868100030696, 43.10750300026878], [-89.46913499986842, 43.10789700007719], [-89.46916900020358, 43.107963999769055], [-89.4691700000285, 43.10800599980271], [-89.46915099976192, 43.10804100013671], [-89.46913900006636, 43.108052999853115], [-89.46911599960183, 43.108071999891166], [-89.46910100043152, 43.10808099983808], [-89.46907600031717, 43.108104999908704], [-89.46901799969253, 43.10816300009514], [-89.469001999799, 43.10819700020148], [-89.46899900032427, 43.10822100022657], [-89.46897900023279, 43.108269999729444], [-89.46897000001195, 43.10829499986227], [-89.46896800036214, 43.10832799975953], [-89.46895800031638, 43.10837500021853], [-89.46895400011843, 43.10840400019067], [-89.46894599972251, 43.10847300025013], [-89.46894300024778, 43.108539999967284], [-89.46893700039999, 43.10856799972947], [-89.4689230001563, 43.10861100013567], [-89.46890600043785, 43.10862899986973], [-89.4688749995774, 43.10864700025428], [-89.46883899959239, 43.108669999972825], [-89.4687619995995, 43.108711000048444], [-89.46873700038344, 43.10872999988224], [-89.46869999967522, 43.10875300022542], [-89.46866899971309, 43.108770999917674], [-89.46864199994889, 43.10878300014681], [-89.46859799956795, 43.10880400021415], [-89.46855999993313, 43.10882599974613], [-89.46850999970441, 43.10884600032732], [-89.46847500044262, 43.108859000013], [-89.46842900041187, 43.10888000005427], [-89.46838500003095, 43.1088939998592], [-89.46835599971863, 43.10890600006421], [-89.46832499975649, 43.10892200011528], [-89.4682629998322, 43.10894499973048], [-89.46821099995367, 43.10896500027279], [-89.46816499992292, 43.10898600027774], [-89.46812800011298, 43.108996999684074], [-89.46808799993003, 43.10901100011807], [-89.46806700001363, 43.109027000141694], [-89.46805399959484, 43.10903700007238], [-89.46804000024943, 43.10904700000137], [-89.46801900033304, 43.10907500018747], [-89.46798599982277, 43.10912099995008], [-89.46797099975416, 43.10915299993563], [-89.46796800027943, 43.10918899973541], [-89.46796900010433, 43.109214000148654], [-89.46798199962481, 43.10922699975619], [-89.46800199971631, 43.10923799977504], [-89.46802600000575, 43.1092439998441], [-89.46805500031806, 43.1092439998441], [-89.46807799988429, 43.10924000001673], [-89.4680939997778, 43.109228999998244], [-89.46811300004438, 43.10921199990612], [-89.46813399996078, 43.109194999809326], [-89.46816300027311, 43.10916600021189], [-89.46819599988505, 43.109139000189934], [-89.46825000031173, 43.10909500003146], [-89.46829999964213, 43.10905900017639], [-89.46833099960428, 43.10903900032063], [-89.46836900013741, 43.10902100005137], [-89.4686570000175, 43.10890100008838], [-89.46888999964601, 43.10880400021415], [-89.46895699959316, 43.108790999861], [-89.46913900006636, 43.10858600013197], [-89.46925700006713, 43.108285999946766], [-89.4694369999922, 43.10809200006288], [-89.46960199984862, 43.10813000010887], [-89.47020299972316, 43.1085220002071], [-89.47039799971684, 43.10852399981636], [-89.47117000019391, 43.10853399982922], [-89.47149200040919, 43.10847499986103], [-89.47166300011341, 43.108465999972], [-89.4717049999462, 43.10846300022735], [-89.47180200003058, 43.10844800019005], [-89.47187499982552, 43.10843700002922], [-89.47193900029794, 43.10842099985137], [-89.4720499997277, 43.10839199988729], [-89.47219000036809, 43.10835900002448], [-89.4722620003381, 43.10833799980441], [-89.47239399968429, 43.10828899970013], [-89.47244100043827, 43.10828099992033], [-89.47250300036254, 43.108269999729444], [-89.47256000026395, 43.108254000163775], [-89.47266999986881, 43.108212000300234], [-89.47275100005966, 43.10818700013356], [-89.4728459995959, 43.108159000197084], [-89.47295100007621, 43.1081189998909], [-89.47300399977964, 43.10809899972795], [-89.47306099968105, 43.10807099975121], [-89.47314400042006, 43.10803300032449], [-89.47316500033645, 43.10801700004104], [-89.4731839997047, 43.10800199989445], [-89.4732039997962, 43.107985000117374], [-89.47323599958325, 43.107968999821374], [-89.47325999987268, 43.10795599994672], [-89.47350900029303, 43.10783999978244], [-89.47374600011949, 43.10780600013361], [-89.47381200024172, 43.107797000146256], [-89.47382300011239, 43.10781299983142], [-89.47384200037897, 43.107808999910496], [-89.47389500008241, 43.107794999857404], [-89.47391299962575, 43.10778900030215], [-89.47395600018179, 43.10778099980111], [-89.47400300003744, 43.10777500024449], [-89.47409400027404, 43.107753999824055], [-89.47411199981738, 43.10775200018964], [-89.47414500032767, 43.107749999899326], [-89.47418200013759, 43.107747000119545], [-89.4741970002062, 43.10774399968376], [-89.47422999981816, 43.107733000052264], [-89.47428500006974, 43.10771299976325], [-89.47431600003189, 43.10770099998018], [-89.47437700013126, 43.10767900004386], [-89.47447199966751, 43.107644000158714], [-89.47455100020852, 43.10761700012123], [-89.4746120003079, 43.10760300002423], [-89.47481899999713, 43.10749999982109], [-89.47487900027159, 43.107480000111735], [-89.47501800018877, 43.10742999982608], [-89.47511899957279, 43.10736899980263], [-89.47516299995372, 43.10734299979566], [-89.47526500006097, 43.10730200011536], [-89.47528299960432, 43.10729700000854], [-89.47530799971868, 43.107289000099044], [-89.47537499966583, 43.107251000186814], [-89.47543900013824, 43.10721700021086], [-89.47547500012325, 43.10719799990742], [-89.47556200016187, 43.10714699989223], [-89.47560900001756, 43.107124999756785], [-89.47564099980461, 43.107110000047456], [-89.47577100039926, 43.10705399983223], [-89.4759429999284, 43.10697899985021], [-89.4759849997612, 43.106961000286844], [-89.47606799960187, 43.10691500021261], [-89.47621900011292, 43.10684100022035], [-89.4763449996113, 43.10678000026579], [-89.47641900012947, 43.106746000028174], [-89.4765630000695, 43.106662999677475], [-89.47663900023748, 43.10661199987239], [-89.47672700010104, 43.10655499969271], [-89.4767510003905, 43.10653100032607], [-89.47676999975873, 43.10652099998598], [-89.4768090001168, 43.106491000267674], [-89.47684799957653, 43.10645900020216], [-89.47687799971378, 43.106432000297794], [-89.47691899972165, 43.106400999712776], [-89.47696599957732, 43.10637300027105], [-89.47700199956233, 43.10634699984102], [-89.47703900027057, 43.10632100005581], [-89.47706500020985, 43.106302000130114], [-89.47710299984467, 43.106275000156494], [-89.47715100042356, 43.106225000198236], [-89.47722599986831, 43.10617299985728], [-89.47729000034074, 43.106110000204865], [-89.47735300008993, 43.106058999939], [-89.47739800029576, 43.10599200012961], [-89.47745900039513, 43.10594300011493], [-89.47749000035726, 43.10592599976602], [-89.47752200014432, 43.10589699993156], [-89.47757300019796, 43.10585099971363], [-89.4776679997342, 43.10573999972984], [-89.47775499977283, 43.10562600031688], [-89.47781400022238, 43.10553899969009], [-89.47786100007805, 43.105446999993354], [-89.47793100039823, 43.105366000217224], [-89.47809899972941, 43.10518799997633], [-89.4782179995551, 43.10516400007375], [-89.47826000028621, 43.10515999997977], [-89.47828200002752, 43.10515800026057], [-89.4783099996166, 43.10515700007306], [-89.47833399990606, 43.10515800026057], [-89.47835399999755, 43.10515700007306], [-89.47836900006615, 43.10515800026057], [-89.47838999998254, 43.10515700007306], [-89.47843400036348, 43.1051540001662], [-89.47846500032563, 43.10514499978893], [-89.47850200013555, 43.105134999878295], [-89.4785199996789, 43.1051300002503], [-89.47852899989972, 43.1051220000576], [-89.47853899994547, 43.105091000120915], [-89.47854999981612, 43.10507000009142], [-89.47856499988474, 43.10505899997936], [-89.47857900012843, 43.10505099977743], [-89.47859199964891, 43.10504200004084], [-89.47860199969465, 43.105033000302974], [-89.47861400028854, 43.105026999821135], [-89.47880599990917, 43.10501100006364], [-89.4788360000464, 43.10499199973134], [-89.47887600022936, 43.104971000323765], [-89.47891800006217, 43.10495600008662], [-89.47895800024514, 43.104953999704925], [-89.47902900039024, 43.104946000145105], [-89.47905799980424, 43.10495000025306], [-89.4790689996749, 43.10493699973725], [-89.47915200041388, 43.10493500001081], [-89.47918900022381, 43.104930999901825], [-89.4792090003153, 43.10493500001081], [-89.47922799968356, 43.10493900011949], [-89.47924600012522, 43.10494399976309], [-89.47926799986654, 43.10495000025306], [-89.47928200011023, 43.104957000277466], [-89.47932599959283, 43.10498599990136], [-89.47934200038469, 43.10499700002648], [-89.47935400008025, 43.10500200032122], [-89.47937099979869, 43.10500599976964], [-89.47939099989017, 43.105008000149674], [-89.47940500013388, 43.10500599976964], [-89.4794279997001, 43.105008000149674], [-89.4794560001875, 43.10501599970136], [-89.47949999967011, 43.105040000317835], [-89.47955300027188, 43.105067999713455], [-89.47959400027976, 43.10507899982384], [-89.47963399956441, 43.105082999923155], [-89.4796679998996, 43.10509299984225], [-89.47974599971741, 43.10510500013656], [-89.47982000023558, 43.10511699977266], [-89.4798570000455, 43.10512499996602], [-89.47989700022846, 43.105130999782425], [-89.47995099975682, 43.10513700025407], [-89.48000299963537, 43.10513700025407], [-89.48006100026, 43.10513600006617], [-89.48011300013853, 43.10514599997664], [-89.48022600011643, 43.105171000073625], [-89.48025799990349, 43.105173999979655], [-89.48033200042164, 43.10517900025992], [-89.48036800040666, 43.105182000165506], [-89.48040500021659, 43.10518699978926], [-89.48043100015585, 43.10519099988152], [-89.48047999966133, 43.10519099988152], [-89.48051499982145, 43.10517900025992], [-89.48055300035458, 43.10516199969886], [-89.48059099998942, 43.105144000257035], [-89.48062899962424, 43.10512499996602], [-89.4806660003325, 43.1051069998575], [-89.48070399996732, 43.10508800021082], [-89.48074199960215, 43.105068999902414], [-89.4807800001353, 43.10504399976382], [-89.48080900044762, 43.10502500009759], [-89.48086200015106, 43.10498700009167], [-89.48095900023546, 43.10494699968023], [-89.48123600024488, 43.10481399971471], [-89.48134099982687, 43.10481300017741], [-89.48152099975192, 43.10481000025369], [-89.48158500022434, 43.10483400029506], [-89.48165899984417, 43.104834999832015], [-89.48180399960914, 43.10484700017692], [-89.4819330003789, 43.10484400025487], [-89.48204299998373, 43.10487100020377], [-89.48208700036467, 43.10492200014764], [-89.48217900042617, 43.10522400014049], [-89.482433999796, 43.10539700001465], [-89.48273699974469, 43.10561299994463], [-89.48284499969972, 43.10565199974146], [-89.48283999967686, 43.10568300004992], [-89.48282700015639, 43.10568999999047], [-89.48278699997341, 43.105696999930196], [-89.48273099989692, 43.10574099990783], [-89.48272400022422, 43.10577699974679], [-89.48273199972182, 43.10580699981506], [-89.48276900043007, 43.105832999818574], [-89.4828439998748, 43.105872000131114], [-89.48288099968474, 43.10589500023649], [-89.4829059997991, 43.105902000152774], [-89.48295000018004, 43.105902000152774], [-89.48300500043162, 43.105892999885484], [-89.4830470002644, 43.10588000022575], [-89.48306399998285, 43.10586599973146], [-89.48306200033304, 43.10583100012141], [-89.48304300006644, 43.10580900016887], [-89.48301399975412, 43.105780000278976], [-89.48298699998995, 43.10576100018536], [-89.48295199982985, 43.105754000252944], [-89.48294000013428, 43.10574300026385], [-89.4829550002029, 43.10569199969223], [-89.48320799992288, 43.105780999800494], [-89.48338399964999, 43.105929000290914], [-89.48345300014527, 43.10598199970151], [-89.48359000041262, 43.10591599998296], [-89.48362300002458, 43.10589500023649], [-89.48331000003013, 43.105644000272854], [-89.48313900032592, 43.10558200025659], [-89.48285599957039, 43.10548300000521], [-89.48257799973604, 43.10527899987673], [-89.48238000026764, 43.105133000158325], [-89.48237299969662, 43.105074000191266], [-89.48241700007756, 43.10501999980479], [-89.48249499989537, 43.10496400030102], [-89.48255099997186, 43.10493600020195], [-89.48260000037567, 43.10488599980587], [-89.48262899978967, 43.10486499970606], [-89.48265800010198, 43.10484400025487], [-89.48268300021633, 43.10479799990154], [-89.48271500000338, 43.10476399987481], [-89.48274699979044, 43.10475099997537], [-89.48275799966109, 43.104721000045465], [-89.48278000030072, 43.10470100008403], [-89.48284300004991, 43.10463400010007], [-89.48285200027074, 43.10461199971734], [-89.48291300037012, 43.10454700003102], [-89.4829409999592, 43.1044940000339], [-89.48296600007355, 43.10445999983834], [-89.48321200012084, 43.10408399996592], [-89.48324999975569, 43.10400900028025], [-89.48354699985659, 43.103237999679955], [-89.4837090002383, 43.10225200021873], [-89.48371099988813, 43.10213699997659], [-89.48372199975879, 43.102058000232624], [-89.48372599995675, 43.102025000234654], [-89.48372699978167, 43.101990999979606], [-89.48372799960657, 43.10195699970573], [-89.4837290003298, 43.10188999999809], [-89.48373000015471, 43.10184599987614], [-89.48373199980453, 43.10182300021719], [-89.48373900037554, 43.10175800019322], [-89.48374100002536, 43.10173100018313], [-89.48374299967519, 43.101624000269126], [-89.48374500022332, 43.10152500017597], [-89.48374500022332, 43.10143500019086], [-89.48374600004824, 43.10135999988361], [-89.48374600004824, 43.10129600027462], [-89.48374600004824, 43.101228000247836], [-89.48374600004824, 43.10115399993994], [-89.48374400039842, 43.1010969999254], [-89.48374000020044, 43.10099800029193], [-89.48374000020044, 43.10096499972261], [-89.48374000020044, 43.100918999734134], [-89.48373199980453, 43.10088599977816], [-89.48372099993387, 43.10084599996664], [-89.48372199975879, 43.10083200028884], [-89.48372299958369, 43.100799999888764], [-89.48372199975879, 43.10076699986863], [-89.48372199975879, 43.10073399983074], [-89.48372199975879, 43.10070099977504], [-89.48372099993387, 43.10060200015711], [-89.48372000010896, 43.10056900003027], [-89.48372000010896, 43.10053599988564], [-89.48371900028405, 43.100502999723226], [-89.48371900028405, 43.100470000198946], [-89.48371799956082, 43.100403999785186], [-89.4837169997359, 43.1003710002075], [-89.4837169997359, 43.10033799995616], [-89.48371400026119, 43.100304999687026], [-89.48371099988813, 43.10027200005604], [-89.48370699969017, 43.10022800008308], [-89.48371000006323, 43.10017299974444], [-89.48371199971305, 43.10014399980835], [-89.48371400026119, 43.10011800001232], [-89.4837169997359, 43.10009299981962], [-89.48371400026119, 43.10007399992869], [-89.48371000006323, 43.100041000173185], [-89.48370699969017, 43.100022000266115], [-89.48370199966732, 43.09997499995292], [-89.48369800036764, 43.09994200014401], [-89.48369400016969, 43.09990900031737], [-89.48369099979665, 43.09987599981701], [-89.48368699959869, 43.09984499984756], [-89.48368900014682, 43.09980199984276], [-89.48368999997173, 43.09976099970332], [-89.48369199962156, 43.09972799977913], [-89.4836880003219, 43.099646000029566], [-89.48368599977377, 43.099611000143], [-89.48368099975092, 43.099534999945696], [-89.48367599972804, 43.09947000011635], [-89.48365300016181, 43.099314000113154], [-89.48364300011607, 43.09925299987351], [-89.48363399989525, 43.09920499999701], [-89.48360600030615, 43.09910700021434], [-89.48359899973515, 43.09900699969881], [-89.48358600021466, 43.09895799999662], [-89.48357899964364, 43.09887399994737], [-89.48357699999383, 43.098843999761264], [-89.48356799977299, 43.09879199971003], [-89.48354900040474, 43.09875199984238], [-89.48353799963577, 43.09869000006145], [-89.48352099991735, 43.09860100013929], [-89.48350900022177, 43.09854199978052], [-89.48349599980298, 43.098439000074166], [-89.4834830002825, 43.09834799984557], [-89.48347700043472, 43.0983299997122], [-89.4834620003661, 43.09830500010134], [-89.48345599962, 43.09827200004831], [-89.48340700011451, 43.097932999726325], [-89.4832289998393, 43.09704799971119], [-89.48296799972337, 43.09614699991821], [-89.48271500000338, 43.09535600028314], [-89.48244899986462, 43.09464900032692], [-89.48239699998608, 43.09451099979815], [-89.48321799996863, 43.09453000010332], [-89.48425900005923, 43.09455600030424], [-89.48578899987135, 43.09459400022477], [-89.48578399984848, 43.094545000271], [-89.48568900031225, 43.093622999709034], [-89.48567599989345, 43.0934959997157], [-89.48559300005277, 43.09268000001038], [-89.48554100017422, 43.09220199999364], [-89.48553000030358, 43.091916999706974], [-89.48552500028072, 43.09179899982845], [-89.48554500037218, 43.0916489997881], [-89.48476200002446, 43.09169699968355], [-89.48465599971925, 43.09170399991113], [-89.4846099996885, 43.09136299979526], [-89.48458399974923, 43.091160000267536], [-89.48414199988336, 43.09119000028213], [-89.48405900004266, 43.090580000158674], [-89.48398100022489, 43.090007000227025], [-89.483828000064, 43.088871999768855], [-89.48378000038342, 43.08854100028486], [-89.48377700001038, 43.08835599972264], [-89.48392099995041, 43.08844400029735], [-89.48419999960967, 43.08861200002954], [-89.48504800025472, 43.089121999814765], [-89.4853279997389, 43.089332000035625], [-89.48589400035166, 43.08967600031628], [-89.4860030001316, 43.08974199982882], [-89.4873050003381, 43.09059599975121], [-89.48755999970791, 43.09076900028619], [-89.48791799990819, 43.09101200015543], [-89.48879199959418, 43.09162999990107], [-89.48896599967148, 43.09146999992826], [-89.48940800043566, 43.09116399996415], [-89.48952100041356, 43.09108499983877], [-89.48944400042068, 43.091029000053545], [-89.4892910002598, 43.090916999673404], [-89.490079999557, 43.0902999997238], [-89.49032700032753, 43.09038399972625], [-89.49049899985665, 43.09044900001613], [-89.49053999986452, 43.09042699978447], [-89.49097300040789, 43.09027299990937], [-89.49112900004351, 43.09021400005488], [-89.49108300001276, 43.090138999779754], [-89.49100000017206, 43.090047999681225], [-89.49071999978959, 43.08968399990313], [-89.49066000041344, 43.08960499983682], [-89.4903680003354, 43.08940499975324], [-89.49018199966424, 43.08927699975059], [-89.49004600012012, 43.0891990002636], [-89.48975599969188, 43.08903299976316], [-89.4894539995681, 43.08886199982456], [-89.48906799977871, 43.088645000039975], [-89.4877699997702, 43.08791900029646], [-89.48774700020398, 43.08790600010068], [-89.4873610004146, 43.08768900020945], [-89.48722499997214, 43.08761300030462], [-89.48724300041381, 43.086988999765026], [-89.48725900030733, 43.08636100007533], [-89.48727400037595, 43.085789999734715], [-89.4872840004217, 43.08541800009646], [-89.48792700012903, 43.08501099980916], [-89.48809000033563, 43.08511399979409], [-89.48820300031353, 43.08518699994605], [-89.48875399995937, 43.085538000163126], [-89.48903599999166, 43.08571899999933], [-89.48931899984888, 43.085899000110786], [-89.48958099978971, 43.08606599976308], [-89.48986500037014, 43.08607100029175], [-89.49223600025633, 43.0860750003207], [-89.49224299992903, 43.08590899988278], [-89.49234500003627, 43.08293000007836], [-89.49236099992979, 43.08247000028639], [-89.49251499991558, 43.08247100018843], [-89.49334099992102, 43.08247499979636], [-89.496450999774, 43.0824889997343], [-89.4979589998448, 43.082492999997136], [-89.49880699959155, 43.082499999964455], [-89.5007459996576, 43.08251100019267], [-89.50184500037281, 43.08251700025665], [-89.5022529999035, 43.08251700025665], [-89.50225200007858, 43.08272200001255], [-89.5022310001622, 43.08367399975667], [-89.50220100002497, 43.08466899996106], [-89.50215800036726, 43.08618199985078], [-89.5028379998845, 43.086160000054605], [-89.5038019999822, 43.0861340002257], [-89.50481499958539, 43.08611400009746], [-89.50654100011441, 43.08607399982145], [-89.50702399998818, 43.08606300023299], [-89.50750299966397, 43.08605299983006], [-89.50971399971658, 43.08600500010395], [-89.51051899980561, 43.085988000123585], [-89.51072800004299, 43.085984000088914], [-89.5120660002345, 43.085955999839015], [-89.51265600023837, 43.0857170003013], [-89.51291999982902, 43.08560400019795], [-89.51299000014922, 43.085561999885776], [-89.5130939999063, 43.08547899968407], [-89.51341399957343, 43.08518799980376], [-89.51373900016175, 43.08489199988485], [-89.5140660003999, 43.08459400011317], [-89.51410999988252, 43.08455300028872], [-89.51443399974762, 43.08454199977111], [-89.51481500041244, 43.08452800030233], [-89.51496600002517, 43.08454800029229], [-89.51525899992815, 43.08461800020571], [-89.51546599961738, 43.08466499984027], [-89.51554799963314, 43.08462300019644], [-89.51605599962126, 43.08435800012401], [-89.51616199992645, 43.08430600023773], [-89.51637100016384, 43.08419400002985], [-89.516726999816, 43.08400800023981], [-89.516838999969, 43.083950000133335], [-89.51690900028919, 43.08391300004804], [-89.51715500033647, 43.083770000199856], [-89.51743900001861, 43.08377299984226], [-89.51807000003038, 43.083781000200034], [-89.51839999974327, 43.08378899990071], [-89.51866900025507, 43.08379499983953], [-89.51895100028739, 43.08380200031418], [-89.51924699966509, 43.08380900013193], [-89.51946000010041, 43.08381199977239], [-89.51977800011774, 43.083816999828954], [-89.51992700008066, 43.08382000012511], [-89.52007600004357, 43.08382199988506], [-89.52072100029902, 43.0838319999961], [-89.52109799986758, 43.08383799993071], [-89.5210850003471, 43.08421500000242], [-89.52108100014914, 43.08434300008567], [-89.52105600003479, 43.08484700015093], [-89.52103400029347, 43.08530800032092], [-89.52095899995041, 43.08530699980915], [-89.5209310003613, 43.08587099982204], [-89.5209089997217, 43.086315000269174], [-89.52089200000326, 43.08666199993707], [-89.5208889996302, 43.0867230002541], [-89.52085199982028, 43.08696300028794], [-89.52111700013415, 43.08697399971479], [-89.52118699955604, 43.08697699985633], [-89.52142799958045, 43.086986000280085], [-89.52146000026583, 43.08698799993673], [-89.5215790000915, 43.08699299973402], [-89.52162199974923, 43.086994000218304], [-89.52179300035175, 43.08700100032739], [-89.52416099986489, 43.086998000187016], [-89.5245709999437, 43.086998000187016], [-89.5258379999901, 43.08699599987464], [-89.52826400012786, 43.08699299973402], [-89.52840300004505, 43.08699299973402], [-89.52842800015941, 43.08699299973402], [-89.52984400016871, 43.08699100007759], [-89.52991899961346, 43.08699100007759], [-89.53010299973649, 43.08699100007759], [-89.53093499958969, 43.086988999765026], [-89.53093799996276, 43.08693300017114], [-89.53098999984128, 43.08571800015035], [-89.53099999988703, 43.085507000152006], [-89.53099999988703, 43.08541700024252], [-89.53160599978443, 43.0854270000932], [-89.5318569998546, 43.08541800009646], [-89.5320049999926, 43.085412000316595], [-89.532426999767, 43.08528100027424], [-89.53246299975201, 43.08525699978541], [-89.53258199957769, 43.08536900001806], [-89.5327570003782, 43.085540999718916], [-89.53281000008162, 43.085592999869064], [-89.53307799987024, 43.085841999673484], [-89.53322199981028, 43.0859210000007], [-89.5333210004428, 43.085976000018846], [-89.53373499982128, 43.08609499980559], [-89.53392800016513, 43.086143000117296], [-89.53398599989144, 43.08603800020675], [-89.53403000027238, 43.08595900003042], [-89.53421400039538, 43.085736999903084], [-89.53440500019109, 43.08557700028177], [-89.53464200001756, 43.08544699978965], [-89.53491700037716, 43.08532399997851], [-89.53512400006642, 43.085263000236544], [-89.53539900042603, 43.08521700026191], [-89.53570499984946, 43.0852019997778], [-89.53626200024136, 43.08520400014872], [-89.53628300015777, 43.08519699983429], [-89.53631300029501, 43.08518299985909], [-89.53634099988409, 43.08515599975732], [-89.53635099992984, 43.08512399969422], [-89.53642999957255, 43.085125000209025], [-89.53656400036517, 43.085127999785044], [-89.53657299968768, 43.08491900010298], [-89.53659299977916, 43.08447599990419], [-89.53662499956621, 43.08348300027269], [-89.53664800003075, 43.083023999933204], [-89.53665300005363, 43.08294700025124], [-89.53669099968846, 43.08207999985393], [-89.53676699985644, 43.08209599969846], [-89.5367919999708, 43.08209800017081], [-89.53726999982169, 43.08209599969846], [-89.53795699990994, 43.082083000235166], [-89.53869300040202, 43.082082000326835], [-89.5393129996448, 43.082082000326835], [-89.53969400030962, 43.08207800003713], [-89.53975700005881, 43.08207800003713], [-89.54037200017706, 43.08207299983863], [-89.54141699956729, 43.08206599982253], [-89.5416579995917, 43.08206400000527], [-89.54340199966407, 43.08205199978793], [-89.5464229998286, 43.08204299995148], [-89.54995000033139, 43.08203599993195], [-89.55074200000165, 43.08203200029536], [-89.55083700043619, 43.08203200029536], [-89.55125199963959, 43.08202999982086], [-89.55134299987618, 43.08202999982086], [-89.55143599976259, 43.08202899991162], [-89.55229799975304, 43.08202500027457], [-89.55245500011188, 43.082023999709136], [-89.55262800036425, 43.082023999709136], [-89.55323199971352, 43.08202000007176], [-89.55381699969452, 43.08201800025299], [-89.5538860001898, 43.08201800025299], [-89.5539980003428, 43.08201699968744], [-89.554429000338, 43.08201699968744], [-89.55665000043636, 43.08201699968744], [-89.55853599990066, 43.08201100023061], [-89.56002600042812, 43.08201100023061], [-89.56002200023016, 43.08190200015378], [-89.56002999972777, 43.080209000295795], [-89.56126699963693, 43.0802049998838], [-89.56126400016221, 43.080774999861625], [-89.56150099998867, 43.08077300000216], [-89.56237200019994, 43.08077300000216], [-89.56236499962893, 43.08192099977784], [-89.562363999804, 43.0820130000496], [-89.56260400000355, 43.08201200014013], [-89.56261900007215, 43.08201200014013], [-89.5626149998742, 43.081777999872706], [-89.56261300022437, 43.08163800003683], [-89.56261400004928, 43.08152000003925], [-89.56262400009501, 43.08076900028311], [-89.56385699980623, 43.080760000258195], [-89.56385400033149, 43.07978499978755], [-89.56437900003804, 43.078342999877094], [-89.56511200015707, 43.07632700021398], [-89.56514700031715, 43.075004999990625], [-89.56515300016494, 43.074802000060096], [-89.56515800018782, 43.07470900008716], [-89.56533899993778, 43.07470800005845], [-89.5653620004023, 43.07470800005845], [-89.56631399990614, 43.0747029999147], [-89.56654900008277, 43.07469899979941], [-89.5666710002815, 43.07469699974169], [-89.56746499960157, 43.07469599971278], [-89.568699000036, 43.07467999990444], [-89.56932800039795, 43.07467999990444], [-89.5697119996392, 43.0746729996999], [-89.57120600036461, 43.07467200032679], [-89.5712399998015, 43.07361300018091], [-89.5712530002203, 43.07304099974276], [-89.57125700041826, 43.072917999960666], [-89.57127800033464, 43.072568999752484], [-89.57131199977151, 43.07153000031663], [-89.57131199977151, 43.07151699992411], [-89.57133400041114, 43.070894999677705], [-89.57133799971078, 43.07060500018415], [-89.57133900043402, 43.07052900008544], [-89.57134799975653, 43.070307999927756], [-89.57136899967291, 43.069787999926234], [-89.57138299991664, 43.06954599997852], [-89.57139200013746, 43.06917599972981], [-89.57140999968081, 43.06883000024326], [-89.57142399992452, 43.06832199979868], [-89.571444000016, 43.067861999933896], [-89.5714449998409, 43.067849000075896], [-89.5703810001841, 43.067844000028806], [-89.57039700007763, 43.06744199989586], [-89.5692470002071, 43.06744000025754], [-89.56934199974333, 43.06387599971286], [-89.57141800007672, 43.06387800012371], [-89.57157600026048, 43.063878999672816], [-89.57157700008538, 43.063856999744125], [-89.57158499958298, 43.06363400005116], [-89.57160800004753, 43.06265199985477], [-89.57162200029124, 43.06242999994557], [-89.57162999978883, 43.06236599969238], [-89.5716409996595, 43.06197700018262], [-89.57164999988032, 43.06119699982357], [-89.57165999992607, 43.06094599977867]], [[-89.51897999970139, 43.031653000079174], [-89.5189789998765, 43.03170099969034], [-89.5189730000287, 43.03185699980902], [-89.5188249998907, 43.03185699980902], [-89.51850500022356, 43.03185799988007], [-89.51850699987338, 43.031760000063876], [-89.51850799969829, 43.0317240000653], [-89.51851100007134, 43.03171299991559], [-89.51851699991911, 43.03170299983749], [-89.51852600013996, 43.03169100026689], [-89.51853500036077, 43.031682999676384], [-89.51854600023144, 43.031674999741455], [-89.51855700010209, 43.03166899995373], [-89.5185789998434, 43.03166100001697], [-89.51859800010996, 43.03165799979417], [-89.51867000008, 43.03165699971988], [-89.51878499970772, 43.03165600030217], [-89.51897999970139, 43.031653000079174]], [[-89.35458600032544, 43.04544399993219], [-89.35452500022606, 43.045651999812996], [-89.3542520004146, 43.04582700022689], [-89.35419999963776, 43.04586500017202], [-89.35396100016146, 43.04573800031512], [-89.35425300023952, 43.045316999860205], [-89.35442999979153, 43.04538399973453], [-89.35458600032544, 43.04544399993219]], [[-89.36295299961158, 43.145211999897136], [-89.36294000009111, 43.1455750003154], [-89.36235500011009, 43.14556300009223], [-89.36232699962268, 43.14556300009223], [-89.36234000004148, 43.14520099979122], [-89.36295299961158, 43.145211999897136]], [[-89.552738999794, 43.05936400008775], [-89.55273700014419, 43.059506999789555], [-89.55273299994623, 43.05970699967606], [-89.55244099986818, 43.05970699967606], [-89.55208600004093, 43.05970699967606], [-89.55208600004093, 43.05948700015884], [-89.55208600004093, 43.059367000268495], [-89.5522109997144, 43.05936499971045], [-89.552738999794, 43.05936400008775]], [[-89.27999300011652, 43.12141800006945], [-89.27982099968906, 43.12155999995024], [-89.27935999955662, 43.121959999883565], [-89.27924999995176, 43.121959999883565], [-89.2792459997538, 43.12188000023727], [-89.27922800021045, 43.12142299967834], [-89.27975600029006, 43.12141999991306], [-89.27999300011652, 43.12141800006945]], [[-89.48580200029015, 43.04642900014898], [-89.48578899987135, 43.04703000024784], [-89.48524900009618, 43.04703800015043], [-89.48526300033988, 43.0464349998066], [-89.48580200029015, 43.04642900014898]], [[-89.53196700035777, 43.074880000161436], [-89.53195999978676, 43.07496499967933], [-89.53195399993898, 43.075047999689154], [-89.5319339998475, 43.07545199983955], [-89.53116999976633, 43.075456999922196], [-89.53119200040598, 43.074972999874916], [-89.53119900007864, 43.07488200021323], [-89.53196700035777, 43.074880000161436]], [[-89.53756500027278, 43.07762299997192], [-89.53754400035639, 43.077910999768136], [-89.53750499999833, 43.077983999973064], [-89.53734900036271, 43.07827699989351], [-89.53731199965449, 43.07834499981587], [-89.5372070000725, 43.078478000188724], [-89.53706200030754, 43.07866099981553], [-89.53712800042977, 43.07716399969295], [-89.53713299955434, 43.07705500017937], [-89.53724800008038, 43.07718000016508], [-89.53752000006695, 43.07747000004225], [-89.53753500013555, 43.07759099991104], [-89.53756500027278, 43.07762299997192]], [[-89.27376500001466, 43.04336899983052], [-89.27364700001388, 43.043366000180114], [-89.27246299980816, 43.04332499969112], [-89.27246299980816, 43.04330400015062], [-89.27246799983102, 43.04319600005549], [-89.27248200007473, 43.04319699994174], [-89.27249299994538, 43.043048000297205], [-89.27359400031042, 43.04278199978973], [-89.27362100007461, 43.042835999897214], [-89.27368499964872, 43.04299899982389], [-89.2737049997402, 43.043068000036996], [-89.2737609998167, 43.04326599993216], [-89.27376500001466, 43.04336899983052]], [[-89.54268399961369, 43.044730000076285], [-89.54266900044338, 43.0452689997387], [-89.54266000022255, 43.04564299988326], [-89.54248899962, 43.04563999968754], [-89.54197999980698, 43.04563099975606], [-89.54200900011931, 43.045279000232135], [-89.54205299960192, 43.04473699976123], [-89.54227899955772, 43.04473400017771], [-89.54268399961369, 43.044730000076285]], [[-89.53756000024993, 43.04577700015958], [-89.53756000024993, 43.04588399980753], [-89.53755400040212, 43.046362999937664], [-89.53754400035639, 43.04685999977285], [-89.53740100024125, 43.04686100025584], [-89.5369259998651, 43.04686399973534], [-89.53692800041324, 43.04679300019764], [-89.53693400026103, 43.04636900025824], [-89.53694099993372, 43.04587499991179], [-89.53694500013168, 43.04578299988097], [-89.53738500034773, 43.045778000003764], [-89.53741499958664, 43.045778000003764], [-89.53756000024993, 43.04577700015958]], [[-89.32108900017366, 43.163892000232245], [-89.32106800025726, 43.16456099993731], [-89.32071699972965, 43.16456299968056], [-89.3199099999908, 43.164567999693695], [-89.31978799979207, 43.16456900022045], [-89.31978899961696, 43.16455500005183], [-89.31981499955624, 43.1638999999478], [-89.32073900036929, 43.16389599976253], [-89.32108900017366, 43.163892000232245]], [[-89.53060499987681, 43.030270999935034], [-89.5305970003792, 43.031114000308264], [-89.530595999656, 43.03119499976711], [-89.53020599966865, 43.03119900009431], [-89.53007900034535, 43.031200000176085], [-89.52979200029017, 43.031187999850516], [-89.52971299974915, 43.03118500026126], [-89.5295479998927, 43.03117799968687], [-89.52954700006781, 43.031114000308264], [-89.52954600024287, 43.03092399997452], [-89.52954500041797, 43.03068100020432], [-89.52954399969474, 43.03047799994245], [-89.52954299986985, 43.0302839998799], [-89.52970100005358, 43.03028299978322], [-89.52989199984928, 43.03028000014972], [-89.53018700030039, 43.03027599976262], [-89.53060499987681, 43.030270999935034]], [[-89.26829299959803, 43.04719199971371], [-89.2670099996581, 43.04716700024145], [-89.26696600017549, 43.04716599976341], [-89.26697799987105, 43.046625999869924], [-89.2670099996581, 43.046625999869924], [-89.26773600010442, 43.04663900028915], [-89.26774799979998, 43.04601299969934], [-89.26826400018402, 43.04612699977495], [-89.26829299959803, 43.04719199971371]], [[-89.53302199979375, 43.030746000123585], [-89.53301400029613, 43.031153999681464], [-89.53301900031902, 43.03125600013212], [-89.53268500040816, 43.03125800029377], [-89.5310259998263, 43.031266000283054], [-89.53098700036654, 43.031266000283054], [-89.53098999984128, 43.031185999686585], [-89.53101199958257, 43.030764999844536], [-89.53123599988858, 43.030763000323475], [-89.53302199979375, 43.030746000123585]], [[-89.53700200003307, 43.074832000211785], [-89.53699199998734, 43.07525400017663], [-89.53699100016243, 43.07531700007909], [-89.5369889996143, 43.075376999863515], [-89.53686499976574, 43.07538099993454], [-89.53677299970424, 43.07538199995227], [-89.5366160002437, 43.075386000022974], [-89.53602700006473, 43.07539200012857], [-89.53573800035974, 43.0753940001636], [-89.53504399970046, 43.07540100028579], [-89.53507300001279, 43.074861000322585], [-89.53564999959788, 43.07485700021761], [-89.5358200003755, 43.07485400013872], [-89.53700200003307, 43.074832000211785]], [[-89.51514099992737, 43.029801999981245], [-89.51512900023181, 43.02998800009911], [-89.51501100023103, 43.03025799998741], [-89.51502799994947, 43.030259000084506], [-89.51501399970576, 43.030338999919316], [-89.51497199987297, 43.030588999715924], [-89.5149259998422, 43.030859999674384], [-89.51507200033039, 43.030867999715554], [-89.51503899982012, 43.03145199990422], [-89.51454000005283, 43.03145700029226], [-89.5145169995883, 43.03145500013709], [-89.51449700039512, 43.03145199990422], [-89.51447800012856, 43.0314460000947], [-89.51446100041011, 43.031437000050985], [-89.51444700016641, 43.031425999849844], [-89.51443799994559, 43.03141599972498], [-89.51443100027288, 43.031401999941416], [-89.51442799989984, 43.031387000075966], [-89.5143059997011, 43.031387000075966], [-89.51434199968611, 43.0308299996749], [-89.51437099999843, 43.030475999755375], [-89.51437799967113, 43.03030200030416], [-89.51439500028788, 43.030085000018104], [-89.51440799980834, 43.02969399976008], [-89.51501000040611, 43.029722000103185], [-89.51500700003307, 43.029798000219664], [-89.51514099992737, 43.029801999981245]], [[-89.3207610001106, 43.09935100007838], [-89.31962999960831, 43.09938400020577], [-89.31950699958468, 43.09938699973943], [-89.31950400010993, 43.09936399981267], [-89.31950400010993, 43.09933899996803], [-89.31950300028502, 43.0993280001381], [-89.31948900004132, 43.0992229998731], [-89.31946200027714, 43.09847099974039], [-89.31945300005633, 43.0982969996727], [-89.32000299987722, 43.09829200014222], [-89.32046999985745, 43.098277999880395], [-89.32070699968392, 43.09827099974831], [-89.3207610001106, 43.09935100007838]], [[-89.51958399994896, 43.033583000325876], [-89.51952799987248, 43.034934000105515], [-89.51837200015416, 43.03494799973996], [-89.51840499976612, 43.03368700010527], [-89.51839300007056, 43.03359400014041], [-89.51958399994896, 43.033583000325876]], [[-89.51720600039012, 43.02789799994083], [-89.51651099990593, 43.02790699984684], [-89.5144739999306, 43.027935999826695], [-89.51447899995345, 43.02772099998968], [-89.5145939995812, 43.02766399995243], [-89.51577199993912, 43.02708899986532], [-89.51625999983577, 43.02685100012276], [-89.51720600039012, 43.02789799994083]], [[-89.27650900016974, 43.10879800010196], [-89.27650599979668, 43.108881000181], [-89.27649800029909, 43.1091280001533], [-89.27647099963659, 43.110315999903115], [-89.27646800016184, 43.11044200032259], [-89.27584100034805, 43.110448000273664], [-89.27539500028422, 43.11045099992103], [-89.27540399960672, 43.110040000295186], [-89.27541299982757, 43.10962799976238], [-89.27542200004841, 43.10921699985655], [-89.27543200009414, 43.108804999686285], [-89.27639600019184, 43.10879900023003], [-89.27650900016974, 43.10879800010196]], [[-89.29807599964927, 43.162558999988924], [-89.29801600027312, 43.164459999711866], [-89.29800500040247, 43.16471399976605], [-89.29796799969424, 43.16471399976605], [-89.29796199984645, 43.16484799977664], [-89.29791499999078, 43.16544199976563], [-89.29740600017776, 43.16554699975533], [-89.29693300034974, 43.1657349998226], [-89.29682600021962, 43.16487900023106], [-89.29680299975509, 43.164727000029316], [-89.29693300034974, 43.16472500029139], [-89.29741200002555, 43.164720000291105], [-89.29742500044433, 43.16445299994311], [-89.29747800014778, 43.162565999974746], [-89.29807599964927, 43.162558999988924]], [[-89.26848599994189, 43.09818500012151], [-89.26687900013685, 43.09822900025072], [-89.26675699993811, 43.09823100019624], [-89.266797999946, 43.09774999994507], [-89.266797999946, 43.09755699978031], [-89.26678899972516, 43.097111000161824], [-89.26675699993811, 43.09623099977273], [-89.26675799976302, 43.096052000185935], [-89.26687999996176, 43.09610399994025], [-89.26734399956895, 43.09653399967274], [-89.2676640001344, 43.09692999987974], [-89.26775199999796, 43.097064999901654], [-89.26798999964932, 43.09728200002744], [-89.26820499973448, 43.09747600006012], [-89.26848299956882, 43.09768399987897], [-89.26848599994189, 43.09818500012151]], [[-89.29667300005875, 43.117365999734446], [-89.29663700007373, 43.11754399997041], [-89.29659100004297, 43.11777500003503], [-89.29656799957844, 43.11913400026715], [-89.29606299996338, 43.1191289998155], [-89.29594599978752, 43.119131999693096], [-89.29594599978752, 43.11943099987267], [-89.29594599978752, 43.11986099969211], [-89.29594599978752, 43.119887000282716], [-89.29593499991685, 43.12015799970296], [-89.2959099998025, 43.12023199998688], [-89.29587600036562, 43.12029400024447], [-89.29583799983249, 43.12038599991866], [-89.29568800004466, 43.12038499997994], [-89.2956479998617, 43.12038499997994], [-89.29513099965274, 43.12039200020621], [-89.29477900019855, 43.12039699989893], [-89.29476400012993, 43.12039699989893], [-89.2947409996654, 43.12039599996044], [-89.29474200038862, 43.120317000175966], [-89.29476400012993, 43.119145999775775], [-89.29573800027337, 43.11913600018542], [-89.29581500026626, 43.11913600018542], [-89.29594599978752, 43.119131999693096], [-89.29594699961243, 43.11886999999036], [-89.29594699961243, 43.11859700017528], [-89.29594699961243, 43.11836000010474], [-89.29596199968104, 43.11754599994064], [-89.29596599987899, 43.11733600008573], [-89.29598199977252, 43.1173270001883], [-89.29621100010138, 43.11732500021089], [-89.29630300016288, 43.11733000015423], [-89.29631999988132, 43.11733100014288], [-89.29642000033876, 43.11733600008573], [-89.29667300005875, 43.117365999734446]], [[-89.31115799984188, 43.0713300002826], [-89.3111519999941, 43.071827999976925], [-89.31112600005483, 43.07349900001481], [-89.31056299981513, 43.07343999975346], [-89.30992299958254, 43.0733850002928], [-89.30984800013779, 43.07263700010312], [-89.30970900022061, 43.07135100007079], [-89.3099970001007, 43.071343000058555], [-89.31034100005729, 43.071337000212814], [-89.31097799991683, 43.071337000212814], [-89.31115799984188, 43.0713300002826]], [[-89.52266100018998, 43.056818999736734], [-89.52265799981693, 43.056940999999924], [-89.52265000031933, 43.05746400029815], [-89.5226190003572, 43.059459999892255], [-89.52243299968603, 43.059240000145145], [-89.52211600039196, 43.05885799987852], [-89.52203299965295, 43.05875799994486], [-89.52208799990454, 43.058732999935984], [-89.52203600002602, 43.05866800012771], [-89.5219790001246, 43.058600000032364], [-89.5219010003068, 43.05850699976062], [-89.52180599987224, 43.05839599995026], [-89.52170100029025, 43.058275000253325], [-89.52153999973345, 43.05807200004649], [-89.52147199996138, 43.057990000322015], [-89.52140800038728, 43.05791300003264], [-89.52134700028793, 43.05784099985364], [-89.5212829998155, 43.05776700029261], [-89.52120900019567, 43.05768399985379], [-89.52113600040073, 43.057604000226064], [-89.52105500020987, 43.05751599998989], [-89.52096999982108, 43.057426000318856], [-89.52088299978242, 43.05733999979502], [-89.52077300017757, 43.05723099981264], [-89.52061499999382, 43.05707800017289], [-89.52063699973513, 43.057057999749894], [-89.52048100009952, 43.05689499976777], [-89.52046199983295, 43.05687499994147], [-89.52114600044648, 43.05685700009224], [-89.52266100018998, 43.056818999736734]], [[-89.51816600028984, 43.03390900032007], [-89.51815799989392, 43.03404299996054], [-89.51814000035057, 43.035005000235586], [-89.51813899962735, 43.03514100014445], [-89.517720000226, 43.03514400019698], [-89.51745800028519, 43.0351480002668], [-89.51719600034437, 43.03515199967973], [-89.5168969996953, 43.03515599974902], [-89.51667300028764, 43.03515899980077], [-89.51646300022534, 43.03516199985243], [-89.5164599998523, 43.03499400001738], [-89.51645499982943, 43.03468300025408], [-89.51631000006448, 43.03449799994705], [-89.51628199957707, 43.03432700017176], [-89.51640799997377, 43.03339399980208], [-89.51641499964646, 43.03334300006134], [-89.51671099992247, 43.03333799982696], [-89.51755500036955, 43.03332599991944], [-89.51754899962347, 43.03355799990438], [-89.51754199995078, 43.03391699996381], [-89.51816600028984, 43.03390900032007]], [[-89.56334999964302, 43.0717260000449], [-89.56333299992458, 43.07236400014956], [-89.56331200000818, 43.072937999803315], [-89.56318300013676, 43.07293699974575], [-89.56288699986075, 43.072937999803315], [-89.56135600022371, 43.072944000148595], [-89.56135799987354, 43.07289499993666], [-89.56135799987354, 43.07283599975005], [-89.56141099957696, 43.07147000004686], [-89.56168400028676, 43.071460999968515], [-89.56178899986874, 43.07144999972515], [-89.56189799964869, 43.07144199972584], [-89.56301999993015, 43.071430000053105], [-89.56326000012966, 43.07144399988984], [-89.56330399961226, 43.07147000004686], [-89.56333600029764, 43.071502000023074], [-89.5633479999932, 43.07158099981076], [-89.56334999964302, 43.0717260000449]], [[-89.56309500027321, 43.0592879998351], [-89.56308100002951, 43.06006600031678], [-89.5630869998773, 43.060119000037645], [-89.5630869998773, 43.060204999945476], [-89.56301599973219, 43.060204999945476], [-89.56191199989242, 43.06020399968016], [-89.56176100027966, 43.060203000071134], [-89.56129000010147, 43.060203000071134], [-89.56093500027423, 43.06020800008511], [-89.55934099998969, 43.06020999995934], [-89.55933500014191, 43.06012099991478], [-89.55935199986034, 43.05929100001956], [-89.55983899993207, 43.05929100001956], [-89.56032500017886, 43.059289999739285], [-89.56081100042569, 43.05928900011535], [-89.56137899978994, 43.0592879998351], [-89.56178499967078, 43.0592879998351], [-89.56309500027321, 43.0592879998351]], [[-89.54253200017604, 43.0458249998836], [-89.54251200008454, 43.04655199990567], [-89.54248399959715, 43.0473710002591], [-89.54031000025277, 43.047394000012574], [-89.54032399959816, 43.04698399980279], [-89.53977499960216, 43.04698799975725], [-89.53979200021892, 43.0461540000037], [-89.53979700024179, 43.04584699971724], [-89.53979600041687, 43.04574700023092], [-89.53994299983167, 43.04574499988505], [-89.54197999980698, 43.04572799989651], [-89.5419949998756, 43.04572799989651], [-89.54252700015316, 43.04572700005152], [-89.54253200017604, 43.0458249998836]], [[-89.28170799987659, 43.049016000180984], [-89.28166799969361, 43.0493080002823], [-89.281660000196, 43.05005999999754], [-89.28164400030248, 43.051127999848006], [-89.28163400025673, 43.05146699989318], [-89.28162599986082, 43.05175699999197], [-89.28114700018502, 43.05176200003822], [-89.28041599971583, 43.05178500011449], [-89.28041900008887, 43.0514909998312], [-89.28040099964721, 43.05103799999179], [-89.28043699963223, 43.050523999901245], [-89.27959499973326, 43.05051599979684], [-89.279604999779, 43.0498180002904], [-89.27960999980188, 43.04956400027068], [-89.27976999963545, 43.04947000029653], [-89.28057700027261, 43.049001000025804], [-89.28101499994054, 43.04875200019673], [-89.28119599969051, 43.04864900014589], [-89.28128899957692, 43.04858899980075], [-89.28169199998304, 43.04833100007671], [-89.28169299980796, 43.04879700017741], [-89.28170799987659, 43.049016000180984]], [[-89.49613500030482, 43.05178599986075], [-89.49609500012185, 43.052892000038376], [-89.49609500012185, 43.0529180001872], [-89.49605699958869, 43.05291899991499], [-89.4949529997489, 43.05293899971869], [-89.49346499976957, 43.05286700026358], [-89.49308800020103, 43.05285000027963], [-89.49313199968364, 43.05117599997986], [-89.49337000023334, 43.0511800003174], [-89.49572799970073, 43.051213999893534], [-89.49572100002803, 43.05179699969424], [-89.49600999973303, 43.05178599986075], [-89.4960790002283, 43.05178800000966], [-89.49613500030482, 43.05178599986075]], [[-89.53447200013824, 43.072902999746255], [-89.5344689997652, 43.07301200008314], [-89.53445899971945, 43.073422000174034], [-89.53444299982594, 43.073645999740435], [-89.53443899962798, 43.074399000251645], [-89.53360299957679, 43.07440299973031], [-89.53359599990411, 43.07469100022425], [-89.53346000035998, 43.07469300028221], [-89.5330899995658, 43.07478400022455], [-89.53286799980796, 43.07478500025198], [-89.53284100004377, 43.07478500025198], [-89.53279699966285, 43.07478500025198], [-89.53208700000837, 43.07475300002138], [-89.5320950004043, 43.074409999965695], [-89.53210000042716, 43.07417700023134], [-89.53210700009986, 43.0738829996939], [-89.53210999957459, 43.07373799996963], [-89.53211299994764, 43.073617999757396], [-89.53211499959747, 43.07351800027593], [-89.53211999962033, 43.073298999844184], [-89.5321249996432, 43.07307899988694], [-89.53212999966608, 43.07285999985504], [-89.53213499968894, 43.072640000290534], [-89.5321389998869, 43.07242699974202], [-89.53219199959035, 43.07242699974202], [-89.5334410000934, 43.07241899987024], [-89.53365600017855, 43.07241699973811], [-89.53365700000347, 43.072504000176714], [-89.5341239999837, 43.07250500024134], [-89.5343490001146, 43.07250500024134], [-89.53434300026682, 43.07280299975438], [-89.53447200013824, 43.072902999746255]], [[-89.27485399978583, 43.044573999856716], [-89.27484399974007, 43.04488000009008], [-89.27473800033319, 43.04495400010182], [-89.27451400002721, 43.04507999975677], [-89.27425000043657, 43.04519100003558], [-89.27413800028356, 43.04524699969778], [-89.27378299955801, 43.045351000060315], [-89.27364299981593, 43.045378999824806], [-89.27313099962986, 43.04544200023291], [-89.27296199957543, 43.04544399993219], [-89.27255099967171, 43.04544999968615], [-89.27220900026326, 43.04549500011973], [-89.26983599982894, 43.04541200014046], [-89.26993000043859, 43.04390500000954], [-89.26997499974613, 43.0439019997288], [-89.27284000027502, 43.044002000253116], [-89.27298800041302, 43.04399800010401], [-89.2730989998428, 43.04398100028787], [-89.27319099990429, 43.0439529998853], [-89.27339799959354, 43.04386899991391], [-89.27343799977649, 43.04384600015183], [-89.27351999979227, 43.043792000276866], [-89.27353700040902, 43.043781000320784], [-89.27358900028757, 43.04382000009639], [-89.273718000159, 43.04389699969835], [-89.27413300026069, 43.04414500032575], [-89.27485399978583, 43.044573999856716]], [[-89.56340599971952, 43.07482299997096], [-89.5633839999782, 43.0756950001025], [-89.5633839999782, 43.075827000311286], [-89.56142700036882, 43.075820000237776], [-89.56128400025368, 43.07583399972782], [-89.56128300042879, 43.07614900020444], [-89.56095299981757, 43.07614900020444], [-89.56095299981757, 43.07612200005831], [-89.56059700016543, 43.07612200005831], [-89.56024099961496, 43.07612200005831], [-89.5598919996355, 43.07612000004704], [-89.55971300043367, 43.07612200005831], [-89.5596740000756, 43.076123000063944], [-89.55967599972543, 43.07581400017409], [-89.55918600017898, 43.07581400017409], [-89.55882899980361, 43.075815000184754], [-89.55882899980361, 43.07596600029339], [-89.55847599962618, 43.07599599987524], [-89.55835400032578, 43.076005999951285], [-89.557863999881, 43.07595000016044], [-89.5577219995908, 43.07538700004063], [-89.55742700003799, 43.07529200026094], [-89.5571590002494, 43.074816999809705], [-89.5571099998456, 43.07473000002989], [-89.5578220000482, 43.074731000058236], [-89.55800100014837, 43.07472900000152], [-89.55848800022008, 43.074723999859486], [-89.55901499957643, 43.07472900000152], [-89.55949499997547, 43.074727999973135], [-89.55985200035086, 43.07472699994479], [-89.55993099999357, 43.074718999717085], [-89.56120899991062, 43.07472099977408], [-89.561305999995, 43.07471799968853], [-89.56149400031597, 43.07471999974557], [-89.56188400030331, 43.07471500025899], [-89.56324599988595, 43.07470900008716], [-89.56334299997033, 43.07471000011586], [-89.56340499989462, 43.07471100014448], [-89.56338700035127, 43.07482299997096], [-89.56340599971952, 43.07482299997096]], [[-89.54691999994606, 43.06660400003981], [-89.5468949998317, 43.06742799980128], [-89.54690900007542, 43.06749800024218], [-89.54665100033255, 43.06749700009586], [-89.5466489997844, 43.06770799977285], [-89.5466489997844, 43.06849699983943], [-89.54417599979098, 43.06851000021626], [-89.54417499996607, 43.06842099975182], [-89.54416900011827, 43.067652999762174], [-89.54416900011827, 43.0675030003175], [-89.5427909997438, 43.06751900003076], [-89.54227500025809, 43.067517999884714], [-89.54180300025497, 43.067525999739935], [-89.54016399976459, 43.067534999739834], [-89.54014899969597, 43.06663599993145], [-89.54187199985195, 43.06662799996008], [-89.54206199982275, 43.0666260002952], [-89.54691999994606, 43.06660400003981]], [[-89.56348899956019, 43.048548000176666], [-89.56347299966667, 43.04901099991083], [-89.56345199975027, 43.04913999979133], [-89.56340099969665, 43.04939400025396], [-89.56332999955154, 43.04989800022871], [-89.5633129998331, 43.050144999798285], [-89.563313999658, 43.050534000194425], [-89.5632640003276, 43.05158900030101], [-89.56003800012368, 43.05158400024066], [-89.56004099959841, 43.05147100021174], [-89.56004300014656, 43.05137499971571], [-89.56008300032954, 43.04931299987179], [-89.56009199965204, 43.048851000241946], [-89.56009800039814, 43.048555999881295], [-89.56053299969301, 43.04855500008239], [-89.56348899956019, 43.048548000176666]], [[-89.50843599979953, 43.03164600021478], [-89.50843599979953, 43.03172299999208], [-89.50831799979875, 43.03445700009812], [-89.50830399955505, 43.03464399992342], [-89.50831399960079, 43.03480299985332], [-89.50831299977587, 43.03509900005027], [-89.50832000034688, 43.03525800011449], [-89.50832399964654, 43.035354000226384], [-89.50833000039262, 43.035528999811426], [-89.50833000039262, 43.03558899979811], [-89.50832500036977, 43.03564399967969], [-89.508315000324, 43.03570400021059], [-89.50830399955505, 43.035747999906015], [-89.50828199981373, 43.03581899975091], [-89.5082519996765, 43.035887000154254], [-89.5082369996079, 43.0359150002984], [-89.50821700041472, 43.03594999980403], [-89.50818700027749, 43.03599799999408], [-89.50812899965285, 43.03607000020874], [-89.50812199998016, 43.03607900022965], [-89.50805400020812, 43.0361449996859], [-89.50797399984216, 43.036206999727305], [-89.50792799981141, 43.0362379997245], [-89.50788900035165, 43.03626099971228], [-89.50785300036667, 43.03627899969674], [-89.50764900015216, 43.03637000019384], [-89.50738899986116, 43.03646299989144], [-89.50711299967662, 43.03652800025298], [-89.50686699962934, 43.036568000037185], [-89.50670400032104, 43.036595999870606], [-89.50666499996298, 43.03660099983952], [-89.50640499967199, 43.036637000260264], [-89.50642599958837, 43.03607900022965], [-89.50644400003004, 43.0352849998739], [-89.50661200025952, 43.035281999828264], [-89.50662300013018, 43.03495399986375], [-89.5066819996814, 43.03295200020297], [-89.5052720004182, 43.03295799986526], [-89.5052720004182, 43.032408999772606], [-89.50528999996155, 43.031670000027844], [-89.505342999665, 43.03166899995373], [-89.50539899974149, 43.031667999879616], [-89.50559600028329, 43.031647999707104], [-89.50632600002925, 43.031672000175995], [-89.50671900038965, 43.031665999731324], [-89.50791500029094, 43.03165099993039], [-89.50843599979953, 43.03164600021478]], [[-89.50192999986332, 43.05245400001493], [-89.50056099970966, 43.052695000092704], [-89.50027700002754, 43.05274499977231], [-89.50015900002677, 43.052766000019425], [-89.49975800016877, 43.05281999987171], [-89.49962799957412, 43.05282699994632], [-89.4990069996081, 43.05288999992552], [-89.49811899967838, 43.05289900010481], [-89.49781400007984, 43.05290299967349], [-89.4978380003693, 43.05176400018791], [-89.49709699985436, 43.051775000025344], [-89.49691699992931, 43.05177799992096], [-89.4967260001336, 43.051780999816465], [-89.49660800013282, 43.051780000070124], [-89.49660899995774, 43.05174600015131], [-89.49663499989701, 43.05102400008979], [-89.49672799978342, 43.05102299967466], [-89.49676200011862, 43.050293000158746], [-89.49676700014147, 43.050198999988915], [-89.49691000025662, 43.05021300007923], [-89.49697600037887, 43.05021999979494], [-89.49713700003733, 43.05023000013768], [-89.49749699988743, 43.0502330001089], [-89.49747699979596, 43.05100899976928], [-89.49785099988978, 43.051002000143576], [-89.49785500008774, 43.050851000240236], [-89.4979589998448, 43.05084900006077], [-89.4979720002636, 43.050228999709596], [-89.4986409999102, 43.05022199999492], [-89.49886799969092, 43.05021600005124], [-89.49964400036595, 43.05021399985111], [-89.5003380001269, 43.05019999976103], [-89.50190800012201, 43.0501840001231], [-89.50186200009125, 43.051733000158045], [-89.50179799961884, 43.051821000159514], [-89.50192999986332, 43.05245400001493]], [[-89.3207540004379, 43.100368999676], [-89.32047300023049, 43.10192199982846], [-89.31942799994196, 43.101945000106134], [-89.31916199980317, 43.10195100023415], [-89.31853099979142, 43.10196400007232], [-89.31729100040751, 43.10198999974036], [-89.31700699982706, 43.10199799968645], [-89.31701000020011, 43.1019029998492], [-89.31702400044381, 43.10134800016701], [-89.31692800018435, 43.10135199985415], [-89.31677400019858, 43.101356999790696], [-89.31655099971749, 43.10136400022588], [-89.31638000001325, 43.10136999975498], [-89.31327199981013, 43.1014720001862], [-89.3132579995664, 43.1014720001862], [-89.31325900028963, 43.10143800027996], [-89.31326000011454, 43.10139300024002], [-89.31326699978725, 43.10128099979291], [-89.31328000020603, 43.10075100030962], [-89.3132850002289, 43.100567000161156], [-89.31328900042688, 43.10047099980716], [-89.3132919999016, 43.100383999725224], [-89.31331799984088, 43.09949100009899], [-89.31331899966577, 43.09939899984042], [-89.31333299990948, 43.098986000206054], [-89.31333799993236, 43.09880500021893], [-89.31334299995524, 43.0986559999222], [-89.31335300000097, 43.09863200008263], [-89.31337100044261, 43.0986140000328], [-89.31339200035902, 43.09860199977801], [-89.3134130002754, 43.09859599997768], [-89.31343199964367, 43.09859400004412], [-89.31355600039055, 43.09859000017676], [-89.31378999984398, 43.09858199978537], [-89.31402400019569, 43.09857400004886], [-89.31432100029662, 43.09856399972084], [-89.31460400015384, 43.09855499968661], [-89.31479599977446, 43.09854800024209], [-89.31559599984062, 43.0985210001283], [-89.31595599969073, 43.098508999855284], [-89.31605299977511, 43.098506000278604], [-89.31621900035479, 43.09849999981293], [-89.3162839997538, 43.09849900017259], [-89.31634999987604, 43.09849700023581], [-89.31638199966308, 43.09849599993947], [-89.316502000212, 43.09849400000264], [-89.31673200036577, 43.098488999832256], [-89.31712400000293, 43.0984810000836], [-89.31678300041939, 43.09877600029086], [-89.31685600021432, 43.099236000290496], [-89.31701100002503, 43.10018799984168], [-89.31703299976633, 43.100862000156745], [-89.31703100011651, 43.101000999746525], [-89.31702600009363, 43.101220000201124], [-89.31712499982784, 43.101223999896625], [-89.31711700033023, 43.101713999976354], [-89.31723500033101, 43.1019029998492], [-89.31727200014093, 43.101961000009], [-89.3192680001084, 43.10191599969756], [-89.31933199968249, 43.10191500011298], [-89.31948999986624, 43.101912000047264], [-89.31962999960831, 43.101907999740746], [-89.31962899978342, 43.10189400030578], [-89.3196210002858, 43.101701999673224], [-89.3196279999585, 43.10148599971766], [-89.31960200001923, 43.10112700031939], [-89.31957799972977, 43.100789000321335], [-89.31957000023218, 43.10040800018992], [-89.31968999988277, 43.10040300017589], [-89.31971599982204, 43.10040199991064], [-89.3202890001075, 43.10037899970923], [-89.3207540004379, 43.100368999676]], [[-89.32543299956274, 43.12947699976024], [-89.32541300036958, 43.130071000038164], [-89.32540900017162, 43.13009200001193], [-89.32542699971496, 43.13192200019261], [-89.3244790004091, 43.13190100019154], [-89.324147999973, 43.131896000127796], [-89.32287500007882, 43.13186900030102], [-89.32206800033995, 43.13110500023676], [-89.32192100002686, 43.13096600017459], [-89.32186800032342, 43.12907600000947], [-89.3218459996838, 43.12826399976747], [-89.32291199988875, 43.12826800031829], [-89.32519300026155, 43.12827699991762], [-89.32537099963847, 43.12827500029816], [-89.32539999995079, 43.12882899991077], [-89.32543299956274, 43.12947699976024]], [[-89.29143699964368, 43.06249799973119], [-89.29142999997096, 43.06263699975316], [-89.29143300034403, 43.063591999773955], [-89.2912700001374, 43.06359499974781], [-89.29054000039143, 43.06360099969512], [-89.29026599985673, 43.06360499987848], [-89.28948800043021, 43.063613999797745], [-89.2891369999026, 43.06361699977052], [-89.28878700009824, 43.06362099995283], [-89.28881200021259, 43.064794000304715], [-89.29026000000896, 43.06476699975], [-89.29026099983386, 43.06453999996375], [-89.290263000382, 43.064179000179784], [-89.29026500003181, 43.06367999982174], [-89.29054000039143, 43.063676999852035], [-89.2912700001374, 43.063669000150824], [-89.29143400016892, 43.063669000150824], [-89.29143599981876, 43.06403600021749], [-89.29142599977301, 43.06530000009024], [-89.29142699959792, 43.0663799996744], [-89.29124199965, 43.066321999944435], [-89.29109000021235, 43.066268000169174], [-89.29052100012485, 43.06606699985836], [-89.29033799982676, 43.066001999949826], [-89.28967599985285, 43.06576599988439], [-89.28928000001774, 43.06562600021711], [-89.28914100010056, 43.06557800023881], [-89.28869199966367, 43.065425999950236], [-89.28813199979703, 43.06524499988784], [-89.287482000417, 43.06508000029723], [-89.28680299982634, 43.064946999723205], [-89.28677600006216, 43.064943000283705], [-89.28663399977195, 43.064918999703735], [-89.28649999987765, 43.06490000005825], [-89.2864680000906, 43.06489599995944], [-89.28646600044077, 43.06475699980892], [-89.28646399989263, 43.06454599981857], [-89.2864620002428, 43.06290199991355], [-89.2864620002428, 43.06259800012822], [-89.28646100041789, 43.06255700002453], [-89.29143699964368, 43.06249799973119]], [[-89.52841899993857, 43.02709799988993], [-89.52841800011366, 43.02728400032143], [-89.52841700028874, 43.0274619997053], [-89.52841700028874, 43.02763999988637], [-89.52841599956552, 43.02781899968811], [-89.5284149997406, 43.02799700014728], [-89.52841300009078, 43.02828600008861], [-89.52840999971774, 43.028568999891846], [-89.52840800006791, 43.02873899982855], [-89.5284060004181, 43.0289089999511], [-89.52840399986994, 43.02907900025946], [-89.52840200022013, 43.0292519997809], [-89.52839999967198, 43.02942199979595], [-89.52839800002216, 43.029593000104796], [-89.52839600037235, 43.02976999991117], [-89.52839299999931, 43.0299599998773], [-89.52838999962624, 43.03016399998108], [-89.52838700015153, 43.03032000006645], [-89.52647099965169, 43.03032999971328], [-89.52632400023693, 43.03032999971328], [-89.52632900025978, 43.03132599984115], [-89.52387399980972, 43.031324999761445], [-89.52342500027115, 43.03133200031907], [-89.52346000043124, 43.02808700031581], [-89.52432900009438, 43.02802600008467], [-89.52537699985766, 43.028017000196165], [-89.52537799968258, 43.02806899989866], [-89.52538299970543, 43.02829800032488], [-89.52538199988054, 43.02832200013371], [-89.52537400038293, 43.028483000277625], [-89.52536500016208, 43.028657999755204], [-89.5264799998725, 43.02864899995936], [-89.52648599972032, 43.028586000038075], [-89.52647300019983, 43.02844199969369], [-89.52647200037492, 43.02832599999148], [-89.52646999982677, 43.0280639998913], [-89.52647499984965, 43.02794800013139], [-89.52648599972032, 43.02735699974011], [-89.52766599972806, 43.02733099992111], [-89.5276609997052, 43.027411000288744], [-89.52822200029507, 43.02717900005181], [-89.52841899993857, 43.02709799988993]], [[-89.27077399998737, 43.09425099972525], [-89.27076700031468, 43.09434699999173], [-89.27076499976654, 43.09437800012079], [-89.2707630001167, 43.09440500009344], [-89.27074100037542, 43.09449699998383], [-89.27069699999448, 43.09457200017006], [-89.27042199963486, 43.09504500026043], [-89.27029699996142, 43.095260999979715], [-89.27023900023508, 43.09537600001752], [-89.27021099974768, 43.095443999983864], [-89.27019400002925, 43.0955170002882], [-89.27016899991489, 43.095591999881194], [-89.27014999964831, 43.09567599984105], [-89.27013899977764, 43.095867999691535], [-89.27016300006709, 43.09631500016798], [-89.2701990000521, 43.09658300000283], [-89.27025000010573, 43.09686699989884], [-89.27026699982417, 43.09696300000005], [-89.27028199989279, 43.097041000094436], [-89.27032899974844, 43.097501000009444], [-89.26944800038974, 43.097695000004244], [-89.26935299995519, 43.09770800009012], [-89.26920599964211, 43.09770699978089], [-89.26907400029594, 43.09768199991562], [-89.26897899986137, 43.097645000253756], [-89.26888000012717, 43.09758600028573], [-89.26849099996474, 43.09730300010459], [-89.26807500003814, 43.096925000237654], [-89.26763700037021, 43.096380999741754], [-89.26746400011787, 43.09622000004041], [-89.26707199958238, 43.09585800023346], [-89.26700600035846, 43.09579800017109], [-89.26675899958794, 43.09580000019597], [-89.26675899958794, 43.0957279999147], [-89.26675899958794, 43.095564999775924], [-89.26677899967942, 43.09497899990271], [-89.26677600020469, 43.09493099995566], [-89.2667629997859, 43.094736000029926], [-89.2667900004484, 43.093810000195994], [-89.26679399974803, 43.093675000213935], [-89.2667770000296, 43.092191000193594], [-89.26717200003982, 43.09217999973561], [-89.26754199993567, 43.092169999675384], [-89.26820800010752, 43.092151999694], [-89.26858899987404, 43.092140999885025], [-89.2686569996461, 43.09267000003175], [-89.26865900019422, 43.092680999745724], [-89.26872399959325, 43.093194000254414], [-89.26878499969261, 43.09361599970074], [-89.26880300013428, 43.09371399974371], [-89.26936300000094, 43.093621000269], [-89.26973700009474, 43.093565000178636], [-89.2697839999504, 43.093570000095056], [-89.26993499956315, 43.093591000133266], [-89.27002400014993, 43.093608999691654], [-89.27008299970116, 43.09362199998902], [-89.27025699977844, 43.09366800021164], [-89.27033399977132, 43.09371700021107], [-89.27052499956703, 43.09383699976312], [-89.27062400019955, 43.093917999704956], [-89.27069799981939, 43.09403100021424], [-89.27074600039829, 43.09412000021896], [-89.27076899996452, 43.094195000210924], [-89.27077399998737, 43.09425099972525]], [[-89.3706639996699, 43.09767699967897], [-89.37065699999721, 43.09774900029243], [-89.37063799973065, 43.097830999958695], [-89.3706210000122, 43.0979049996913], [-89.37060599994359, 43.09794799971643], [-89.37059699972275, 43.097971999824104], [-89.37055800026302, 43.09806699985734], [-89.37053399997356, 43.098133000166506], [-89.37051899990495, 43.09819499985549], [-89.37049799998854, 43.09825100030349], [-89.37048499956975, 43.09829799997229], [-89.37047399969912, 43.09838699967898], [-89.37047200004929, 43.098402000213774], [-89.37046100017864, 43.09846499992727], [-89.37046200000353, 43.09853599997436], [-89.37046600020152, 43.09863200008263], [-89.37047600024725, 43.09871500017112], [-89.37049299996569, 43.09880099970947], [-89.37050300001142, 43.09884199983581], [-89.37052599957765, 43.098897000058194], [-89.37053999982133, 43.09891800023741], [-89.37055400006506, 43.09895799999662], [-89.37056099973773, 43.099025000289046], [-89.3705640001108, 43.09910999976157], [-89.3705640001108, 43.09917300005844], [-89.37056699958552, 43.099282999859156], [-89.37056199956265, 43.09935899971337], [-89.37053599962339, 43.0994420001282], [-89.37051399988209, 43.0995150002578], [-89.37048999959264, 43.09957899976073], [-89.37046299982845, 43.09963200007733], [-89.3704090003001, 43.099772999730966], [-89.37037800033796, 43.09985800013289], [-89.37034400000277, 43.09993700009192], [-89.37029799997202, 43.10005600030278], [-89.37027200003274, 43.10011199970466], [-89.37022299962894, 43.10019600002323], [-89.37021500013132, 43.10021100011485], [-89.37014999983401, 43.10028599986189], [-89.37008500043498, 43.10035900029707], [-89.37003400038138, 43.1004139998127], [-89.37001599993971, 43.10044399988542], [-89.36998499997758, 43.100477000079636], [-89.36996800025912, 43.100527999748515], [-89.36995099964237, 43.1005809998996], [-89.36991399983246, 43.10062900000917], [-89.36985500028123, 43.100680000207355], [-89.36980000002964, 43.100726999979415], [-89.36976400004463, 43.10077499997454], [-89.36970799996813, 43.10088300031792], [-89.36966199993738, 43.10094799995906], [-89.36960599986088, 43.10099000021517], [-89.369536000439, 43.1010549997427], [-89.36949899973075, 43.1010980001793], [-89.36943900035462, 43.10116099974242], [-89.36942000008804, 43.10118600015495], [-89.36935599961564, 43.101270000311864], [-89.36929100021662, 43.101530999689295], [-89.36868100012124, 43.101527000013796], [-89.36824400027825, 43.101522999682174], [-89.3681770003311, 43.10143700003167], [-89.36816100043757, 43.10141700030915], [-89.3681649997372, 43.10130900025186], [-89.36715700015691, 43.1012919999279], [-89.36714999958589, 43.10150199974051], [-89.36715200013403, 43.10155599995073], [-89.36707400031622, 43.101567000036255], [-89.36691000028469, 43.101568999872754], [-89.36644099975634, 43.10157300020138], [-89.36542800015314, 43.101557000197076], [-89.3653069997793, 43.10156200011687], [-89.36529099988579, 43.10138800030642], [-89.36534399958924, 43.101306000156434], [-89.36535899965786, 43.10128300029462], [-89.36548400022964, 43.10108899986158], [-89.36581899996538, 43.10060099989516], [-89.36584400007976, 43.10056500029197], [-89.36593799979109, 43.10042500010341], [-89.36600800011126, 43.1003120002425], [-89.36606800038574, 43.10018900011042], [-89.36620200028004, 43.09999899992196], [-89.36699399995028, 43.09882799969974], [-89.36730899959456, 43.09836200009134], [-89.36743300034142, 43.09817699967719], [-89.36755999966472, 43.09797599973178], [-89.3676430004037, 43.09785999967844], [-89.36785599994073, 43.09755600012453], [-89.36789100010083, 43.097504000291316], [-89.3681770003311, 43.097084000070346], [-89.36819400004953, 43.09704900003121], [-89.36946699994373, 43.09704799971119], [-89.3695220001953, 43.09704599972706], [-89.36946899959354, 43.09708000010434], [-89.36949000040825, 43.097113999806844], [-89.36950200010381, 43.09713200029761], [-89.36951700017242, 43.09714800014636], [-89.36952999969292, 43.09716299967282], [-89.3695509996093, 43.097177999851496], [-89.36957599972366, 43.09718999972945], [-89.36959699964005, 43.09720299992254], [-89.3696229995793, 43.09721200015554], [-89.36965500026469, 43.09722299970965], [-89.36970399977017, 43.09724300014614], [-89.36976599969445, 43.09725699998865], [-89.36984000021262, 43.09727000016751], [-89.36991800003042, 43.09728900027259], [-89.36998300032775, 43.09729599986104], [-89.37004799972676, 43.0973010001288], [-89.37012899991761, 43.09731400029832], [-89.37021699978116, 43.09731899990865], [-89.37031899988841, 43.0973280001246], [-89.37040400027722, 43.09733999997311], [-89.37046700002641, 43.097347999870834], [-89.37055300024014, 43.09736800026655], [-89.37059099987498, 43.09739599989116], [-89.37063100005795, 43.09744399987392], [-89.37064500030165, 43.097491999818985], [-89.37065899964705, 43.0975679999284], [-89.37065899964705, 43.09760700025862], [-89.3706639996699, 43.09767699967897]], [[-89.26944800038974, 43.07533199970265], [-89.26944699966651, 43.07534199988705], [-89.26944199964365, 43.07535300008803], [-89.2691410002431, 43.07580300005586], [-89.26898300005934, 43.076039000190775], [-89.26881599965475, 43.076289000115246], [-89.26858800004912, 43.076631000155245], [-89.26841999981963, 43.07688200028242], [-89.26840399992611, 43.076907000108044], [-89.2682979996209, 43.077066000072854], [-89.26826199963588, 43.077115000230556], [-89.26812699991667, 43.07730399990945], [-89.2681639997266, 43.077313999772045], [-89.2679379997708, 43.07764800015144], [-89.26791199983151, 43.077649000132126], [-89.26765800028662, 43.078024000282184], [-89.26762599960125, 43.078069999752366], [-89.2674039998434, 43.07839900010565], [-89.26702700027485, 43.07895700031374], [-89.26688199961158, 43.079168999862716], [-89.26686499989314, 43.07919599997851], [-89.2668480001747, 43.07922300008246], [-89.26681700021257, 43.079277000254606], [-89.26679299992313, 43.07929999985176], [-89.26678799990026, 43.07933099972307], [-89.26677600020469, 43.07935699981468], [-89.26669599983876, 43.07933500019214], [-89.26669599983876, 43.079489000008635], [-89.26669500001383, 43.07956899994805], [-89.26669500001383, 43.079659999866934], [-89.26669400018892, 43.079706000077366], [-89.26669500001383, 43.07972399977943], [-89.26669500001383, 43.079936999898614], [-89.26669500001383, 43.080049000015386], [-89.26652699978433, 43.08003400023424], [-89.26652299958639, 43.08062000006453], [-89.26652400030962, 43.08076200011803], [-89.26652299958639, 43.08092999992271], [-89.266693000364, 43.08092800006832], [-89.266693000364, 43.0812099998857], [-89.26668400014319, 43.08127799983356], [-89.26307999964747, 43.08133499992468], [-89.26309399989118, 43.081308000095305], [-89.2634470000686, 43.080494999879015], [-89.26389300013244, 43.079493999761866], [-89.26427600044708, 43.07913400008366], [-89.26429399999043, 43.07912699973178], [-89.26430700040922, 43.079125999775165], [-89.26458600006848, 43.07879500012067], [-89.26635100005724, 43.07677300026723], [-89.26668900016604, 43.0763870003218], [-89.26665999985374, 43.074846999954005], [-89.26669699966365, 43.074846999954005], [-89.26695600012975, 43.074846999954005], [-89.2672070001999, 43.074846999954005], [-89.26734299974403, 43.07484900000688], [-89.26734699994199, 43.07540100028579], [-89.26772400040885, 43.07541799992302], [-89.26829500014617, 43.075442999689784], [-89.26831699988746, 43.07544399970649], [-89.26839700025342, 43.075213000007395], [-89.26844300028417, 43.07508199981097], [-89.26892399960978, 43.07517699991621], [-89.2689739998385, 43.07508799994628], [-89.26941700042761, 43.075295000318434], [-89.26942999994809, 43.075301999795734], [-89.26943999999382, 43.07531199998503], [-89.2694459998416, 43.07532300019144], [-89.26944800038974, 43.07533199970265]], [[-89.53293200028037, 43.031629000259464], [-89.5328560001124, 43.03375400020442], [-89.53279900021099, 43.033753000164275], [-89.53186199987746, 43.034282000082534], [-89.53096399990201, 43.034724999976326], [-89.53005000003303, 43.03498499983734], [-89.52875200002451, 43.03535300021232], [-89.52866699963569, 43.03543900004967], [-89.52827699964834, 43.03630100032714], [-89.5280680003093, 43.03634800024478], [-89.52807300033216, 43.03617899971639], [-89.52808000000485, 43.03613599967473], [-89.52810799959394, 43.03500700027506], [-89.52811599998986, 43.03478300004583], [-89.52812100001272, 43.034618999934104], [-89.52815600017284, 43.03356300012079], [-89.52816299984553, 43.03333899987387], [-89.52819499963259, 43.03245099973789], [-89.52820100037867, 43.03231000011593], [-89.52820899987628, 43.032096999974975], [-89.52810000009633, 43.03209900010921], [-89.52788300036137, 43.03210200031046], [-89.52770500008614, 43.03210399978788], [-89.527710000109, 43.03179700011333], [-89.52771400030696, 43.03149100029346], [-89.5286530002903, 43.031483999754016], [-89.52970100005358, 43.03145700029226], [-89.53266600014159, 43.031418999959605], [-89.53293200028037, 43.031629000259464]], [[-89.52348899984524, 43.02507999980916], [-89.52346100025615, 43.027808000151886], [-89.51779200019602, 43.027889000033554], [-89.51677399967166, 43.02676299976355], [-89.51667300028764, 43.02664999998287], [-89.51815299987103, 43.025909000172284], [-89.51947599999394, 43.025246999678465], [-89.52139800034155, 43.02427900027112], [-89.52141099986201, 43.02427500014965], [-89.52143099995351, 43.024271000027916], [-89.5215640000229, 43.02419999995791], [-89.52176999988723, 43.02410500032779], [-89.52257900017423, 43.02374300005801], [-89.52257499997627, 43.02426599971118], [-89.52256900012848, 43.02508200017207], [-89.52332599963863, 43.02507999980916], [-89.52348899984524, 43.02507999980916]], [[-89.51423999957886, 43.031655000227836], [-89.51422299986042, 43.03519099968754], [-89.51331900003719, 43.03520099985392], [-89.51227600029677, 43.035213000051385], [-89.51027399958323, 43.035235999766776], [-89.50959400006597, 43.035242999878285], [-89.50859499980818, 43.03525500006754], [-89.50856700021909, 43.034666999852014], [-89.50858700031058, 43.03336899996023], [-89.5086030002041, 43.032428000292036], [-89.50862599977033, 43.03229299968794], [-89.50864099983893, 43.031728999774515], [-89.50872100020489, 43.031727000284825], [-89.50963400024895, 43.031735000212976], [-89.51423999957886, 43.031655000227836]], [[-89.27168500038162, 43.08418700025609], [-89.27168399965838, 43.084205999827624], [-89.27130700008983, 43.08421699974947], [-89.27073100032966, 43.08407200020307], [-89.27076499976654, 43.08397999974282], [-89.27082400021608, 43.08382299976503], [-89.27094899988957, 43.083527999696344], [-89.27096399995818, 43.08315299977143], [-89.2687400003851, 43.083138000094095], [-89.26855500043716, 43.08311099974711], [-89.2685229997518, 43.08310200006623], [-89.26849299961455, 43.08308800026837], [-89.26844199956095, 43.083214000302206], [-89.2684099997739, 43.08329100030464], [-89.26836399974314, 43.08340200030831], [-89.26756299985206, 43.08340300019513], [-89.26696399962735, 43.08340400008195], [-89.26695399958162, 43.08322600029189], [-89.26695399958162, 43.083068999694], [-89.26695399958162, 43.083053999996096], [-89.2669529997567, 43.082728999953694], [-89.2669529997567, 43.08244500010602], [-89.26694799973383, 43.082298999741255], [-89.26694400043418, 43.08215500015516], [-89.26694400043418, 43.08177600004599], [-89.26694400043418, 43.081285999861024], [-89.26694500025908, 43.08098100012373], [-89.26694500025908, 43.08067400031773], [-89.26694500025908, 43.08030400032609], [-89.266946000084, 43.07999399992504], [-89.266946000084, 43.0797689999957], [-89.266946000084, 43.0797579999313], [-89.26695000028197, 43.079693000106964], [-89.26695799977956, 43.07963599980052], [-89.26697899969597, 43.07954799969522], [-89.26700600035846, 43.07946899967942], [-89.2670370003206, 43.07939999974012], [-89.26708400017627, 43.079317999673144], [-89.267122999636, 43.079257999810665], [-89.26732100000274, 43.07896300006968], [-89.26748400020934, 43.07871799971674], [-89.26759299998928, 43.07856199999923], [-89.26767699965488, 43.078443999982724], [-89.26784300023455, 43.07819700023567], [-89.26803400003024, 43.077912999721], [-89.26881999985272, 43.07788800030576], [-89.26933100021388, 43.0778720000185], [-89.26956800004034, 43.07786400020139], [-89.26955700016968, 43.0776009997268], [-89.26977300007975, 43.077593999855935], [-89.27003300037074, 43.07758699998427], [-89.27042699965774, 43.07757500020239], [-89.27082000001812, 43.077563999744115], [-89.27121199965528, 43.07755199995773], [-89.27164900039661, 43.07753900018649], [-89.27165199987135, 43.077990999799376], [-89.27165199987135, 43.07809900029924], [-89.27165299969624, 43.07817200028019], [-89.27166199991709, 43.07992300003366], [-89.27166199991709, 43.0800629998516], [-89.27166299974198, 43.08016800016124], [-89.27168299983349, 43.08404899977291], [-89.27168500038162, 43.08418700025609]], [[-89.53195099956594, 43.04584599987417], [-89.53183599993821, 43.04598500022424], [-89.53144599995088, 43.04648700031583], [-89.53102099980342, 43.04703000024784], [-89.53093299993988, 43.04714399974636], [-89.53063400018914, 43.04752699993067], [-89.53035600035479, 43.047873999978314], [-89.5300409998122, 43.04826400013884], [-89.5293999997547, 43.049209000318285], [-89.5293219999369, 43.04932899973692], [-89.52922400002761, 43.049473000304886], [-89.52907099986675, 43.049473000304886], [-89.52767999997178, 43.049505999730975], [-89.52333800023251, 43.04961099987554], [-89.52278000001567, 43.049622000099056], [-89.52280699977985, 43.04777500032567], [-89.52161599990144, 43.047793000214696], [-89.52162199974923, 43.04741999986624], [-89.52281900037372, 43.04740199986771], [-89.52282699987136, 43.04688899998759], [-89.52284299976486, 43.045969000143344], [-89.52415400019218, 43.04595399989954], [-89.52587999982289, 43.04592999976444], [-89.52589700043964, 43.04638299990975], [-89.5261409999388, 43.04637999975023], [-89.52614000011391, 43.046295999819655], [-89.52612500004528, 43.04592400005744], [-89.52861300010733, 43.045890000174914], [-89.52957399983197, 43.04587899993855], [-89.53184799963377, 43.04584699971724], [-89.53195099956594, 43.04584599987417]], [[-89.33577499979823, 43.10048099982373], [-89.33573999963814, 43.10073699995418], [-89.33572200009479, 43.100832999891146], [-89.33569899963025, 43.10126599996345], [-89.33568899958452, 43.10139500008216], [-89.3356869999347, 43.10160500019739], [-89.3356650001934, 43.10183199977109], [-89.33566099999543, 43.10250200008553], [-89.33561400013977, 43.1035389998958], [-89.3355749997817, 43.10435099970137], [-89.33557700032985, 43.104575999849146], [-89.3355599997131, 43.10482600006372], [-89.33552399972808, 43.1056229997772], [-89.33551500040556, 43.10588599996816], [-89.33549799978881, 43.10633499979017], [-89.3354819998953, 43.106597000037354], [-89.33547299967445, 43.10675400000864], [-89.3336590001802, 43.10673100022597], [-89.33311500020707, 43.106723999748674], [-89.33235100012591, 43.106715000258035], [-89.33147800026482, 43.10671100026541], [-89.33109999997305, 43.10670399978577], [-89.3309769999494, 43.10669500029225], [-89.33059000033509, 43.10669199980491], [-89.32942799987069, 43.10668499997895], [-89.32792599964765, 43.10666399984042], [-89.32754900007912, 43.10668099998436], [-89.32700400028108, 43.106675999826784], [-89.32701099995376, 43.10646399972161], [-89.32702600002237, 43.10620500007235], [-89.32728600031336, 43.10620900009804], [-89.32727600026763, 43.10587600017856], [-89.32727600026763, 43.10578199997781], [-89.32754200040641, 43.10578899990703], [-89.32753999985827, 43.105503999893024], [-89.32761100000337, 43.105506999782726], [-89.32820600003015, 43.105513000217556], [-89.32821600007588, 43.10529400003473], [-89.32821900044894, 43.10483300010225], [-89.32821600007588, 43.1047699997266], [-89.32821699990077, 43.10467699999052], [-89.32821699990077, 43.10454400009427], [-89.32821699990077, 43.10449200029295], [-89.32821500025096, 43.10432400017895], [-89.32832599968073, 43.10426600029021], [-89.32837099988657, 43.104239000074465], [-89.32874699963023, 43.10404199986468], [-89.32881299975246, 43.104006999867615], [-89.3288160001255, 43.103919000011494], [-89.3288370000419, 43.103428999870864], [-89.32884899973747, 43.10327000011748], [-89.32884899973747, 43.10316900027833], [-89.32890700036211, 43.103142999799196], [-89.33002200007253, 43.10254899977068], [-89.33066399995495, 43.10222199972016], [-89.33077799975777, 43.10215799970044], [-89.33074099994784, 43.10313000021138], [-89.33198500042803, 43.102497000242494], [-89.33321499976618, 43.10181599983447], [-89.33413799985598, 43.10134899976084], [-89.33577499979823, 43.10048099982373]], [[-89.55200800022313, 43.060325999771834], [-89.55199700035249, 43.060594999799505], [-89.55198999978148, 43.06076599987206], [-89.55197700026099, 43.061076999998285], [-89.5519639998422, 43.0614199998487], [-89.55185800043532, 43.063837999769504], [-89.54700199996182, 43.063863000322115], [-89.54671300025682, 43.06386500007707], [-89.54214100036378, 43.06390700016729], [-89.54214100036378, 43.063885000248646], [-89.54217999982353, 43.06178299995012], [-89.54218800021944, 43.061363999856844], [-89.54218999986928, 43.061272999678934], [-89.54219099969418, 43.06118200002232], [-89.5421990000901, 43.06079399981934], [-89.54220599976279, 43.06041000017803], [-89.54220900013586, 43.060332000039075], [-89.54220900013586, 43.06024800018233], [-89.54311999963177, 43.06024199990687], [-89.5440429997216, 43.06023300014894], [-89.5447549999242, 43.06023800016048], [-89.54573599974033, 43.060233999757486], [-89.54699000026626, 43.060233999757486], [-89.5471059997189, 43.06023300014894], [-89.5476339997985, 43.06022600026337], [-89.55062700037391, 43.06021100022456], [-89.55143300028786, 43.06021399970756], [-89.55199800017739, 43.06021199983345], [-89.55200599967499, 43.06029800026719], [-89.55200800022313, 43.060325999771834]], [[-89.55663600019265, 43.067485999797285], [-89.55657599991821, 43.068914000153974], [-89.55657199972025, 43.06901799975899], [-89.55656400022265, 43.06923500015862], [-89.55656000002469, 43.069331999716795], [-89.55651200034411, 43.07046200011881], [-89.55649100042771, 43.07096299991703], [-89.55648899987956, 43.070999999948015], [-89.5564400003741, 43.07215099995421], [-89.55642899960512, 43.07241500026209], [-89.55633700044193, 43.074635999917795], [-89.55626200009885, 43.07463799997751], [-89.55626299992376, 43.07473400014316], [-89.55626399974868, 43.0748340002651], [-89.55626000044904, 43.07544399970649], [-89.55625700007599, 43.07575400016136], [-89.55625299987803, 43.07609699991238], [-89.55598799956415, 43.07605999967774], [-89.55570700025507, 43.07601900004776], [-89.55541699982683, 43.075976999726215], [-89.5550889997638, 43.07592899997959], [-89.55463600002726, 43.075863000020625], [-89.55470700017237, 43.07484199982164], [-89.55471800004302, 43.07482500002461], [-89.55472100041607, 43.074736000199664], [-89.55461199973782, 43.07473700022792], [-89.55373600040198, 43.07473200008653], [-89.55302800039732, 43.07473400014316], [-89.55284099990125, 43.07473500017144], [-89.55278300017494, 43.07473500017144], [-89.55169199985563, 43.07473900028438], [-89.55138999973185, 43.07474099968452], [-89.55138300005915, 43.074645000186045], [-89.5514140000213, 43.07395299998104], [-89.551428000265, 43.073657000245845], [-89.55146500007491, 43.07299399972178], [-89.55156899983199, 43.07110800030085], [-89.55168799965767, 43.06895700018873], [-89.55172000034305, 43.0683779999973], [-89.5517520001301, 43.06779400019174], [-89.55176399982567, 43.06757000023734], [-89.55176800002361, 43.067495999949465], [-89.55191600016161, 43.06749700009586], [-89.55198399993368, 43.06749700009586], [-89.55258800018127, 43.067498999732265], [-89.55364900036334, 43.067492000020046], [-89.55531700026773, 43.06748099972058], [-89.55596900019589, 43.06747199971276], [-89.55663600019265, 43.067485999797285]], [[-89.55748800013737, 43.03842000023334], [-89.55747399989367, 43.03909699976917], [-89.55747899991655, 43.03920000010101], [-89.55743700008374, 43.03957499976551], [-89.5573500000451, 43.04046399982607], [-89.55730900003724, 43.04086999992717], [-89.5572720002273, 43.04103099998179], [-89.55719100003645, 43.041539000043244], [-89.55712499991421, 43.04205700019992], [-89.55709200030225, 43.042056000295084], [-89.55697099992842, 43.04205700019992], [-89.55538800041285, 43.042063000285076], [-89.55309399962125, 43.04207399989266], [-89.55307899955264, 43.04249600017876], [-89.5530409999178, 43.043560000248846], [-89.55302900022224, 43.04392699987521], [-89.55302400019936, 43.044071999866624], [-89.5549490000217, 43.04403199972211], [-89.55501000012107, 43.04403099984946], [-89.5551039998324, 43.04402900010412], [-89.5551039998324, 43.04417700012191], [-89.5551039998324, 43.044640999886], [-89.55511700025119, 43.044969999790986], [-89.55503600006034, 43.045626999713114], [-89.55503600006034, 43.045705000174884], [-89.55483199984583, 43.045701000136766], [-89.55424600003992, 43.045700000291326], [-89.55402299955885, 43.045697000098386], [-89.55382400026554, 43.045701000136766], [-89.55354399988303, 43.045705000174884], [-89.55230000030119, 43.04569600025288], [-89.55229199990526, 43.04587700025346], [-89.55229299973017, 43.046242999968385], [-89.55225599992025, 43.04719099989257], [-89.55225799957007, 43.04751500017201], [-89.55215600036114, 43.04751500017201], [-89.55099300007181, 43.04751800027603], [-89.54975899963738, 43.04752099972341], [-89.54852400027634, 43.04752300001141], [-89.54735400031433, 43.04752500029929], [-89.54728999984191, 43.04752500029929], [-89.54731900015423, 43.045823000196734], [-89.54732800037506, 43.045718999977936], [-89.54737100003275, 43.04421499977608], [-89.54766399993572, 43.04421399990642], [-89.54793199972433, 43.04421399990642], [-89.54854000016987, 43.04421200016705], [-89.54898799988354, 43.04421100029739], [-89.54915699993794, 43.04421100029739], [-89.5491419998693, 43.04463800029779], [-89.54921600038747, 43.04463800029779], [-89.55041099956553, 43.04463599991571], [-89.55040399989285, 43.0448119998054], [-89.55036999955766, 43.04562400017312], [-89.550358999687, 43.04571300025029], [-89.5504159995884, 43.04571300025029], [-89.55047500003796, 43.04571300025029], [-89.55094700004106, 43.04567799974851], [-89.55116200012621, 43.045684999981745], [-89.55160700036514, 43.0456949997509], [-89.551612000388, 43.04563099975606], [-89.55163599977915, 43.04505400022432], [-89.55166500009146, 43.044339999768276], [-89.55172000034305, 43.04297999995139], [-89.55175700015296, 43.04208099988059], [-89.54997999957031, 43.04209399994997], [-89.54998200011845, 43.04202800032697], [-89.55000300003485, 43.04151500015055], [-89.5501119998148, 43.03881799975489], [-89.5501269998834, 43.03844799987827], [-89.55375800014329, 43.03843199980136], [-89.55391799997686, 43.03843199980136], [-89.55440099985063, 43.03842999987351], [-89.55483500021889, 43.03842899990957], [-89.55526899968885, 43.03842699998163], [-89.55570300005712, 43.03842600001764], [-89.55613700042537, 43.03842500005362], [-89.55657099989534, 43.03842300012556], [-89.55700500026362, 43.0384220001615], [-89.55748800013737, 43.03842000023334]], [[-89.53259699964632, 43.03859199972636], [-89.53256499985926, 43.039547999924004], [-89.53250700013294, 43.04110899972176], [-89.53258999997361, 43.041115999819795], [-89.53254999979063, 43.04221099979346], [-89.53250100028517, 43.04361799984575], [-89.53249999956192, 43.04362799995179], [-89.5316590003862, 43.043637000177135], [-89.53152100029394, 43.043638999935254], [-89.53141199961567, 43.04363999981429], [-89.52964499997708, 43.043659000138916], [-89.5286950001231, 43.04366900023828], [-89.52866800035892, 43.044791000117414], [-89.52287899974988, 43.04487100004709], [-89.5181350003277, 43.04493299980593], [-89.51797799996886, 43.044927999859496], [-89.51798299999173, 43.04476700018378], [-89.51799899988526, 43.04417600025164], [-89.51799899988526, 43.0438150000592], [-89.51801200030407, 43.043470999674184], [-89.5180309996723, 43.042984000166925], [-89.51804800028906, 43.04207999997615], [-89.51804599974092, 43.041746000123545], [-89.51812100008401, 43.039360999941835], [-89.51815799989392, 43.03891899998659], [-89.5181710003127, 43.03877199971778], [-89.51821499979533, 43.038770999759414], [-89.51829400033635, 43.038768999842624], [-89.52305000035241, 43.03870000004717], [-89.52354800029478, 43.038695000249334], [-89.523683000014, 43.038692999673486], [-89.52381000023561, 43.038691999713826], [-89.52799600033927, 43.03864500027842], [-89.5281960003558, 43.03864299970093], [-89.53259699964632, 43.03859199972636]], [[-89.31529299989191, 43.146476000017174], [-89.31524500021133, 43.148293000318986], [-89.31518400011197, 43.15012700022076], [-89.31512800003549, 43.15193400000052], [-89.31507799980677, 43.15355399986842], [-89.31507399960881, 43.153619999974474], [-89.31507399960881, 43.1537069997373], [-89.31365299957662, 43.15371900032764], [-89.3126020003386, 43.15372299986851], [-89.31257600039933, 43.15372299986851], [-89.3125739998512, 43.15451800025306], [-89.31252899964535, 43.15578600000372], [-89.312475000117, 43.157374999674616], [-89.30999399972765, 43.157376000319175], [-89.30993600000134, 43.15897200032446], [-89.30986200038149, 43.16066099989287], [-89.30987499990196, 43.16099000006163], [-89.3097860002135, 43.16098900013148], [-89.3094830002648, 43.16098900013148], [-89.30920399970724, 43.16098900013148], [-89.30614300025806, 43.16099199992178], [-89.30613700041027, 43.16117400002882], [-89.30488500043249, 43.16118399995418], [-89.30482500015805, 43.163338999745356], [-89.3048229996099, 43.16340000031364], [-89.30495200037963, 43.16339899976774], [-89.30583100008853, 43.16339400031417], [-89.30725600031867, 43.163385999877114], [-89.3078220000331, 43.16338400009528], [-89.30778699987302, 43.16463100008635], [-89.30725299994562, 43.16463100008635], [-89.30601100001357, 43.16463100008635], [-89.30480400024165, 43.16463000021586], [-89.30479599984571, 43.164890999937754], [-89.30479599984571, 43.16521600016154], [-89.30478900017303, 43.16544400013528], [-89.30558400021633, 43.165416000195876], [-89.30603100010507, 43.16539599976325], [-89.30601799968628, 43.16621800002633], [-89.30476900008154, 43.16626099987832], [-89.30476700043171, 43.16644399985466], [-89.30229000024033, 43.16647900017076], [-89.30227699982153, 43.167381000126454], [-89.3010480003083, 43.167410000300656], [-89.30100899995023, 43.169203000301295], [-89.29977399969088, 43.16922600018375], [-89.29978600028475, 43.16871000011156], [-89.2997889997595, 43.168542999898534], [-89.29979200013256, 43.16832399995514], [-89.299816000422, 43.16700099973493], [-89.29984499983598, 43.16538099992588], [-89.29984700038413, 43.16528299998059], [-89.29906300021149, 43.165293999748286], [-89.29907800028012, 43.16470299989392], [-89.29920100030375, 43.16470200002454], [-89.29948099978793, 43.16469700002237], [-89.29948900018384, 43.16462100006996], [-89.2995000000545, 43.164157999877766], [-89.29950099987941, 43.164112000218935], [-89.29986999995035, 43.164107000168485], [-89.2999779999054, 43.16105999971561], [-89.30180999984131, 43.161044000194906], [-89.30186400026797, 43.15939800017012], [-89.3018729995905, 43.159125999694645], [-89.30484000022665, 43.15914600021415], [-89.30495499985439, 43.15914700017442], [-89.30524100008465, 43.15914600021415], [-89.3052179996201, 43.15984899970186], [-89.3049289999151, 43.15984499990658], [-89.30491499967141, 43.16016099996082], [-89.30491200019667, 43.160263999969544], [-89.3049060003489, 43.1604339996996], [-89.3087090001379, 43.1604339996996], [-89.30864399984057, 43.160331999918334], [-89.30858500028934, 43.16023499967927], [-89.30852500001488, 43.16013799994153], [-89.30846700028857, 43.16004100004976], [-89.30840899966392, 43.15994400000403], [-89.30835199976254, 43.15984599985545], [-89.30829499986113, 43.15974900015539], [-89.3082389997846, 43.15965099969405], [-89.30818400043135, 43.159552999730806], [-89.30813000000467, 43.1594540003104], [-89.30807599957801, 43.15935600003119], [-89.30802200004965, 43.15925700029164], [-89.30797000017112, 43.15915799973635], [-89.30791800029257, 43.15905899967598], [-89.30786700023896, 43.15896000011045], [-89.30781600018531, 43.158860999729235], [-89.3077659999566, 43.158760999876336], [-89.3077169995528, 43.158660999859784], [-89.30766899987223, 43.158560999679565], [-89.30762100019165, 43.15846099999095], [-89.30757400033599, 43.15836100013872], [-89.30752699958201, 43.15826000014801], [-89.30748200027448, 43.15815999996682], [-89.30743600024373, 43.15805900029918], [-89.30739199986279, 43.1579579998093], [-89.30734800038017, 43.15785699980776], [-89.30730499982415, 43.15775500031157], [-89.30726299999137, 43.15765399997449], [-89.30722100015858, 43.15755200013945], [-89.30718000015068, 43.15745000013407], [-89.30714400016566, 43.15736399979172], [-89.30690399996617, 43.15678999987759], [-89.30624700001513, 43.15579000006467], [-89.3056899996232, 43.15441000019954], [-89.30566899970681, 43.15443399979102], [-89.30564100011773, 43.15447299992628], [-89.30561400035356, 43.15451300007275], [-89.30558699969104, 43.15455200015759], [-89.30556099975179, 43.15459200025234], [-89.30553599963743, 43.154632000320916], [-89.30551100042139, 43.15467299974149], [-89.30548700013193, 43.154712999757045], [-89.30546399966741, 43.15475399977863], [-89.30544100010118, 43.15479499977264], [-89.30542000018478, 43.15483599973919], [-89.30539800044349, 43.1548769996782], [-89.305378000352, 43.15491900027453], [-89.30532999977311, 43.15490799994947], [-89.30531800007755, 43.15494200029235], [-89.30530700020688, 43.15497599996101], [-89.30529600033623, 43.155010000266046], [-89.3052870001154, 43.15504399989684], [-89.30527700006965, 43.15507800016409], [-89.30526899967374, 43.15511299978331], [-89.30526100017613, 43.15514700001218], [-89.30525399960511, 43.15518200024722], [-89.30524799975734, 43.15521599978231], [-89.30524199990955, 43.15525099997788], [-89.30523699988669, 43.15528600015336], [-89.30523299968873, 43.15532100030884], [-89.30522900038908, 43.15535499976659], [-89.30522600001603, 43.15538999988255], [-89.30522400036622, 43.15542499997842], [-89.30522199981806, 43.15546000005429], [-89.30507399968006, 43.15545399993035], [-89.30508700009885, 43.15562699999037], [-89.30508500044904, 43.15585899976415], [-89.30508500044904, 43.15592199996307], [-89.30506500035754, 43.15635100012099], [-89.30505699996164, 43.15651600023671], [-89.30492300006733, 43.15651800024334], [-89.30447399963045, 43.15651800024334], [-89.30419900016915, 43.15651800024334], [-89.30385900041051, 43.15651800024334], [-89.3038850003498, 43.155855999721844], [-89.30495900005235, 43.15585200032056], [-89.3049849999916, 43.1552119996838], [-89.30499000001448, 43.155019999889575], [-89.30499900023531, 43.15478099998557], [-89.30501099993087, 43.15443799994045], [-89.30501199975579, 43.154425000109136], [-89.30503400039541, 43.15382700029164], [-89.30503699987015, 43.153729000162414], [-89.3050400002432, 43.15365499977343], [-89.30504699991589, 43.15343600019618], [-89.3050550003118, 43.15321899994869], [-89.30517199958935, 43.15322100006323], [-89.30573900002702, 43.1531959999377], [-89.3057800000349, 43.15319299976466], [-89.30601000018868, 43.15318199978433], [-89.30638400028249, 43.15316299999232], [-89.30555300025418, 43.151143999881555], [-89.305302000184, 43.15009799970713], [-89.30518199963508, 43.149847000178106], [-89.30515900006887, 43.149802999801956], [-89.3050479997408, 43.14958599976263], [-89.30493300011307, 43.14936999972854], [-89.30483600002869, 43.1491939999374], [-89.3046539995555, 43.1488720000728], [-89.30453700027795, 43.14867399988778], [-89.30422000008554, 43.14816000018729], [-89.30388000032691, 43.14764799973846], [-89.30364199977724, 43.14730000018039], [-89.30309699997919, 43.146492000075206], [-89.30266199978603, 43.146040000101586], [-89.30429899972826, 43.146015999835505], [-89.30431600034501, 43.14543400000267], [-89.30531999972736, 43.145421000222456], [-89.30546100019268, 43.1454229999367], [-89.3075540002445, 43.14542599983576], [-89.30868499984847, 43.145428999734634], [-89.30979999955888, 43.14543299981801], [-89.3103920001109, 43.14543100010405], [-89.31037200001943, 43.14646299980313], [-89.31177700015807, 43.146473000169685], [-89.31308900041032, 43.14646799998659], [-89.31511799998974, 43.146474999849566], [-89.31529299989191, 43.146476000017174]], [[-89.38322199998089, 43.11515900009123], [-89.38321299976005, 43.11532499993402], [-89.38319299966858, 43.11541799988614], [-89.38316400025457, 43.11551299973362], [-89.38314199961494, 43.11561000012288], [-89.38311499985078, 43.115768999955165], [-89.38306499962205, 43.115915999890326], [-89.38295500001719, 43.11610399984149], [-89.38284600023725, 43.116226000121664], [-89.38270800014499, 43.116346000149214], [-89.3826329998019, 43.11643599985149], [-89.38258099992338, 43.116537000095626], [-89.38252099964892, 43.116667000164526], [-89.38250899995337, 43.11668400015313], [-89.38243600015842, 43.1167839999904], [-89.38237500005904, 43.11682699987017], [-89.38214400008039, 43.11697699987001], [-89.38199299956932, 43.11706899994151], [-89.38191800012456, 43.117139000060114], [-89.38188100031465, 43.1171930002467], [-89.38186700007095, 43.11728200002529], [-89.38186000039825, 43.11731800028947], [-89.3818429997815, 43.117385000160084], [-89.38180400032175, 43.11747900024631], [-89.381794000276, 43.1175390000445], [-89.38177500000943, 43.117672999884086], [-89.3816810002981, 43.11780600010509], [-89.38167799992506, 43.117822999777246], [-89.38167799992506, 43.11784599998192], [-89.38166799987931, 43.11786800019808], [-89.38165500035885, 43.11788199991423], [-89.38163100006939, 43.117900000200315], [-89.38158500003863, 43.11793300016462], [-89.38155800027445, 43.11794899982302], [-89.38152999978705, 43.11795499969383], [-89.38150100037305, 43.11796900004581], [-89.38148600030442, 43.11797999980493], [-89.38147799990851, 43.11799400015119], [-89.38146899968767, 43.118008999816034], [-89.38146100019007, 43.11804500030824], [-89.38144500029655, 43.11806799977372], [-89.38141500015932, 43.118087999957616], [-89.38138300037227, 43.11810200027916], [-89.38133499979338, 43.11811300001437], [-89.3813010003565, 43.1181189998691], [-89.38125399960252, 43.11812299977191], [-89.38119099985335, 43.1181189998691], [-89.38115999989121, 43.11811699991758], [-89.38110899983756, 43.11811799989333], [-89.38105799978395, 43.11812599969883], [-89.38100199970745, 43.11813400015903], [-89.38097099974532, 43.118143999913144], [-89.38091700021694, 43.11817699974587], [-89.38086899963805, 43.11821100019078], [-89.38081799958444, 43.118241000066185], [-89.38075400001033, 43.11829000007151], [-89.38069399973588, 43.11832199985305], [-89.38062599996381, 43.11835400027365], [-89.38053800010026, 43.11839900030397], [-89.38046100010737, 43.11843000005783], [-89.38039699963495, 43.11846299973631], [-89.38034599958132, 43.1184789999118], [-89.38029799990075, 43.11849500008316], [-89.38023900034953, 43.11851999997358], [-89.38018999994573, 43.118540999978606], [-89.38014499973987, 43.118565999850276], [-89.38007199994495, 43.11861400028341], [-89.37999599977695, 43.118678000146645], [-89.37986699990553, 43.11878699968787], [-89.3798359999434, 43.11881799990094], [-89.37981000000411, 43.11885799977189], [-89.37977099964608, 43.118924999923394], [-89.37975399992763, 43.11899200000153], [-89.37974899990476, 43.11903600025759], [-89.37974300005698, 43.11908500028199], [-89.37974300005698, 43.11915999985525], [-89.37974700025494, 43.119233000077266], [-89.37975599957745, 43.11933299968313], [-89.37976200032355, 43.11939099972059], [-89.37977700039217, 43.11946500027645], [-89.37977900004199, 43.11952899990525], [-89.3797589999505, 43.11963799989764], [-89.37968600015556, 43.11971200015476], [-89.37963000007906, 43.119745999746726], [-89.37956300013192, 43.11980100020371], [-89.37950799988033, 43.11986500013677], [-89.37946500022262, 43.11992300032565], [-89.37944099993318, 43.11995599985463], [-89.37941599981883, 43.11999800018314], [-89.37940900014613, 43.12001699979149], [-89.3794009997502, 43.120032000271834], [-89.37938999987955, 43.12003999982711], [-89.37935600044268, 43.12004999992544], [-89.37930700003889, 43.12005900007808], [-89.37926000018321, 43.1200780003232], [-89.37922099982515, 43.12009999973685], [-89.37917399996948, 43.12013099994041], [-89.3791189997179, 43.12018400016735], [-89.37908299973289, 43.12022499974236], [-89.37902500000658, 43.12027200024487], [-89.37897399995295, 43.120317000175966], [-89.37892500044747, 43.12036499989116], [-89.37890299980783, 43.12039500002188], [-89.37884799955624, 43.12046099986428], [-89.37882199961699, 43.120488000136966], [-89.37872999955547, 43.12062200007527], [-89.37865000008784, 43.120739000207195], [-89.3785699997219, 43.120880999696794], [-89.3785129998205, 43.12104000025803], [-89.37844400022352, 43.12112400005363], [-89.37828400038994, 43.12121599979118], [-89.37814700012261, 43.12132500005664], [-89.3780209997259, 43.12147500017663], [-89.37788400035687, 43.12160899992034], [-89.3777810004247, 43.12178499978372], [-89.37771299975432, 43.12185399983791], [-89.37766300042392, 43.121922999814274], [-89.37759999977642, 43.12197100023655], [-89.37757800003513, 43.12199699993048], [-89.37753100017946, 43.122036999690245], [-89.37749099999648, 43.12206499983431], [-89.37742700042239, 43.122102999728384], [-89.37734500040662, 43.12212600029122], [-89.37722599968262, 43.12216500005701], [-89.37712299975047, 43.12219900025287], [-89.3770209996432, 43.122223999941255], [-89.37690299964244, 43.12225600028811], [-89.37671500021976, 43.12230999989287], [-89.37659999969372, 43.12235399972991], [-89.37652299970084, 43.122390000288284], [-89.37646999999738, 43.12242099998718], [-89.37642099959358, 43.12245400013587], [-89.37633899957781, 43.12250399994976], [-89.37629699974501, 43.12254300013022], [-89.37624999988935, 43.12259299987138], [-89.37619200016303, 43.12268900028261], [-89.37611099997218, 43.122790999939845], [-89.37605900009365, 43.12285900027252], [-89.37602499975846, 43.12290299971467], [-89.37599100032158, 43.122947999677706], [-89.37597299987992, 43.12297699995689], [-89.37595000031371, 43.12303100023663], [-89.37593400042017, 43.123087000257826], [-89.3759290003973, 43.12311499992139], [-89.37590599993277, 43.12324900000715], [-89.37585999990202, 43.12342100018609], [-89.37583999981052, 43.12354099987212], [-89.37583999981052, 43.123649000043955], [-89.37585300022931, 43.12376299998207], [-89.37586499992489, 43.123813000037444], [-89.37588599984129, 43.12387099976199], [-89.37591900035157, 43.12397200019107], [-89.3759789997277, 43.1241579998958], [-89.37433500011277, 43.12414600005881], [-89.37389599972163, 43.124132999686374], [-89.3736549996972, 43.124140000139434], [-89.37356199981078, 43.12405500001639], [-89.37283700008769, 43.12338199990966], [-89.37200500023445, 43.12261100008292], [-89.3714520000405, 43.12204999985239], [-89.37081299963282, 43.121332000175315], [-89.37066700004297, 43.12115600032015], [-89.37024699991838, 43.12061699974523], [-89.3696229995793, 43.11971200015476], [-89.36935200031598, 43.119270999763124], [-89.36911399976628, 43.118861000318546], [-89.36872399977895, 43.118224999828456], [-89.36861199962595, 43.11804199972156], [-89.36868699996901, 43.11801700029153], [-89.36819999989733, 43.11722399995592], [-89.36812499955424, 43.117248999709936], [-89.3678180003059, 43.1167480000678], [-89.36750799978617, 43.11624200022634], [-89.36729500024917, 43.115855999812204], [-89.36718200027127, 43.11567299983363], [-89.36656299995506, 43.11465500029039], [-89.36622599967117, 43.114100000149584], [-89.36573299975166, 43.11328799982244], [-89.36494199990632, 43.11198499994678], [-89.36463999978254, 43.11148700008683], [-89.36448699962166, 43.11123399992393], [-89.364411000352, 43.11111000000393], [-89.36395199986937, 43.11035399987997], [-89.3638270001959, 43.11014900013933], [-89.36317000024486, 43.109071999816834], [-89.36279299977801, 43.10844599992247], [-89.36252300033956, 43.10793099967549], [-89.36223999958405, 43.10722900008881], [-89.3621440002229, 43.10691800003317], [-89.3621299999792, 43.10681600014953], [-89.36227899994212, 43.106814999989105], [-89.36233699966843, 43.10681399982862], [-89.36287700034191, 43.106814999989105], [-89.36349099973691, 43.10681600014953], [-89.36389900016593, 43.10680199986932], [-89.3639109998615, 43.106276000325785], [-89.36394199982364, 43.10507599991316], [-89.36396000026531, 43.10439200004644], [-89.36399200005233, 43.10335800025062], [-89.36400799994587, 43.10302900014125], [-89.36400799994587, 43.10292600011244], [-89.36408999996165, 43.10292300009626], [-89.36416899960435, 43.1029189998558], [-89.36420700013751, 43.1029110000301], [-89.36423899992457, 43.10289700016854], [-89.36430900024476, 43.10283000017785], [-89.3643760001919, 43.10274000014347], [-89.36446200040562, 43.10275700006541], [-89.36457600020844, 43.102772000185425], [-89.36522099956558, 43.10280199975868], [-89.36530000010663, 43.102796999940146], [-89.36540399986369, 43.102790999895], [-89.36671199991798, 43.10281200005038], [-89.36691899960721, 43.10280900002866], [-89.36700200034622, 43.10280700023266], [-89.36727000013481, 43.10281600029782], [-89.36815999971435, 43.102833000198586], [-89.36820300027036, 43.10284299982937], [-89.36821900016389, 43.10285699970323], [-89.36886900044223, 43.10267299998097], [-89.3688459999777, 43.10286099994774], [-89.36883400028212, 43.10290499999612], [-89.36882099986335, 43.10295500004255], [-89.3687499997182, 43.10330000010257], [-89.36868299977105, 43.10341899967991], [-89.36854999970168, 43.103504000267044], [-89.3685150004399, 43.10349400008835], [-89.36849000032554, 43.10349500030308], [-89.36842800040127, 43.103495999861856], [-89.36838800021829, 43.103495999861856], [-89.36835499970802, 43.10349200031478], [-89.36832600029402, 43.10348699989671], [-89.3682989996315, 43.10347900014518], [-89.36827900043835, 43.10347199995182], [-89.3682619998216, 43.103461999767894], [-89.3682280003847, 43.103442000051025], [-89.36820099972222, 43.10342100011176], [-89.36817999980582, 43.10340399971837], [-89.36816599956212, 43.103389999969544], [-89.36813499959999, 43.103357000033704], [-89.3681139996836, 43.1033220003009], [-89.36810100016311, 43.103307000315596], [-89.36809399959209, 43.10329599988674], [-89.36809199994228, 43.103282000113275], [-89.36809199994228, 43.103271999898304], [-89.36810100016311, 43.10325899968199], [-89.36811299985868, 43.1032469996817], [-89.3681279999273, 43.10322999989588], [-89.36814499964574, 43.10321000010323], [-89.36814800001876, 43.10320100009604], [-89.36815200021674, 43.10318000007405], [-89.36814800001876, 43.10317100006245], [-89.36813299995018, 43.10315100025052], [-89.36811100020886, 43.103142000234605], [-89.36808199989655, 43.10313999979364], [-89.36804799956136, 43.10314100001416], [-89.36800400007873, 43.103150000030176], [-89.36797700031455, 43.10316200004947], [-89.3679389997814, 43.10317700007031], [-89.36789699994861, 43.103202999879116], [-89.36785400029092, 43.1032250001123], [-89.36781999995571, 43.10324199989951], [-89.36778700034374, 43.103267000118166], [-89.36774899981062, 43.10330400031808], [-89.36770699997781, 43.10335100004343], [-89.36764900025149, 43.103440999835485], [-89.36759599964972, 43.10353599990965], [-89.36756200021286, 43.103654000127925], [-89.36754999961896, 43.10372999980347], [-89.3675429999463, 43.1038250000851], [-89.36753500044868, 43.1038700003051], [-89.36753100025071, 43.10391499983617], [-89.36751399963397, 43.103957000024536], [-89.3674950002657, 43.10399500001394], [-89.36745500008274, 43.10405900008091], [-89.36743900018921, 43.10409599980215], [-89.36741900009773, 43.104137999866346], [-89.36739800018134, 43.104169000285616], [-89.36737100041715, 43.10419800028281], [-89.36733600025704, 43.10423600012266], [-89.36729799972389, 43.10426399988598], [-89.36724599984537, 43.104301999684864], [-89.36720200036274, 43.104363999685745], [-89.3671420000883, 43.10440999970931], [-89.36712700001966, 43.1045480002285], [-89.36717700024839, 43.10476399987481], [-89.36726900030989, 43.10488599980587], [-89.36736700021919, 43.10500100013111], [-89.36761599974122, 43.105081999734374], [-89.36764599987845, 43.105085000300626], [-89.36769799975698, 43.105089999932304], [-89.36775399983348, 43.10509299984225], [-89.36780200041237, 43.10508599983345], [-89.36784400024516, 43.10507800029087], [-89.36788500025305, 43.10506499980224], [-89.36791200001723, 43.10505300015595], [-89.36794999965205, 43.105033000302974], [-89.36797899996438, 43.10501599970136], [-89.36800599972855, 43.10499100019699], [-89.36803000001801, 43.1049660000265], [-89.36806000015522, 43.10492600025717], [-89.36808600009451, 43.10488400007778], [-89.3680869999194, 43.10484599998432], [-89.36808600009451, 43.10479499997714], [-89.36807900042179, 43.1047560002902], [-89.36807400039893, 43.10471900031198], [-89.36806299962996, 43.10469500022553], [-89.36804699973645, 43.104682000311385], [-89.3680230003453, 43.10465999994591], [-89.36800800027669, 43.1046529998876], [-89.36799300020807, 43.10464800022024], [-89.3679670002688, 43.10463800022841], [-89.36796200024594, 43.10461899978034], [-89.36796499972068, 43.104607000046634], [-89.36798399998726, 43.10459500031057], [-89.36801800032244, 43.1045859998511], [-89.36804699973645, 43.10458800024482], [-89.36808299972144, 43.10459299991708], [-89.36810500036107, 43.10459899978562], [-89.36820499992018, 43.10460899978378], [-89.36824599992806, 43.10460199971963], [-89.36828699993595, 43.104599999982256], [-89.36831600024826, 43.10459800024482], [-89.36836899995171, 43.1045970000481], [-89.36842699967802, 43.10458800024482], [-89.36848199992961, 43.104571000175504], [-89.3685160002648, 43.10454700003102], [-89.36855999974742, 43.104538999762134], [-89.36858700040992, 43.10453800022039], [-89.36862500004474, 43.104542999896736], [-89.3686569998318, 43.104551999706636], [-89.36866500022772, 43.10456899978123], [-89.36868000029634, 43.10460199971963], [-89.36869399964172, 43.10461199971734], [-89.36875999976397, 43.1046180002399], [-89.36883000008416, 43.104657000014754], [-89.36889899968112, 43.10475399990198], [-89.36895099955969, 43.10489699994902], [-89.36896900000133, 43.10492600025717], [-89.36899599976552, 43.104960999728824], [-89.36902500007783, 43.1050150001674], [-89.36905000019217, 43.10506000016852], [-89.36906699991063, 43.1051069998575], [-89.36908100015434, 43.10514799969623], [-89.36908899965194, 43.10518900016333], [-89.36910299989565, 43.105259000097604], [-89.36911600031443, 43.10533499974823], [-89.36912899983491, 43.10539800019829], [-89.36913700023082, 43.10543400023896], [-89.36914700027657, 43.105517000288465], [-89.36915200029945, 43.10555799985261], [-89.36917200039092, 43.10571799974459], [-89.36917499986566, 43.1057460001418], [-89.3692340003152, 43.10600999997795], [-89.3693969996235, 43.10653100032607], [-89.36953300006594, 43.10692099985359], [-89.36958800031753, 43.10711400001406], [-89.36965400043978, 43.10726499970848], [-89.36969000042478, 43.107423000084516], [-89.36975300017397, 43.10760300002423], [-89.36982500014399, 43.107753999824055], [-89.36987100017475, 43.10794599983943], [-89.36993399992394, 43.10814599970694], [-89.36997699958165, 43.10834199969072], [-89.37003900040423, 43.10852100007456], [-89.37017499994836, 43.108872999822744], [-89.37023100002487, 43.109038000196485], [-89.37027100020785, 43.109182000195], [-89.37035300022359, 43.109418000279774], [-89.3704510001329, 43.10966299982467], [-89.37059500007294, 43.11000300023173], [-89.37096199959574, 43.11058400009928], [-89.37107999959652, 43.11080200027916], [-89.3711480002669, 43.11089299970334], [-89.37125899969666, 43.111062000242434], [-89.3713039999025, 43.111158999817235], [-89.37135599978103, 43.1112230002638], [-89.37143299977394, 43.11129800029206], [-89.37161799972185, 43.11143899996525], [-89.37174599976838, 43.11152900032631], [-89.37198699979281, 43.111745000259425], [-89.372093000098, 43.11179699980155], [-89.37218900035747, 43.11185200018983], [-89.37239900041976, 43.1120850002492], [-89.37246299999387, 43.112147000236554], [-89.37252599974306, 43.1121699999515], [-89.37269200032273, 43.11232800012603], [-89.37275599989682, 43.11236600016528], [-89.37288300011845, 43.11238600024549], [-89.37313199964046, 43.11238899979787], [-89.37322799989992, 43.11242400024868], [-89.37369400005525, 43.11272700001701], [-89.37388300020113, 43.112807999889256], [-89.3740079998746, 43.11283699972841], [-89.37416400040854, 43.11285799971639], [-89.37452300043374, 43.11295300025909], [-89.3747460000165, 43.11300199990844], [-89.37509900019391, 43.11304399976397], [-89.37514699987447, 43.11305300029138], [-89.3752189998445, 43.113071000030644], [-89.37529199963943, 43.113086000246504], [-89.3753650003327, 43.113099999745174], [-89.37542899990679, 43.113110999723744], [-89.37550199970173, 43.1131210002987], [-89.37560600035711, 43.11312399981511], [-89.37572000015993, 43.1131210002987], [-89.3758230000921, 43.113110999723744], [-89.37589000003925, 43.11309899968739], [-89.3759579998113, 43.113089999822535], [-89.37602399993354, 43.11308200001444], [-89.3761050001244, 43.113069999972375], [-89.37617299989645, 43.11306400027839], [-89.37623300017093, 43.113058999986485], [-89.37635000034678, 43.11304200030238], [-89.37646199960147, 43.113009000323515], [-89.37656700008176, 43.11297300014747], [-89.37670299962589, 43.112925999940394], [-89.37679200021265, 43.11290000032653], [-89.37689699979462, 43.11287899969717], [-89.3770139999705, 43.11285999983979], [-89.3771040003822, 43.11284300010045], [-89.37718899987269, 43.112834000197935], [-89.37725199962188, 43.1128289998872], [-89.37734700005645, 43.11282400023183], [-89.37750500024019, 43.11281400026414], [-89.3776259997157, 43.112803000232184], [-89.37771100010451, 43.112794999730774], [-89.37777899987658, 43.11278300028824], [-89.37783699960288, 43.112776999910324], [-89.37790500027327, 43.11277000012444], [-89.37798499974089, 43.11276399974526], [-89.37804900021331, 43.11276000014793], [-89.37813899972669, 43.11275100023322], [-89.37823599981105, 43.11274399978858], [-89.378316000177, 43.11274000018994], [-89.37842300030712, 43.11273399980781], [-89.37854299995773, 43.11272900014468], [-89.37864000004211, 43.112723999825356], [-89.3787179998599, 43.11272599995313], [-89.37887600004366, 43.11275599989454], [-89.3789000003331, 43.11275299970432], [-89.37895100038672, 43.11275299970432], [-89.37897800015091, 43.112758000021266], [-89.37901599978574, 43.11276399974526], [-89.37908000025816, 43.11277300031385], [-89.37916499974865, 43.11279400032379], [-89.37926000018321, 43.11281999998263], [-89.37930799986378, 43.11283100001153], [-89.37934700022186, 43.11283600032211], [-89.37939099970447, 43.112838999852485], [-89.37946199984958, 43.112840999976505], [-89.37950299985745, 43.11284400016237], [-89.37956099958379, 43.11284999987797], [-89.37961199963739, 43.112860999901436], [-89.37966500023916, 43.11288400000384], [-89.37970899972179, 43.11290600003665], [-89.37976800017132, 43.11293100024316], [-89.38044400038895, 43.11297799979066], [-89.38057800028324, 43.11297600032691], [-89.38065899957577, 43.113018000200285], [-89.38088500042991, 43.11311499995393], [-89.38141099996137, 43.11337199976795], [-89.3816090003281, 43.11347499992636], [-89.38168600032098, 43.11353000011818], [-89.38175200044321, 43.11357699986144], [-89.38181799966713, 43.1136149997809], [-89.38188499961429, 43.113654999774226], [-89.3819270003454, 43.11367999967477], [-89.38198500007171, 43.11371600009071], [-89.3820970002247, 43.11379399982635], [-89.38227799997468, 43.11388800018273], [-89.38236500001331, 43.113925999909135], [-89.38241100004406, 43.11393899982736], [-89.382455000425, 43.113951999742845], [-89.38249300005982, 43.113968999829915], [-89.38252099964892, 43.11399100012847], [-89.38255900018208, 43.11402699970568], [-89.38260000018995, 43.1140629999175], [-89.3826329998019, 43.114088999692996], [-89.38267800000776, 43.11412000031885], [-89.38276900024437, 43.11422499995289], [-89.38286899980348, 43.11436299998476], [-89.38301699994147, 43.11454199980967], [-89.38306200014732, 43.11462700003406], [-89.38322199998089, 43.11515900009123]], [[-89.46362499981693, 43.07815100020468], [-89.46351400038716, 43.07832599973903], [-89.46350500016632, 43.08031800010398], [-89.4631939998217, 43.0803060002008], [-89.46294600012459, 43.080289999888855], [-89.46275899962852, 43.08029400029527], [-89.46210599987546, 43.080277000042365], [-89.46177699998749, 43.0802779999802], [-89.46154400035898, 43.080302999732545], [-89.46135400038818, 43.0803360002824], [-89.46086499976832, 43.080433999921624], [-89.46086800014137, 43.081125999768695], [-89.46085100042293, 43.081125999768695], [-89.46073000004913, 43.081124999844704], [-89.46054299955306, 43.08113100004447], [-89.46036400035122, 43.08113700024361], [-89.46026600044193, 43.0811360003198], [-89.46009700038752, 43.08114199986237], [-89.45973199961622, 43.08117300011393], [-89.45961600016359, 43.0811720001907], [-89.45940500027639, 43.08120600019517], [-89.45929200029849, 43.081210999808256], [-89.45895699966444, 43.081275000068985], [-89.45871499981509, 43.08129900014956], [-89.45847399979067, 43.08133000032168], [-89.4583139999571, 43.08135600022115], [-89.4582009999792, 43.08137200025471], [-89.45813599968186, 43.08138100018977], [-89.45802899955174, 43.08140199981434], [-89.45768899979312, 43.08148299979855], [-89.4575049996701, 43.08152700011773], [-89.45730800002661, 43.08157799982179], [-89.45712899992647, 43.08162299998862], [-89.45700400025298, 43.081675000183914], [-89.45687899968121, 43.08172000027945], [-89.45675700038079, 43.08177300030585], [-89.45670799997698, 43.08179499970913], [-89.4565890001513, 43.08184699975845], [-89.45653700027276, 43.08186600005569], [-89.45647899964813, 43.081888000081705], [-89.45625500024045, 43.08195799975397], [-89.45613700023968, 43.08197099989986], [-89.45610700010245, 43.08198100031305], [-89.45607299976726, 43.081992999888165], [-89.4560059998201, 43.08201499986857], [-89.4558929998422, 43.08203699984108], [-89.45574700025234, 43.08206599982253], [-89.45565799966556, 43.08208599996018], [-89.45555100043376, 43.082111000287], [-89.45547500026576, 43.08214000023347], [-89.45541699964114, 43.082162000161084], [-89.45528299974684, 43.08220099980458], [-89.45519900008127, 43.0822339999882], [-89.45514999967745, 43.082252000259814], [-89.45501499995822, 43.082316999993786], [-89.45486299962228, 43.08236900025617], [-89.45472899972798, 43.08245999995303], [-89.45467299965146, 43.08248699993081], [-89.4546269996207, 43.08251000029128], [-89.45455200017597, 43.08253399988808], [-89.45450000029741, 43.082554999773556], [-89.45439200034238, 43.08261100008906], [-89.45428299966413, 43.08266499989966], [-89.45423300033373, 43.08268499984172], [-89.45412500037871, 43.08272700015808], [-89.45406400027933, 43.08274399973118], [-89.45396100034718, 43.08277200013703], [-89.45389799969966, 43.082807999702744], [-89.45381999988186, 43.082851999726394], [-89.45374999956165, 43.082874999949844], [-89.45263700039936, 43.08341899969411], [-89.451514000293, 43.08418599972601], [-89.45033599993508, 43.0848589998208], [-89.44905999966785, 43.08563000025184], [-89.44829300011196, 43.086085999906985], [-89.44780600004023, 43.08628700017053], [-89.44764299983362, 43.08635399989315], [-89.44759099995508, 43.08638199996113], [-89.44749100039597, 43.08643400005344], [-89.44739000011364, 43.0864869999381], [-89.44733599968696, 43.0865159997813], [-89.44727600031082, 43.0865530002626], [-89.44720299961757, 43.08659300022588], [-89.44712200032501, 43.086618999859965], [-89.44701099999695, 43.086668000250576], [-89.4468600003842, 43.08672800007307], [-89.44676300029982, 43.08678700000517], [-89.44665600016971, 43.086841999901836], [-89.44659400024543, 43.08686599976972], [-89.4465490000396, 43.086871000233046], [-89.44649899981087, 43.08688000001631], [-89.44644199990947, 43.086898000234974], [-89.44642900038899, 43.086904999698966], [-89.44642600001593, 43.08693300017114], [-89.44641699979509, 43.086983000138986], [-89.4464019997265, 43.086999000015105], [-89.44637199958926, 43.087019999682184], [-89.44634599964998, 43.08703399989356], [-89.44630899984007, 43.087041999825516], [-89.44628700009876, 43.087049999756374], [-89.44621699977857, 43.08707400019882], [-89.44612100041742, 43.08710599989935], [-89.44605100009721, 43.08712599970371], [-89.44602099995998, 43.08714799980897], [-89.44597599975414, 43.087189999689784], [-89.44598199960193, 43.086694999685925], [-89.44601000008933, 43.0864700000915], [-89.44601799958694, 43.08592299969206], [-89.44595099963979, 43.08534199999828], [-89.44604799972416, 43.08374499989391], [-89.44607600021158, 43.08327699989391], [-89.44609200010508, 43.08300699978169], [-89.4461070001737, 43.08276899978954], [-89.44611999969419, 43.08254899971325], [-89.43902999960187, 43.082592999922966], [-89.43828999981017, 43.08253200008604], [-89.43817400035753, 43.08254500011013], [-89.43786499966274, 43.08257100015011], [-89.4373840003371, 43.08259000022277], [-89.43711300017546, 43.08257399985118], [-89.43706499959657, 43.08256799979277], [-89.43695800036475, 43.082553999872886], [-89.43674900012738, 43.08250699993096], [-89.43680299965575, 43.08245900005081], [-89.43693099970227, 43.08229699993154], [-89.43700799969515, 43.08217099998006], [-89.43707600036555, 43.082001999732014], [-89.43710599960444, 43.081894000206695], [-89.43711900002324, 43.08180799988962], [-89.43714099976455, 43.08153699994726], [-89.43713900011474, 43.081193999809784], [-89.4371440001376, 43.080853000233446], [-89.43713999993965, 43.080716000044326], [-89.4371380002898, 43.08063399977022], [-89.43711800019834, 43.08044200005934], [-89.43708999971093, 43.080250999685], [-89.4370589997488, 43.080120999701194], [-89.43692800022754, 43.079755000092305], [-89.4366939998758, 43.079257999810665], [-89.43655599978354, 43.07893299997197], [-89.43621799967475, 43.07894300022487], [-89.43596999997763, 43.07893999968987], [-89.43593099961956, 43.07893999968987], [-89.43506799980422, 43.07894300022487], [-89.43366199984064, 43.07894700006313], [-89.43191600011845, 43.07895099990112], [-89.43166599987318, 43.07895299981999], [-89.4316669996981, 43.07883599986173], [-89.43166800042133, 43.078743000105604], [-89.43166900024625, 43.078704000229415], [-89.43168299959163, 43.07765100009355], [-89.43169699983532, 43.07655900030544], [-89.43170699988107, 43.07584199980996], [-89.42931099988054, 43.07580700009909], [-89.42909400014555, 43.07580200004501], [-89.42902800002331, 43.07580300005586], [-89.42889400012902, 43.07580500007749], [-89.42888200043345, 43.07565400022831], [-89.42886399999179, 43.07538099993454], [-89.42882800000677, 43.07501300018099], [-89.42874400034118, 43.074459000278665], [-89.42874199979306, 43.07426700024785], [-89.4288020000675, 43.07395400002207], [-89.42880700009037, 43.073785000076235], [-89.42880500044056, 43.07364899987846], [-89.42879100019685, 43.073461000131054], [-89.4287810001511, 43.0733769998899], [-89.42877899960297, 43.07336700004105], [-89.42889599977883, 43.07336700004105], [-89.42901499960453, 43.07336700004105], [-89.42920100027568, 43.073365999990436], [-89.42939000042156, 43.07337000019274], [-89.42959399973776, 43.07337299968807], [-89.43000100034185, 43.07338599968689], [-89.4304070002227, 43.07340900018285], [-89.43048000001762, 43.07341599987556], [-89.43060999971397, 43.07342500032303], [-89.43104300025735, 43.07346799981783], [-89.43161599964448, 43.07354200011384], [-89.4318349999276, 43.07357699980597], [-89.43201400002773, 43.07360699990114], [-89.43240900003794, 43.0736820000748], [-89.43263699964356, 43.0737310003137], [-89.43362199965766, 43.07396000026782], [-89.43373100033592, 43.07398499997316], [-89.43374999970419, 43.07399100021593], [-89.4337510004274, 43.07391200025378], [-89.43375300007722, 43.073836000318664], [-89.43373999965844, 43.07349799996635], [-89.43374200020658, 43.07347800030646], [-89.43380099975782, 43.07349199967532], [-89.43415800013318, 43.07359700008977], [-89.43620500015427, 43.07416499978169], [-89.43708999971093, 43.074409999965695], [-89.4387769998819, 43.07481799983659], [-89.43962600035185, 43.07501500022839], [-89.43990699966093, 43.07507000019474], [-89.4401729997997, 43.07511699993592], [-89.44047400009859, 43.07516100023339], [-89.44105200040691, 43.07522200019094], [-89.44121899991318, 43.07523999989784], [-89.44130000010402, 43.07524900007742], [-89.4413469999597, 43.075247000037606], [-89.44202900002509, 43.07526599975683], [-89.44370699997522, 43.07524199993789], [-89.44382099977804, 43.07524199993789], [-89.44456599959261, 43.075261000314796], [-89.44585399955541, 43.07529200026094], [-89.44667399971306, 43.07531500004155], [-89.4467759998203, 43.07531500004155], [-89.44781500026106, 43.07533999985032], [-89.44880799977277, 43.07536600032303], [-89.44999799982628, 43.07539000009342], [-89.4501979998428, 43.0753940001636], [-89.45034000013304, 43.07539800023352], [-89.4511550002678, 43.0754149998716], [-89.45163499976852, 43.07542199999138], [-89.45315000041035, 43.075424000025485], [-89.4532600000152, 43.07542199999138], [-89.45350699988741, 43.07542099997435], [-89.45372899964526, 43.07542099997435], [-89.4542390001815, 43.075419999957255], [-89.45460800025245, 43.07541799992302], [-89.4551880002106, 43.075399000250975], [-89.45560800033518, 43.075372999792215], [-89.45560800033518, 43.075515000194656], [-89.45564199977204, 43.07679200016945], [-89.45564400032018, 43.07684099989007], [-89.45553499964191, 43.07685699979037], [-89.45542599986197, 43.07687199969314], [-89.45531700008203, 43.07688600025521], [-89.4552080003021, 43.07690100015083], [-89.45509799979891, 43.07691400005743], [-89.45498900001897, 43.07692699996122], [-89.45487900041411, 43.076939999862304], [-89.45477499975873, 43.07695099977643], [-89.454660000131, 43.076962999680504], [-89.45454999962782, 43.07697400024668], [-89.45444000002298, 43.07698400016317], [-89.45433000041812, 43.076994000077995], [-89.45421999991494, 43.07700299999997], [-89.45410899958685, 43.077011999920614], [-89.45399899998202, 43.0770209998399], [-89.45388900037715, 43.07702799977628], [-89.45377800004907, 43.07703599970253], [-89.45366800044421, 43.07704300029331], [-89.45366900026913, 43.07712400013476], [-89.45366900026913, 43.07726099982543], [-89.45372899964526, 43.077256999877115], [-89.45379899996546, 43.077251999941346], [-89.45385900023992, 43.07724700000516], [-89.4539289996618, 43.07724200006863], [-89.45400900002775, 43.077236000144175], [-89.4541389997241, 43.07722600026885], [-89.45428900041024, 43.07721299977227], [-89.45442900015233, 43.07720099991716], [-89.45454899980292, 43.07718900005968], [-89.45473799994879, 43.07717000028057], [-89.45488699991171, 43.07715499979462], [-89.45497700032341, 43.077144999906075], [-89.45512600028633, 43.07712800009175], [-89.45523500006627, 43.077115000230556], [-89.45539400007492, 43.07709499978255], [-89.45557200035016, 43.0770720000139], [-89.45578999991004, 43.07704200030269], [-89.45595800013953, 43.07701799986696], [-89.45610600027753, 43.07699600006079], [-89.4562729997838, 43.07697000027963], [-89.45646000027986, 43.076939999862304], [-89.45667500036501, 43.07690300013662], [-89.45688999955188, 43.07686499973896], [-89.45697800031373, 43.076848999840735], [-89.45710499963701, 43.076825999979754], [-89.4572510001252, 43.076798000137316], [-89.45737699962359, 43.07677300026723], [-89.45752300011176, 43.076742999753414], [-89.45767799992245, 43.076710999889094], [-89.45776400013618, 43.0766929999581], [-89.45782299968741, 43.076680000004615], [-89.457841999954, 43.07667600001838], [-89.45786100022056, 43.076672000031884], [-89.45787999958883, 43.076667000048424], [-89.4578920001827, 43.07666500005489], [-89.45793800021345, 43.07665500008638], [-89.4579769996732, 43.07664600011329], [-89.4580050001606, 43.07664000013049], [-89.4580539996661, 43.07662900016054], [-89.45809200019924, 43.07662000018363], [-89.45813999987982, 43.076609000210084], [-89.45817800041297, 43.07660000023025], [-89.45822600009355, 43.076589000253115], [-89.4582649995533, 43.076580000270376], [-89.45830300008643, 43.07657100028628], [-89.45834099972127, 43.07656200030086], [-89.45838900030016, 43.076551000316904], [-89.45843699998073, 43.07653899967597], [-89.45847499961556, 43.076529999685846], [-89.4585039999279, 43.07652299969264], [-89.45853200041529, 43.07651599969862], [-89.4585609998293, 43.07650899970381], [-89.45856000000438, 43.0763400002423], [-89.45855400015661, 43.076229999915306], [-89.45853499989003, 43.07548999980113], [-89.45853400006513, 43.07544100031253], [-89.45853700043817, 43.07538399998768], [-89.4586179997307, 43.07538399998768], [-89.45880400040187, 43.07539600019862], [-89.45901600011396, 43.07542099997435], [-89.45929399994831, 43.075447999773154], [-89.45944299991123, 43.0754589999551], [-89.45982200002791, 43.07547000013508], [-89.46054400027627, 43.07547000013508], [-89.46079699999628, 43.07545799993863], [-89.46175600007109, 43.07546400003717], [-89.46233100000634, 43.075468000102525], [-89.46292299966005, 43.07547200016762], [-89.46293799972867, 43.07547200016762], [-89.46335899967815, 43.07537999991685], [-89.4636010004258, 43.07531400002272], [-89.4636089999234, 43.07587200010871], [-89.46361399994629, 43.0761460001888], [-89.46362499981693, 43.07815100020468]]], [[[-89.32174199992673, 43.034773999834904], [-89.32162899994881, 43.034712999683435], [-89.32154000026036, 43.03466399977616], [-89.32110900026512, 43.03442999997442], [-89.3210719995569, 43.034390000109845], [-89.32103800012001, 43.03435899983568], [-89.32100299995993, 43.03433200032554], [-89.32096600015, 43.03430900027135], [-89.32087200043867, 43.03426000004154], [-89.32075100006485, 43.03420100010153], [-89.32071799955457, 43.03418600026353], [-89.32069699963817, 43.034193999871164], [-89.32063100041425, 43.034187000296626], [-89.32057699998758, 43.034147000273606], [-89.32051199969025, 43.03411699991098], [-89.32045999981172, 43.03411399980824], [-89.32022700018321, 43.03400599995184], [-89.32010400015956, 43.033915999926315], [-89.31992000003655, 43.033800000063565], [-89.31987400000578, 43.03377100022775], [-89.31937900043647, 43.033381999905515], [-89.31926300008551, 43.03329100023049], [-89.3186849997772, 43.03298800013788], [-89.31865800001303, 43.032958999918364], [-89.31844999960056, 43.03285799972622], [-89.31840100009507, 43.03284300021661], [-89.3183600000872, 43.03282199971504], [-89.31830999985847, 43.03278599968276], [-89.31827899989634, 43.03275700002443], [-89.3182270000178, 43.03271100004021], [-89.31816199972047, 43.03267600000053], [-89.31806399981119, 43.03263300013082], [-89.31793099974179, 43.03256299994252], [-89.3177199998546, 43.03245399992192], [-89.31757500008965, 43.03237100002939], [-89.31648299994542, 43.031852000110185], [-89.31635300024908, 43.031784999904545], [-89.31627999955583, 43.03173600028601], [-89.31627999955583, 43.0318039999605], [-89.31628499957871, 43.03197799975005], [-89.31628899977667, 43.032147000028225], [-89.3163130000661, 43.033004000321], [-89.31632999978454, 43.03364699975641], [-89.31638599986104, 43.03367400022455], [-89.31643899956448, 43.033705000188114], [-89.31649100034133, 43.033740999681314], [-89.31654099967176, 43.03378200000859], [-89.31655200044071, 43.03378800024638], [-89.31656800033424, 43.03379199974795], [-89.31658300040286, 43.03379199974795], [-89.3165940002735, 43.03378800024638], [-89.31658300040286, 43.033770000187886], [-89.31657599983185, 43.03375100008393], [-89.3165730003571, 43.033730999933645], [-89.3165719996339, 43.03371199981762], [-89.31657500000694, 43.03369200031121], [-89.31658199967963, 43.03367200014164], [-89.31659199972536, 43.0336509999238], [-89.31660500014415, 43.03363099974087], [-89.31662100003769, 43.03361000016559], [-89.31664100012917, 43.03358999996931], [-89.3166639996954, 43.03356899972341], [-89.31668999963465, 43.03354900017039], [-89.31675099973403, 43.033507999687394], [-89.31682299970406, 43.03346899992329], [-89.31690600044304, 43.033432000225154], [-89.31699799960624, 43.033397999985965], [-89.31709800006367, 43.03336599982093], [-89.31720299964564, 43.03333799982696], [-89.31731300014883, 43.033314000009575], [-89.31742600012673, 43.03329399971682], [-89.31753999992952, 43.033279000313776], [-89.31765399973236, 43.03326799978619], [-89.31776500006043, 43.033264000250426], [-89.31787100036566, 43.033264000250426], [-89.31797599994763, 43.03326699973813], [-89.31807899987979, 43.03327400007419], [-89.31818199981194, 43.033285999991875], [-89.31828399991922, 43.033301000049846], [-89.31838699985138, 43.033320000293116], [-89.31848800013371, 43.03334300006134], [-89.318762999595, 43.033492000292256], [-89.31879399955714, 43.03350100003461], [-89.31886899990022, 43.033523999734996], [-89.31891199955791, 43.03353999977843], [-89.31895000009106, 43.03355299968753], [-89.3190220000611, 43.033576000025015], [-89.31906600044202, 43.03359300009766], [-89.3191569997803, 43.03363299982512], [-89.31923700014626, 43.033675000265994], [-89.31933800042857, 43.03372599973089], [-89.31956600003423, 43.03385200011972], [-89.31973500008861, 43.033945999730626], [-89.31983700019588, 43.03400900005985], [-89.31988300022662, 43.034036999747684], [-89.31994699980072, 43.034064000044246], [-89.32011800040327, 43.034156999953495], [-89.32034600000888, 43.03427899998786], [-89.32062600039139, 43.03443200003263], [-89.3206499997825, 43.034442999694996], [-89.32076899960819, 43.03450200005898], [-89.32084899997413, 43.034543999905104], [-89.32090099985267, 43.03457600011257], [-89.32102300005141, 43.03466199972556], [-89.32107699957979, 43.03469499989625], [-89.32109300037162, 43.034708000217314], [-89.32111900031089, 43.03474399977872], [-89.32113900040237, 43.03475900013696], [-89.32116500034165, 43.03477799992878], [-89.3211910002809, 43.0348009998072], [-89.32120899982425, 43.034829999812914], [-89.3212270002659, 43.03485799978274], [-89.32123800013657, 43.034865999959386], [-89.32127199957344, 43.03487500015687], [-89.32128800036529, 43.03486499993737], [-89.32137000038104, 43.03491000025566], [-89.32136799983292, 43.03491999981121], [-89.32137100020596, 43.03493800018902], [-89.32137600022884, 43.034946999719324], [-89.32138999957421, 43.03495899996646], [-89.3214080000159, 43.034969000170655], [-89.32141999971144, 43.03497200023159], [-89.32144999984868, 43.03497600031262], [-89.32146200044255, 43.03497899971659], [-89.32147599978794, 43.034991999977485], [-89.32148800038183, 43.034997000077055], [-89.32150500010026, 43.03499900011678], [-89.3215360000624, 43.03500000013663], [-89.32155299978085, 43.03498999993753], [-89.32164400001743, 43.03489099984803], [-89.32169300042123, 43.03483599994819], [-89.32168900022327, 43.03481500012866], [-89.32166499993383, 43.034792000255486], [-89.32169900026902, 43.03480699994537], [-89.32174199992673, 43.034773999834904]]], [[[-89.28127199985849, 43.11604299993806], [-89.27635400035905, 43.11604399994774], [-89.2763519998109, 43.11613400009419], [-89.27994700008577, 43.11613400009419], [-89.27984699962835, 43.11619099987806], [-89.27972699997774, 43.116260999689494], [-89.28046900031758, 43.117033000186616], [-89.28125599996496, 43.117033000186616], [-89.28126900038374, 43.11619099987806], [-89.28127199985849, 43.11604299993806]]], [[[-89.28617199981458, 43.0214129997695], [-89.28617000016476, 43.021352000130584], [-89.28616699979173, 43.02112199981659], [-89.28536000005285, 43.02112300006254], [-89.28523299983125, 43.02112400030847], [-89.28524200005207, 43.021421999969476], [-89.28617199981458, 43.0214129997695]]]]}, "properties": {"id": "covered-us-wi-madison", "status": "covered", "jurisdiction": "Madison", "country_id": "us", "state_id": "wi", "area_type": "city", "note": "Covered by public tree inventory for Madison; geometry from official jurisdiction boundary."}}, {"type": "Feature", "geometry": {"type": "MultiPolygon", "coordinates": [[[[-88.07100899973217, 43.12153599991041], [-88.07093199973929, 43.12151999987863], [-88.07065499972984, 43.12147700001838], [-88.06587699997249, 43.120722999966986], [-88.0655890000924, 43.120676999744845], [-88.0655890000924, 43.12059100012054], [-88.0655890000924, 43.120463999676616], [-88.0655890000924, 43.12044199973814], [-88.06557300019887, 43.11922399980312], [-88.0655759996736, 43.11909499988068], [-88.06557900004667, 43.11897100015129], [-88.06558099969648, 43.11886300024574], [-88.06559499994019, 43.11811799989333], [-88.06562099987946, 43.117365999734446], [-88.06565600003955, 43.117026000231796], [-88.06566600008529, 43.11692800012468], [-88.06566799973511, 43.116890000295236], [-88.0656939996744, 43.1162809998083], [-88.065744999728, 43.11508800030545], [-88.06576099962153, 43.11472399986042], [-88.06576900001745, 43.1145009997055], [-88.0657730002154, 43.114390000325244], [-88.0658080003755, 43.11347700002959], [-88.06579099975875, 43.11193700021577], [-88.06581900024617, 43.11105599969579], [-88.06585199985813, 43.11001199989472], [-88.06588600019332, 43.108984000027746], [-88.06588899966806, 43.10887799980081], [-88.06589299986602, 43.108748999710144], [-88.06590200008685, 43.108463999705], [-88.06591299995749, 43.108087000020554], [-88.06591799998037, 43.10793099967549], [-88.06594999976743, 43.106894000153], [-88.06595499979029, 43.10672700023439], [-88.06596499983604, 43.10640599989283], [-88.06597499988177, 43.10606899969871], [-88.06598199955447, 43.105955000242616], [-88.06601500006475, 43.10472800009601], [-88.06601400023983, 43.104655999819], [-88.06602500011049, 43.10422099970542], [-88.06565400038973, 43.10422099970542], [-88.0645410003291, 43.104224000313835], [-88.06417100043326, 43.10423099976536], [-88.06404500003657, 43.104231999968], [-88.06401099970138, 43.104231999968], [-88.06396899986859, 43.10423300017068], [-88.06384199964697, 43.10423300017068], [-88.06379599961622, 43.10423399971745], [-88.06365500004924, 43.10423399971745], [-88.06362099971403, 43.10423499992004], [-88.0634910000177, 43.10423499992004], [-88.06110199968985, 43.104249999677975], [-88.05991400018449, 43.10426099993535], [-88.05898400042199, 43.10426200013755], [-88.05867800010024, 43.10426500008812], [-88.0581619997162, 43.10426399988598], [-88.0580770002257, 43.10426699983644], [-88.05792300023991, 43.10427399993889], [-88.05714999993792, 43.10427299973694], [-88.05657599982757, 43.10427599968692], [-88.05520300037428, 43.10428399999018], [-88.05470999955647, 43.104292000292396], [-88.0543399996606, 43.10428899968726], [-88.05326699978298, 43.10429999993764], [-88.05290699993284, 43.10429699998883], [-88.05215899974523, 43.1043010001392], [-88.04991799955539, 43.104312999932894], [-88.049171000091, 43.104318999828884], [-88.04852500001063, 43.1043229999778], [-88.04720100006281, 43.10433100027493], [-88.04593499984132, 43.104337999714176], [-88.04523600005751, 43.104341999861866], [-88.04489600029889, 43.10434400026355], [-88.04464699987852, 43.10434499980851], [-88.04439800035651, 43.10434600000934], [-88.04365299964361, 43.10435099970137], [-88.04340499994649, 43.10435300010276], [-88.04315700024937, 43.104354999848205], [-88.04241499990954, 43.10435799979421], [-88.04216899986223, 43.10436000019538], [-88.04189400040093, 43.10437000023262], [-88.0411670001297, 43.10436600008671], [-88.04078499963998, 43.10436799983179], [-88.04078499963998, 43.104331999820054], [-88.0407860003632, 43.10423600012266], [-88.03819899966864, 43.10425300028501], [-88.0381960001939, 43.104423999880765], [-88.03797899956062, 43.10442099993798], [-88.03757900042585, 43.10440999970931], [-88.03690300020824, 43.104397999934626], [-88.03690400003316, 43.10424399977523], [-88.03685499962936, 43.1042449999777], [-88.032809999991, 43.10426800003849], [-88.03263199971576, 43.10426900024057], [-88.03262900024103, 43.10436799983179], [-88.03262800041612, 43.10442200013752], [-88.02751900022265, 43.10444800007346], [-88.02752900026839, 43.1038209999036], [-88.02754599998683, 43.10277800023244], [-88.02755400038275, 43.10227599995118], [-88.02756000023052, 43.10194300028193], [-88.02757100010119, 43.101317999881275], [-88.02757600012407, 43.10096400012246], [-88.02759100019269, 43.100046999831925], [-88.02759399966742, 43.09990600015335], [-88.0276000004135, 43.09955299972477], [-88.02760299988824, 43.099361000277874], [-88.02760399971315, 43.09932899976495], [-88.02761600030703, 43.09878799985561], [-88.0276210003299, 43.098597000272434], [-88.02761700013194, 43.09852800023185], [-88.02761999960667, 43.09827299969241], [-88.02763600039852, 43.09730300010459], [-88.0276420002463, 43.096980000214074], [-88.02764399989611, 43.096706999833046], [-88.02764499972103, 43.09659899999502], [-88.02764499972103, 43.09652000032088], [-88.02765700031492, 43.095456999891645], [-88.02766099961457, 43.09507699973243], [-88.02766399998761, 43.094731000208654], [-88.02767499985828, 43.093692999747695], [-88.02767900005624, 43.09334800000068], [-88.02768200042928, 43.09300199989205], [-88.02769199957669, 43.09196500004841], [-88.02769599977465, 43.09161999975104], [-88.0276980003228, 43.09130399967868], [-88.02770800036853, 43.090359000151466], [-88.02771000001837, 43.09019399994678], [-88.02902800011839, 43.09019499972269], [-88.02963999986358, 43.09019600015467], [-88.0296349998407, 43.09066599996966], [-88.03005599979018, 43.090665000201376], [-88.0302469995859, 43.090663000008796], [-88.03044099975465, 43.09066599996966], [-88.03079499975698, 43.09066999969859], [-88.0308659999021, 43.09066999969859], [-88.03085000000856, 43.09154199996777], [-88.03146299957866, 43.091542999721725], [-88.03147299962441, 43.09064099985395], [-88.03153000042413, 43.09064099985395], [-88.03158300012758, 43.09063799989187], [-88.03159499982314, 43.089843000167804], [-88.03284699980091, 43.08984399994949], [-88.03302500007617, 43.08984600016882], [-88.03302099987819, 43.09017900002541], [-88.03288899963371, 43.090182000009975], [-88.03289299983167, 43.090216000262124], [-88.03271200008172, 43.09021400005488], [-88.03270799988375, 43.090639000316614], [-88.03271200008172, 43.09068699969158], [-88.03271000043189, 43.09079099973898], [-88.03270600023393, 43.091250000267166], [-88.03270500040902, 43.09140400030976], [-88.03281300036406, 43.09140400030976], [-88.03337099968257, 43.091405000065926], [-88.03337099968257, 43.09135699994167], [-88.03351600034584, 43.091357999698594], [-88.03404100005238, 43.091357999698594], [-88.0340419998773, 43.09131000019349], [-88.03409899977872, 43.09131000019349], [-88.03409899977872, 43.09121099982438], [-88.03409899977872, 43.09119199980148], [-88.03471399989695, 43.091193000217174], [-88.03471600044509, 43.090957000066986], [-88.03510100040955, 43.09095799983049], [-88.03538000006881, 43.090957000066986], [-88.03538000006881, 43.090943999859924], [-88.03538199971862, 43.09077300000835], [-88.03538199971862, 43.090745999746446], [-88.03538199971862, 43.09066800016214], [-88.03538300044187, 43.09064200027865], [-88.03538300044187, 43.09053400024069], [-88.0353869997415, 43.09021000029618], [-88.03579799964524, 43.090203999673605], [-88.0357950001705, 43.09064300004731], [-88.03579699982032, 43.090725000044756], [-88.03654400018304, 43.0907360001081], [-88.0366760004275, 43.09073900006539], [-88.03707100043773, 43.090825000309145], [-88.03710099967664, 43.0908450002112], [-88.03710200039987, 43.09128900002915], [-88.03710099967664, 43.0914109999148], [-88.037526999649, 43.09141300008301], [-88.03752499999918, 43.09163200006212], [-88.03752300034935, 43.09185599997051], [-88.03709599965377, 43.09185500022166], [-88.03709599965377, 43.0919939999221], [-88.03708599960804, 43.09275400006373], [-88.03704200012541, 43.09276100017055], [-88.03654900020592, 43.0930520001537], [-88.03684700013174, 43.093336000025886], [-88.03698000020115, 43.09346999972075], [-88.03711300027052, 43.09360099996146], [-88.03741000037145, 43.093880999736704], [-88.03699600009466, 43.09411399997946], [-88.03699500026974, 43.09442099999872], [-88.03700000029262, 43.09445999970941], [-88.0369929997216, 43.09517900015169], [-88.03708499978312, 43.09517900015169], [-88.03720100013408, 43.09517799980115], [-88.037498000235, 43.09517799980115], [-88.03749200038723, 43.09538000009478], [-88.03697699982808, 43.09537800005618], [-88.03697000015539, 43.09554100003673], [-88.03696799960726, 43.09611899972243], [-88.03748999983907, 43.09612200007201], [-88.03748999983907, 43.096347999963754], [-88.03698299967587, 43.09635399998435], [-88.03698100002605, 43.09661200031362], [-88.03698000020115, 43.09690800000831], [-88.03689499981233, 43.09690800000831], [-88.03649300012943, 43.09690800000831], [-88.03636000006003, 43.09690800000831], [-88.03636199970985, 43.096561999678755], [-88.03637199975559, 43.09552400007914], [-88.03637500012864, 43.09517900015169], [-88.03617500011211, 43.09517900015169], [-88.03557599988739, 43.09517999984628], [-88.03537699969577, 43.09518100019683], [-88.03526999956564, 43.09507800008462], [-88.0349490000736, 43.09477100007912], [-88.03484299976837, 43.09466900029221], [-88.03435700041989, 43.094941000221034], [-88.0329010002276, 43.09575800031551], [-88.0324159998057, 43.09603099967976], [-88.03206900037438, 43.09622400006254], [-88.03103099975853, 43.09680700016914], [-88.03100300016943, 43.09682399977056], [-88.03066000003777, 43.09694500011551], [-88.03067500010638, 43.096976000241334], [-88.03099800014657, 43.09764599990809], [-88.03098800010082, 43.097982000248805], [-88.03138300011103, 43.097988999758], [-88.03620900044729, 43.09799799987546], [-88.03649499977925, 43.09799700022687], [-88.03735400029494, 43.09799599992237], [-88.03764100035013, 43.09799599992237], [-88.0376399996269, 43.0980120002013], [-88.0376399996269, 43.098062000308076], [-88.03780600020657, 43.098062000308076], [-88.04119499971881, 43.09805799975007], [-88.04221400006809, 43.09805799975007], [-88.0426600001319, 43.09805599979889], [-88.04265599993396, 43.09774900029243], [-88.0426450000633, 43.09696499998688], [-88.04270000031488, 43.09077599996382], [-88.04270000031488, 43.09066599996966], [-88.04275499966816, 43.09063199996726], [-88.04278099960743, 43.090614999959], [-88.04280800026993, 43.09059700017664], [-88.0428350000341, 43.090580000158674], [-88.04286099997339, 43.09056199971], [-88.04288799973756, 43.090544999682265], [-88.04291299985191, 43.09052699987933], [-88.04293799996627, 43.09050900007111], [-88.04296399990552, 43.09048999983048], [-88.04298900001989, 43.09047200001138], [-88.04301499995915, 43.09045299975923], [-88.0430390002486, 43.09043499992926], [-88.04306400036296, 43.09041600032165], [-88.043088999579, 43.09039700005213], [-88.04311299986844, 43.090377999776756], [-88.04313700015788, 43.090359000151466], [-88.04316100044736, 43.09033900009071], [-88.04318400001357, 43.090319999797295], [-88.043208000303, 43.0902999997238], [-88.04323099986922, 43.09028000029976], [-88.04325400033375, 43.090257000232455], [-88.04327699989997, 43.09024000012006], [-88.0432989996413, 43.09022000002044], [-88.04762799986007, 43.090213000279235], [-88.04770200037824, 43.090213000279235], [-88.04770200037824, 43.09010399970737], [-88.04770300020316, 43.08977799989084], [-88.04770400002805, 43.08972300000629], [-88.04587200009213, 43.08975300006871], [-88.04359900011525, 43.08976299986754], [-88.04344400030456, 43.08976100030153], [-88.04257300009328, 43.08976299986754], [-88.04159300010207, 43.089771000099105], [-88.04078899983793, 43.089768000094416], [-88.04033799975122, 43.08976100030153], [-88.04016200002413, 43.089759999862444], [-88.03963399994454, 43.08975900007943], [-88.0395250001646, 43.08975800029634], [-88.03940100031603, 43.08975300006871], [-88.03933799966853, 43.089696999721596], [-88.03923300008654, 43.08960100003835], [-88.038884999932, 43.08937099970688], [-88.03858600018125, 43.08927299993069], [-88.03822899980587, 43.08915999982683], [-88.03824399987448, 43.08772900008699], [-88.03772599984063, 43.087737999744185], [-88.03772699966554, 43.08772200006109], [-88.03773199968842, 43.086798000119686], [-88.03806700032247, 43.086798000119686], [-88.03837600011896, 43.086798000119686], [-88.03838600016469, 43.08625800021891], [-88.03839200001251, 43.085921999846356], [-88.03792800040532, 43.085920000154964], [-88.03773699971129, 43.085920000154964], [-88.03773699971129, 43.08585899969438], [-88.0377380004345, 43.08570299978888], [-88.03838799981453, 43.08571099989465], [-88.03838799981453, 43.08531199974364], [-88.03838699998963, 43.08525900015454], [-88.03814400031538, 43.08525900015454], [-88.03774099990925, 43.08526099986756], [-88.03774099990925, 43.08517700005621], [-88.03774099990925, 43.08515099981009], [-88.03832099986738, 43.08515099981009], [-88.03835699985238, 43.08515099981009], [-88.03839500038555, 43.08515099981009], [-88.03839899968519, 43.085033999878135], [-88.03840100023332, 43.08444400014197], [-88.03840299988313, 43.0842970000763], [-88.03840200005824, 43.084110999942894], [-88.03834500015682, 43.08411000006762], [-88.03832599989025, 43.08411000006762], [-88.03789599971994, 43.084109000192335], [-88.03774699975702, 43.084109000192335], [-88.03774699975702, 43.08402599999022], [-88.03774799958192, 43.083781000200034], [-88.03840399970805, 43.0837829999613], [-88.03840799990601, 43.08313700020294], [-88.03841200010397, 43.08233000006351], [-88.03840899973092, 43.08226700015408], [-88.0386949999612, 43.08226499968727], [-88.0389279995897, 43.082263999781865], [-88.0389059998484, 43.08046300000575], [-88.0389059998484, 43.07955699989818], [-88.03881700015992, 43.07921900026223], [-88.03873900034212, 43.078913000117375], [-88.03791099978856, 43.07885900028053], [-88.03791099978856, 43.07868600022766], [-88.03783799999363, 43.07868600022766], [-88.0377879997649, 43.07868600022766], [-88.03758699992346, 43.07868600022766], [-88.03698600004893, 43.07868800015523], [-88.0368710004212, 43.07868900011899], [-88.03686600039832, 43.07842000009617], [-88.03631200037945, 43.078274999952576], [-88.0356960004363, 43.07803899989925], [-88.03562799976594, 43.07802600023132], [-88.03559599997888, 43.07801999972753], [-88.03546600028253, 43.07795200010071], [-88.03528999965712, 43.07784399999791], [-88.03521299966422, 43.07778400000434], [-88.0348300002479, 43.078072999673815], [-88.03486700005783, 43.07809800032585], [-88.03491899993637, 43.078133000040516], [-88.0350629998764, 43.07822800000886], [-88.03542699992448, 43.07846799985993], [-88.03547399978014, 43.07850899981975], [-88.03547999962791, 43.078527999839835], [-88.03549800006958, 43.07857800010632], [-88.0354999997194, 43.07869899975556], [-88.03535699960426, 43.07869899975556], [-88.03493200035516, 43.078702000302364], [-88.03479000006493, 43.07870300026589], [-88.03479099988985, 43.07846000012063], [-88.03448799994112, 43.078295000015416], [-88.03426399963514, 43.07829599998554], [-88.03425000028976, 43.07826500024676], [-88.03419099984022, 43.07813000012201], [-88.03455599971319, 43.07789300018964], [-88.03462600003341, 43.07793899975816], [-88.0347809998441, 43.07783200026636], [-88.03505799985354, 43.077643000247576], [-88.03503100008935, 43.07762100000963], [-88.03500500015008, 43.07759999974528], [-88.03497699966267, 43.077578000148065], [-88.03495200044664, 43.07755599988679], [-88.03492499978414, 43.07753400027373], [-88.03489999966979, 43.07751199999665], [-88.03487299990562, 43.07748999971167], [-88.03484799979125, 43.07746800007492], [-88.0348229996769, 43.0774449997901], [-88.03479799956253, 43.07742300013724], [-88.03477300034649, 43.07739999983552], [-88.03474900005705, 43.07737700018136], [-88.0347239999427, 43.077353999862375], [-88.03470100037647, 43.07733100019093], [-88.03467700008702, 43.07730799985469], [-88.03465299979759, 43.07728400017931], [-88.03463000023136, 43.07726099982543], [-88.03460699976684, 43.07723700013164], [-88.03458400020061, 43.07721299977227], [-88.03456099973606, 43.07718900005968], [-88.03453899999477, 43.07716499968158], [-88.03451700025344, 43.07714099995019], [-88.03449499961384, 43.0771170002094], [-88.03447299987252, 43.077092999803035], [-88.03445299978104, 43.07706800005325], [-88.03443100003973, 43.07704300029331], [-88.03441000012332, 43.07701899985797], [-88.03438900020691, 43.076994000077995], [-88.03436999994037, 43.07696900028786], [-88.03434900002397, 43.07694399983131], [-88.03432899993248, 43.07691900002074], [-88.03430999966591, 43.07689300020695], [-88.03429100029764, 43.07686799971944], [-88.03427200003107, 43.076841999883975], [-88.03425299976449, 43.07681700003179], [-88.03423400039622, 43.07679100017473], [-88.03421599995458, 43.07676500030663], [-88.03419699968799, 43.076737999775744], [-88.03417300029686, 43.07670299992041], [-88.03416200042622, 43.0766859999835], [-88.03414499980947, 43.07665900007399], [-88.03412800009103, 43.07663200015253], [-88.03411100037259, 43.07660600021697], [-88.03409399975584, 43.076579000272204], [-88.03407799986232, 43.076552000315544], [-88.03406199996878, 43.076524999690804], [-88.03404600007526, 43.076496999710834], [-88.03403000018173, 43.076469999718036], [-88.03401500011313, 43.0764429997133], [-88.03399800039467, 43.076406999688565], [-88.0339859998008, 43.076388000323114], [-88.0339719995571, 43.07636000028054], [-88.03395800021171, 43.07633300022738], [-88.03394399996802, 43.07630500015968], [-88.03393100044754, 43.07627700007918], [-88.03392600042466, 43.07626500004076], [-88.03391700020381, 43.076248999985886], [-88.03390399978504, 43.0762209998798], [-88.03389200008947, 43.07619299976092], [-88.03388100021883, 43.07616600029036], [-88.03386799980002, 43.076138000146344], [-88.03433200030554, 43.076032000141474], [-88.03445100013121, 43.07600299992865], [-88.03449999963671, 43.076113000006934], [-88.03451700025344, 43.076151000214814], [-88.03453899999477, 43.0761939997654], [-88.03458500002552, 43.0762800000884], [-88.03467299988905, 43.076429999706825], [-88.03471899991982, 43.07650899970381], [-88.03493499982989, 43.076429999706825], [-88.03558599993313, 43.0761939997654], [-88.03588700023202, 43.07608699985118], [-88.03583399963026, 43.07600299992865], [-88.03579599999541, 43.075939000066626], [-88.03576199966024, 43.075874000128074], [-88.03573999991893, 43.07583099969676], [-88.03571900000253, 43.07578699988036], [-88.03569999973595, 43.07574300003236], [-88.0356810003677, 43.07569900015277], [-88.03566299992603, 43.07565400022831], [-88.0356470000325, 43.075609000270816], [-88.0356329997888, 43.075564000280266], [-88.03561799972019, 43.075519000256676], [-88.0366250003739, 43.07550400002276], [-88.03669999981865, 43.07550400002276], [-88.03689499981233, 43.07550300000702], [-88.03762600028152, 43.07550099997554], [-88.03774900030517, 43.0755080000855], [-88.03797600008588, 43.07542300000844], [-88.03829400010319, 43.07531600006031], [-88.03838699998963, 43.07515200004094], [-88.03838299979166, 43.074985000166336], [-88.03837500029405, 43.07475700013315], [-88.0364420000758, 43.074782000169556], [-88.0356129996973, 43.07479299981491], [-88.03559799962869, 43.07436100026974], [-88.03557699971229, 43.074107000200065], [-88.03552400000886, 43.07384099987695], [-88.03548999967367, 43.07351600017967], [-88.03543799979512, 43.07320400010867], [-88.0352810003346, 43.07259800027795], [-88.0352310001059, 43.07220100017436], [-88.0352240004332, 43.07187699972951], [-88.03531700031962, 43.07149799969885], [-88.03539599996233, 43.07128900011298], [-88.03546499955931, 43.07116100031931], [-88.03556900021469, 43.07101000018313], [-88.0356260001161, 43.07094300008607], [-88.03569800008613, 43.07086300004081], [-88.03591099962314, 43.07067199999441], [-88.03608200022569, 43.07052699989159], [-88.03626899982342, 43.07035999988215], [-88.03643899970274, 43.07017199988899], [-88.03657000012231, 43.06998899984789], [-88.03665799998586, 43.069821000232814], [-88.03675500007024, 43.0695660002653], [-88.03677699981154, 43.069457999820266], [-88.03681799981943, 43.06926699998923], [-88.03687800009388, 43.0688920000635], [-88.03687800009388, 43.06882699986933], [-88.03705299999608, 43.068823000026775], [-88.03758000025077, 43.06881499968457], [-88.03770800029729, 43.068814000215944], [-88.03775599997786, 43.06881300009108], [-88.03779799981065, 43.06881300009108], [-88.03842600034767, 43.06881099984123], [-88.03841999960159, 43.068267999816484], [-88.03841600030194, 43.06799299981328], [-88.03841200010397, 43.06758800022289], [-88.03745100037933, 43.06760200028092], [-88.03745100037933, 43.06758300015451], [-88.03743799996053, 43.06748999972709], [-88.03742700008988, 43.06742399986739], [-88.03742600026497, 43.06732000018292], [-88.03741799986906, 43.0672349999059], [-88.03740799982333, 43.06716999992337], [-88.03740100015061, 43.06712199984156], [-88.03728899999761, 43.067124000146535], [-88.03634199961837, 43.067141000110865], [-88.03508600034093, 43.06715100031933], [-88.03208299971978, 43.06720100002461], [-88.03073100018288, 43.06722000026943], [-88.02972899955203, 43.06723700020719], [-88.02867599976587, 43.067246999743716], [-88.02753099991821, 43.06728299989927], [-88.02626800006978, 43.0673039997615], [-88.02500699987117, 43.067321999825154], [-88.02374900004561, 43.06734100003247], [-88.02248600019718, 43.06736099972623], [-88.0211089996476, 43.067382999709984], [-88.01969699983624, 43.067400000258765], [-88.01857399972988, 43.06741899978563], [-88.01745200034676, 43.06743900011021], [-88.0168639999927, 43.06744699997574], [-88.01619899964575, 43.06745599998724], [-88.01494500001814, 43.067474000006264], [-88.01371099958372, 43.06749099987358], [-88.01244799973529, 43.06750799973614], [-88.0099220000384, 43.067543999738405], [-88.00855100023495, 43.0675640000222], [-88.00744099964906, 43.067619000112735], [-88.00744099964906, 43.06770399985727], [-88.0074430001972, 43.06795899969616], [-88.0074440000221, 43.06804499976289], [-88.00744200037228, 43.06822600008913], [-88.00743899999922, 43.06845699987415], [-88.0074370003494, 43.068771000080865], [-88.0074359996262, 43.068952999698396], [-88.00743399997636, 43.06902399983175], [-88.0074299997784, 43.06923799985631], [-88.00742899995348, 43.06930999977635], [-88.00742599958045, 43.06941899994095], [-88.00742599958045, 43.06946999987913], [-88.00679700011683, 43.06947200010744], [-88.00624800012082, 43.069474999793584], [-88.00516699984725, 43.06947099999332], [-88.00408100044915, 43.069466000078535], [-88.00295800034279, 43.06946399984999], [-88.00239699975292, 43.06946499996427], [-88.00239799957782, 43.06941500013698], [-88.00243199991301, 43.06803900025052], [-88.00230399986648, 43.068040999869304], [-88.00185500032792, 43.06804599990033], [-88.00162199980112, 43.06804499976289], [-88.00092600039034, 43.06804300014424], [-88.00069399968841, 43.06804300014424], [-88.00048399962613, 43.06804200000681], [-87.99985699981234, 43.068039999731795], [-87.99964799957496, 43.068039999731795], [-87.99942900019016, 43.06803900025052], [-87.99877499971386, 43.068036999975455], [-87.99855700015398, 43.068036999975455], [-87.99833100019818, 43.06803599983788], [-87.99765400015565, 43.06803400021894], [-87.99742900002477, 43.06803400021894], [-87.99718299997745, 43.06803400021894], [-87.99644499983556, 43.06803400021894], [-87.99619899978828, 43.06803400021894], [-87.99604700035063, 43.06803400021894], [-87.99587200044846, 43.06803400021894], [-87.99516299972058, 43.06803400021894], [-87.99502499962828, 43.06803400021894], [-87.99481299991618, 43.06803499970028], [-87.99352599977831, 43.06803499970028], [-87.99352699960322, 43.06773699997338], [-87.99352699960322, 43.0675939997794], [-87.99353599982405, 43.06618799992849], [-87.99210100044648, 43.06618299974591], [-87.99211200031714, 43.06759200014603], [-87.99085199994343, 43.06757900023077], [-87.98972899983707, 43.067574000161656], [-87.98932499960603, 43.06757300001652], [-87.98932499960603, 43.06761699982391], [-87.98917800019126, 43.0676119997579], [-87.98918200038922, 43.06617300003582], [-87.98920099975747, 43.06435499977644], [-87.98914399985605, 43.06435499977644], [-87.98898999987028, 43.06435499977644], [-87.98892000044839, 43.06435400023509], [-87.9887100003861, 43.06435400023509], [-87.98864000006591, 43.06435400023509], [-87.98860599973072, 43.064364999783095], [-87.9884140001101, 43.06436599998057], [-87.98812100020714, 43.06436799971912], [-87.98773100021981, 43.06437300004974], [-87.98750400043907, 43.06437599998542], [-87.98750500026401, 43.064143999715014], [-87.98750699991382, 43.06400700023497], [-87.9875200003326, 43.062903000134845], [-87.98752399963224, 43.06253500027776], [-87.9875270000053, 43.062167999757705], [-87.98753899970086, 43.061130999751825], [-87.98754000042409, 43.06106899995781], [-87.98754399972374, 43.06070300010807], [-87.98754500044697, 43.06033399990926], [-87.9875479999217, 43.0592310002401], [-87.98754999957151, 43.058863000002184], [-87.98754999957151, 43.0585139998424], [-87.98755399976947, 43.057466999915526], [-87.98755399976947, 43.05729799980066], [-87.9875549995944, 43.05711900000225], [-87.9875549995944, 43.057099999908644], [-87.98755600031761, 43.05676199981573], [-87.98755899979236, 43.05575200021285], [-87.98756100034049, 43.05541500025354], [-87.98756100034049, 43.0549249999946], [-87.98756399981522, 43.05345599973242], [-87.98756399981522, 43.05340800007213], [-87.98756399981522, 43.053304000241674], [-87.98756499964014, 43.052966999958], [-87.98756600036334, 43.052952999839945], [-87.98756399981522, 43.05268399976384], [-87.98756299999032, 43.05263499976693], [-87.9875620001654, 43.052441000171775], [-87.98755999961726, 43.05187699967699], [-87.98755899979236, 43.05160800013284], [-87.98755700014253, 43.05128300005664], [-87.98755299994457, 43.05031099996532], [-87.98755200011966, 43.05006800016144], [-87.98755200011966, 43.049987000012834], [-87.98754999957151, 43.04955099981496], [-87.98754200007392, 43.04824499992758], [-87.98753899970086, 43.04781000028744], [-87.98753899970086, 43.04770900024964], [-87.98754000042409, 43.04766100003037], [-87.98754100024901, 43.0475349997685], [-87.98754299989882, 43.04746800027406], [-87.98754000042409, 43.0472920001268], [-87.98753700005105, 43.04700800018201], [-87.98740999982944, 43.04700699970138], [-87.98740300015675, 43.04644599994325], [-87.98738300006526, 43.04476399994527], [-87.98737999969221, 43.044464000296614], [-87.98736999964646, 43.04434999975663], [-87.98734700008025, 43.04420600029206], [-87.9875270000053, 43.04388300013597], [-87.98753100020325, 43.043670000116826], [-87.98752299980734, 43.04219400013869], [-87.98752399963224, 43.04168700015912], [-87.9874630004312, 43.04072999987887], [-87.98746599990594, 43.0406250002895], [-87.98747900032473, 43.04031200030985], [-87.98748299962436, 43.040207999940115], [-87.98612299969155, 43.040197999933184], [-87.9848099996144, 43.04018899985984], [-87.98409900013502, 43.04018400018329], [-87.98407300019574, 43.04001099996238], [-87.98407200037083, 43.03965100015528], [-87.98412000005142, 43.03964599977836], [-87.98420700009004, 43.03964599977836], [-87.98437399959631, 43.03964699972248], [-87.98443100039604, 43.03964699972248], [-87.98441999962706, 43.03928000009921], [-87.9844230000001, 43.039226000144694], [-87.98459899972721, 43.039226000144694], [-87.98461200014599, 43.03878599978981], [-87.98457100013812, 43.03878599978981], [-87.98448999994727, 43.03878599978981], [-87.98419399967126, 43.038786999747934], [-87.98398000030933, 43.03879400011095], [-87.98398600015712, 43.0387559997253], [-87.98400799989842, 43.03864400031799], [-87.98401600029433, 43.03860699980051], [-87.98402999963973, 43.038533000011846], [-87.98405099955613, 43.0384220001615], [-87.98405599957898, 43.03839900032712], [-87.98436100007584, 43.03840100025597], [-87.98458700003164, 43.038402000220366], [-87.98479500044411, 43.038402000220366], [-87.98479399972088, 43.03768899979972], [-87.98486800023903, 43.03768899979972], [-87.98498100021695, 43.03768899979972], [-87.98498200004185, 43.03761400023986], [-87.98498299986677, 43.03715399979617], [-87.98535399958753, 43.03715299981142], [-87.98535500031075, 43.03712300026172], [-87.98535399958753, 43.037001999959244], [-87.9854640000907, 43.037001999959244], [-87.98601599956143, 43.03700099997203], [-87.98750799973872, 43.03699899999755], [-87.98750799973872, 43.036967999728205], [-87.98750799973872, 43.03679200031672], [-87.98750699991382, 43.03644199997207], [-87.98759700032551, 43.03643599999376], [-87.98786799958883, 43.03642000004878], [-87.98795899982542, 43.03641600006188], [-87.98805300043507, 43.036411000077884], [-87.98805400026, 43.03702399967383], [-87.9884340002016, 43.03702399967383], [-87.98872200008167, 43.0370270002909], [-87.98872200008167, 43.03698400018686], [-87.98872100025676, 43.036895999910584], [-87.98871899970862, 43.03650599970397], [-87.98871899970862, 43.036377000175996], [-87.98993200022666, 43.036313000309555], [-87.9899339998765, 43.03689199995472], [-87.99106500037877, 43.03689899987732], [-87.99106399965554, 43.03679500028854], [-87.99106399965554, 43.03675499999569], [-87.99174099969807, 43.0367609999428], [-87.99173800022332, 43.03621799972812], [-87.99182600008687, 43.036212999727994], [-87.99184600017836, 43.036212999727994], [-87.99209200022564, 43.03619799972518], [-87.99218099991411, 43.036192999723426], [-87.99337000014269, 43.036129000321694], [-87.99337199979252, 43.03666400006949], [-87.99451599981528, 43.03666400006949], [-87.99451400016545, 43.03641600006188], [-87.99451300034053, 43.036320000298204], [-87.99500200006207, 43.03631800030153], [-87.99500000041225, 43.03651900029793], [-87.99518899965983, 43.036521000288054], [-87.99517500031445, 43.03606200018905], [-87.99538700002655, 43.0360590001814], [-87.99554799968502, 43.03605700017621], [-87.99554100001232, 43.035398000172755], [-87.99599499957378, 43.035410999688274], [-87.99599499957378, 43.03548299993509], [-87.99610300042713, 43.03548299993509], [-87.99611799959742, 43.03553599988951], [-87.99650199973698, 43.03551799968711], [-87.9965250002015, 43.03552299974386], [-87.99665400007295, 43.03552299974386], [-87.99680600040891, 43.03552299974386], [-87.99680600040891, 43.03522500024655], [-87.99680600040891, 43.035185000243544], [-87.99680399986076, 43.03514300017949], [-87.99677200007373, 43.03514300017949], [-87.99677000042391, 43.034814000105804], [-87.99676700005085, 43.03407299970272], [-87.99682099957921, 43.03407599980746], [-87.99739600041279, 43.0340720003244], [-87.99739600041279, 43.034101000017976], [-87.99764800030786, 43.03409999998349], [-87.99840700036614, 43.03409899994898], [-87.99866000008615, 43.03409899994898], [-87.99888299966888, 43.03409999998349], [-87.99955399986365, 43.034106000190185], [-87.99977800016963, 43.03410800025896], [-87.99999499990459, 43.03410800025896], [-88.00064600000785, 43.03410900029332], [-88.00086399956773, 43.03411000032765], [-88.0010920000717, 43.034120000013566], [-88.00129200008821, 43.03412900032046], [-88.00131700020258, 43.034613999803696], [-88.00132899989815, 43.03484300010533], [-88.00132999972305, 43.03524199986241], [-88.00169399977113, 43.03524499991], [-88.00167100020492, 43.035360000310476], [-88.00167299985473, 43.03572599973391], [-88.0017830003579, 43.03571899967755], [-88.00189399978765, 43.03571200027695], [-88.0022279996985, 43.035691000100535], [-88.0023399998515, 43.03568500004881], [-88.00235900011809, 43.03568300003143], [-88.0024160000195, 43.03568000000525], [-88.00243600011098, 43.03567899999649], [-88.00267299993743, 43.035664999872196], [-88.00338299959192, 43.03562600016563], [-88.00362100014159, 43.03561300003904], [-88.00386399981583, 43.03559899989964], [-88.00414099982528, 43.035583999746784], [-88.0045929997369, 43.03553299985614], [-88.00483600030947, 43.035507000217436], [-88.0050780001588, 43.03547999989913], [-88.00580500043002, 43.035398000172755], [-88.00604800010426, 43.03537199982028], [-88.00729599988411, 43.03523399973477], [-88.00834700002044, 43.035104000141125], [-88.00840499974674, 43.03509599999555], [-88.00858200019708, 43.035074000246325], [-88.00864099974831, 43.035068000134274], [-88.0086680004108, 43.03506600009679], [-88.00954600029476, 43.03499299999744], [-88.00996399987119, 43.0349950000373], [-88.01025699977414, 43.035008000294766], [-88.01033999961484, 43.03501199971682], [-88.01062500002018, 43.035045999718434], [-88.01105099999253, 43.035126999897365], [-88.01110700006903, 43.03513800009177], [-88.01141800041366, 43.03520399990353], [-88.01197200043252, 43.03534700012759], [-88.01293200033226, 43.03560899999954], [-88.0129630002944, 43.03561700007828], [-88.01359199975803, 43.03578100014932], [-88.0139759998976, 43.03585699998557], [-88.01456400025165, 43.035954999825584], [-88.01481399959857, 43.03597899992333], [-88.01605899990368, 43.03600500001867], [-88.01607800017024, 43.03600500001867], [-88.0170189998034, 43.03325100028012], [-88.01708599975053, 43.03295100014975], [-88.01716699994141, 43.03259100029008], [-88.01717399961412, 43.032551999943195], [-88.01724300010939, 43.03219199971301], [-88.01724300010939, 43.032045999813015], [-88.01724399993431, 43.03173999992134], [-88.01673099992331, 43.03174899992063], [-88.01650599979241, 43.03175300021169], [-88.01624100037687, 43.03175699984592], [-88.01623100033112, 43.03133399982157], [-88.01663600038708, 43.03133200031907], [-88.01723800008651, 43.03133000015982], [-88.01756699997448, 43.031323999681725], [-88.01857899975276, 43.03130400005377], [-88.0218910001704, 43.031216000168726], [-88.0235730003185, 43.03117500009712], [-88.02357699961816, 43.031586999731694], [-88.02358300036425, 43.03200200008989], [-88.0236009999076, 43.03324900018346], [-88.02360699975537, 43.03366499985093], [-88.02361099995335, 43.03411599987675], [-88.02362500019704, 43.03546899976603], [-88.0236300002199, 43.03592100032764], [-88.02354700037924, 43.03592100032764], [-88.0232979999589, 43.03592299968064], [-88.02321599994313, 43.03592399968543], [-88.02203400028554, 43.03593199972311], [-88.02185900038336, 43.035933999732364], [-88.02187100007893, 43.03683699987853], [-88.02189299982024, 43.03851100018169], [-88.02190000039124, 43.03891800003062], [-88.02249899971764, 43.03890999972564], [-88.02275900000865, 43.03890799981338], [-88.0228059998643, 43.03890699985723], [-88.02311100036115, 43.03889900020741], [-88.02397199962836, 43.038876999851894], [-88.02418900026166, 43.03887200006848], [-88.02439099992802, 43.038866000327786], [-88.02585200014316, 43.03882899994418], [-88.02728800024397, 43.0387920001949], [-88.02742499961302, 43.0387900002788], [-88.0274239997881, 43.038779000082464], [-88.02812400029516, 43.038779000082464], [-88.03014600020188, 43.03877700016593], [-88.03066000003777, 43.0387800000407], [-88.03148799969301, 43.03878099999892], [-88.0315770002798, 43.03835899976675], [-88.03160700041703, 43.03791499987127], [-88.03161900011258, 43.037755000150675], [-88.03158599960231, 43.036739000133885], [-88.03154799996749, 43.036164999706116], [-88.03148400039338, 43.03579300023341], [-88.03138300011103, 43.03546499971714], [-88.03266299967791, 43.035306000189216], [-88.03319300030566, 43.0352399998306], [-88.0333580001621, 43.03522000016552], [-88.03348600020861, 43.03520599993645], [-88.03358099974486, 43.03519499975428], [-88.03387500037103, 43.035167999955284], [-88.03397300028033, 43.03515899980077], [-88.03411700022038, 43.03514600023192], [-88.03424500026688, 43.03513800009177], [-88.0350629998764, 43.035090999904], [-88.03521500021238, 43.035081999738196], [-88.03533599968787, 43.035076000283546], [-88.03559199978092, 43.03506200002163], [-88.03636199970985, 43.03502199991238], [-88.0366189996278, 43.03500900031445], [-88.03728700034779, 43.034973000251874], [-88.0374839999913, 43.03496200002789], [-88.04007900018344, 43.03482599972237], [-88.04094500037186, 43.03478099999906], [-88.04120700031268, 43.034767000326525], [-88.04199499978496, 43.03472700002492], [-88.04225800044901, 43.03471399970794], [-88.04268500024627, 43.034745999826704], [-88.04396700036128, 43.03484200008293], [-88.04439499998345, 43.03487400013499], [-88.0447149996506, 43.03489799999889], [-88.04567700009846, 43.034973000251874], [-88.04599799959051, 43.03499800009693], [-88.04620600000298, 43.03501399975606], [-88.04630599956208, 43.03502099989289], [-88.04683199999188, 43.03506400005924], [-88.04704100022924, 43.035080999719696], [-88.04705700012278, 43.03498099975691], [-88.0471080001764, 43.03468400027906], [-88.04712499989482, 43.03458599972254], [-88.04719900041299, 43.03399400017493], [-88.04721500030651, 43.03386299988604], [-88.04719900041299, 43.032805000085474], [-88.04719000019216, 43.03219800010625], [-88.04717799959829, 43.03141300014686], [-88.04717400029864, 43.031201999682885], [-88.04717400029864, 43.031144000168936], [-88.04717299957541, 43.031006999853936], [-88.04717299957541, 43.0309870001227], [-88.04707899986408, 43.03098999972163], [-88.04639199977582, 43.031010000108566], [-88.04623600014021, 43.03101399979117], [-88.04590300005428, 43.031010000108566], [-88.04587200009213, 43.031010000108566], [-88.04536800030199, 43.02868900028232], [-88.04535300023338, 43.02861800006869], [-88.04532599957088, 43.02850300016811], [-88.04530100035484, 43.02839599975875], [-88.04528799993605, 43.02834200007665], [-88.0452369998824, 43.028126000216524], [-88.0451790001561, 43.02787799985323], [-88.04512100042977, 43.02762900031807], [-88.04492999973574, 43.02681399971844], [-88.04489399975076, 43.026651000138756], [-88.04469100025946, 43.02657500006593], [-88.04395300011758, 43.0263049997375], [-88.04388199997247, 43.0262809997968], [-88.04381000000245, 43.02625699984667], [-88.04349899965783, 43.026151000283086], [-88.04336999978639, 43.026112999948914], [-88.04321400015077, 43.026067000238776], [-88.04304099989844, 43.0260150001537], [-88.04297099957822, 43.02599500010929], [-88.0428779996918, 43.02596700003611], [-88.04270299978963, 43.02591899988096], [-88.04252700006252, 43.025871999856875], [-88.0423499996122, 43.02582899981725], [-88.0421720002353, 43.02578800008746], [-88.04199200031024, 43.02574900001473], [-88.04180999983703, 43.02571299977401], [-88.04161599966828, 43.02567700016894], [-88.0414340000934, 43.02564200005836], [-88.04125300034343, 43.0256080001007], [-88.04114700003822, 43.02558600023394], [-88.04108699976376, 43.02557699998769], [-88.04088300044758, 43.02554299999402], [-88.04061999978354, 43.02549999972395], [-88.0403570000178, 43.025458999774415], [-88.04009199970393, 43.025421000325274], [-88.03982700028838, 43.025386000068735], [-88.03956100014959, 43.025353000146325], [-88.03929500001082, 43.025323000082054], [-88.03902800004711, 43.02529400018111], [-88.03873500014416, 43.02526000003071], [-88.03836199987526, 43.025222999980805], [-88.03830300032403, 43.02521799974163], [-88.03797500026097, 43.02519299985301], [-88.03789800026807, 43.02518800026811], [-88.03742700008988, 43.02516500007075], [-88.03738199988405, 43.02516299971054], [-88.03721399965455, 43.025158000123206], [-88.03712499996608, 43.02515599976277], [-88.03704600032337, 43.025154000059], [-88.03694699969085, 43.02515299987873], [-88.03681399962147, 43.02515100017481], [-88.03676099991803, 43.02514999999453], [-88.03655800042675, 43.02514499974936], [-88.03651400004583, 43.025144000225666], [-88.03648800010654, 43.025144000225666], [-88.03622399961759, 43.02513899998005], [-88.03592300021702, 43.02513399973402], [-88.0357730004292, 43.025130999848905], [-88.03562799976594, 43.02512799996364], [-88.03545399968866, 43.02512500007822], [-88.03539799961216, 43.025123999897474], [-88.03537000002306, 43.025122999716714], [-88.03523699995367, 43.02511999983101], [-88.03516499998366, 43.02511900030691], [-88.0350489996327, 43.02511599976433], [-88.03463199988119, 43.0251070001059], [-88.03159499982314, 43.025045000014934], [-88.03115799998014, 43.02503599968931], [-88.03034899969315, 43.02501899987341], [-88.0302320004156, 43.025010999726575], [-88.03012500028548, 43.0250229999464], [-88.02937700009784, 43.02500900001808], [-88.02926499994484, 43.025007999835445], [-88.02915199996694, 43.025004999944166], [-88.02840399977931, 43.02499100001179], [-88.02829300034955, 43.024989999828854], [-88.02818000037165, 43.02498699993665], [-88.02751400019977, 43.024974999709826], [-88.02730800033544, 43.02497300000016], [-88.02710300029605, 43.02497400018336], [-88.02517699975047, 43.02493400006634], [-88.02518599997131, 43.024330999856566], [-88.02518299959826, 43.024283999930105], [-88.02429600039177, 43.024296999829495], [-88.02429200019381, 43.023838000248304], [-88.02408899980423, 43.023841000196605], [-88.02360500010556, 43.02384800029437], [-88.02353999980822, 43.023850000040696], [-88.02228600018061, 43.02386899992606], [-88.01852600004932, 43.02392799994733], [-88.0172730002466, 43.02394800000848], [-88.01138699955321, 43.024112999935895], [-88.00859800009059, 43.02418400010652], [-88.00859999974043, 43.024161999729486], [-88.00859899991552, 43.02404500027825], [-88.00848900031065, 43.02404899975802], [-88.0082390000654, 43.02405500029061], [-88.00748900022795, 43.024075000310376], [-88.0072399998076, 43.0240829999224], [-88.00723899998269, 43.02411000000089], [-88.00723800015777, 43.024191999704385], [-88.00723800015777, 43.02421999993044], [-88.0062670003874, 43.02421299987514], [-88.00595600004277, 43.024209999944965], [-88.00474000004999, 43.02420100015371], [-88.00352499988213, 43.02419299990032], [-88.00335400017792, 43.024191999704385], [-88.00238300040752, 43.02418599984189], [-87.99999900010256, 43.024168000251024], [-87.99741200030631, 43.02414899980146], [-87.99741200030631, 43.024279999808904], [-87.99691900038682, 43.02426599971118], [-87.99242100011361, 43.02414500032825], [-87.99044699988747, 43.02413299993678], [-87.98967000028586, 43.024117000067946], [-87.98749100002028, 43.02411599987082], [-87.98709600001008, 43.02406299990523], [-87.98665599979402, 43.02405400009242], [-87.98652500027279, 43.02405199969602], [-87.9854070001893, 43.024026999989296], [-87.98423300002932, 43.024012000291705], [-87.98412000005142, 43.024012999833836], [-87.98367099961453, 43.02402800018792], [-87.983618999736, 43.02403100012693], [-87.98317000019742, 43.024061999707186], [-87.98305899986934, 43.02407299991465], [-87.98294599989141, 43.02408400012011], [-87.98258799969115, 43.024125999871565], [-87.98249700035285, 43.024125999871565], [-87.98246399984258, 43.024125999871565], [-87.98241199996406, 43.02269800008348], [-87.98240399956813, 43.02088700001926], [-87.98240000026848, 43.020063999753184], [-87.98239400042071, 43.01876700001003], [-87.98239299969747, 43.01838400026106], [-87.98213199958155, 43.01843300002949], [-87.98074999990745, 43.01869200031415], [-87.9802899995999, 43.01877900013678], [-87.98006700001714, 43.0188180000399], [-87.97940000002038, 43.01893599988214], [-87.97917800026251, 43.01897599996647], [-87.9789360004132, 43.019017000304984], [-87.97820999996686, 43.01914400029875], [-87.97809600016404, 43.01916500022584], [-87.97796899994245, 43.01918800004397], [-87.97758700035102, 43.01925799972293], [-87.97644400015317, 43.01946899986747], [-87.97606300038667, 43.01954000015454], [-87.97582999985985, 43.01957900023109], [-87.97513400044909, 43.019696999924435], [-87.97490199974716, 43.01973700016979], [-87.97466300027088, 43.01977800000015], [-87.9739460000454, 43.019900999983705], [-87.9737069996708, 43.01994199970456], [-87.9736780002568, 43.019947999981774], [-87.97256400037128, 43.02013699987627], [-87.97240399963938, 43.02016699984773], [-87.97232400017177, 43.02018100022347], [-87.97160399957322, 43.02031599988285], [-87.97136400027203, 43.020360999703335], [-87.97110099960798, 43.02041199972272], [-87.97054499993929, 43.020519999855765], [-87.97031399996061, 43.020565999781766], [-87.9702079996554, 43.020586000281384], [-87.97012800018777, 43.02060199975691], [-87.97005200001978, 43.02061799988504], [-87.96994200041495, 43.02063500026291], [-87.96961500017677, 43.020687999904005], [-87.96950499967362, 43.02070000031208], [-87.9694960003511, 43.02089800013885], [-87.969489999605, 43.02101400008571], [-87.96938199964995, 43.02329099977965], [-87.96938400019809, 43.02415700006057], [-87.96824100000026, 43.02415700006057], [-87.96792200015804, 43.02414400013153], [-87.96656399987505, 43.02416700005469], [-87.96609400042009, 43.02415999999329], [-87.96571199993035, 43.024161000189736], [-87.96559599957939, 43.02415999999329], [-87.9653500004304, 43.02415999999329], [-87.96459899986972, 43.024161999729486], [-87.9623510000072, 43.024165000318646], [-87.96235000018228, 43.02396200017877], [-87.96234900035739, 43.023706999954435], [-87.96231500002219, 43.02353600032327], [-87.9622940001058, 43.02343000000167], [-87.96230699962625, 43.02300999971624], [-87.9623290002659, 43.0223209999442], [-87.96233000009082, 43.021750000009106], [-87.96233199974064, 43.02133100029473], [-87.96169800025413, 43.02136699982132], [-87.96170199955378, 43.02062900005283], [-87.9617240001934, 43.02062900005283], [-87.96172900021627, 43.0204670000696], [-87.96174599993472, 43.019981999790254], [-87.96175299960741, 43.01982099968068], [-87.96175799963027, 43.01965600003998], [-87.96177500024702, 43.01916399994799], [-87.9617810000948, 43.019000000135925], [-87.96178600011768, 43.01883500025935], [-87.96180299983611, 43.01834199986541], [-87.96181000040711, 43.01817799982814], [-87.96181299988187, 43.01808199977932], [-87.9618229999276, 43.01779400004583], [-87.96182700012555, 43.01769899969838], [-87.96183200014843, 43.01753499991417], [-87.96184899986687, 43.01704299990384], [-87.96185499971466, 43.016879999996284], [-87.96216199986132, 43.01687800002289], [-87.9630840001262, 43.01687299976085], [-87.96339200009778, 43.01687200010248], [-87.96366999993214, 43.01687000012889], [-87.9645059999833, 43.016864999866144], [-87.96478499964256, 43.016864000207654], [-87.96505699962914, 43.01686200023379], [-87.96587599996185, 43.01685800028588], [-87.96614899977334, 43.01685699997045], [-87.96628299966764, 43.016856000311776], [-87.96668600007378, 43.01685300002217], [-87.9667999998766, 43.01685300002217], [-87.966820999793, 43.01685300002217], [-87.96695600041052, 43.01685199970665], [-87.9673630001163, 43.01684900007366], [-87.96749899966042, 43.01684900007366], [-87.9674970000106, 43.01666700017008], [-87.96749100016282, 43.016120999849996], [-87.9674900003379, 43.015940000089536], [-87.96749399963754, 43.015634000039526], [-87.96750500040652, 43.01471899967353], [-87.9675100004294, 43.01441399980606], [-87.9675100004294, 43.01433600029231], [-87.96751100025429, 43.01431200027043], [-87.96739800027639, 43.014310000213456], [-87.96670500034034, 43.01431299997047], [-87.96665099991368, 43.01393200009701], [-87.96664000004301, 43.01382799968813], [-87.96655200017948, 43.0132329998048], [-87.96651000034669, 43.0132329998048], [-87.96645300044527, 43.01323200008717], [-87.96636100038376, 43.01323600027128], [-87.96618399993345, 43.01323799970642], [-87.96610799976547, 43.01323699998884], [-87.96269199959075, 43.01325399978289], [-87.96271900025323, 43.01231200008243], [-87.96282100036049, 43.01231099969295], [-87.96346999991559, 43.012302000128045], [-87.96541800020248, 43.0122739997216], [-87.96606799958249, 43.01226599988463], [-87.96609900044294, 43.01226500015127], [-87.96619499980409, 43.012263999761025], [-87.96622699959114, 43.012263999761025], [-87.9664130002623, 43.01226099990387], [-87.96640700041452, 43.012193000256836], [-87.96640099966842, 43.01212200001371], [-87.96639399999574, 43.012049999951635], [-87.96638899997286, 43.01197499993408], [-87.96635899983563, 43.01154700018313], [-87.96633700009433, 43.01104400023627], [-87.96632799987349, 43.01016299978744], [-87.96619900000205, 43.010164999979466], [-87.96551600011175, 43.01017500028181], [-87.96408500003383, 43.010198000182754], [-87.96346999991559, 43.01020499986531], [-87.9627879998502, 43.010212999970676], [-87.96274400036759, 43.010213999737495], [-87.96272900029898, 43.010213999737495], [-87.96273900034473, 43.00981000001539], [-87.96248699955133, 43.00979599990263], [-87.96097600000577, 43.00981399976554], [-87.96104499960275, 43.00669799987491], [-87.96104700015087, 43.006615999800324], [-87.96104600032598, 43.006599999965296], [-87.96104499960275, 43.00620499992438], [-87.96105499964848, 43.00577600019906], [-87.96107100044034, 43.00503199985664], [-87.96107700028811, 43.00475399988853], [-87.96110200040248, 43.00362799971291], [-87.96111200044821, 43.00314100003713], [-87.96111800029598, 43.00299099983284], [-87.96114099986221, 43.00299099983284], [-87.96119299974075, 43.00298999994851], [-87.96129999987087, 43.00298700029543], [-87.96162000043633, 43.00298099967483], [-87.96172800039137, 43.002978999905785], [-87.96267800024535, 43.002966999976394], [-87.96553100018038, 43.00293299994475], [-87.96648199985928, 43.00292199989182], [-87.96650899962346, 43.00292199989182], [-87.96668100005091, 43.002920000120895], [-87.96727799972747, 43.00291500003629], [-87.96747799974403, 43.00291400015073], [-87.96752499959968, 43.002913000265146], [-87.96766500024009, 43.002911999722585], [-87.96771299992066, 43.002911999722585], [-87.96785900040884, 43.002909999951285], [-87.96790399971637, 43.002909000065635], [-87.96848000037487, 43.002902000208636], [-87.9685049995909, 43.002902000208636], [-87.96852899988035, 43.001049999883996], [-87.96850899978885, 43.00078799967399], [-87.96852700023052, 43.00079499977185], [-87.9688429996997, 43.0009009997486], [-87.97477299987574, 43.002898999894235], [-87.97481100040889, 43.00291500003629], [-87.97525800029764, 43.003067000192345], [-87.97756700025953, 43.00384899971011], [-87.97756800008445, 43.00380199987241], [-87.97756999973427, 43.00370700021638], [-87.97756399988648, 43.003550000297004], [-87.97749199991647, 43.00352500012634], [-87.9768609999047, 43.00330500015676], [-87.97581399996633, 43.00295199973289], [-87.97570299963826, 43.00289200003609], [-87.97633600019815, 43.00289100015015], [-87.97659800013896, 43.00289100015015], [-87.9766779996066, 43.00289299992202], [-87.9769179998061, 43.002898999894235], [-87.97699800017205, 43.002902000208636], [-87.97717499972406, 43.00290599975163], [-87.97757599958206, 43.00291699980738], [-87.97763099983364, 43.00109799977128], [-87.97762300033604, 43.00031300027333], [-87.97763099983364, 42.99989400014102], [-87.97763199965854, 42.9998020001637], [-87.97763699968142, 42.99954099982828], [-87.97764500007733, 42.999277999808704], [-87.97874899991713, 42.99928100029989], [-87.97937200043128, 42.999277999808704], [-87.98125799989556, 42.999286000023226], [-87.98142000027727, 42.99927000025009], [-87.98261199998059, 42.999288999857065], [-87.98269599964618, 42.999288999857065], [-87.98452199973431, 42.99929500018119], [-87.98453400032821, 42.9992919996907], [-87.98459799990229, 42.99921000024248], [-87.98466499984944, 42.99911699995063], [-87.98472000010103, 42.99903099981686], [-87.98496000030055, 42.99858999979902], [-87.98506499988252, 42.99843899969414], [-87.98515000027135, 42.99833699990936], [-87.98524399998267, 42.998237999840406], [-87.98534600008993, 42.998145000048375], [-87.98544800019718, 42.99806199976188], [-87.98558600028943, 42.997963999873015], [-87.98572100000865, 42.99788199996653], [-87.98585499990294, 42.99781000029493], [-87.98597499955356, 42.997753000084515], [-87.98610000012533, 42.997700999673484], [-87.98636100024125, 42.997615000185874], [-87.98649799961026, 42.997578999875685], [-87.98667000003775, 42.99754500014741], [-87.98687500007713, 42.99750499990189], [-87.9870199998421, 42.99748699971723], [-87.98718399987364, 42.997474000055064], [-87.9873360002096, 42.99747699997736], [-87.9875830000818, 42.99747300008095], [-87.98758100043197, 42.99751199971676], [-87.9875760004091, 42.99775999987113], [-87.98825099990349, 42.99775599999313], [-87.9883089996298, 42.99777300012976], [-87.98829100008645, 42.99874500000361], [-87.9889270001211, 42.99875500019413], [-87.98953600039155, 42.998765999679115], [-87.9895339998434, 42.99887599967672], [-87.99013999974082, 42.99887299982273], [-87.99087299985983, 42.99888399994359], [-87.99098099981487, 42.998892000209466], [-87.99126100019734, 42.998887999748156], [-87.99238299958047, 42.998882999992425], [-87.99340899960244, 42.99887599967672], [-87.99446899995961, 42.99886999996863], [-87.9950239998034, 42.998873999774055], [-87.99502299997847, 42.99885799989364], [-87.99572900033331, 42.998839000153446], [-87.99576299977019, 42.99883199983273], [-87.99580299995314, 42.99879700018814], [-87.99749199977393, 42.99878700000445], [-87.99749199977393, 42.99879800014072], [-87.99749299959885, 42.99900100003221], [-87.99749299959885, 42.99905000015473], [-87.99805800038669, 42.99904399980663], [-87.99813299983145, 42.99904299985802], [-87.9981360002045, 42.998860999748366], [-87.99907600001275, 42.99885699994204], [-88.0000509999811, 42.998848999671665], [-88.0000509999811, 42.9989070001302], [-88.00005000015618, 42.99902300022614], [-88.00128100021757, 42.99902200027718], [-88.00175800024354, 42.999015999926335], [-88.00189399978765, 42.999015999926335], [-88.00190800003138, 42.99824700015187], [-88.00192200027507, 42.997392000151706], [-88.00194499984129, 42.99557100013342], [-88.00197499997853, 42.993759999719494], [-88.00200799959048, 42.99194500021741], [-88.00202100000928, 42.99109500031456], [-88.0020240003823, 42.99057699982228], [-88.00203100005503, 42.99048099999992], [-88.00203299970484, 42.990343000197974], [-88.00203500025297, 42.99025700026943], [-88.00203799972772, 42.990108000245925], [-88.00205000032159, 42.9893549997749], [-88.00207700008578, 42.98927800008905], [-88.00207999956051, 42.98908500006863], [-88.00208999960626, 42.98850900001686], [-88.00209399980422, 42.98831699967625], [-88.00234900007234, 42.98831500008712], [-88.00311399997841, 42.988309000004975], [-88.00336900024651, 42.988306999758464], [-88.00372800027172, 42.98830400004564], [-88.00480500034733, 42.98829500024922], [-88.00516500019744, 42.988293000002194], [-88.00525300006097, 42.98829199987868], [-88.00551900019977, 42.98829000028869], [-88.00560799988821, 42.98829000028869], [-88.00567499983536, 42.98828900016513], [-88.006014999594, 42.98828599979436], [-88.00723700033288, 42.98827599987148], [-88.00764499986354, 42.98827400028096], [-88.0079510001853, 42.988272000033305], [-88.00887199972698, 42.98826800019487], [-88.00907299956845, 42.98826800019487], [-88.00917899987365, 42.98826800019487], [-88.00942099972298, 42.98826700007096], [-88.01014899981912, 42.988263999699065], [-88.01039200039169, 42.988263999699065], [-88.01083300043265, 42.9882620001082], [-88.01215800020536, 42.988257000145], [-88.01247700004758, 42.98825600002089], [-88.01260000007126, 42.98825600002089], [-88.01309499964057, 42.98825399977265], [-88.01458199979498, 42.98824700021745], [-88.01507800008756, 42.988246000093184], [-88.01532499995976, 42.98824399984457], [-88.0154560003793, 42.98824399984457], [-88.01606899994941, 42.98824100012867], [-88.01631699964652, 42.98824100012867], [-88.01656400041705, 42.98824000000431], [-88.01730800040673, 42.9882360001638], [-88.01755600010382, 42.9882360001638], [-88.01888500007452, 42.988231000198525], [-88.02241199967901, 42.98821900001732], [-88.02287500035958, 42.988216000300206], [-88.02420500015518, 42.98821099967617], [-88.02485600025842, 42.98820799995866], [-88.02681200004291, 42.988200999741146], [-88.02746399997106, 42.988199000148185], [-88.02771000001837, 42.98819599977302], [-88.02845099963498, 42.98818900021121], [-88.02869800040551, 42.98818699996074], [-88.02894399955449, 42.98818400024206], [-88.02968400024452, 42.9881770000218], [-88.0299310001167, 42.9881759998964], [-88.03015000039983, 42.98817300017719], [-88.03080999982558, 42.988165999955626], [-88.03102999993361, 42.98816399970446], [-88.03105599987289, 42.98816399970446], [-88.03113700006374, 42.98816399970446], [-88.03116399982792, 42.98816399970446], [-88.03140800022538, 42.988160999984665], [-88.03213999962118, 42.988153999761735], [-88.03238499984356, 42.988152000167304], [-88.03263199971576, 42.98814899978979], [-88.03337400005562, 42.98814200022262], [-88.03362199975274, 42.98814100009666], [-88.0338589995792, 42.98813799971861], [-88.03457199960673, 42.98813100015024], [-88.03479300043797, 42.98813000002404], [-88.03481000015641, 42.98813000002404], [-88.03487799992847, 42.98812899989788], [-88.03509200018871, 42.988126000176365], [-88.03593999993545, 42.988116000227514], [-88.03622299979267, 42.98811399997467], [-88.03628999973982, 42.988115000101125], [-88.03723299992113, 42.98810699974644], [-88.03729099964744, 42.98810299989727], [-88.03768700038088, 42.98810299989727], [-88.03747300012064, 42.98743700002448], [-88.03749400003704, 42.98636499973621], [-88.03759600014429, 42.982642999924735], [-88.03756000015927, 42.98225999968008], [-88.03755900033437, 42.98211599979283], [-88.03755699978623, 42.981684000078936], [-88.03755699978623, 42.981540999733134], [-88.03749700041008, 42.98096900028136], [-88.03749300021212, 42.980922000030084], [-88.03750499990768, 42.98041899973319], [-88.03751499995344, 42.98004100006705], [-88.03752400017426, 42.97968600019954], [-88.0375330003951, 42.97935000011047], [-88.03762399973338, 42.975806000085065], [-88.03768400000783, 42.97363000003001], [-88.03758199990058, 42.97363000003001], [-88.03665299996298, 42.97363600023027], [-88.03610899998986, 42.97363800029691], [-88.03447799989539, 42.97364500020092], [-88.03393499974717, 42.973647999971746], [-88.03368799987497, 42.973648999676264], [-88.032950999558, 42.97365499987467], [-88.03270500040902, 42.973656999940644], [-88.0324509999658, 42.973658000302244], [-88.03168900043278, 42.97366300013827], [-88.03143599981448, 42.97366500020402], [-88.03119499979007, 42.97366599990822], [-88.03047400026493, 42.97367200010496], [-88.03023400006542, 42.97367400017043], [-88.02999300004099, 42.97367499987447], [-88.02927099979264, 42.97367999970912], [-88.02903099959312, 42.97368199977428], [-88.02877299985026, 42.973683000135516], [-88.02800299992133, 42.97368899967332], [-88.02774600000339, 42.97369099973819], [-88.0270010001888, 42.97369299980304], [-88.02476599984675, 42.97370300012622], [-88.02402199985708, 42.973705999894214], [-88.02354800020416, 42.973707000255025], [-88.02282299958273, 42.973709000319346], [-88.02230999957176, 42.97371200008706], [-88.02212700017196, 42.97371299979054], [-88.02165400034394, 42.97371499985462], [-88.02114899983057, 42.97371600021528], [-88.01963599973688, 42.97372300011046], [-88.01913199994672, 42.97372500017423], [-88.01910699983236, 42.97372599987749], [-88.01885499993728, 42.97372599987749], [-88.0181029995517, 42.97372900030164], [-88.01785200037983, 42.97373000000479], [-88.01754199986013, 42.97373000000479], [-88.01661200009762, 42.97373299977148], [-88.01630300030114, 42.97373400013184], [-88.01599399960634, 42.97373400013184], [-88.01506999969162, 42.973736000195295], [-88.01476199972004, 42.973736999898335], [-88.01477900033679, 42.97320400009039], [-88.01480000025319, 42.97278200001793], [-88.01480100007811, 42.97237700026726], [-88.0146450004425, 42.97237799999244], [-88.01465200011519, 42.97196999970064], [-88.01471800023742, 42.97196899996888], [-88.01469999979578, 42.97114600026658], [-88.01469300012306, 42.970323000068305], [-88.0147729995907, 42.970323000068305], [-88.0147729995907, 42.970139999942866], [-88.01477799961359, 42.97002099994269], [-88.01476799956782, 42.969858999925876], [-88.01302500021868, 42.96988799970866], [-88.0120340003568, 42.9699149999475], [-88.01003599984122, 42.96992000008776], [-88.00807400020896, 42.969939000222844], [-88.00625599961842, 42.96995799969472], [-88.0048389997842, 42.96997300010391], [-88.00162799964889, 42.970007999729845], [-87.9987560003456, 42.97004699970278], [-87.99868900039844, 42.97008900025267], [-87.99826800044899, 42.97035300004768], [-87.998080000128, 42.97047200006282], [-87.99727400021405, 42.97098000027783], [-87.9969260000595, 42.971200000285165], [-87.99488099968825, 42.972542000049486], [-87.99408499982005, 42.97306600028252], [-87.99394599990288, 42.973154000024294], [-87.99353300034932, 42.97341900017415], [-87.99339500025705, 42.97350799977492], [-87.99328599957879, 42.97357800024179], [-87.99295900023897, 42.97378799984993], [-87.9928499995607, 42.973857999998145], [-87.99272300023742, 42.973857999998145], [-87.99234499994564, 42.97386200011687], [-87.99221900044725, 42.97386299981786], [-87.99199500014126, 42.97386499987711], [-87.99169499966729, 42.97386800029449], [-87.99132300012162, 42.973869999696305], [-87.99109999964054, 42.97387199975528], [-87.99105500033302, 42.97387199975528], [-87.99092399991345, 42.973873000113436], [-87.99088000043083, 42.97387399981425], [-87.99005600007523, 42.973880999691396], [-87.99010600030394, 42.97220700008848], [-87.99010700012884, 42.97209599995399], [-87.99269499975001, 42.97207600009794], [-87.99269999977287, 42.972003000042335], [-87.99271700038962, 42.97147899995442], [-87.99275500002445, 42.97046400004144], [-87.99276400024529, 42.97023999967662], [-87.99143199990156, 42.97024400003066], [-87.99138099984795, 42.97024400003066], [-87.99138199967287, 42.970214999758404], [-87.99138500004591, 42.970118999688914], [-87.99120199974779, 42.97011200004085], [-87.9909769996169, 42.97010499973472], [-87.9906319998354, 42.97009500014108], [-87.99035300017614, 42.96999899988429], [-87.99009700008311, 42.969900000181426], [-87.98999499997586, 42.96986300030475], [-87.9899480001202, 42.96982499998178], [-87.98976700037022, 42.969717000112084], [-87.98959499994277, 42.96958300010746], [-87.98827299964478, 42.969592000013904], [-87.988238000383, 42.96959700018047], [-87.98822800033726, 42.96986400007074], [-87.98821800029152, 42.9698699999811], [-87.98821900011643, 42.969880000268596], [-87.98821300026864, 42.96997300010391], [-87.98820700042087, 42.97014400030341], [-87.98816200021503, 42.97014400030341], [-87.98814899979625, 42.97048300000841], [-87.98811199998632, 42.97048399976438], [-87.98682999987129, 42.9704850001776], [-87.98564200036594, 42.97048599993347], [-87.98558600028943, 42.97048599993347], [-87.9855839997413, 42.970555000141474], [-87.9850480001641, 42.97055599989622], [-87.9850480001641, 42.97054700013084], [-87.98504499979104, 42.97049699987656], [-87.98445300013734, 42.970507999817684], [-87.9844509995892, 42.970566999826794], [-87.98444800011448, 42.97061600027041], [-87.98444499974143, 42.97071200022148], [-87.98403200018787, 42.970707999897876], [-87.98382899979828, 42.97070700014556], [-87.98377699991973, 42.97209300010746], [-87.98373900028491, 42.97328199990193], [-87.98374099993472, 42.973403999948125], [-87.98396000021783, 42.97340300023967], [-87.98394900034718, 42.973692000099284], [-87.98394199977618, 42.97390299967577], [-87.98402499961685, 42.97390299967577], [-87.9840840000664, 42.97390299967577], [-87.98415900040946, 42.97390299967577], [-87.98418799982346, 42.97390299967577], [-87.9843850003653, 42.97390199997538], [-87.98446099963493, 42.97390199997538], [-87.98458899968146, 42.97390199997538], [-87.98470500003242, 42.97390199997538], [-87.98491799956945, 42.97390199997538], [-87.98497299982101, 42.97390199997538], [-87.98502300004974, 42.97390199997538], [-87.98496199995037, 42.97869900029919], [-87.98509300036993, 42.97861999984811], [-87.98603099963005, 42.97805300030398], [-87.98602300013245, 42.97888599972296], [-87.98593699991872, 42.97889099979115], [-87.9854430001743, 42.978893999963304], [-87.98544099962616, 42.97907699967196], [-87.98479999956866, 42.97945899976164], [-87.98470800040548, 42.97951500024284], [-87.98437399959631, 42.979515999851934], [-87.98436000025093, 42.97976899967276], [-87.98419299984634, 42.979768000067736], [-87.98419200002144, 42.979824000267506], [-87.98397699993627, 42.979821999744885], [-87.98397000026357, 42.980183999958435], [-87.98418500034873, 42.98018599981211], [-87.98417799977771, 42.98050299978154], [-87.9841760001279, 42.98059900007185], [-87.98245999964462, 42.98061500010568], [-87.98259199988911, 42.98075999981142], [-87.98240699994118, 42.98087200032454], [-87.98224799993251, 42.98095000026802], [-87.98219100003111, 42.980868000004605], [-87.98186600034109, 42.980554000036584], [-87.98270800024007, 42.980052999873074], [-87.98344200018398, 42.97961600011336], [-87.98357600007829, 42.97953599991723], [-87.9836060002155, 42.9775249999635], [-87.98361100023838, 42.97716200022134], [-87.98362799995681, 42.97607600027748], [-87.98363399980461, 42.97571400019661], [-87.98366499976675, 42.97535199995652], [-87.98366200029201, 42.97390400003338], [-87.98364399985036, 42.97390400003338], [-87.98319699996159, 42.97390400003338], [-87.98304799999869, 42.97390499973368], [-87.98304799999869, 42.973884999808675], [-87.9830499996485, 42.97382799975658], [-87.98305100037173, 42.97380900016568], [-87.98306200024238, 42.97346600024524], [-87.98309800022739, 42.97243599979805], [-87.98310999992296, 42.97209399983721], [-87.98311999996871, 42.97174400009149], [-87.98315299958067, 42.97069699999252], [-87.98316500017454, 42.97034799994261], [-87.98342399974233, 42.970333000282146], [-87.98420200006719, 42.9702870002052], [-87.98446200035818, 42.97027300028924], [-87.98469900018463, 42.97027199987259], [-87.98541300003708, 42.97026800017763], [-87.98565099968845, 42.97026800017763], [-87.98588800041323, 42.97026699976088], [-87.98660100044076, 42.97026500024193], [-87.98683900009213, 42.97026500024193], [-87.98709500018516, 42.970263999825136], [-87.98786299956598, 42.970263999825136], [-87.98812000038222, 42.970263999825136], [-87.98812299985697, 42.97018600012979], [-87.98813100025288, 42.969954999743905], [-87.98813499955253, 42.96987800007979], [-87.98813899975049, 42.96975600026947], [-87.98814499959828, 42.96959599975282], [-87.98815200016928, 42.96939300002234], [-87.98815700019216, 42.96928899981026], [-87.98815800001707, 42.96927300011594], [-87.98816399986484, 42.969090000153045], [-87.98818499978124, 42.96854400030393], [-87.98819099962904, 42.96839500024009], [-87.98819200035226, 42.96836199993449], [-87.9881959996519, 42.96826000019266], [-87.98820499987274, 42.96803199984875], [-87.98820800024578, 42.96795399995224], [-87.98821200044375, 42.967852999989866], [-87.98822099976626, 42.96760800017957], [-87.98824800042874, 42.966873999967], [-87.98825799957619, 42.96663000001997], [-87.98793299988618, 42.96663000001997], [-87.98696100029088, 42.96663300013295], [-87.9866380002507, 42.96663399995149], [-87.98655899970964, 42.96663399995149], [-87.98649500013555, 42.96663399995149], [-87.9860690001632, 42.96663399995149], [-87.98592699987297, 42.96663499976998], [-87.98568500002365, 42.96663499976998], [-87.98496000030055, 42.96663700006428], [-87.98471900027612, 42.966637999882714], [-87.98452900030533, 42.966637999882714], [-87.98396199986766, 42.96663899970117], [-87.98377400044501, 42.96664000017692], [-87.98370800032275, 42.96664000017692], [-87.9835130003291, 42.96664000017692], [-87.98328999984801, 42.966640999995306], [-87.98325899988588, 42.967558999968915], [-87.98324200016742, 42.967558999968915], [-87.98284899980706, 42.967558999968915], [-87.98270099966905, 42.96755999977241], [-87.98207100038051, 42.96755999977241], [-87.98018099981995, 42.96756100023318], [-87.97955200035634, 42.967562000036594], [-87.97930100028617, 42.967562000036594], [-87.97854999972549, 42.967562000036594], [-87.97830000037855, 42.96756299984004], [-87.97830500040142, 42.967380000048244], [-87.97832200011985, 42.96683400013898], [-87.97832799996765, 42.966651999968725], [-87.97817900000473, 42.966651999968725], [-87.97773600031395, 42.966651999968725], [-87.97769199993301, 42.96665299978691], [-87.97768899955996, 42.9667770001255], [-87.97768000023743, 42.96707799993412], [-87.97767600003947, 42.96718800011255], [-87.97767400038965, 42.967257000076266], [-87.97766599999373, 42.96753500007955], [-87.97765500012308, 42.9678820000611], [-87.97763400020668, 42.96857300004939], [-87.97760800026742, 42.96942599977482], [-87.97760599971927, 42.969470000293626], [-87.97759900004658, 42.96973299969085], [-87.97759099965067, 42.96998100018921], [-87.97759300019881, 42.97007600005425], [-87.97758499980289, 42.97017599989201], [-87.97756499971139, 42.97083100019935], [-87.97712700004348, 42.97083400010743], [-87.97407200044209, 42.97083400010743], [-87.97406499987108, 42.971069999868035], [-87.97406099967313, 42.97127899975219], [-87.97403899993182, 42.972137000032895], [-87.97403499973386, 42.972159999712524], [-87.97402499968811, 42.97253799984485], [-87.97401399981746, 42.972949999833006], [-87.97404700032774, 42.97294900011717], [-87.97435199992627, 42.97294499993902], [-87.97445499985842, 42.9729440002231], [-87.97483899999797, 42.97293900032862], [-87.9748330001502, 42.9739080001491], [-87.97439899978193, 42.9739080001491], [-87.97421899985687, 42.97390699979157], [-87.9736790000817, 42.97390699979157], [-87.97349999998157, 42.97390699979157], [-87.97331699968345, 42.97390600009125], [-87.97334099997289, 42.97295100020611], [-87.9732149995762, 42.97295100020611], [-87.97318699998712, 42.97339099979311], [-87.972382999723, 42.97339299986771], [-87.97237699987521, 42.97390600009125], [-87.97220899964572, 42.97390499973368], [-87.97107399984381, 42.97390400003338], [-87.97069599955202, 42.97390400003338], [-87.97065899974211, 42.97390400003338], [-87.97055099978706, 42.97390400003338], [-87.97051499980205, 42.97390400003338], [-87.97039599997638, 42.97390299967577], [-87.97037800043303, 42.97390299967577], [-87.97037800043303, 42.97435299989901], [-87.9703769997098, 42.974484999988405], [-87.97032300018145, 42.974484999988405], [-87.97017599986835, 42.974484999988405], [-87.97016099979973, 42.97498200012346], [-87.9703700000371, 42.97498099978339], [-87.97059500016799, 42.97498099978339], [-87.97066999961275, 42.97498099978339], [-87.97066799996293, 42.97504200012327], [-87.97066399976497, 42.975227999816376], [-87.97066299994006, 42.975290999924106], [-87.97065899974211, 42.975428000321656], [-87.97064899969635, 42.975838999682914], [-87.97064600022163, 42.97597699984069], [-87.9707779995678, 42.97596600022046], [-87.97117400030122, 42.97593700001732], [-87.97130700037063, 42.97592799972489], [-87.9713409998075, 42.97592999971693], [-87.97144299991474, 42.97593799968462], [-87.97147700024993, 42.97594100000085], [-87.97158900040293, 42.97594899996706], [-87.97192800033665, 42.97597600017401], [-87.97195900029878, 42.9759789998312], [-87.9720389997664, 42.97599800006613], [-87.97213300037605, 42.976019999950374], [-87.97241799988309, 42.976086999877985], [-87.97251300031765, 42.97611000005211], [-87.97258299973953, 42.976127000261044], [-87.97263299996824, 42.97614399980798], [-87.9727009997403, 42.976168000281604], [-87.97272400020485, 42.97613599986715], [-87.9727429995731, 42.9761109997166], [-87.9727710000605, 42.976072999967826], [-87.97277799973321, 42.97606100004228], [-87.9727850003042, 42.97604999977987], [-87.97280299984756, 42.97602500025162], [-87.97283800000766, 42.97597800016455], [-87.97284899987831, 42.9759649998964], [-87.9728620002971, 42.97594899996706], [-87.97287099961962, 42.97593799968462], [-87.97288099966536, 42.97592599973272], [-87.97289200043433, 42.97591500010338], [-87.97290099975685, 42.975903999814854], [-87.9729119996275, 42.97589399984958], [-87.97292300039648, 42.975881999889104], [-87.97293400026713, 42.97587199992026], [-87.97294500013778, 42.975861000281256], [-87.97295600000844, 42.97584999998307], [-87.972967999704, 42.97584000000902], [-87.9729800002979, 42.97583000003335], [-87.97299100016853, 42.975818999729576], [-87.97300399968901, 42.975808999750484], [-87.97302200013067, 42.975794000107406], [-87.97303399982624, 42.97578400012426], [-87.97304700024505, 42.97577499980939], [-87.9730589999406, 42.97576499982315], [-87.97307300018429, 42.97575499983528], [-87.97308499987986, 42.975746000173416], [-87.97309900012357, 42.975736999852984], [-87.97311900021505, 42.97572299986316], [-87.97313199973553, 42.97571400019661], [-87.97314599997924, 42.975704999871496], [-87.97317199991849, 42.975688999874514], [-87.97321899977418, 42.97572800018855], [-87.97358000034751, 42.97602199993948], [-87.97347900006518, 42.976096000147194], [-87.97352699974574, 42.976127000261044], [-87.97353799961641, 42.976133999881746], [-87.97320899972841, 42.97640999987807], [-87.97329599976706, 42.9764699997991], [-87.97338600017875, 42.97655900024227], [-87.9734530001259, 42.97662400027039], [-87.97360100026391, 42.97685100000161], [-87.97361299995947, 42.976894000157394], [-87.97367700043188, 42.97710499992053], [-87.97366700038614, 42.97783299983679], [-87.97366300018818, 42.978150000107554], [-87.97363899989872, 42.9782469997581], [-87.97359600024103, 42.97842899979397], [-87.97353500014167, 42.97852699994402], [-87.97348200043821, 42.978612999853155], [-87.97386599967946, 42.97862899974657], [-87.97556100024634, 42.97863300021218], [-87.97559999970609, 42.975736000182465], [-87.97572399955466, 42.975734999854666], [-87.97608400030306, 42.975734000184055], [-87.97623099971786, 42.97573299985623], [-87.97667500013186, 42.9757300001871], [-87.97682300026987, 42.9757300001871], [-87.97707299961681, 42.9757300001871], [-87.97782300035257, 42.9757300001871], [-87.97807400042275, 42.975730999857774], [-87.97806900039987, 42.97596400022958], [-87.97805799963089, 42.97666299999144], [-87.97805400033124, 42.976896999769735], [-87.97805199978312, 42.976969000280725], [-87.97805099995821, 42.97702600005041], [-87.97804500011041, 42.977416999813364], [-87.97804299956228, 42.97754699995868], [-87.97830000037855, 42.97754600031758], [-87.97907399960714, 42.97754500001923], [-87.9793320002483, 42.97754500001923], [-87.97946199994465, 42.9775439997208], [-87.97985199993198, 42.9775439997208], [-87.97989299993988, 42.9775439997208], [-87.97989299993988, 42.97746099987309], [-87.97989799996273, 42.97724200022008], [-87.97989899978766, 42.97713200027715], [-87.97990100033579, 42.97702200013744], [-87.97990299998561, 42.976913000109654], [-87.97990499963544, 42.976803000235435], [-87.97994200034366, 42.976803000235435], [-87.97994999984127, 42.976475000063694], [-87.97998599982628, 42.976473999747924], [-87.9802260000258, 42.976473999747924], [-87.98054599969294, 42.97647300008938], [-87.98054499986803, 42.976523000085905], [-87.98054099967007, 42.97673500011918], [-87.98053900002024, 42.976871999928576], [-87.98053800019534, 42.97698899985999], [-87.98053700037043, 42.97702200013744], [-87.98114300026782, 42.977020999830565], [-87.98113499987191, 42.97754199978125], [-87.9811270003743, 42.97805799978263], [-87.98111399995553, 42.978873999689185], [-87.98110399990976, 42.979564999737484], [-87.98109700023707, 42.97996800026538], [-87.9810910003893, 42.980224999902724], [-87.98108899984116, 42.98048699971862], [-87.98108700019134, 42.9806740002765], [-87.98064399960224, 42.9806719997815], [-87.98053900002024, 42.9806719997815], [-87.98044399958569, 42.980673000028986], [-87.9801349997892, 42.98066999994364], [-87.98014499983493, 42.98115400020834], [-87.98013800016226, 42.98152600017389], [-87.98013700033734, 42.98156300026296], [-87.98013700033734, 42.98160500017715], [-87.98005100012362, 42.981657999981024], [-87.9792050000267, 42.98217600006068], [-87.97910100026962, 42.98223800005687], [-87.97902000007878, 42.982286999744645], [-87.97878099970418, 42.982435000106804], [-87.97870100023654, 42.98248499985553], [-87.97854899990057, 42.98257899990403], [-87.978100000362, 42.9828639998228], [-87.97788699992668, 42.98298599991688], [-87.97785299959148, 42.983016000290746], [-87.97779999988803, 42.983044000232155], [-87.9777489998344, 42.98307200016085], [-87.97773200011599, 42.983082000273136], [-87.97741200044884, 42.983279999795194], [-87.977395999657, 42.98328900032587], [-87.97709299970829, 42.98301800005225], [-87.97703300033216, 42.982962999686], [-87.97679700033059, 42.98310600001017], [-87.9760099997849, 42.983561999805914], [-87.97592299974627, 42.9836139996946], [-87.9757620000878, 42.98372900020214], [-87.97612600013586, 42.984055000065865], [-87.97601300015796, 42.984122999972776], [-87.97599399989139, 42.98413299991405], [-87.97593899963981, 42.98416699983376], [-87.97592100009646, 42.984177999958376], [-87.97582499983697, 42.98423400008438], [-87.97554100015485, 42.9844050000595], [-87.97544599972029, 42.98446299969323], [-87.97540800008547, 42.984484999834585], [-87.97529599993248, 42.984551000211404], [-87.97525900012255, 42.98457399984812], [-87.97504300021248, 42.98470299979405], [-87.9743970001321, 42.985091999673195], [-87.97418200004695, 42.98522200001993], [-87.97414600006195, 42.985236999991706], [-87.97405700037348, 42.98529900018666], [-87.97402700023625, 42.98531899968508], [-87.97380700012822, 42.98545099989129], [-87.9731500001772, 42.98584800028694], [-87.97293099989409, 42.98598100017552], [-87.97289599973399, 42.98600100010918], [-87.9727919999769, 42.98606499985316], [-87.97275799964171, 42.98608599991889], [-87.97273300042568, 42.98610400015732], [-87.97259500033341, 42.98618700016622], [-87.97210200041391, 42.986484000309375], [-87.97193800038238, 42.98658399975147], [-87.97188800015367, 42.986613000190076], [-87.97174000001567, 42.98670400005004], [-87.97169099961187, 42.98673399992383], [-87.97166100037293, 42.986750999823876], [-87.97157099996126, 42.98680600008681], [-87.97154199964895, 42.98682400011436], [-87.97151999990763, 42.98683599991077], [-87.9714539997854, 42.98687599987234], [-87.971432999869, 42.98688999995133], [-87.97141600015057, 42.986900000099645], [-87.97140600010482, 42.98741500028245], [-87.9714039995567, 42.98751100029366], [-87.97166899987054, 42.98752099968386], [-87.97167100041868, 42.987420999794715], [-87.9716730000685, 42.98736600008204], [-87.9716730000685, 42.987349999833796], [-87.97167399989343, 42.98730199972121], [-87.97167499971832, 42.98728700025332], [-87.97167600044156, 42.98721100008943], [-87.97168200028933, 42.98701300008566], [-87.97226499972221, 42.98701499971715], [-87.97224600035395, 42.987779000079065], [-87.97224299998092, 42.98788299990667], [-87.97165399980193, 42.987874000048556], [-87.97165700017499, 42.987812999953576], [-87.9716579999999, 42.98777799994719], [-87.97166200019787, 42.98767600020904], [-87.97166399984769, 42.98764200025875], [-87.97166600039581, 42.98758599995169], [-87.97166800004565, 42.987550999815994], [-87.97132800028702, 42.987550999815994], [-87.97110700035407, 42.987550999815994], [-87.97110399998103, 42.98752099968386], [-87.97110700035407, 42.9873679997021], [-87.97111300020185, 42.987083000292586], [-87.9708699996293, 42.987230000139185], [-87.97081199990298, 42.98726599994074], [-87.97077900029102, 42.98728600011344], [-87.97077300044323, 42.98749799983546], [-87.97076900024527, 42.98755599983663], [-87.9707630003975, 42.98774400005326], [-87.9707630003975, 42.987856999801956], [-87.9707630003975, 42.98787500017892], [-87.97039799962619, 42.987876999782365], [-87.97039799962619, 42.98785099967516], [-87.97040099999926, 42.98776799994167], [-87.97040799967192, 42.9875119997728], [-87.97027499960255, 42.98743199999421], [-87.96990200023197, 42.98709899995325], [-87.97183799992496, 42.9859290003176], [-87.97143500041715, 42.98557000026242], [-87.9713199998911, 42.985638999974505], [-87.97063899965062, 42.98605100024342], [-87.97062100010727, 42.98606300019072], [-87.97041500024294, 42.98606300019072], [-87.9692229996413, 42.98606700017263], [-87.96921799961845, 42.98615300004943], [-87.96921699979352, 42.986167999794034], [-87.96921599996861, 42.986186000008445], [-87.96876200040718, 42.986188000323985], [-87.96859199962954, 42.98618499985065], [-87.96859500000258, 42.98571600027604], [-87.968427999598, 42.985720999788754], [-87.96794200024952, 42.98573299980047], [-87.96796300016592, 42.98494200009418], [-87.96795700031814, 42.98492899974981], [-87.96795800014306, 42.98488499977702], [-87.96803400031104, 42.98117900028011], [-87.96809899971005, 42.978725999955934], [-87.96810100025817, 42.9786240003143], [-87.96843099997108, 42.97861099994833], [-87.97061600008439, 42.97862600021872], [-87.97066700013802, 42.97628399991913], [-87.97066399976497, 42.97610000012034], [-87.97055400016012, 42.97610000012034], [-87.97055599980995, 42.97597600017401], [-87.97057000005366, 42.97507900017066], [-87.96994499988966, 42.97507900017066], [-87.96994800026272, 42.97498200012346], [-87.96994900008762, 42.97495599982056], [-87.96996599980606, 42.974484999988405], [-87.96887799985981, 42.974484999988405], [-87.96888000040795, 42.974416000245874], [-87.96821300041117, 42.97441400020459], [-87.96821400023609, 42.97435900002872], [-87.96822199973369, 42.974015999889524], [-87.96822599993165, 42.97390199997538], [-87.96823099995451, 42.97363699993499], [-87.96824699984805, 42.972842000192365], [-87.9682500002211, 42.97270000003546], [-87.9673289997811, 42.97270799976604], [-87.96728500029849, 42.9734199998824], [-87.96736499976612, 42.97342100024785], [-87.9677580001265, 42.97343000024996], [-87.96775300010364, 42.97375200004314], [-87.96774700025586, 42.97390299967577], [-87.96755100043727, 42.97390299967577], [-87.96666900035535, 42.97390400003338], [-87.96637599955406, 42.97390499973368], [-87.96633799991922, 42.97390499973368], [-87.9662230002915, 42.97390499973368], [-87.96618599958327, 42.97390600009125], [-87.96483499987129, 42.9739080001491], [-87.96483099967331, 42.97406100010881], [-87.96480599955896, 42.97500100000923], [-87.9648010004344, 42.97518200011427], [-87.96446999999831, 42.97518400013058], [-87.96325499983044, 42.97518600014687], [-87.96201399972331, 42.97518899984254], [-87.96176900039924, 42.97518899984254], [-87.96103600028022, 42.975190000179225], [-87.96079199988276, 42.97519099985867], [-87.96013499993173, 42.97519600022727], [-87.96011499984023, 42.97592199974826], [-87.96010200031975, 42.97638899979333], [-87.9599929996415, 42.97638899979333], [-87.95829299995007, 42.9763920000875], [-87.95828999957702, 42.976513000221296], [-87.9582879999272, 42.97656199987096], [-87.95828600027737, 42.9767089999002], [-87.95828499955414, 42.97675899970484], [-87.95827899970635, 42.97699000016744], [-87.95826500036098, 42.977685000226806], [-87.95826199998791, 42.97783999992053], [-87.95814900001001, 42.97783600006057], [-87.95780900025139, 42.977834000130464], [-87.95769200007553, 42.977812999874786], [-87.95765199989255, 42.97781200023802], [-87.95761199970958, 42.979394000101436], [-87.9576050000369, 42.979806999766325], [-87.95721300039972, 42.9798140002825], [-87.95697599967495, 42.979819000275235], [-87.95697300020022, 42.979920999906106], [-87.95696700035244, 42.98022800000979], [-87.9569649998043, 42.980330999872415], [-87.95696099960634, 42.98047199990228], [-87.95678800025229, 42.98047199990228], [-87.95651600026572, 42.980473999746536], [-87.95634100036355, 42.98047499999724], [-87.95633499961745, 42.98076299989238], [-87.95572299987226, 42.980767999807924], [-87.95572299987226, 42.98075400030626], [-87.9557260002453, 42.98057699985427], [-87.95572700007023, 42.98055799971974], [-87.95547000015226, 42.980563000309175], [-87.95531600016649, 42.98056399990123], [-87.95510799975402, 42.98056500015047], [-87.95510899957893, 42.98048300003084], [-87.95450000020679, 42.98048699971862], [-87.9545010000317, 42.9804310001227], [-87.95450400040475, 42.980322000223076], [-87.95388300043874, 42.98032500032541], [-87.95388300043874, 42.980695999802165], [-87.95326400012254, 42.980698000296336], [-87.95328099984098, 42.97974999994575], [-87.95328699968876, 42.97942299998866], [-87.9532890002369, 42.97929299986629], [-87.95329599990957, 42.97890599999318], [-87.95329900028263, 42.97877699971328], [-87.95330099993245, 42.97865799999456], [-87.95330400030551, 42.978519999938484], [-87.95392100007355, 42.97851600012275], [-87.95392199989847, 42.97844200019843], [-87.95393199994422, 42.97796999982885], [-87.95405699961769, 42.97787900018478], [-87.9540990003488, 42.97784700000348], [-87.95413600015871, 42.977821000254686], [-87.95328699968876, 42.97721499991176], [-87.95320399984807, 42.97715599970792], [-87.95359700020846, 42.976866999696256], [-87.95477999969096, 42.97600200004571], [-87.95480399998041, 42.975986999792454], [-87.95505599987548, 42.9757880001177], [-87.955881000056, 42.97513900007583], [-87.95605299958513, 42.975005000053606], [-87.95534700012861, 42.97500399971392], [-87.95487299957739, 42.97501199980207], [-87.95386800037012, 42.975027999975204], [-87.95386800037012, 42.97489999978805], [-87.95387300039299, 42.974580999815714], [-87.95388500008856, 42.97392699970942], [-87.95379499967687, 42.97392699970942], [-87.95369699976757, 42.97392699970942], [-87.9534030000397, 42.97392699970942], [-87.95330599995533, 42.97392800006668], [-87.95242999972118, 42.9739289997666], [-87.95233500018493, 42.9739289997666], [-87.95153900031673, 42.9739309998237], [-87.94986800003929, 42.9739329998807], [-87.9494250003485, 42.9739329998807], [-87.94851300012934, 42.97393600029476], [-87.94860400036596, 42.96885199980343], [-87.94864500037383, 42.96664800003837], [-87.94859699979494, 42.96639400031433], [-87.94861100003864, 42.96563100027344], [-87.9486160000615, 42.965377000294225], [-87.94861900043456, 42.96522200008408], [-87.94862799975708, 42.964824000105196], [-87.94862799975708, 42.96475699973992], [-87.9486300003052, 42.96460299979124], [-87.94863100013013, 42.96452199993243], [-87.94863600015299, 42.964281000087055], [-87.94863899962773, 42.96420100031975], [-87.94864600019875, 42.963780000133895], [-87.94864799984856, 42.96364200021736], [-87.94865399969635, 42.963229999672926], [-87.94865700006937, 42.96309299971355], [-87.9486579998943, 42.96298800014751], [-87.94865899971921, 42.96294799976481], [-87.94866100026736, 42.96274499978843], [-87.94866299991719, 42.9626760000228], [-87.9486639997421, 42.96266499999587], [-87.94866600029022, 42.96257300017153], [-87.94866799994004, 42.962470000147825], [-87.94866799994004, 42.96240899982908], [-87.94867299996292, 42.9620590001936], [-87.94867399978783, 42.96202700032671], [-87.94867700016088, 42.962011999951926], [-87.94867799998579, 42.961920999703615], [-87.94868100035885, 42.96175800015051], [-87.94868300000866, 42.96159600006594], [-87.94872300019163, 42.95940800029982], [-87.94872999986433, 42.95904200030238], [-87.94875300032886, 42.9579470002754], [-87.94876099982646, 42.957582000099876], [-87.94876800039748, 42.95721799970314], [-87.9487909999637, 42.956129000025385], [-87.94879900035961, 42.955766000233204], [-87.94883199997157, 42.95416499969226], [-87.94888399985011, 42.952214999881946], [-87.94887299997944, 42.95215600002387], [-87.94887399980436, 42.952135000205644], [-87.94888200020029, 42.95176999974652], [-87.94889499972076, 42.95121800027745], [-87.94891900001022, 42.95028300029599], [-87.94896199966792, 42.94849800028164], [-87.94896599986588, 42.948343000289185], [-87.94897699973653, 42.94788000018924], [-87.94898199975941, 42.94772600008145], [-87.94898599995737, 42.94752299985882], [-87.94900000020107, 42.946913999777], [-87.94900600004885, 42.94671200030653], [-87.94901500026968, 42.946340999676124], [-87.94904200003387, 42.94522999982573], [-87.9490520000796, 42.94486000029949], [-87.94908899988953, 42.943681000191724], [-87.94927399983744, 42.943681000191724], [-87.94938400034063, 42.943681000191724], [-87.95103499962826, 42.943682999917094], [-87.95158399962425, 42.943682999917094], [-87.95206200037347, 42.94368400010852], [-87.95235399955318, 42.94368599983384], [-87.95254100004925, 42.94368599983384], [-87.95272799964701, 42.943685000299986], [-87.95291400031815, 42.943685000299986], [-87.9530089998544, 42.943685000299986], [-87.95310099991592, 42.943685000299986], [-87.95328699968876, 42.943685000299986], [-87.95348199968242, 42.94368999994173], [-87.95368099987405, 42.94368599983384], [-87.95395700005857, 42.94368599983384], [-87.95409099995287, 42.943682999917094], [-87.95449600000882, 42.94367599989167], [-87.95463199955296, 42.94367499970006], [-87.95494600027062, 42.943681000191724], [-87.9558879997287, 42.943698999690454], [-87.95620200044637, 42.94370500017979], [-87.9563249995717, 42.943701000072835], [-87.95669399964265, 42.9436920003244], [-87.95681800038953, 42.94368999994173], [-87.95686799971992, 42.94368999994173], [-87.95701800040605, 42.94368999994173], [-87.95706799973647, 42.94368999994173], [-87.9571709996686, 42.94368999994173], [-87.9571909997601, 42.94368999994173], [-87.95717800023964, 42.94422799992499], [-87.95806000032157, 42.94422799992499], [-87.95805799977342, 42.9448710002215], [-87.95832599956202, 42.9448710002215], [-87.95844899958566, 42.9448710002215], [-87.95854599967005, 42.9448710002215], [-87.9585840002032, 42.9448710002215], [-87.9588379997481, 42.9448710002215], [-87.9589359996574, 42.94487199973609], [-87.95915800031354, 42.94487199973609], [-87.95982699996016, 42.9448740000803], [-87.96005000044123, 42.94487500025244], [-87.96016900026692, 42.94487500025244], [-87.96020600007684, 42.943694000049405], [-87.96021899959732, 42.94327900015173], [-87.961034999557, 42.94328099989015], [-87.96127800012957, 42.94327399981896], [-87.9614210002447, 42.94327600021515], [-87.96146899992527, 42.94327600021515], [-87.96146999975018, 42.94322300021593], [-87.96147200029833, 42.94315100031757], [-87.96160700001754, 42.94315100031757], [-87.96167200031485, 42.94310800024675], [-87.96173199969101, 42.94315600000267], [-87.96189800027066, 42.94328699976263], [-87.96199700000487, 42.94328699976263], [-87.96205200025646, 42.94324799992345], [-87.96221999958763, 42.94313499974419], [-87.96227599966413, 42.943097000009736], [-87.96235299965704, 42.94315700020272], [-87.96271000003239, 42.94315799974509], [-87.96274099999455, 42.94315799974509], [-87.96273500014676, 42.9432850000244], [-87.96330400023423, 42.94330399983651], [-87.96330300040933, 42.943393000262844], [-87.96329800038646, 42.943582999759826], [-87.96326900007415, 42.94463399973298], [-87.96326300022636, 42.944883000313524], [-87.9633009998612, 42.944883000313524], [-87.96338700007493, 42.944883000313524], [-87.96364499981779, 42.944883000313524], [-87.9637310000315, 42.94488399982788], [-87.96376000034383, 42.94488399982788], [-87.96384900003228, 42.94488399982788], [-87.9638790001695, 42.94488399982788], [-87.96391799962926, 42.94488399982788], [-87.96403599963003, 42.94488399982788], [-87.96407599981299, 42.94488399982788], [-87.96450699980822, 42.94488499999985], [-87.96453100009768, 42.943678999808704], [-87.9645629998847, 42.94247099990106], [-87.96465800031928, 42.93884599974122], [-87.96467699968754, 42.93835699990737], [-87.96405099969863, 42.938360000083634], [-87.96406099974439, 42.937984999938465], [-87.96407099979014, 42.93763799970764], [-87.96378299991004, 42.937637000075604], [-87.96364599964268, 42.93763599978588], [-87.96323499973896, 42.93763599978588], [-87.96309900019483, 42.93763599978588], [-87.96255000019885, 42.93763500015387], [-87.96090300021083, 42.937631999942276], [-87.96035400021483, 42.937631999942276], [-87.96010700034263, 42.93763100031019], [-87.95936699965262, 42.9376289997306], [-87.95912099960532, 42.9376289997306], [-87.95887000043346, 42.93762800009841], [-87.9581199996977, 42.93762800009841], [-87.95787000035075, 42.93762800009841], [-87.95763099997615, 42.937626999808586], [-87.95691399975067, 42.937626999808586], [-87.95667500027439, 42.937626999808586], [-87.9564359998998, 42.93762600017637], [-87.95571799984938, 42.93762499988652], [-87.955480000198, 42.93762499988652], [-87.9552409998234, 42.937624000254274], [-87.95452299977302, 42.937624000254274], [-87.95428500012163, 42.937624000254274], [-87.95408900030306, 42.9376229999644], [-87.95350400032204, 42.93762199967445], [-87.95330900032837, 42.93762199967445], [-87.95316000036546, 42.93762100004215], [-87.95271500012653, 42.93762100004215], [-87.95256699998853, 42.93762100004215], [-87.95217799982609, 42.93761999975223], [-87.95153599994369, 42.93761999975223], [-87.95101200006204, 42.937619000119895], [-87.95062399972453, 42.937619000119895], [-87.9503469997151, 42.93761799982993], [-87.94951800023493, 42.93761700019757], [-87.9492420000504, 42.93761700019757], [-87.94925299992106, 42.93707600007916], [-87.94927499966238, 42.93610799984088], [-87.94928499970811, 42.93545399981068], [-87.94929399992894, 42.934914000095716], [-87.94929700030198, 42.93472000012104], [-87.94930800017264, 42.93414100020044], [-87.94931300019552, 42.93394899980521], [-87.94931700039348, 42.93369299988175], [-87.94933099973886, 42.932928000086655], [-87.94933699958663, 42.932673999948236], [-87.94934499998257, 42.93221299983308], [-87.94937099992183, 42.93083199997329], [-87.94938099996756, 42.93037200029051], [-87.94902799979018, 42.93036899972506], [-87.94797199963097, 42.93036200015914], [-87.94762000017677, 42.93036000000113], [-87.9470879998992, 42.93035599968493], [-87.94549199996483, 42.93034499980056], [-87.9449610004105, 42.93034199989159], [-87.94484699970937, 42.93034100014111], [-87.94450799977565, 42.93033899998243], [-87.94439499979775, 42.93033899998243], [-87.94416700019211, 42.93033699982367], [-87.94348299957858, 42.930331999755346], [-87.94325599979788, 42.93033100000471], [-87.94316000043672, 42.93033000025411], [-87.94287199965832, 42.930328000095066], [-87.94277600029714, 42.930328000095066], [-87.94255700001405, 42.93032599993591], [-87.94250799961024, 42.93032599993591], [-87.94190099988792, 42.930320999866744], [-87.94168300032803, 42.930320000115934], [-87.94151599992347, 42.93031799995656], [-87.94101600033126, 42.93031500004623], [-87.94084999975159, 42.93031400029532], [-87.94063700021458, 42.93031200013575], [-87.94020299984632, 42.93030900022517], [-87.94014900031796, 42.93030900022517], [-87.94016299966334, 42.92992400017974], [-87.94019799982344, 42.92901499972549], [-87.94019799982344, 42.928965999696906], [-87.94026700031871, 42.927013999888665], [-87.94030400012865, 42.92598499977305], [-87.94030499995355, 42.92597100030176], [-87.94032099984709, 42.92549999974432], [-87.9403710000758, 42.924088999849396], [-87.94038799979424, 42.923618999891666], [-87.94040899971063, 42.923073999684846], [-87.94047400000797, 42.921440000291746], [-87.94049400009945, 42.9209439997565], [-87.9404969995742, 42.92089599978988], [-87.94024100037946, 42.920894999886094], [-87.93947499975017, 42.92089200017469], [-87.93922000038035, 42.920891000270885], [-87.93849399993404, 42.920880999916], [-87.93631700021662, 42.92085299996618], [-87.93577599971823, 42.92084599997676], [-87.9355919995952, 42.9208440001676], [-87.93537999988311, 42.920841999700535], [-87.935316000309, 42.920841999700535], [-87.9352669999052, 42.920841999700535], [-87.93459300023574, 42.92083899998655], [-87.93333200003711, 42.92083399980503], [-87.93159600036066, 42.920826999813464], [-87.93059799992778, 42.9208230001938], [-87.93058299985917, 42.92123399988316], [-87.93053900037654, 42.92246700026211], [-87.93053299963046, 42.92266400030437], [-87.93053000015571, 42.92275000002514], [-87.93052500013286, 42.92287900003899], [-87.93051099988914, 42.923262000314196], [-87.93049300034579, 42.9238030000895], [-87.93047200042939, 42.924414000207385], [-87.9304590000106, 42.924797999989245], [-87.93044399994199, 42.92519600031706], [-87.93034900040576, 42.92773299981222], [-87.93030900022279, 42.9287939997311], [-87.93027200041286, 42.92917600029654], [-87.93000399972594, 42.93026400023301], [-87.92995000019758, 42.93026299982357], [-87.9299519998474, 42.93027700029256], [-87.9276499995582, 42.93024499968563], [-87.9270579999045, 42.93024000026759], [-87.92673099966635, 42.93023699969576], [-87.92662899955909, 42.930235999943584], [-87.92632499978548, 42.930233000029254], [-87.92622400040146, 42.930233000029254], [-87.9259459996688, 42.930230999867064], [-87.92589399979026, 42.93023000011484], [-87.92490499957822, 42.93022099971286], [-87.92483299960818, 42.93022099971286], [-87.92457599969025, 42.93021900020796], [-87.92450999956799, 42.9302179997978], [-87.92431499957434, 42.93021700004531], [-87.9242910001832, 42.93021700004531], [-87.9242500001753, 42.93021700004531], [-87.92410200003731, 42.93021600029285], [-87.92376399992851, 42.93021400013005], [-87.9236579996233, 42.930212999719814], [-87.92351100020853, 42.930211999967256], [-87.92295100034187, 42.930208000299174], [-87.9212709998436, 42.93019800014118], [-87.92097299991775, 42.93019699973067], [-87.92071199980187, 42.93019599997784], [-87.92052500020411, 42.93019399981445], [-87.91996699998728, 42.93019099989807], [-87.91984700033667, 42.93019099989807], [-87.91978100021443, 42.93019099989807], [-87.91878799980444, 42.930185000064945], [-87.91788999982897, 42.930179000231185], [-87.91581000019593, 42.93016699990426], [-87.91481799961083, 42.930161000068736], [-87.91458599980724, 42.930160000315375], [-87.91443199982146, 42.93015800015081], [-87.91327600010314, 42.93015099990316], [-87.91320699960787, 42.93015099990316], [-87.91289100013867, 42.93014899973831], [-87.91263099984768, 42.930147000231074], [-87.91185400024605, 42.930140999735926], [-87.91159499977995, 42.93013999998218], [-87.91150699991641, 42.930140999735926], [-87.91129299965617, 42.93013900022848], [-87.91038999965784, 42.930134000144086], [-87.91008900025727, 42.930132999732486], [-87.91004300022652, 42.93013199997867], [-87.90935799978809, 42.93012800030536], [-87.90730499991923, 42.93011800013442], [-87.90662100020401, 42.93011500021436], [-87.90639799972294, 42.93011300004832], [-87.90612300026163, 42.93011200029413], [-87.90572900007635, 42.930110000128], [-87.90550599959526, 42.930110000128], [-87.90543600017338, 42.93010899971607], [-87.90522600011111, 42.93010899971607], [-87.90515599979089, 42.93010899971607], [-87.90361199973506, 42.93010099970848], [-87.8989810002908, 42.93007800009205], [-87.89743800005988, 42.930070999835316], [-87.89594599988258, 42.930062999822795], [-87.89337699962968, 42.93004999971807], [-87.89147000024902, 42.93004099994752], [-87.89032700005117, 42.93003599985517], [-87.89045500009769, 42.92727999992367], [-87.89066099996202, 42.92292500003468], [-87.89067699985553, 42.92269499971272], [-87.89056499970253, 42.922692999963566], [-87.89046900034138, 42.922693999838174], [-87.88997700024682, 42.92269100021435], [-87.88964800035885, 42.92268899980726], [-87.8891319999748, 42.92268799993256], [-87.8890619996546, 42.92307600007944], [-87.88805300024939, 42.9287049999082], [-87.88802599958689, 42.92887299971005], [-87.88806300029512, 42.92887299971005], [-87.88787800034719, 42.92988100007991], [-87.88784900003488, 42.93003399968659], [-87.8878089998519, 42.930184000311925], [-87.88656100007208, 42.937309000203534], [-87.88563799998227, 42.942293999756], [-87.8857030002796, 42.94229999972466], [-87.88530599972125, 42.94457000027145], [-87.88326600027118, 42.95682699972841], [-87.88325500040054, 42.958522000050436], [-87.88325100020258, 42.95895699992319], [-87.88325000037764, 42.95912799984721], [-87.88353800025774, 42.95913600002808], [-87.88419400038386, 42.959176000259454], [-87.88463200005178, 42.95920399988004], [-87.88558799975355, 42.95921100011191], [-87.88592300038762, 42.95921299999018], [-87.88692799959489, 42.95922100016], [-87.88726300022894, 42.95922399997687], [-87.88774600010271, 42.95922899967135], [-87.88850000013812, 42.959236999839085], [-87.88919700027213, 42.95923899971652], [-87.8896809999708, 42.9592410002513], [-87.8896809999708, 42.95927999981899], [-87.88967799959774, 42.95944300002025], [-87.88967400029809, 42.959721999766025], [-87.88967400029809, 42.95976099968621], [-87.88966900027523, 42.96009499979432], [-87.88966599990218, 42.96033000007697], [-87.88965599985644, 42.96108500019804], [-87.88965400020662, 42.96128300020797], [-87.88961499984855, 42.96430400007488], [-87.88976299998656, 42.96436700019753], [-87.89062199960395, 42.96473099971586], [-87.89319900025276, 42.96582500013084], [-87.89405899969508, 42.96619000005085], [-87.89405799987017, 42.966242000169366], [-87.89405700004525, 42.966402000207765], [-87.89405700004525, 42.96645499996847], [-87.89405100019748, 42.96713799975705], [-87.89403399958071, 42.969187000291], [-87.89402899955785, 42.96987099974703], [-87.8940250002582, 42.970269999696484], [-87.89401500021246, 42.97146800018695], [-87.89401199983942, 42.97186800002642], [-87.8940100001896, 42.9720529997296], [-87.89400599999162, 42.97261000020134], [-87.89400500016673, 42.972796000020075], [-87.89400400034181, 42.97287500006617], [-87.89400199979366, 42.97311200025287], [-87.89400199979366, 42.97319200026228], [-87.8939969997708, 42.97327900011324], [-87.89180900018273, 42.973277000034976], [-87.89180900018273, 42.97317999977454], [-87.89181099983254, 42.972889999763936], [-87.89181199965746, 42.97279399992605], [-87.8918130003807, 42.972608000101275], [-87.89181699968034, 42.972051999999195], [-87.89181900022847, 42.971867000292995], [-87.89181900022847, 42.97175499980958], [-87.8918219997032, 42.97145500027995], [-87.8918219997032, 42.97144399985095], [-87.89290899982454, 42.97144500024854], [-87.8929130000225, 42.97082199981689], [-87.8918490003657, 42.97078299967807], [-87.89073700013002, 42.970741000259395], [-87.89073700013002, 42.97078999990708], [-87.88955200009936, 42.970749000244794], [-87.88955200009936, 42.970763000052365], [-87.88954999955122, 42.97100999993674], [-87.88954999955122, 42.97109200020062], [-87.88954899972632, 42.97115299979696], [-87.88954899972632, 42.971175999844576], [-87.88971699995581, 42.97117799999116], [-87.89018499976096, 42.971183999773345], [-87.89045300044788, 42.97118800006604], [-87.8905470001592, 42.971188999810494], [-87.89073399975695, 42.97119099995672], [-87.89073299993203, 42.971326000144096], [-87.890729999559, 42.97172999984988], [-87.890729999559, 42.971749000083115], [-87.890729999559, 42.97178499974779], [-87.88954399970343, 42.97178300027819], [-87.88936499960329, 42.971776999897145], [-87.88930299967903, 42.97177499977003], [-87.88931199989986, 42.971915999700855], [-87.8892869997855, 42.97324599979899], [-87.88928900033365, 42.97327400024605], [-87.88908400029422, 42.973272999878155], [-87.88891500023982, 42.97327200016758], [-87.88874500036052, 42.973270999799695], [-87.88858600035185, 42.973270999799695], [-87.88841099955134, 42.97327000008903], [-87.8883779999394, 42.97327000008903], [-87.88835500037317, 42.973270999799695], [-87.88835700002299, 42.97322999981945], [-87.88836100022094, 42.97310600000149], [-87.8883799995892, 42.97240999973333], [-87.88838100031244, 42.972310000241315], [-87.8883860003353, 42.972010999863585], [-87.88838899981005, 42.97191200011286], [-87.88831199981713, 42.97191099972286], [-87.888140000288, 42.97190999999008], [-87.88739399975022, 42.97190700013448], [-87.8871460000531, 42.9719059997444], [-87.88708599977863, 42.971905000011546], [-87.88690800040172, 42.971905000011546], [-87.88684899995218, 42.971905000011546], [-87.88651699969115, 42.9719029998886], [-87.8865130003915, 42.97221400015537], [-87.88651000001845, 42.972449000154995], [-87.88650300034577, 42.97278200001793], [-87.88632900026849, 42.97280700020731], [-87.88632699972035, 42.972988000196985], [-87.88632400024562, 42.973529999892676], [-87.8863230004207, 42.97371200008706], [-87.88636799972824, 42.97371200008706], [-87.88650499999558, 42.97371200008706], [-87.88655100002634, 42.97371299979054], [-87.88654099998058, 42.973893999742884], [-87.88651199966827, 42.97443699968991], [-87.88650300034577, 42.97461899982917], [-87.88649699959966, 42.97498200012346], [-87.88648099970614, 42.97607200030272], [-87.88647599968326, 42.976436000223465], [-87.88645899996484, 42.97661399976497], [-87.88710000002234, 42.97661999967408], [-87.88709599982438, 42.976896999769735], [-87.88708499995371, 42.97794600005854], [-87.88708199958067, 42.978295999997705], [-87.88708099975575, 42.978338999800236], [-87.88707900010594, 42.97847200016073], [-87.88707900010594, 42.97851600012275], [-87.88707699955779, 42.978647999819934], [-87.88707699955779, 42.978732999938025], [-87.88826800033453, 42.97873999991931], [-87.88883300022405, 42.97874100019823], [-87.8888220003534, 42.97919200012242], [-87.88880599956157, 42.98009399990472], [-87.88880700028479, 42.98058400028284], [-87.88831699984001, 42.98058100019315], [-87.88806999996781, 42.98057999994416], [-87.88790900030932, 42.98057899969511], [-87.88783099959322, 42.98057899969511], [-87.88773699988187, 42.98057800010331], [-87.88770799956957, 42.98057800010331], [-87.887583999721, 42.98057699985427], [-87.88746099969737, 42.98057699985427], [-87.88733299965084, 42.98057600026238], [-87.88720799997738, 42.98057600026238], [-87.88704099957279, 42.98057500001332], [-87.88687400006653, 42.98057399976424], [-87.88687499989143, 42.98054100007867], [-87.8867600002637, 42.98053999982904], [-87.88671500005788, 42.98053999982904], [-87.88671300040804, 42.98057300017235], [-87.88659000038439, 42.980571999923185], [-87.88653599995773, 42.980571999923185], [-87.88629900013126, 42.98057099967406], [-87.88627999986468, 42.98057099967406], [-87.88614900034342, 42.980570000082125], [-87.88612699970382, 42.980570000082125], [-87.8860000003805, 42.98056899983291], [-87.88597299971802, 42.98056899983291], [-87.88584999969437, 42.98056899983291], [-87.88581999955714, 42.98056899983291], [-87.88566700029459, 42.980568000240936], [-87.88560399964709, 42.98056699999175], [-87.88551400013371, 42.98056699999175], [-87.88535799959978, 42.98056599974254], [-87.88520799981197, 42.98056500015047], [-87.88486399985537, 42.98056399990123], [-87.88448300008886, 42.98056200005985], [-87.88339000011973, 42.98055599987822], [-87.88311200028541, 42.980554000036584], [-87.88285500036744, 42.98055200019488], [-87.88261900036589, 42.980167999812494], [-87.88197599976024, 42.980436000065204], [-87.88202900036201, 42.980497000251354], [-87.88022199964213, 42.98049400015743], [-87.88022099981723, 42.98053600014472], [-87.87964900025499, 42.98053600014472], [-87.87935600035205, 42.98053600014472], [-87.87469800024527, 42.98051099981149], [-87.87466300008518, 42.98051500015465], [-87.87465999971212, 42.98093499990739], [-87.87459899961276, 42.98093499990739], [-87.87459699996295, 42.981017000081444], [-87.87459500031311, 42.98112999970926], [-87.87459199994007, 42.981270000297776], [-87.87458400044245, 42.981599000097304], [-87.87457600004655, 42.98192800010783], [-87.87456799965062, 42.982256999672174], [-87.87456000015301, 42.98257799968755], [-87.87455799960489, 42.98266900026323], [-87.87454900028236, 42.98302999993448], [-87.87452400016801, 42.98411599994718], [-87.87451599977209, 42.9844779998502], [-87.87450599972635, 42.98485800019634], [-87.87450099970347, 42.98502100030801], [-87.87446999974134, 42.985039000201084], [-87.8742270000671, 42.98517499973422], [-87.87419899957969, 42.98518999971746], [-87.87391300024773, 42.985349999749026], [-87.87379600007186, 42.98541400017073], [-87.87359699988023, 42.98552499992274], [-87.8734539997651, 42.985605000211756], [-87.87332900009163, 42.985673999884554], [-87.87331099964996, 42.985684000230734], [-87.87316800043315, 42.985764000312784], [-87.87302500031802, 42.985843000127424], [-87.87288200020289, 42.98592300000256], [-87.87273900008775, 42.986002999773625], [-87.87259599997262, 42.986081999938214], [-87.87245299985749, 42.98616200015951], [-87.87230999974236, 42.98624100011977], [-87.87216699962721, 42.98632100013409], [-87.87215400010675, 42.98632799990862], [-87.8718829999451, 42.98647900020159], [-87.8714400002543, 42.98672499989748], [-87.87093300009111, 42.986462000226275], [-87.87024699982776, 42.98588199991528], [-87.87020499999497, 42.98590700003586], [-87.86978900006835, 42.98614799991472], [-87.86892899972774, 42.98666600027653], [-87.86907000019305, 42.98673799986208], [-87.86910600017804, 42.98675599990953], [-87.8694049999288, 42.98694799986905], [-87.8697940000912, 42.987255999851975], [-87.87011700013142, 42.987481000142004], [-87.870348999935, 42.98758599995169], [-87.87043799962345, 42.987607000154945], [-87.87072200020391, 42.98771199974939], [-87.87076599968651, 42.987735000174844], [-87.87115599967386, 42.987941999673744], [-87.87133399994909, 42.988070999780305], [-87.87152999976767, 42.988211999801], [-87.87191999975501, 42.98845299984255], [-87.87211399992377, 42.98861299992354], [-87.87235300029838, 42.988778000166356], [-87.87265200004911, 42.98896399970589], [-87.87295199962476, 42.989129000320666], [-87.87323600020521, 42.98930499969974], [-87.87329599958134, 42.989327000079506], [-87.87347600040474, 42.98943099991637], [-87.87354300035189, 42.98948099988904], [-87.87375300041417, 42.9896900002806], [-87.87384299992755, 42.98975600032575], [-87.87419399955681, 42.989952999939604], [-87.87437299965696, 42.9900800002365], [-87.8745380004117, 42.99025600017788], [-87.874664999735, 42.99034900008155], [-87.87472199963642, 42.990374999789225], [-87.87474699975078, 42.990375999878836], [-87.87446399989356, 42.990529999688434], [-87.87493000004889, 42.99077999993155], [-87.87514099993606, 42.99089300001265], [-87.87565499977197, 42.99109300015865], [-87.87574699983347, 42.99101100028264], [-87.87581799997858, 42.99103799978916], [-87.87588999994861, 42.991053000312945], [-87.8759810001852, 42.99109400023659], [-87.8762630002175, 42.99123399981785], [-87.87643599957156, 42.99131700012775], [-87.87661700021982, 42.99140500003305], [-87.87669099983968, 42.99145300022696], [-87.876832000305, 42.99152899974547], [-87.87708400020007, 42.99166500003266], [-87.87720899987355, 42.99173999987869], [-87.87751299964715, 42.99193600029703], [-87.87795000038848, 42.99220399984396], [-87.87824699959108, 42.992415999687424], [-87.87836200011712, 42.9925310001551], [-87.87853500036948, 42.99268200032241], [-87.87869000018017, 42.99283899975923], [-87.87875799995224, 42.99291600024037], [-87.87880200033318, 42.9929599997211], [-87.87889299967146, 42.99302999972602], [-87.87894399972507, 42.993087999763596], [-87.87899499977871, 42.99315700023545], [-87.87902999993881, 42.99318800028892], [-87.87910100008392, 42.99325099973465], [-87.87916999968091, 42.9933159998565], [-87.87924199965092, 42.99341299989027], [-87.8792829996588, 42.99347699980163], [-87.87925699971953, 42.99351700004093], [-87.87921700043486, 42.993549999988765], [-87.879176000427, 42.99360300000726], [-87.87919999981811, 42.993661000161126], [-87.87928199983389, 42.993702999694584], [-87.87934200010835, 42.99368799981753], [-87.87941800027632, 42.993653999907536], [-87.87961200044508, 42.993534000036156], [-87.87964699970686, 42.993521000194804], [-87.87972100022502, 42.99349000030936], [-87.87994899983066, 42.993644000200995], [-87.88001300030308, 42.99370699983635], [-87.8801410003496, 42.99378800002361], [-87.88030600020603, 42.993925999975005], [-87.88037499980301, 42.99397800029531], [-87.88046100001672, 42.99406500030322], [-87.88060999997964, 42.99426900008794], [-87.880711000262, 42.994377000202235], [-87.88076200031561, 42.99441499980795], [-87.88089100018705, 42.99461999976551], [-87.88104000014995, 42.99482300031882], [-87.88115300012785, 42.99496299994724], [-87.88124199981633, 42.995105999951726], [-87.88131200013653, 42.99518400023205], [-87.88144100000795, 42.99529400007165], [-87.88161500008523, 42.99555200003386], [-87.88213999979178, 42.996061000014535], [-87.88223799970106, 42.996130999772454], [-87.88236900012063, 42.99628700026017], [-87.8825359996269, 42.996556999865156], [-87.88259599990137, 42.99665100007707], [-87.88272200029806, 42.99669800012909], [-87.88271499972704, 42.99671299992844], [-87.88258199965766, 42.99697099984627], [-87.88252899995422, 42.997102000016326], [-87.88250300001494, 42.99712600019277], [-87.88233200031073, 42.99737899981247], [-87.88259799955118, 42.997632999676064], [-87.88270499968131, 42.99773699991219], [-87.88309800004168, 42.99762499990328], [-87.88355300032637, 42.99763400030459], [-87.88372400003058, 42.99765199978917], [-87.88385999957471, 42.9976890000272], [-87.88415699967564, 42.997826999759646], [-87.8845130002261, 42.998047000291834], [-87.88469700034909, 42.9981760002137], [-87.88495400026706, 42.998366000058674], [-87.88539000028514, 42.998842999960935], [-87.88576000018101, 42.999182999727175], [-87.88578500029536, 42.999205999801866], [-87.88579199996805, 42.99932299993434], [-87.88579199996805, 42.999422000226176], [-87.88579899964074, 42.99946900012967], [-87.88581200005954, 42.999492000097305], [-87.88583100032612, 42.999519999760686], [-87.88596900041837, 42.99966299967247], [-87.8860480000611, 42.99972599970723], [-87.88610300031267, 42.99979400001636], [-87.88613099990177, 42.99981899973425], [-87.88615000016834, 42.999832000214305], [-87.88622299996328, 42.9999089998172], [-87.88629999995617, 42.9999850000473], [-87.88637799977397, 43.00006399997939], [-87.88639299984258, 43.000076999750604], [-87.88641999960676, 43.00009900021622], [-87.8865340003079, 43.00021599996219], [-87.8865629997219, 43.00025000018351], [-87.88662299999636, 43.00032200028091], [-87.88666499982915, 43.00036299993366], [-87.88673400032442, 43.00043200012076], [-87.88680499957125, 43.00049500002397], [-87.88689900018089, 43.000606000134276], [-87.88696299975499, 43.000658000057776], [-87.88700799996083, 43.00070399975125], [-87.88705800018954, 43.00074599972696], [-87.88707599973287, 43.0007560002488], [-87.88710300039538, 43.00077799981434], [-87.8871390003804, 43.00081300030142], [-87.88726900007673, 43.00072799983474], [-87.88727800029756, 43.00071600012267], [-87.88738999955225, 43.00064100006236], [-87.88758899974387, 43.00050400000489], [-87.88764999984325, 43.00047799998345], [-87.8877949996082, 43.000588000201056], [-87.88775100012559, 43.000639000217184], [-87.88683999973134, 43.00127000004497], [-87.88677899963197, 43.0013189996719], [-87.88668099972269, 43.0013860002785], [-87.8867950004238, 43.00147400021895], [-87.88791500015712, 43.00230399990663], [-87.88742800008541, 43.00265600022226], [-87.88736899963585, 43.00269900006659], [-87.88733400037408, 43.002727000239304], [-87.88732000013036, 43.00273800032715], [-87.88731199973445, 43.00277299969767], [-87.8872880003433, 43.002776000018166], [-87.88725300018321, 43.002792000192265], [-87.88722700024394, 43.00281399968574], [-87.8872099996272, 43.002838000258876], [-87.88717600019032, 43.00284600000991], [-87.8871669999695, 43.00285299987329], [-87.88715799974865, 43.00286900002729], [-87.88713099998448, 43.002880000089704], [-87.88706300021242, 43.00294099968337], [-87.88704999979362, 43.00294200022546], [-87.88703200025027, 43.002947000307856], [-87.88701800000656, 43.002965000206935], [-87.88701200015879, 43.002978000021265], [-87.88699299989221, 43.00298300010074], [-87.88696399957989, 43.00299599991126], [-87.88693699981572, 43.00300699995094], [-87.88691900027237, 43.00302800014064], [-87.88692000009729, 43.00304099994163], [-87.88690500002866, 43.00304199982518], [-87.88688300028736, 43.003046000015985], [-87.88686499984568, 43.0030709997246], [-87.88684099955624, 43.00307599979651], [-87.8868230000129, 43.00308199975085], [-87.88680499957125, 43.00309199989246], [-87.8867889996777, 43.00310600021934], [-87.88678100018011, 43.003125999836115], [-87.88676500028659, 43.00314299980091], [-87.8867440003702, 43.00314899974872], [-87.8867309999514, 43.00316100029952], [-87.8867319997763, 43.00317599983503], [-87.88671599988278, 43.00317900013585], [-87.88669499996638, 43.003181999779606], [-87.88665599960834, 43.0032020000286], [-87.88663600041515, 43.00322499991275], [-87.88662899984413, 43.003249000325376], [-87.88661200012571, 43.003246999908086], [-87.88658799983627, 43.003255000262826], [-87.88658199998848, 43.003279999886395], [-87.88655799969902, 43.00328200030256], [-87.88650699964542, 43.00330400027749], [-87.88648900010206, 43.00332600024459], [-87.88648200042937, 43.003353000253114], [-87.88645999978974, 43.003353000253114], [-87.88643999969827, 43.003365000107124], [-87.88643600039862, 43.003386000174494], [-87.88640500043645, 43.00338899980809], [-87.88637000027637, 43.00340399994494], [-87.88634799963674, 43.003426999753415], [-87.88634000013914, 43.00345700000486], [-87.88631000000193, 43.00345799988158], [-87.88629400010838, 43.00346999971507], [-87.88629199956026, 43.003488999994104], [-87.88627200036709, 43.0034909997465], [-87.88624800007763, 43.00349800019335], [-87.8862170001155, 43.003515999931], [-87.88619899967382, 43.003536999946746], [-87.88618399960522, 43.00356100023744], [-87.88616500023697, 43.00356100023744], [-87.88615000016834, 43.0035739999257], [-87.88613900029769, 43.003593000172515], [-87.88612199968094, 43.00359499992158], [-87.88608700041915, 43.00360800025956], [-87.88606700032766, 43.00362299968594], [-87.88605700028192, 43.0036340002703], [-87.88604399986313, 43.00366200001688], [-87.88602299994673, 43.003662999890324], [-87.88600899970304, 43.003672000064086], [-87.88600299985526, 43.00368399985578], [-87.88600500040339, 43.00369800004775], [-87.88598199993886, 43.003701000323076], [-87.88596900041837, 43.00370499981406], [-87.8859500001518, 43.0037130001091], [-87.88592699968727, 43.003729000039165], [-87.88591199961864, 43.00374800023809], [-87.88589499990022, 43.00376800030282], [-87.88588099965651, 43.00376900017449], [-87.88586700031114, 43.00377599993271], [-87.88585999974012, 43.00378599996135], [-87.8858589999152, 43.00379799973078], [-87.88584200019677, 43.003800000130084], [-87.88582600030324, 43.003804000271565], [-87.88580200001381, 43.00381500016653], [-87.88578100009741, 43.00383100007003], [-87.88576699985369, 43.00385199997806], [-87.88576100000591, 43.00387100013894], [-87.88574099991443, 43.00387100013894], [-87.88572599984582, 43.00387600014574], [-87.88571300032534, 43.00389000029395], [-87.88571400015026, 43.00390500030843], [-87.88569900008164, 43.00390600017791], [-87.88567300014236, 43.0039120000512], [-87.88564300000513, 43.00392700006031], [-87.8856260002867, 43.00394499967225], [-87.88561700006588, 43.00396299993588], [-87.88561600024096, 43.003975000327635], [-87.88560199999725, 43.00397399980237], [-87.88558799975355, 43.00397600019598], [-87.88557299968494, 43.00398600019203], [-87.88557199986003, 43.004007000047125], [-87.88553800042315, 43.004008999782656], [-87.88549999989002, 43.004025000292536], [-87.88548200034666, 43.00404299987577], [-87.88547499977564, 43.00406100011068], [-87.88547399995073, 43.004076999950065], [-87.88545800005721, 43.00407799981675], [-87.88543999961554, 43.00408500019672], [-87.88542999956981, 43.00409699990773], [-87.88542899974489, 43.004112999737735], [-87.88541399967629, 43.00411400026075], [-87.8847459998546, 43.00455900013854], [-87.8844150003168, 43.004795999723385], [-87.88438799965431, 43.004861000115014], [-87.88443399968507, 43.004914000231835], [-87.88450200035544, 43.00492400007519], [-87.88456699975444, 43.00500300022597], [-87.884662000189, 43.0051239998857], [-87.88478600003756, 43.00527599983175], [-87.88492300030492, 43.00541500010578], [-87.8850980002071, 43.00560400005891], [-87.88525800004068, 43.00575699997047], [-87.88556099998938, 43.00605800013538], [-87.88574099991443, 43.00625299972565], [-87.88587399998381, 43.00638500029958], [-87.88601899974877, 43.00651699993297], [-87.88624300005475, 43.00673599974414], [-87.88646999983548, 43.00697700006181], [-87.88707300025816, 43.00757100030736], [-87.88746200042058, 43.00795699990261], [-87.88760299998758, 43.00814299985926], [-87.88776100017132, 43.00813699974229], [-87.88795600016499, 43.00808500023693], [-87.88815600018155, 43.00803600009429], [-87.88828599987788, 43.007989999978435], [-87.88858399980371, 43.007927999682074], [-87.88941499983203, 43.00773700003918], [-87.89056600042578, 43.00744899974362], [-87.89159999994536, 43.00715099993234], [-87.89178099969533, 43.00756599994445], [-87.89215399996422, 43.00841699975827], [-87.89319699970464, 43.01080300011055], [-87.89377699966278, 43.012129000133854], [-87.89119900008735, 43.01440099978452], [-87.89122099982866, 43.014478999872516], [-87.89133200015675, 43.014489000129274], [-87.89384699998297, 43.01228900031625], [-87.89541799980297, 43.0158819999482], [-87.89372399995932, 43.017396999788424], [-87.89309799997042, 43.017957000154404], [-87.89305299976459, 43.01802300005111], [-87.89302900037346, 43.01806100013859], [-87.89303400039634, 43.018103999708], [-87.89375300027164, 43.019513000036575], [-87.8937990003024, 43.019545999814305], [-87.8938910003639, 43.019533999837456], [-87.89494099977702, 43.01858400024963], [-87.89618100005923, 43.01746399993579], [-87.89655099995507, 43.01842499968127], [-87.89552199956006, 43.01936900008234], [-87.89540899958216, 43.01947200002925], [-87.89537900034323, 43.01950100005328], [-87.894355999796, 43.02040999986442], [-87.89427499960514, 43.020478999864096], [-87.8942570000618, 43.02050399970209], [-87.89425200003893, 43.02052999978547], [-87.89433700042775, 43.02069900005924], [-87.89464600022421, 43.02132399991001], [-87.89467600036144, 43.02136199992483], [-87.89470999979832, 43.021366000236114], [-87.8947430003086, 43.021358999855394], [-87.89477799957038, 43.02133800002188], [-87.89576000010973, 43.02044299981684], [-87.89583700010265, 43.020376999894275], [-87.89680700004811, 43.019542000041234], [-87.89698000030047, 43.019393000098134], [-87.89728900009696, 43.020100000022666], [-87.8961440002493, 43.02118700000692], [-87.89518799964921, 43.02209599981362], [-87.89419500013751, 43.02289499981718], [-87.89418400026686, 43.022948999693824], [-87.89451300015484, 43.02428100000339], [-87.89468800005702, 43.02492800027641], [-87.89478900033934, 43.02493500025018], [-87.89503200001359, 43.02494100003948], [-87.8953559998787, 43.02491400032647], [-87.89577400035344, 43.024867000189616], [-87.89603999959391, 43.02486300010645], [-87.8972570003099, 43.024677999751134], [-87.89799200007874, 43.02457699972301], [-87.89848300034843, 43.02448600012755], [-87.89851400031057, 43.02461000006257], [-87.89852600000613, 43.024652000110855], [-87.89862800011338, 43.02497800025931], [-87.8986499998547, 43.02504699972225], [-87.89866699957312, 43.02510099967614], [-87.8986990002585, 43.02523500015919], [-87.89879600034287, 43.025638000025694], [-87.89882899995484, 43.025773000163426], [-87.89841499967804, 43.02578800008746], [-87.89684200020822, 43.02584600006561], [-87.89631900015148, 43.02586600015857], [-87.89617799968617, 43.025871999856875], [-87.89603600029427, 43.02587700004279], [-87.8959540002785, 43.02587999989146], [-87.89585200017126, 43.02588399990835], [-87.89525399977146, 43.02588699975668], [-87.89525999961924, 43.0259819999127], [-87.89533400013738, 43.02598000023583], [-87.89582100020911, 43.0259640001917], [-87.89585499964598, 43.025960999690426], [-87.8959409998597, 43.025960999690426], [-87.89592599979109, 43.027499999861035], [-87.89597299964676, 43.028513000110905], [-87.8959120004457, 43.02868599991424], [-87.89578400039919, 43.02870300002807], [-87.8956660003984, 43.02880899978151], [-87.89566200020045, 43.02891200030828], [-87.89556099991812, 43.029021000052694], [-87.89544299991734, 43.02912199999247], [-87.8952019998929, 43.029194999851995], [-87.89488200022578, 43.02929999995649], [-87.89468200020923, 43.02941200000125], [-87.89436500001682, 43.02965299998506], [-87.89435900016903, 43.02983400003459], [-87.89414800028186, 43.0300629997859], [-87.89401299966431, 43.030391000281334], [-87.89390600043252, 43.030934000179556], [-87.89388499961781, 43.03154200025994], [-87.89402100006023, 43.03221199970823], [-87.89445399970528, 43.032958999918364], [-87.89463799982829, 43.033790999708415], [-87.89478900033934, 43.03451999990277], [-87.89471599964611, 43.03490600017033], [-87.89469800010276, 43.03500700027506], [-87.89469200025498, 43.03519000032743], [-87.89476500004992, 43.0352849998739], [-87.89487100035511, 43.03528699990425], [-87.89500400042452, 43.035235999766776], [-87.8950110000972, 43.03505299985157], [-87.89511200037954, 43.03458499969596], [-87.89525399977146, 43.03438800005027], [-87.89550499984162, 43.03424000005709], [-87.89574099984317, 43.03417299983189], [-87.89605800003557, 43.034209999739915], [-87.8962220000671, 43.0342539998499], [-87.89634500009076, 43.034255999913846], [-87.89646999976422, 43.03418999973916], [-87.89653500006155, 43.0340349996766], [-87.89634400026584, 43.03378600016718], [-87.89634400026584, 43.03372699977147], [-87.89629300021221, 43.03367899977492], [-87.89619299975479, 43.03337200009935], [-87.89644800002293, 43.032742999890125], [-87.89678000028393, 43.03247599995374], [-87.89706499979097, 43.032373000154706], [-87.89719700003546, 43.032417999673775], [-87.89717199992108, 43.03235100008598], [-87.8971650002484, 43.03232900000936], [-87.89716600007331, 43.03199799981501], [-87.8971710000962, 43.03195999981733], [-87.89713199973812, 43.031948999709925], [-87.89701999958514, 43.031867999932864], [-87.89675199979654, 43.0317610001365], [-87.89634900028872, 43.031551000288246], [-87.89599299973824, 43.03127699985622], [-87.89567100042129, 43.03088800014224], [-87.89553099978089, 43.0304279998428], [-87.89554500002458, 43.030005999953495], [-87.89574000001826, 43.029658999969854], [-87.89594900025563, 43.02948500017255], [-87.89609999986837, 43.02932500014249], [-87.8961519997469, 43.029191000050844], [-87.8962709995726, 43.02914999993989], [-87.89687599964508, 43.02912900014468], [-87.89716799972312, 43.02909400003233], [-87.89729099974679, 43.029057999783326], [-87.89757199995418, 43.029231000020644], [-87.89779500043527, 43.029420000231156], [-87.89796899961422, 43.02961999972986], [-87.89809500001091, 43.02982200009863], [-87.89818899972224, 43.030051999995166], [-87.89826300024039, 43.03032700008204], [-87.89824800017179, 43.030343999741355], [-87.89820299996593, 43.030481000222885], [-87.89815799976009, 43.03056400004476], [-87.8981650003311, 43.030674000229105], [-87.89817700002666, 43.0306839998182], [-87.89815299973723, 43.030795999964134], [-87.89810900025462, 43.030971000070345], [-87.89806400004876, 43.03113700024653], [-87.89800399977432, 43.03137200020685], [-87.89798100020809, 43.03147499971588], [-87.89797500036032, 43.03153200015397], [-87.89793400035242, 43.031641999916744], [-87.8979190002838, 43.031824000082125], [-87.8979040002152, 43.03183999991216], [-87.8979040002152, 43.03189599994085], [-87.8979040002152, 43.03210399978788], [-87.89784399994075, 43.03234599977078], [-87.89778399966629, 43.03272099995407], [-87.89772500011506, 43.03299000024308], [-87.89771000004644, 43.03300699982141], [-87.89770900022154, 43.03305599973839], [-87.89769499997782, 43.033072999955074], [-87.89769499997782, 43.0331219998194], [-87.89767900008431, 43.033139000017805], [-87.89767900008431, 43.03318799982939], [-87.8976649998406, 43.03320500000951], [-87.89761999963477, 43.033386000090175], [-87.89760499956614, 43.03340300021545], [-87.89757500032722, 43.03357900015405], [-87.89751500005276, 43.03373300001464], [-87.89748599974047, 43.03395900021035], [-87.89746999984692, 43.03397500014038], [-87.89746999984692, 43.03404700010212], [-87.8974399997097, 43.03410700022458], [-87.89734500017346, 43.03432200001754], [-87.89719700003546, 43.034414000163025], [-87.89711300036987, 43.03441100007481], [-87.8968689999724, 43.0343369998223], [-87.89670300029104, 43.03427799995632], [-87.89652199964274, 43.03432400007928], [-87.89647200031236, 43.0344420003227], [-87.89650900012228, 43.03452700009595], [-87.89665600043537, 43.03469699994583], [-87.89680000037542, 43.03498599985742], [-87.89683299998738, 43.0352560000832], [-87.8968349996372, 43.03550100014771], [-87.89676500021531, 43.03575599996664], [-87.89674400029891, 43.035965999871564], [-87.89674900032179, 43.0360940002615], [-87.8968270001396, 43.036249999719224], [-87.89686599959934, 43.03629099968345], [-87.89699399964586, 43.03633300027497], [-87.89701600028549, 43.03636100021566], [-87.89700600023974, 43.036418000055356], [-87.89700600023974, 43.03647399984636], [-87.89697899957724, 43.036586999925575], [-87.89594800043072, 43.03664000023966], [-87.8959400000348, 43.03666000009854], [-87.89568700031481, 43.036673999995834], [-87.89536199972648, 43.03669199985916], [-87.89520400044105, 43.03669999979671], [-87.89514199961846, 43.03674000012536], [-87.89500600007433, 43.03734399988359], [-87.89491400001283, 43.03734399988359], [-87.89466899979043, 43.03734699982842], [-87.89458299957671, 43.03737200001952], [-87.89439900035201, 43.037465000168275], [-87.89417099984807, 43.03750699995629], [-87.89396499998375, 43.03743400013436], [-87.89388799999087, 43.03734499986522], [-87.89389200018881, 43.03715299981142], [-87.89407399976369, 43.0362949996785], [-87.89408200015961, 43.036000000001195], [-87.89427399978022, 43.03502599999013], [-87.89426100025976, 43.03494100025143], [-87.8942239995515, 43.03489599995587], [-87.89413900006102, 43.034851000283936], [-87.89400000014385, 43.03484400012771], [-87.89390499970929, 43.0348810002878], [-87.89386100022668, 43.034922999874546], [-87.89383199991434, 43.03497600031262], [-87.89377300036313, 43.03518900031069], [-87.89362500022511, 43.03582099976385], [-87.89333899999485, 43.03715699975029], [-87.89336699958395, 43.03741899977345], [-87.89348200010998, 43.03759400003536], [-87.89370399986784, 43.03775800007541], [-87.89392399997587, 43.03782700027355], [-87.89405899969508, 43.03786999978686], [-87.89494999999783, 43.037912999926576], [-87.89500000022656, 43.03791099998182], [-87.89671900018456, 43.037817999852436], [-87.89662399975002, 43.03848599979806], [-87.8964129998628, 43.039339999701085], [-87.89626899992277, 43.0398169998327], [-87.89618799973191, 43.040030000097765], [-87.89611800031004, 43.04023199968756], [-87.89604600034001, 43.04041000025701], [-87.89573400017048, 43.04112700025371], [-87.89549300014606, 43.0415929999317], [-87.89507499967131, 43.04240000007936], [-87.89500000022656, 43.04253500011471], [-87.8948420000428, 43.04250499991369], [-87.894503999934, 43.042477000150534], [-87.89372499978423, 43.042477000150534], [-87.89359599991282, 43.042477000150534], [-87.89291499967231, 43.042477000150534], [-87.89158900007469, 43.04249799997407], [-87.89050100012844, 43.04254999988145], [-87.88877799997246, 43.042936000189535], [-87.88818499959554, 43.04316399974766], [-87.88799700017286, 43.04323500020298], [-87.88756100015478, 43.04340399968015], [-87.8873720000089, 43.04347599973941], [-87.8870139998086, 43.04368100009276], [-87.88633599994118, 43.04406699985001], [-87.88601600027405, 43.044248999930495], [-87.88573500006666, 43.04451599985064], [-87.88560299982217, 43.044640999886], [-87.88558199990578, 43.04463800029779], [-87.88556000016446, 43.04463900016054], [-87.88554500009585, 43.044643000267854], [-87.88553199967706, 43.04465400006937], [-87.88550599973779, 43.04468399987604], [-87.88547399995073, 43.044710000221826], [-87.8854439998135, 43.04472599997459], [-87.88542899974489, 43.04473900013996], [-87.88538600008718, 43.04479199997767], [-87.88532099978987, 43.04486000028448], [-87.8852530000178, 43.04491100030107], [-87.88519799976622, 43.04496499984758], [-87.88511699957536, 43.04504699991908], [-87.88505800002413, 43.045100000147116], [-87.88496500013773, 43.04517300003948], [-87.88491900010696, 43.0452300002278], [-87.88482299984749, 43.04532400013464], [-87.8847960000833, 43.04536099988392], [-87.88477500016691, 43.045378999824806], [-87.88473900018191, 43.04543099991623], [-87.88472699958803, 43.04545500024654], [-87.88465399979309, 43.045526000019926], [-87.88396000003213, 43.04620299992649], [-87.88194599962301, 43.04612699977495], [-87.88179199963724, 43.04612199992579], [-87.88177800029186, 43.04630100031109], [-87.88188799989669, 43.046307999816776], [-87.88268700013795, 43.046362999937664], [-87.88334400008898, 43.046389000228324], [-87.88462200000603, 43.046402999875276], [-87.88520299978909, 43.046477000019316], [-87.88597199989312, 43.04650499992636], [-87.88607499982528, 43.04646199989973], [-87.88629900013126, 43.04646900004356], [-87.88797000040869, 43.0448219997168], [-87.88989500023104, 43.0458600003015], [-87.88854399962075, 43.04717999988952], [-87.88864599972798, 43.04762100025664], [-87.88940399996136, 43.04805500011708], [-87.88708099975575, 43.050436999776394], [-87.88770599991973, 43.05082499987158], [-87.88749400020762, 43.05098699981769], [-87.88767999998049, 43.05112100023587], [-87.88749000000966, 43.05126600029001], [-87.88731400028257, 43.05112599967756], [-87.887295000016, 43.05111800030812], [-87.88660999957757, 43.05161999974721], [-87.88712699978652, 43.052875999789826], [-87.8869769999987, 43.05293200031325], [-87.88678600020299, 43.05300299996564], [-87.88662899984413, 43.05276100005502], [-87.88637500029924, 43.05213000022384], [-87.88634699981183, 43.05213800011773], [-87.88619299982605, 43.05175699999197], [-87.88617899958236, 43.05169799980906], [-87.8860270001447, 43.05151499975977], [-87.88574099991443, 43.0515760002745], [-87.88554500009585, 43.05163900022589], [-87.88537799969127, 43.05146699989318], [-87.88525899986557, 43.05118999984717], [-87.88520699998705, 43.05116200010941], [-87.88486800005333, 43.05125600011624], [-87.88438099998162, 43.051341999982284], [-87.88423100019378, 43.05134700006241], [-87.88375199961968, 43.05144200019397], [-87.88354099973247, 43.0509079997475], [-87.88315699959291, 43.05098600005841], [-87.8830219998737, 43.05098199970826], [-87.88300699980509, 43.05098099994889], [-87.88298099986582, 43.051005999836015], [-87.88297300036822, 43.05098199970826], [-87.88295900012453, 43.05098399988334], [-87.8829299998122, 43.05090499980929], [-87.88291100044395, 43.0509090001645], [-87.8828029995906, 43.050618999994725], [-87.88282199985717, 43.05061500027705], [-87.88279199971993, 43.0505329997713], [-87.88280500013872, 43.05053100023792], [-87.88278800042029, 43.05048600021653], [-87.88280799961348, 43.050483000257685], [-87.88281600000938, 43.05046900022905], [-87.8828319999029, 43.05045200023679], [-87.88284699997153, 43.05043000008544], [-87.8828660002381, 43.05040499996355], [-87.88289200017738, 43.05037800029304], [-87.88292099959138, 43.050353999919544], [-87.88293900003302, 43.050339000091576], [-87.88296400014738, 43.05031699989971], [-87.8829859998887, 43.05029800032439], [-87.88300599998018, 43.05028200005552], [-87.88301699985082, 43.05026299981295], [-87.88301400037611, 43.05024100025023], [-87.88299699975936, 43.05022700016631], [-87.88296699962213, 43.05021300007923], [-87.88293900003302, 43.05020199996166], [-87.88291200026885, 43.050198000216795], [-87.88288799997942, 43.05020499993425], [-87.88286899971284, 43.05022299976665], [-87.88284199994865, 43.05024400022087], [-87.88281799965921, 43.050273000148636], [-87.88279500009298, 43.05029600012689], [-87.88277199962846, 43.05032400025999], [-87.88274900006223, 43.050351999723866], [-87.88272700032091, 43.05037900006223], [-87.88270399985639, 43.05041099988868], [-87.88268200011508, 43.050436999776394], [-87.88267200006933, 43.05045399977275], [-87.88267000041951, 43.05047299995619], [-87.88267299989425, 43.05049200013375], [-87.88265700000073, 43.05049500009216], [-87.8826899996127, 43.05055400011942], [-87.882718999925, 43.05063599994063], [-87.8827399998414, 43.0506309998026], [-87.88284600014661, 43.05091799997806], [-87.88282900042819, 43.05092099991559], [-87.88286000039032, 43.05100299990259], [-87.88284699997153, 43.051005999836015], [-87.88285600019236, 43.05103200012795], [-87.88275200043527, 43.051051999890554], [-87.88273700036667, 43.051054999821574], [-87.88274200038954, 43.05106899971645], [-87.88278599987216, 43.051192999771445], [-87.882318000067, 43.051301000229124], [-87.88229100030283, 43.051184999754284], [-87.8820929999361, 43.051135999872585], [-87.88200900027053, 43.051114999723744], [-87.88197699958516, 43.05118399999824], [-87.87977899995134, 43.04777399985754], [-87.87971600020214, 43.047651999738896], [-87.87968000021715, 43.04752500029929], [-87.87967400036935, 43.04741800023138], [-87.87969699993558, 43.04724999981561], [-87.88004400026522, 43.0459570000799], [-87.88017399996156, 43.04546900010666], [-87.88022500001519, 43.045462999698096], [-87.88027400041898, 43.045468000257436], [-87.88031399970363, 43.04548100026555], [-87.88034100036614, 43.04548100026555], [-87.88042199965868, 43.04548200011457], [-87.88049000032905, 43.04547400000904], [-87.88056599959872, 43.045462999698096], [-87.8806419997667, 43.04544399993219], [-87.88071700010977, 43.04543099991623], [-87.88076300014052, 43.04541700004744], [-87.88079300027775, 43.04540800008324], [-87.88087100009555, 43.045395000059635], [-87.88091499957818, 43.04538500024163], [-87.88102300043151, 43.0453579996744], [-87.88117200039443, 43.04532800019734], [-87.88133100040311, 43.04529999975306], [-87.88141199969563, 43.04528400014997], [-87.88147199997009, 43.04526399981961], [-87.88149200006158, 43.04524599984494], [-87.88150100028241, 43.04521399994992], [-87.88147699999297, 43.04516700025843], [-87.8814359999851, 43.04515999996609], [-87.8813459995734, 43.04516400003948], [-87.88127799980134, 43.045176000258046], [-87.8812390003416, 43.0451950001069], [-87.88105600004349, 43.04523199993398], [-87.8809020000577, 43.04526399981961], [-87.88075300009478, 43.045303999817335], [-87.88058300021547, 43.04533999972731], [-87.88048399958295, 43.04535299976257], [-87.88042199965868, 43.04535299976257], [-87.88031799990159, 43.04535299976257], [-87.88025900035038, 43.04534600014796], [-87.88022599984009, 43.04532999990033], [-87.8802190001674, 43.045302999965415], [-87.88031600025177, 43.04501300020694], [-87.88033999964291, 43.04493500017833], [-87.8803659995822, 43.04486799981362], [-87.88038400002384, 43.04480599998909], [-87.88038599967366, 43.044730000076285], [-87.88037599962793, 43.04472000014987], [-87.88037999982589, 43.04470399973898], [-87.88022699966501, 43.04468200015199], [-87.88011399968711, 43.04510800030146], [-87.88002599982356, 43.045439999877104], [-87.87977499975338, 43.046387999737604], [-87.87955399982046, 43.047204000192046], [-87.879537000102, 43.04733900015961], [-87.87954600032285, 43.04749499991256], [-87.87958700033073, 43.047637999720514], [-87.8796569997526, 43.04777500032567], [-87.88170600032183, 43.051007000251424], [-87.88189700011753, 43.05129900006433], [-87.88192300005679, 43.05132699973955], [-87.8819299997295, 43.05128399981109], [-87.88225699996764, 43.05190999977895], [-87.8822810002571, 43.0519459997506], [-87.882282000082, 43.05201100012], [-87.88229100030283, 43.05205299979687], [-87.88228000043217, 43.052095000101424], [-87.88225399959461, 43.05214199973609], [-87.88219800041641, 43.05220400002303], [-87.88212800009622, 43.05225499984159], [-87.8820720000197, 43.05228999987265], [-87.88199699967664, 43.05234200001328], [-87.88187899967586, 43.05241299969227], [-87.88179900020826, 43.052463999993414], [-87.88170899979654, 43.05253000020433], [-87.88163699982654, 43.05257799989542], [-87.88154300011522, 43.05265199981049], [-87.8814650002974, 43.052727999754524], [-87.88147100014518, 43.052765000289135], [-87.88153700026741, 43.05283999970769], [-87.88157599972718, 43.05282699994632], [-87.88166100011598, 43.05277099998345], [-87.88172600041331, 43.052712999850776], [-87.8817459996065, 43.05269299997338], [-87.88178499996452, 43.052656000051705], [-87.88182000012465, 43.05262699993787], [-87.88185600010964, 43.05259599968783], [-87.88186399960726, 43.05260600029955], [-87.88189899976736, 43.05266899984934], [-87.88192100040698, 43.05270099979382], [-87.88196800026265, 43.0527689998666], [-87.88201000009543, 43.052843000207645], [-87.88202799963878, 43.05288200012972], [-87.88202500016406, 43.052901000217375], [-87.88201199974526, 43.053027999684986], [-87.88199699967664, 43.05318100023974], [-87.88196700043774, 43.05325799990691], [-87.88187299982809, 43.05340399987991], [-87.88180300040621, 43.053476000017426], [-87.88172999971295, 43.05354599997886], [-87.88164299967433, 43.05360399998016], [-87.88158199957495, 43.053633000288436], [-87.8815070001302, 43.053664000014294], [-87.8814579997264, 43.05368200014439], [-87.88140099982498, 43.05369800018265], [-87.88130200009077, 43.05371700001755], [-87.88121800042519, 43.053730999961196], [-87.88117200039443, 43.05373300004668], [-87.88107500031008, 43.05373199967573], [-87.88102599990627, 43.05372800016108], [-87.8809360003929, 43.05371700001755], [-87.88085100000407, 43.0537109997594], [-87.88076499979034, 43.05370899967321], [-87.88074300004905, 43.053705000157045], [-87.88072799998042, 43.053693000294246], [-87.8807199995845, 43.05367700025467], [-87.88072499960738, 43.05365600031946], [-87.88074800007192, 43.053638000181735], [-87.88081500001907, 43.05359499990432], [-87.88085600002695, 43.05356699995169], [-87.8808810001413, 43.05355500006188], [-87.88091799995122, 43.05353600017679], [-87.8809380000427, 43.05352000009627], [-87.88092200014918, 43.05343199990697], [-87.88089100018705, 43.05338799976495], [-87.88087299974538, 43.05338600032465], [-87.88076300014052, 43.05347300020483], [-87.88067899957662, 43.05354100007805], [-87.88055399990316, 43.053638999897785], [-87.88046900041266, 43.05367000027704], [-87.88044799959793, 43.05375199987068], [-87.88037700035113, 43.05380200000138], [-87.88010100016663, 43.05401500028514], [-87.8800280003717, 43.054070999768506], [-87.88003199967133, 43.05411399971221], [-87.88009299977071, 43.05414999970291], [-87.8801709995885, 43.054148999995235], [-87.88019999990084, 43.05423899988102], [-87.88017700033461, 43.05428300006885], [-87.8801410003496, 43.054318999960394], [-87.88000300025733, 43.05447199991995], [-87.87991700004362, 43.054581999912436], [-87.87966799962325, 43.05484300000018], [-87.87948600004839, 43.054974000131054], [-87.87887299957997, 43.055377000317236], [-87.87875499957919, 43.05544000030245], [-87.87851000025512, 43.05553000026279], [-87.8784940003616, 43.05543699992956], [-87.8784240000414, 43.05539999969423], [-87.87835999956899, 43.055411999879425], [-87.87829199979691, 43.055445999735014], [-87.87822900004772, 43.055486999999204], [-87.87819300006271, 43.055516999758865], [-87.87815500042788, 43.05556299971193], [-87.87810100000121, 43.05560999997077], [-87.87803900007694, 43.05566300026137], [-87.87800399991683, 43.05570700008389], [-87.87793699996968, 43.05575899995279], [-87.8779019998096, 43.05582000018461], [-87.87786199962662, 43.055855000150316], [-87.8778249998167, 43.05590899990822], [-87.87782300016687, 43.05597299968124], [-87.87784200043345, 43.05604199974121], [-87.87784699955799, 43.05609799999913], [-87.8778609998017, 43.05626900014205], [-87.87785099975595, 43.056335999868445], [-87.87782200034195, 43.05638900018792], [-87.87774199997601, 43.05646799976174], [-87.87766900018109, 43.05652200029263], [-87.87755299983012, 43.05659899970317], [-87.87745900011879, 43.05666300006883], [-87.87736200003441, 43.05673500031832], [-87.87732799969923, 43.05676599978891], [-87.87724900005651, 43.05681600008766], [-87.87714299975131, 43.05690499967849], [-87.87708000000212, 43.05697200002271], [-87.87702499975053, 43.057034000021325], [-87.87697899971977, 43.05707699985652], [-87.87693799971188, 43.057120000317944], [-87.8768759997876, 43.05716900001321], [-87.87682999975685, 43.05722499989832], [-87.8767760002285, 43.05725500012049], [-87.876712999581, 43.05729100023639], [-87.87631300044622, 43.05752900007002], [-87.87626099966937, 43.057557000182776], [-87.87620399976797, 43.05758799989414], [-87.8761159999044, 43.057623999814595], [-87.87605099960709, 43.057647999968566], [-87.87598600020807, 43.057677999983795], [-87.87595199987288, 43.05769400029223], [-87.87586499983425, 43.05774999969788], [-87.87580899975777, 43.05778600017955], [-87.87578600019154, 43.0578070000132], [-87.87572799956689, 43.057859999717635], [-87.87568699955902, 43.05789600013477], [-87.87561999961187, 43.05796100010503], [-87.87554699981693, 43.0580279999518], [-87.87551900022785, 43.05805900008148], [-87.87550599980905, 43.058081999765214], [-87.87546899999913, 43.05817399972681], [-87.87545800012848, 43.05825799979944], [-87.87544100041004, 43.0583350003119], [-87.8754179999455, 43.05840199975], [-87.87539100018132, 43.05849300025093], [-87.87535400037139, 43.05859899974086], [-87.87534400032565, 43.05865500028906], [-87.875325999884, 43.058743000203336], [-87.87532099986113, 43.05877900010199], [-87.87531099981538, 43.05880999985194], [-87.87529900011982, 43.05884800028629], [-87.87528900007408, 43.05888600004076], [-87.87528499987611, 43.058902000033925], [-87.87528900007408, 43.05897899973766], [-87.87529200044712, 43.059048999981165], [-87.87529699957169, 43.059080999878304], [-87.87530400014268, 43.059094000283004], [-87.87531199964029, 43.059110999848734], [-87.87531599983825, 43.05912100005439], [-87.875325999884, 43.05913100025846], [-87.87535400037139, 43.05914900009653], [-87.87537399956457, 43.059152000287845], [-87.87539299983115, 43.059159000296], [-87.87540799989976, 43.05917200002783], [-87.8754179999455, 43.059194999950456], [-87.87541999959532, 43.059228000052705], [-87.87541600029569, 43.05926600022799], [-87.87540500042502, 43.059322000167015], [-87.87538799980827, 43.05937600015357], [-87.87534599997548, 43.05946800014262], [-87.875325999884, 43.05951699993067], [-87.87530699961742, 43.05957599981102], [-87.87528700042424, 43.05963400001624], [-87.87523299999758, 43.0597239997282], [-87.87499100014823, 43.06003999991681], [-87.8749679996837, 43.06007000007439], [-87.8749469997673, 43.060125000325144], [-87.87492099982805, 43.06017400024446], [-87.87490699958433, 43.060206000210826], [-87.87488800021609, 43.06022300012461], [-87.87485300005598, 43.06024899979062], [-87.87481100022318, 43.06028000011007], [-87.87479600015456, 43.060297000003345], [-87.87476699984225, 43.060325999771834], [-87.87472699965927, 43.060377000055645], [-87.8746990000702, 43.06040099978842], [-87.87465999971212, 43.06044000015456], [-87.87462499955204, 43.06048000010047], [-87.8746079998336, 43.060508999782364], [-87.87458500026737, 43.06053999997035], [-87.87454799955914, 43.06058299997226], [-87.87452499999293, 43.06060999974437], [-87.87447700031234, 43.06066800028417], [-87.87442600025872, 43.06072199974158], [-87.87439299974844, 43.060768999984255], [-87.87434900026582, 43.06082600011841], [-87.87431800030369, 43.06086599981249], [-87.87430099968694, 43.06088899975602], [-87.87427200027292, 43.06092200025917], [-87.87420399960256, 43.06100599984887], [-87.87416500014281, 43.06104900018025], [-87.87412099976189, 43.061094000326925], [-87.87407800010418, 43.0611350000963], [-87.87405499963965, 43.06116599996778], [-87.87403700009628, 43.06118699995651], [-87.8740229998526, 43.06120499984735], [-87.87397900036997, 43.06125299996797], [-87.87394099983683, 43.061288000114274], [-87.87387399988968, 43.06137000002249], [-87.87385399979817, 43.06140599969143], [-87.87379100004898, 43.06147000029042], [-87.87373999999538, 43.06151800020358], [-87.87367600042127, 43.06156799990909], [-87.87359600005531, 43.06164299971902], [-87.87353499995595, 43.061694000219944], [-87.87343899969649, 43.06175600003827], [-87.87337799959711, 43.06181599997213], [-87.8733419996121, 43.061847999737786], [-87.8733059996271, 43.06188699983987], [-87.87328300006088, 43.0619179999874], [-87.8732500004489, 43.06194400024731], [-87.87321000026594, 43.06197299989309], [-87.87317000008296, 43.06200599981277], [-87.87312599970204, 43.06203999995013], [-87.87307100034877, 43.0620830002127], [-87.87297099989134, 43.062161000093035], [-87.87294400012716, 43.06218299997401], [-87.87289800009641, 43.06221500020445], [-87.87285799991345, 43.06224199991421], [-87.8728269999513, 43.06227299988223], [-87.87278900031647, 43.06231100013931], [-87.87275400015638, 43.062340999842], [-87.87270300010273, 43.06238899972953], [-87.87266000044505, 43.06244000026622], [-87.87261400041427, 43.06248999987614], [-87.87256400018556, 43.06254900017717], [-87.87253400004835, 43.06258799983333], [-87.87248299999472, 43.06264099999937], [-87.8724470000097, 43.062679000028346], [-87.8724119998496, 43.06271400001691], [-87.87237800041272, 43.06274700019408], [-87.87232800018403, 43.062786999947484], [-87.87228800000105, 43.06282000008536], [-87.87225899968873, 43.06285099976118], [-87.87221900040409, 43.06290000012713], [-87.87218800044192, 43.06293199998332], [-87.87216400015248, 43.06294899979759], [-87.87213800021321, 43.06297899984442], [-87.87207799993877, 43.063049999677965], [-87.87201299964144, 43.06311900030629], [-87.87195200044037, 43.06318599976732], [-87.87192200030316, 43.063231999874006], [-87.87189399981575, 43.06328200015059], [-87.87185799983074, 43.06334300011779], [-87.87182199984572, 43.06339500007418], [-87.87179900027951, 43.06341899993822], [-87.87176099974636, 43.063454999716654], [-87.87173099960913, 43.063478000001524], [-87.87169499962411, 43.06349800029936], [-87.87164199992067, 43.06352800007749], [-87.87161299960835, 43.06354400017193], [-87.87155599970696, 43.063575999692034], [-87.87149999963044, 43.063612000034546], [-87.87144100007922, 43.06364899990883], [-87.87138199962968, 43.06368899972998], [-87.8713330001242, 43.063726999765706], [-87.87129200011628, 43.06375100015603], [-87.87125299975824, 43.06377700029485], [-87.87117499994042, 43.06382700012695], [-87.87108500042707, 43.063888000208166], [-87.87097999994677, 43.063949999776646], [-87.87085400044838, 43.064036999764014], [-87.87079400017393, 43.064081000140625], [-87.87074599959504, 43.06411300003669], [-87.87069299989159, 43.06415000026487], [-87.87065000023388, 43.06417600023451], [-87.87060699967786, 43.06420699988093], [-87.87056900004303, 43.064236999968415], [-87.87052300001227, 43.06427100018112], [-87.87047500033171, 43.064292999961246], [-87.87044400036956, 43.06430700011556], [-87.87038699956985, 43.06433400021656], [-87.8702929998585, 43.064377000182716], [-87.87021800041374, 43.06441300005486], [-87.87013100037511, 43.06445000010198], [-87.87005600003204, 43.06448400019654], [-87.86990799989404, 43.06454500028034], [-87.86979099971818, 43.0645899998298], [-87.86975599955808, 43.06459599967974], [-87.86969899965668, 43.064602000185396], [-87.8696300000597, 43.06460099999177], [-87.86956399993745, 43.06459800006714], [-87.86950500038621, 43.0645920002174], [-87.86943800043906, 43.0645880000985], [-87.86934399982943, 43.06457900032217], [-87.86928899957785, 43.06457200027652], [-87.8692500001181, 43.064568999694124], [-87.86920699956207, 43.06456299984155], [-87.86916499972928, 43.06455899972075], [-87.86912999956918, 43.064555000256], [-87.8690590003224, 43.06454400008578], [-87.86899999987284, 43.064535000302996], [-87.86892399970486, 43.06452599986264], [-87.86887600002429, 43.06451899981094], [-87.86883800038945, 43.06452000000585], [-87.86878899998564, 43.06452599986264], [-87.86875399982554, 43.064535000302996], [-87.86870899961971, 43.06454999994022], [-87.86867400035791, 43.0645710000824], [-87.86864599987052, 43.06459800006714], [-87.86862599977901, 43.06462300030977], [-87.86867400035791, 43.0648399998612], [-87.86867500018283, 43.06508200001249], [-87.86862900015208, 43.06528600016275], [-87.86858599959605, 43.06537399974771], [-87.86846500012055, 43.065549999851264], [-87.86821300022547, 43.06584099980905], [-87.8679980001403, 43.066116000278925], [-87.8678850001624, 43.066292000221], [-87.8678850001624, 43.066336000291614], [-87.8678709999187, 43.06635799998696], [-87.8678709999187, 43.066452000326464], [-87.8678559998501, 43.066468000313996], [-87.86784099978148, 43.06657799978741], [-87.86779599957565, 43.0666670003027], [-87.86779700029885, 43.066687999719676], [-87.86776700016163, 43.066733000321186], [-87.86776700016163, 43.06675399971555], [-87.8677289996285, 43.06681000003418], [-87.86759599955909, 43.06696399982629], [-87.86740899996134, 43.06713999995866], [-87.86696200007259, 43.06759600006897], [-87.86678299997246, 43.067822000210555], [-87.86635199997724, 43.068470999733705], [-87.8660680002951, 43.06880099990359], [-87.8659269998298, 43.06893799982607], [-87.86571900031565, 43.06910900025294], [-87.86510699967214, 43.06956000024555], [-87.86486900002078, 43.069725000246045], [-87.8645400001328, 43.06993399991524], [-87.86442899980473, 43.0700220000463], [-87.86407099960442, 43.070324000221326], [-87.86404899986312, 43.07034900009739], [-87.8640349996194, 43.070373999963294], [-87.86401100022829, 43.07043099969812], [-87.86401000040337, 43.070503000185425], [-87.86402399974877, 43.070540999934586], [-87.86404200019042, 43.07056300008943], [-87.86400500038052, 43.070577000124196], [-87.8639559999767, 43.07060400008847], [-87.86393000003743, 43.07062299993469], [-87.86388800020464, 43.07065599979174], [-87.86386899993805, 43.07068100018862], [-87.86384600037182, 43.070716000202204], [-87.86382999957999, 43.0707570000989], [-87.86382600028035, 43.07079300016164], [-87.86382499955712, 43.07082900020325], [-87.86382100025749, 43.07088700026224], [-87.86382000043257, 43.071319000015734], [-87.86381500040969, 43.07140999971835], [-87.86380700001378, 43.072321999947825], [-87.86381299986157, 43.07320099994887], [-87.86381399968649, 43.0741009999687], [-87.8638220000824, 43.07413299988355], [-87.86383200012814, 43.07416000024983], [-87.86385200021962, 43.07420900010655], [-87.86388800020464, 43.07424900025511], [-87.86406200028192, 43.07432799978283], [-87.86444999972112, 43.074333999992014], [-87.86493599996793, 43.074335000026785], [-87.86567599975962, 43.07431900012418], [-87.86619999964127, 43.07434300030461], [-87.86632799968777, 43.07438000026361], [-87.86650699978793, 43.0744239997779], [-87.86664800025324, 43.074481999715715], [-87.8667310000939, 43.07454999991233], [-87.86676600025402, 43.07458400031039], [-87.86677799994958, 43.0746000001438], [-87.8668070002619, 43.07463799997751], [-87.86682300015542, 43.074658999944575], [-87.86685199956943, 43.07468700010818], [-87.86690099997323, 43.074743999769], [-87.86695500039991, 43.074802000060096], [-87.86699399985964, 43.074847999980456], [-87.86702700036992, 43.074894999891946], [-87.86708699974608, 43.07501500022839], [-87.86711400040856, 43.07510000021518], [-87.86714899967035, 43.07518700012591], [-87.8671739997847, 43.07526499973721], [-87.86721099959463, 43.07539500018112], [-87.86723300023425, 43.07543600022859], [-87.86737600034938, 43.07562999990514], [-87.86739300006782, 43.0756659997302], [-87.86740800013644, 43.075703000202786], [-87.86744999996924, 43.07576000023087], [-87.86748400030442, 43.07580300005586], [-87.86751799974128, 43.075862000010744], [-87.8676580003817, 43.076066999723835], [-87.86768199977281, 43.07611099999537], [-87.8677710003596, 43.07624999998945], [-87.86783400010879, 43.07636000028054], [-87.86793000036826, 43.07656000030394], [-87.86798200024678, 43.07670399991655], [-87.86801200038401, 43.07677300026723], [-87.8680669997373, 43.076850999828274], [-87.86810000024755, 43.07693499990067], [-87.86813299985953, 43.077033999721046], [-87.86819200030907, 43.07715799976086], [-87.86822400009612, 43.07722200031826], [-87.86824500001252, 43.07726299979946], [-87.86825400023335, 43.07728100021924], [-87.86830100008902, 43.07737400022583], [-87.86836499966313, 43.07747999987775], [-87.86839599962526, 43.07755299993999], [-87.86843400015842, 43.07762599991525], [-87.86844699967887, 43.077661999880036], [-87.86846299957242, 43.07769799982368], [-87.86850199993047, 43.07781799992044], [-87.8685749997254, 43.07792000021159], [-87.86862099975616, 43.07797000031803], [-87.86867199980978, 43.078037999924874], [-87.8687649996962, 43.07813899987713], [-87.86881099972695, 43.078203000066026], [-87.86886400032871, 43.078269000129275], [-87.86892799990282, 43.0783370000605], [-87.86896800008579, 43.07837400023257], [-87.86903699968276, 43.07843800017602], [-87.86917599959995, 43.078617000062756], [-87.86924699974504, 43.0786969998284], [-87.86936200027108, 43.07885099993617], [-87.86939700043119, 43.078911000197145], [-87.86942099982231, 43.07894400018447], [-87.8694690004012, 43.07900199978103], [-87.86952999960225, 43.07907300008353], [-87.86959599972451, 43.0791569997345], [-87.86965099997609, 43.07921800030711], [-87.86966199984674, 43.07924199988115], [-87.86968000028841, 43.07927199982756], [-87.86972700014405, 43.07934199986411], [-87.86975100043352, 43.07938299989526], [-87.86978400004547, 43.079453999756275], [-87.86986400041143, 43.07958699969036], [-87.86990899971896, 43.079660999814834], [-87.86993800003127, 43.07973000011636], [-87.86996999981832, 43.07980400006812], [-87.86999999995554, 43.07985699978359], [-87.87004199978833, 43.0799310002381], [-87.87010500043584, 43.080058000144795], [-87.87014800009355, 43.080152999753075], [-87.87017200038298, 43.08022499997275], [-87.87020199962191, 43.08030400032609], [-87.87028199998785, 43.08043800031868], [-87.87034499973706, 43.080572999951215], [-87.87036400000362, 43.080601000037014], [-87.87038599974493, 43.08063000004209], [-87.87040099981354, 43.08065500030696], [-87.87041400023233, 43.08070700001162], [-87.870425000103, 43.080758999672106], [-87.87044199982142, 43.08081600024608], [-87.87044900039243, 43.08082899997821], [-87.87046299973782, 43.08084999979198], [-87.87047299978356, 43.080880000263335], [-87.87052300001227, 43.08100800009721], [-87.87052999968498, 43.08102699999852], [-87.87056599966998, 43.08107600026928], [-87.87060599985294, 43.08115999979869], [-87.87062799959426, 43.08124700029121], [-87.87064199983796, 43.081292999966244], [-87.8706860002189, 43.0814269997642], [-87.8706800003711, 43.08148000004406], [-87.8706789996479, 43.08150900028922], [-87.87069299989159, 43.081539999698954], [-87.87070600031038, 43.08158300006069], [-87.87073800009743, 43.08165200016604], [-87.87077900010532, 43.0817339997338], [-87.8707990001968, 43.08180500015104], [-87.87082000011318, 43.08187699974162], [-87.87082400031116, 43.08191500031156], [-87.87082500013607, 43.08193800023071], [-87.87108100022911, 43.08193599975309], [-87.8724479998346, 43.08192300025589], [-87.8729049997691, 43.081918999955796], [-87.87317699975567, 43.081918999955796], [-87.87399600008841, 43.08191999986683], [-87.87426899989988, 43.08192099977784], [-87.87432800034942, 43.08191999986683], [-87.87454500008441, 43.08191999986683], [-87.87519600018766, 43.08191999986683], [-87.87541399974755, 43.08192099977784], [-87.87545499975542, 43.08192099977784], [-87.87567900006141, 43.08192099977784], [-87.87635299973087, 43.08192099977784], [-87.87657799986178, 43.08192099977784], [-87.87680800001553, 43.08192099977784], [-87.87749900030177, 43.08192099977784], [-87.87773000028045, 43.08192199968879], [-87.8782270003979, 43.08192199968879], [-87.87971799985198, 43.08192500007776], [-87.88021499996944, 43.08192599998869], [-87.88071200008692, 43.08192599998869], [-87.88220300043929, 43.08192699989961], [-87.88269999965843, 43.08192799981051], [-87.88275699955983, 43.08192799981051], [-87.88299900030749, 43.08192799981051], [-87.88372599968041, 43.08192899972134], [-87.88396900025296, 43.08193000028833], [-87.88402100013151, 43.08192899972134], [-87.88425399976, 43.08192899972134], [-87.88495300044214, 43.08193000028833], [-87.88518600007065, 43.081931000199184], [-87.88521600020788, 43.081931000199184], [-87.88545999970705, 43.081931000199184], [-87.88619500037419, 43.081931000199184], [-87.88643999969827, 43.081932000109965], [-87.88668300027082, 43.081932000109965], [-87.88741399984168, 43.08193300002078], [-87.88765800023917, 43.08193399993159], [-87.88795100014212, 43.08193300002078], [-87.88813199989208, 43.08194000005208], [-87.88889699979815, 43.08193800023071], [-87.88959300010725, 43.08194099996277], [-87.89158400005182, 43.081947999993154], [-87.89162599988462, 43.081945000261435], [-87.89164299960306, 43.08196399987211], [-87.89168399961093, 43.08196800016927], [-87.89169500037991, 43.08201200014013], [-87.89169600020482, 43.0822190000859], [-87.89170700007547, 43.08225799969311], [-87.89172600034205, 43.082275000052455], [-87.89171899977103, 43.082305999730735], [-87.89172200014409, 43.08235800000245], [-87.8917930002892, 43.08259399982294], [-87.89178999991616, 43.0826890000918], [-87.89181199965746, 43.0827989999773], [-87.89184199979468, 43.08286499968259], [-87.89197599968898, 43.08306299968408], [-87.89201000002419, 43.0830950001677], [-87.89201500004704, 43.08313399987333], [-87.89210200008569, 43.08335399981716], [-87.89216099963691, 43.08349199989765], [-87.89230899977491, 43.08380499995498], [-87.89253399990581, 43.08422699979602], [-87.89256999989082, 43.0842970000763], [-87.89260699970076, 43.08443800026672], [-87.89263699983798, 43.0845790001326], [-87.89263600001306, 43.08464599975505], [-87.89271899985374, 43.08481900003742], [-87.89280800044051, 43.08500000002982], [-87.89283299965655, 43.08508999989587], [-87.89294999983244, 43.085310999888016], [-87.89304600009189, 43.08550300008593], [-87.8931869996589, 43.085618999927576], [-87.89326299982687, 43.08577000015024], [-87.89347999956185, 43.08601200032606], [-87.893630000248, 43.08611599978257], [-87.89371999976136, 43.08614899982557], [-87.89374999989859, 43.086171000281716], [-87.89386200005158, 43.08621499985816], [-87.89392999982365, 43.086254000201876], [-87.89401199983942, 43.08632000012139], [-87.89406399971796, 43.08639700015628], [-87.89416800037333, 43.08649599977778], [-87.89431800016116, 43.086610999872775], [-87.89452800022345, 43.086748999833006], [-87.89461799973682, 43.086798000119686], [-87.89485700011141, 43.08688600030845], [-87.89515599986215, 43.08704000017063], [-87.89524600027384, 43.08707299971585], [-87.89554500002458, 43.08723799979947], [-87.89560500029904, 43.08725999986451], [-87.8956939999875, 43.08731000022149], [-87.8961440002493, 43.0876399999795], [-87.89653300041172, 43.087892999902095], [-87.89707200036199, 43.088207000243074], [-87.89724399989112, 43.088283999874065], [-87.89740100024994, 43.08838800006554], [-87.89752000007564, 43.08847599993823], [-87.89772199974199, 43.08867400017356], [-87.89777500034376, 43.08876200029142], [-87.89784599959056, 43.08885199987858], [-87.89803399991155, 43.088983999952326], [-87.8980459996071, 43.089005000250935], [-87.89822300005744, 43.08917499999776], [-87.8983619999746, 43.08930499979452], [-87.89847199957946, 43.08937099970688], [-87.8987279996725, 43.08944499982222], [-87.8988470003965, 43.08950299997422], [-87.89895500035153, 43.08957600014403], [-87.89902999979628, 43.089631999945674], [-87.8991439995991, 43.08970499996173], [-87.89925099972923, 43.08975200028553], [-87.89931199982858, 43.089798000134785], [-87.89934199996583, 43.08982999972434], [-87.89940999973788, 43.089928999701606], [-87.89949199975365, 43.08997299985885], [-87.89951699986801, 43.089990999824586], [-87.8995729999445, 43.09008100023001], [-87.89963300021896, 43.09014499975266], [-87.89967000002889, 43.090196999930605], [-87.89969799961797, 43.09026600017425], [-87.8996929995951, 43.090316999819485], [-87.89969699979306, 43.09034700024699], [-87.89970299964084, 43.09036700030514], [-87.899741000174, 43.090426000012286], [-87.89980499974808, 43.090544999682265], [-87.89980999977097, 43.090566000101695], [-87.89982099964162, 43.090592000017494], [-87.8998409997331, 43.09061899969126], [-87.89985499997681, 43.09066399977711], [-87.89984499993106, 43.090691000075154], [-87.89984699958087, 43.09072899976984], [-87.89986199964949, 43.09077699973029], [-87.899881999741, 43.09083499993301], [-87.89988099991608, 43.09091599990927], [-87.89991400042636, 43.09100300032325], [-87.89992699994683, 43.09103700011969], [-87.89995100023627, 43.091073000076534], [-87.89999100041925, 43.091111000190224], [-87.9000580003664, 43.091212000239715], [-87.90007599990975, 43.09129600030342], [-87.90007699973465, 43.09137200023051], [-87.90009199980327, 43.09141300008301], [-87.90011299971967, 43.0914519997412], [-87.90015299990264, 43.09152000012866], [-87.90016200012346, 43.09155400029413], [-87.90020399995626, 43.091597000186894], [-87.90026199968258, 43.091640000049516], [-87.90029699984268, 43.09171799970798], [-87.90033799985055, 43.09178799995606], [-87.900354999569, 43.09181199985402], [-87.9004049997977, 43.09184500010832], [-87.90042499988921, 43.091858000124134], [-87.90044300033085, 43.091856999719305], [-87.90045300037661, 43.09187600019192], [-87.90052799982136, 43.09195799985061], [-87.90058800009581, 43.09199100002628], [-87.90070799974642, 43.09203500001418], [-87.90082800029533, 43.09211799986052], [-87.90084699966359, 43.0921439997735], [-87.90084699966359, 43.09219699996548], [-87.90084300036395, 43.09223400029518], [-87.9008540002346, 43.09230899997287], [-87.90089100004452, 43.09269400024009], [-87.90089100004452, 43.09280199974915], [-87.90091500033397, 43.09284500007771], [-87.90091399961074, 43.092876000311094], [-87.90094999959575, 43.092926000019645], [-87.90097100041046, 43.09294899974066], [-87.90095499961862, 43.09297700007388], [-87.90092700002954, 43.09299299969629], [-87.90091600015889, 43.09303399977559], [-87.90092000035683, 43.093076000212335], [-87.9009320000524, 43.093139999885345], [-87.9009320000524, 43.093180999866235], [-87.90091500033397, 43.09323199970812], [-87.90089699989231, 43.093328999984784], [-87.90086699975508, 43.0934859998703], [-87.9008269995721, 43.09352899971861], [-87.90084500001377, 43.09361900017295], [-87.90083499996804, 43.09367899974636], [-87.90081300022672, 43.09375000009494], [-87.90078499973932, 43.09380500029917], [-87.9007129997693, 43.09385900008186], [-87.90068299963207, 43.09387599984568], [-87.90068799965493, 43.093893999976295], [-87.90070899957135, 43.093916000274604], [-87.9007050002717, 43.09393500010838], [-87.9006850001802, 43.093965000075606], [-87.90066500008872, 43.09397699992721], [-87.90064800037028, 43.094002999706916], [-87.90065699969279, 43.09402599967945], [-87.90064800037028, 43.09409100003998], [-87.90059999979138, 43.09419199976698], [-87.90060599963918, 43.09422399968466], [-87.90059599959342, 43.09426300017674], [-87.90057100037737, 43.09432800028572], [-87.90055600030878, 43.09433599992099], [-87.90052600017154, 43.09439600010386], [-87.90051799977563, 43.09447400018818], [-87.9005310001944, 43.09453799971216], [-87.90052500034662, 43.094597999697164], [-87.90052799982136, 43.0946729997597], [-87.9005510002859, 43.09479399976322], [-87.90057700022517, 43.094839999761476], [-87.90061200038527, 43.09495000013052], [-87.90062599973065, 43.09511200024271], [-87.90064499999723, 43.09520300003275], [-87.90068699983003, 43.095282000093974], [-87.90074299990651, 43.09536500013158], [-87.90077899989151, 43.09540100016828], [-87.90078499973932, 43.095458999927715], [-87.9008540002346, 43.095536000281236], [-87.90092700002954, 43.09561099985097], [-87.90096899986234, 43.0956609999504], [-87.90115899983313, 43.09579299978059], [-87.90136600042068, 43.09593599976752], [-87.90160599972187, 43.09606299994842], [-87.90181499995924, 43.096138999863584], [-87.90191299986854, 43.0961999999257], [-87.90214499967212, 43.096376000054825], [-87.9021840000302, 43.0964120001531], [-87.90233200016819, 43.09655199967809], [-87.90235800010747, 43.09658100000352], [-87.90249700002464, 43.09673899974844], [-87.90253100035982, 43.096777999950746], [-87.9026219996981, 43.096829999744514], [-87.90273899987396, 43.0968869997957], [-87.90285699987476, 43.09693199986766], [-87.90294700028643, 43.09696199967861], [-87.90311600034082, 43.09699099980987], [-87.90322299957263, 43.09702799986697], [-87.90337999993149, 43.09705899995072], [-87.90346000029741, 43.09708099976791], [-87.90349100025956, 43.09713200029761], [-87.90355499983366, 43.097191999708876], [-87.90364000022248, 43.09722000006998], [-87.90372600043621, 43.09721400013424], [-87.90379900023113, 43.09718599977038], [-87.90387200002606, 43.097173999891695], [-87.90399599987462, 43.097179999831354], [-87.9041149997003, 43.09720000028189], [-87.90417499997479, 43.097249000079046], [-87.90410399982964, 43.097309000031615], [-87.90412599957097, 43.09734900018598], [-87.90418900021847, 43.09736400031909], [-87.90431999973974, 43.09735799974155], [-87.90459099990136, 43.09731299998261], [-87.90474400006224, 43.09727699975813], [-87.90487700013163, 43.097285000319985], [-87.90500299963003, 43.09731400029832], [-87.90518099990526, 43.09739599989116], [-87.90531800017261, 43.097418999901265], [-87.90540799968598, 43.09746200026768], [-87.90551399999119, 43.097535000134144], [-87.90559900038001, 43.09755600012453], [-87.90565999958106, 43.09754499997427], [-87.90575099981764, 43.0975670002728], [-87.90634800039254, 43.097795999690646], [-87.90642899968508, 43.09786499990015], [-87.90655900027973, 43.09793799994207], [-87.90660399958726, 43.09799799987546], [-87.90663999957228, 43.09808599971512], [-87.90705399984905, 43.09854399971583], [-87.90709300020713, 43.09860600030048], [-87.9070920003822, 43.09870800008899], [-87.90707800013851, 43.099224000157605], [-87.90705700022211, 43.10031400011995], [-87.90704600035146, 43.100539000018784], [-87.90701700003913, 43.101731999770756], [-87.9069790004043, 43.102622999704224], [-87.9069869999019, 43.10277599977958], [-87.90710999992557, 43.10285900015349], [-87.9071059997276, 43.103041999750516], [-87.90710099970472, 43.10323499967906], [-87.90708599963611, 43.103813999749335], [-87.90708200033647, 43.10400800007397], [-87.90712400016926, 43.10400900028025], [-87.90733500005646, 43.104011000036984], [-87.90797100009108, 43.10401899971899], [-87.90818299980319, 43.104021999681414], [-87.90837899962177, 43.10402400009355], [-87.90885999984572, 43.104030000017865], [-87.90959499961454, 43.10452100013718], [-87.90989300043869, 43.10452400007501], [-87.91203099979805, 43.104551999706636], [-87.91325500018675, 43.10456800023993], [-87.91449000044608, 43.10458299991626], [-87.9156460001644, 43.10459800024482], [-87.9164200002913, 43.10460800024317], [-87.9169490001958, 43.10462899977527], [-87.91696000006647, 43.104133999705276], [-87.91686800000495, 43.10364599974238], [-87.91686999965478, 43.103559000236864], [-87.91687399985274, 43.10340799992708], [-87.91687499967765, 43.10334800004807], [-87.9166520000949, 43.10330000010257], [-87.91606499956575, 43.10317299984651], [-87.91558300041521, 43.10298899976219], [-87.91483000020472, 43.102702000030966], [-87.91480000006749, 43.10267799980962], [-87.9144000000344, 43.10235300025896], [-87.91398699958253, 43.10201700029209], [-87.91386899958175, 43.10192100024394], [-87.91350799990673, 43.10173300001427], [-87.91341800039336, 43.101686999946914], [-87.91329600019462, 43.101624000269126], [-87.91326699988231, 43.10160899986778], [-87.91306500021594, 43.101504999826325], [-87.91304000010159, 43.10149100029916], [-87.91284900030587, 43.10139300024002], [-87.91282699966625, 43.101380999873975], [-87.91280499992493, 43.10136999975498], [-87.91279200040448, 43.10136799991202], [-87.91233200009694, 43.10128399988955], [-87.91204599986668, 43.10123199994282], [-87.91191000032254, 43.10120799980117], [-87.91180599966714, 43.10118900025625], [-87.911626999567, 43.101157000042804], [-87.9115129997642, 43.101135999975604], [-87.91111399955602, 43.101064000065364], [-87.91088799960022, 43.10102300011509], [-87.91063900007819, 43.10097799977013], [-87.91007300036377, 43.10087500022613], [-87.90994000029436, 43.10085200020241], [-87.90977299988977, 43.10074399980434], [-87.90953199986535, 43.1005879997676], [-87.90876600013438, 43.10009200020524], [-87.90860700012573, 43.099952999863646], [-87.90818700000115, 43.09958800030037], [-87.90815299966597, 43.09956499979318], [-87.90798500033479, 43.09933899996803], [-87.90782999962579, 43.09913000023764], [-87.90770099975435, 43.098954999785995], [-87.90770400012741, 43.09880099970947], [-87.90770999997518, 43.09850499998237], [-87.9077180003711, 43.098111999718064], [-87.90772699969362, 43.09753799975838], [-87.90775000015816, 43.09651000031336], [-87.90780100021176, 43.09391099973044], [-87.9078100004326, 43.092500999883846], [-87.90781700010531, 43.091499000036386], [-87.90786300013606, 43.09079200016124], [-87.90788300022754, 43.08974600027412], [-87.90924900000813, 43.08975600007414], [-87.90958999959167, 43.08976899987733], [-87.91055299986446, 43.08976400030657], [-87.91425500026945, 43.08978900012421], [-87.91488700010613, 43.089798000134785], [-87.91590200025743, 43.0898019999204], [-87.91655900020848, 43.08980400014109], [-87.916539000117, 43.091103000133735], [-87.91651700037568, 43.09189500000258], [-87.91700199989927, 43.092407000139346], [-87.91699799970131, 43.09260500013101], [-87.91699600005148, 43.092697999836574], [-87.91699400040166, 43.092879000163556], [-87.91711300022735, 43.09300499973835], [-87.91757900038267, 43.0934959997157], [-87.91770599970596, 43.09362400008497], [-87.9177430004142, 43.09366199992786], [-87.91778000022411, 43.09369999974718], [-87.91781799985894, 43.09373899991698], [-87.91785600039209, 43.09377599997102], [-87.91789400002693, 43.09381399971961], [-87.91793199966177, 43.09385200010054], [-87.91797100001983, 43.09388900008632], [-87.91801000037789, 43.09392699976478], [-87.91804899983764, 43.093963999705245], [-87.91808900002061, 43.09400100027934], [-87.91812800037866, 43.09403800017509], [-87.91816799966331, 43.094075000048484], [-87.91821399969407, 43.09411300026748], [-87.91824899985417, 43.094148000016794], [-87.91828999986205, 43.094184999823725], [-87.91833000004502, 43.09422099989807], [-87.91837199987782, 43.09425699995132], [-87.9184120000608, 43.09429299998334], [-87.91845399989359, 43.094328999994204], [-87.91849599972637, 43.0943649999839], [-87.91853799955918, 43.09440000024518], [-87.91858000029028, 43.09443600019315], [-87.91862499959781, 43.09447200011995], [-87.91866700032892, 43.09450599995851], [-87.9187080003368, 43.0945410001392], [-87.9187509999945, 43.094576000299845], [-87.91879600020035, 43.09461099978455], [-87.91883899985805, 43.094645999905225], [-87.91888099969084, 43.094680000303114], [-87.91892900026976, 43.094711000263615], [-87.9190110002855, 43.09477100007912], [-87.91904399989747, 43.09479500012008], [-87.91707899989215, 43.094780000013586], [-87.91707600041744, 43.094911000075946], [-87.91707300004437, 43.095009999711856], [-87.91706899984642, 43.09525299980934], [-87.91976799979565, 43.095275000275365], [-87.91969400017581, 43.09522899994788], [-87.91957000032724, 43.09515199986432], [-87.91947999991557, 43.09509300011812], [-87.91938500037931, 43.09503299996217], [-87.91923999971604, 43.09493300000886], [-87.9191800003399, 43.09489199988899], [-87.91908099970739, 43.09482300026527], [-87.91929400014273, 43.094821999908866], [-87.91935600006701, 43.09482500032199], [-87.91926200035567, 43.094760000084555], [-87.91914199980675, 43.0946729997597], [-87.91906499981387, 43.09461699997534], [-87.91899299984384, 43.09456599997486], [-87.91899000036909, 43.09452100013212], [-87.92183699955802, 43.09454199984421], [-87.92192799979463, 43.09454300020513], [-87.9219539997339, 43.09454399991011], [-87.92207099990976, 43.094545000271], [-87.92506100011214, 43.09456800003998], [-87.92505799973908, 43.09470599978436], [-87.92508799987633, 43.09470599978436], [-87.92508600022649, 43.095172000321305], [-87.92554999983368, 43.09517599975591], [-87.92661600003862, 43.09704300007872], [-87.92664700000076, 43.09711199982488], [-87.92590200018618, 43.097115000125754], [-87.92541299956633, 43.097117000107666], [-87.9269459997515, 43.09760500029275], [-87.9270360001632, 43.09775799978922], [-87.92705399970654, 43.09778999981134], [-87.92706799995024, 43.09781500028841], [-87.92723000033195, 43.09808899996832], [-87.92859100008967, 43.10041899982584], [-87.92853900021113, 43.100418000216784], [-87.92814000000297, 43.10040500005036], [-87.92582299964516, 43.100332999936406], [-87.92505100006639, 43.10030999970907], [-87.92504600004352, 43.10053299975234], [-87.92503299962472, 43.10120100000401], [-87.92502900032508, 43.1014249996742], [-87.92503400034796, 43.1015540001138], [-87.9250090002336, 43.10208599968031], [-87.92509200007429, 43.10215299982931], [-87.92536099968778, 43.10228599967293], [-87.92555400003164, 43.10240799995102], [-87.92576900011679, 43.102570000009116], [-87.92586399965303, 43.10269400017687], [-87.92590200018618, 43.10277800023244], [-87.92597199960807, 43.10296599987677], [-87.92603400043066, 43.103127000205234], [-87.92606299984466, 43.10339700017227], [-87.92607299989042, 43.10357599993133], [-87.9260720000655, 43.103851999827555], [-87.92608700013412, 43.104115999961245], [-87.92613200033995, 43.10426299968385], [-87.92613200033995, 43.1044899998961], [-87.92614700040856, 43.10453400008545], [-87.92614700040856, 43.104930999901825], [-87.92613200033995, 43.10501900027085], [-87.92614700040856, 43.10512900006228], [-87.92617699964748, 43.10521700014667], [-87.92622299967823, 43.10528299996294], [-87.92622199985331, 43.10530500010452], [-87.9262970001964, 43.10543700013204], [-87.9262970001964, 43.10545900021829], [-87.92644699998422, 43.10567300022716], [-87.92649899986274, 43.105722999980436], [-87.92667899978781, 43.1058549997625], [-87.92688800002519, 43.10597599996851], [-87.92694900012455, 43.10601999974566], [-87.92727800001252, 43.106211999953196], [-87.92763700003773, 43.106377000285754], [-87.92790999984919, 43.10647100022865], [-87.9279319995905, 43.10647999975516], [-87.92795400023013, 43.10648600009457], [-87.92800399956053, 43.10650300028794], [-87.92811599971353, 43.10654200017357], [-87.92823700008735, 43.10656399986268], [-87.92847599956363, 43.10664100002399], [-87.92896500018348, 43.106715000258035], [-87.92901500041219, 43.10672300024255], [-87.92919399961404, 43.10676099982671], [-87.92976299970151, 43.106837999740165], [-87.93003300003826, 43.106859999978745], [-87.93018299982609, 43.106892999993846], [-87.93043700026931, 43.10698699980023], [-87.9305710001636, 43.10706299992883], [-87.93073600002005, 43.10719500010058], [-87.93084899999795, 43.10734900005047], [-87.93087199956416, 43.107419000138115], [-87.93097000037177, 43.10772400005418], [-87.9309519999301, 43.10799299993591], [-87.93079799994432, 43.10824000021247], [-87.93049900019358, 43.10853100008786], [-87.93038500039076, 43.10861299974207], [-87.93007499987105, 43.10883500023802], [-87.92980799990735, 43.109026000017394], [-87.92967599966288, 43.10912099995008], [-87.92937799973704, 43.10933599973656], [-87.92934299957695, 43.10936100008977], [-87.92925399988847, 43.10941200022777], [-87.92913699971263, 43.10947800011179], [-87.92890200043429, 43.10963800025065], [-87.92835799956285, 43.11004500017793], [-87.92830700040756, 43.110089000309316], [-87.92808399992647, 43.110231000249165], [-87.92784399972696, 43.11029499969871], [-87.92758099996124, 43.11051499979635], [-87.92732400004327, 43.110625000204436], [-87.92708200019395, 43.11067599994499], [-87.9267769996971, 43.110740000240796], [-87.92666600026735, 43.110720000278505], [-87.92598900022483, 43.11066199989183], [-87.92586600020117, 43.11059100013517], [-87.9256009998873, 43.11063200023564], [-87.92536999990863, 43.11078199968131], [-87.925058999564, 43.110933000164124], [-87.92482400028568, 43.11102099977426], [-87.92455599959877, 43.111087999981315], [-87.92421500001521, 43.1111669998767], [-87.92401599982358, 43.111310000025746], [-87.92394800005152, 43.11136999997043], [-87.92385599999002, 43.11152700015941], [-87.92396899996793, 43.11168600010742], [-87.92408199994583, 43.112000999848775], [-87.92411999958065, 43.112568000150354], [-87.92413499964928, 43.11292000023224], [-87.92416999980938, 43.113023999898836], [-87.92420300031965, 43.113130000159], [-87.92420499996948, 43.11321699983323], [-87.9242200000381, 43.11330500009395], [-87.92415999976363, 43.11367900028225], [-87.9241299996264, 43.11374500015538], [-87.9241000003875, 43.113943000003424], [-87.92407000025025, 43.11400900024759], [-87.92406600005229, 43.11404499981421], [-87.92402500004442, 43.114119000277775], [-87.92400999997581, 43.114338999744945], [-87.92395100042458, 43.11451500019198], [-87.92389100015012, 43.1147800002716], [-87.9237709996012, 43.11497800004976], [-87.92374100036228, 43.115065999745504], [-87.92370100017932, 43.11512399989311], [-87.92368100008784, 43.11515399997051], [-87.9236519997755, 43.11524200006892], [-87.92351700005631, 43.115444999761145], [-87.92347199985045, 43.11548899994487], [-87.92342900019277, 43.11554400029387], [-87.92331500038993, 43.11569300014462], [-87.92323300037417, 43.115769999969274], [-87.92313499956657, 43.11591299985501], [-87.92308299968803, 43.11595200030241], [-87.92294799996883, 43.11608400032063], [-87.92271600016524, 43.11641899979401], [-87.92243099975987, 43.11672800010167], [-87.92230400043658, 43.116831999854256], [-87.92212500033644, 43.1170079996886], [-87.92204999999336, 43.11711300026895], [-87.92200499978752, 43.11720100017319], [-87.92200499978752, 43.11722299996552], [-87.92191600009906, 43.1174270002862], [-87.92172899960299, 43.11769600014514], [-87.92170600003678, 43.11771299984785], [-87.92160399992954, 43.11784799994228], [-87.92148900030179, 43.11800399992818], [-87.92121899996506, 43.118268999980344], [-87.92104800026084, 43.11841699978223], [-87.92097299991775, 43.11852199991192], [-87.92095000035154, 43.11857700015776], [-87.92083499982552, 43.118703999928506], [-87.9209889998113, 43.1187049998947], [-87.9214530003168, 43.11870899975922], [-87.9216080001275, 43.11871099969138], [-87.92187099989322, 43.11871200031313], [-87.92213500038218, 43.118715000211175], [-87.92266000008873, 43.11872599983618], [-87.92292299985446, 43.11873200028652], [-87.92316300005398, 43.11873700011495], [-87.9238829997542, 43.11875300021878], [-87.92412399977862, 43.118759000010755], [-87.92435599958222, 43.11876199990649], [-87.92505199989131, 43.11877100024864], [-87.92528500041813, 43.118774000143794], [-87.92551700022172, 43.11877700003885], [-87.9262129996325, 43.118785999723066], [-87.92644600015932, 43.1187890002732], [-87.92669899987929, 43.11879300013223], [-87.92745799993757, 43.11880700029248], [-87.92757699976328, 43.118809000221425], [-87.9277120003808, 43.11881200011476], [-87.92776699973406, 43.11667100016226], [-87.92770900000775, 43.11663200017317], [-87.92756000004483, 43.116532000087496], [-87.92730200030198, 43.116359000209066], [-87.92730200030198, 43.11618699984894], [-87.92732099967023, 43.11562699974937], [-87.9273259996931, 43.11517299977146], [-87.92853800038623, 43.11519100019868], [-87.93035000023066, 43.11522000022014], [-87.9319510001879, 43.11524500013713], [-87.93308900036287, 43.1152629998874], [-87.93325099984625, 43.11526599995459], [-87.93339200031157, 43.115988000037554], [-87.9335069999393, 43.11657700014624], [-87.93374299994086, 43.11776000031283], [-87.93373799991798, 43.117930000228256], [-87.93390799979728, 43.118355000245515], [-87.93400999990455, 43.11859400027144], [-87.93414499962375, 43.11892699984849], [-87.93416800008828, 43.11892699984849], [-87.93430600018054, 43.11892899977352], [-87.93472299993208, 43.118937000128724], [-87.93486199984925, 43.11894000001579], [-87.93497999985001, 43.1189419999404], [-87.93500499996438, 43.11894299990265], [-87.93533499967727, 43.118947999713825], [-87.93545400040126, 43.118951000256025], [-87.93557999989963, 43.11895300018027], [-87.93596099966616, 43.118958999952625], [-87.93602199976553, 43.11896099987661], [-87.93608899971268, 43.118961999838604], [-87.93621900030733, 43.1189639997625], [-87.9366119997694, 43.1189700001895], [-87.93674300018897, 43.11897300007489], [-87.93680000009039, 43.11897400003669], [-87.9369709997946, 43.118976999921934], [-87.937027999696, 43.11897799988362], [-87.93714200039715, 43.11897899984533], [-87.93715699956745, 43.11897999980698], [-87.93748600035373, 43.118985000270804], [-87.93760099998146, 43.11898800015552], [-87.93995699979901, 43.119027999915325], [-87.94004999968544, 43.11902899987622], [-87.94005100040866, 43.11896299980053], [-87.9400470002107, 43.11886500017286], [-87.94003700016496, 43.11857300028461], [-87.94007099960183, 43.11837499967991], [-87.9399989996318, 43.117981999760914], [-87.93998600011133, 43.11790999999272], [-87.93998299973829, 43.117877999995656], [-87.94009900008923, 43.11774599991297], [-87.93994900030141, 43.1175390000445], [-87.93993599988261, 43.11741099983562], [-87.94005100040866, 43.117019000276166], [-87.93958500025333, 43.1165270000789], [-87.93957400038269, 43.116513000052734], [-87.93849700030708, 43.11538099979522], [-87.93886999967766, 43.115386999917824], [-87.93902799986142, 43.115560999938694], [-87.93914800041034, 43.11551499977024], [-87.93939199990947, 43.11542299998535], [-87.93946499970443, 43.115378999754235], [-87.93984899984399, 43.11538299983616], [-87.94100100026263, 43.11539700012085], [-87.94138600022711, 43.11540200022178], [-87.94164499979489, 43.115406000302194], [-87.94242599959448, 43.11542099994573], [-87.94268599988547, 43.11542600004464], [-87.94280499971117, 43.1154280000841], [-87.94316200008653, 43.11543400020214], [-87.94328199973714, 43.115436000241345], [-87.94340399993588, 43.1154370002609], [-87.94343700044614, 43.11444000017143], [-87.94348599995165, 43.11361000018975], [-87.94351299971582, 43.11361000018975], [-87.94357200016536, 43.11361000018975], [-87.94358700023399, 43.113068999914155], [-87.9435899997087, 43.11297400020727], [-87.94396399980252, 43.11298400014887], [-87.94397399984827, 43.112627000107835], [-87.94397800004623, 43.112509000135944], [-87.94397999969607, 43.112407999801526], [-87.94398200024419, 43.112358000262496], [-87.94454399976067, 43.11236800030475], [-87.94506900036554, 43.11231599993619], [-87.94518200034344, 43.112293999691275], [-87.94529500032135, 43.112272000094265], [-87.94578300021797, 43.112256000263116], [-87.94575200025584, 43.11334799979527], [-87.94556899995771, 43.11334599968784], [-87.9454750002464, 43.113343000182354], [-87.94515200020622, 43.1133379999132], [-87.94480300022674, 43.1133249998673], [-87.94474499960212, 43.11332299975911], [-87.94469600009663, 43.113321999704965], [-87.94467699983005, 43.113321000306634], [-87.94455600035454, 43.11332699997543], [-87.94455700017946, 43.1132149997215], [-87.94409100002414, 43.1132069999297], [-87.9440039999855, 43.11320499981765], [-87.94395799995475, 43.11320499981765], [-87.94395200010698, 43.113393000228186], [-87.94394600025917, 43.11362200012591], [-87.94392399961954, 43.11436500005897], [-87.94392199996973, 43.11444799980205], [-87.94389299965741, 43.115459000031706], [-87.94413200003201, 43.115465000146656], [-87.94484900025749, 43.11548499986987], [-87.94508899955869, 43.11549200000092], [-87.94516200025195, 43.11549300001961], [-87.94538099963675, 43.11549600007547], [-87.94545400033, 43.11549800011264], [-87.94553999964542, 43.11549900013122], [-87.94579800028657, 43.115504000223766], [-87.94588500032523, 43.11550600026068], [-87.94597999986146, 43.11550700027914], [-87.94603000009019, 43.115508000297524], [-87.9460169996714, 43.11585399978674], [-87.94597999986146, 43.11713800006832], [-87.94566199984415, 43.117132000117415], [-87.94565500017146, 43.11739600002414], [-87.9451100003734, 43.117387000135516], [-87.94504099987813, 43.117385000160084], [-87.94503800040339, 43.11749799998113], [-87.94503300038052, 43.117638999796], [-87.94501999996173, 43.11806499984392], [-87.94501599976377, 43.118207000293715], [-87.94477499973937, 43.11820900024228], [-87.9440530003893, 43.11821500008759], [-87.94381300018979, 43.11821800001], [-87.94380899999183, 43.11833800006547], [-87.94380499979387, 43.11845599994512], [-87.94380399996895, 43.11848299979114], [-87.94380300014406, 43.118546999791356], [-87.94395600030492, 43.118545999822636], [-87.9446940004468, 43.118556000165135], [-87.94466500013448, 43.11887699973424], [-87.9446099998829, 43.11910700005267], [-87.94464900024097, 43.11910800001228], [-87.9446860000509, 43.11910800001228], [-87.94491399965652, 43.119110999890914], [-87.94499099964942, 43.11911299980993], [-87.94504800044915, 43.11911299980993], [-87.9452219996281, 43.11911599968836], [-87.94528000025272, 43.11911800026294], [-87.94541099977398, 43.119120000181724], [-87.94543500006343, 43.119120000181724], [-87.94542800039072, 43.11935100019809], [-87.94541999999481, 43.11964700011093], [-87.94556899995771, 43.119650999913866], [-87.9455670003079, 43.11972600010473], [-87.94552799994985, 43.12087899983557], [-87.94620900019032, 43.12089200024378], [-87.94620499999236, 43.12100400021662], [-87.94620400016747, 43.12102899973766], [-87.9462009997944, 43.12110300027949], [-87.9462009997944, 43.1211289996866], [-87.94617499985513, 43.122055000065316], [-87.9461730002053, 43.122097000264326], [-87.94616399998449, 43.122160999762734], [-87.94615599958856, 43.12221300028946], [-87.94613800004521, 43.122751999917426], [-87.94613399984725, 43.12295199992052], [-87.94612200015169, 43.123549000279944], [-87.94611799995373, 43.123747999760795], [-87.94611399975577, 43.123912000144514], [-87.94610500043326, 43.12440300009616], [-87.94610299988511, 43.124567999905615], [-87.9460800003189, 43.12536399970009], [-87.94601099982361, 43.12772800029966], [-87.94600099977785, 43.128232999751305], [-87.94602699971713, 43.12829099987453], [-87.94630100025182, 43.12891000010347], [-87.94671100033067, 43.12986099990377], [-87.94692700024073, 43.130325999887575], [-87.94711700021152, 43.13078600011518], [-87.947538000161, 43.131804999814086], [-87.94774200037551, 43.13229800014563], [-87.94787799991963, 43.132595000090696], [-87.94828600034863, 43.13348599979426], [-87.94842199989274, 43.13378400024527], [-87.94905600027755, 43.13525700031744], [-87.94984700012289, 43.137090999971974], [-87.95095099996267, 43.13968199973907], [-87.95114599995634, 43.1401390002286], [-87.95158500034749, 43.141156000233686], [-87.95170699964791, 43.14143799994828], [-87.95207599971886, 43.142283999808924], [-87.95219899974249, 43.14256600021985], [-87.95227999993335, 43.14275400020811], [-87.95252599998064, 43.1433190002007], [-87.9526079999964, 43.14350800005595], [-87.95279399976926, 43.14394499988713], [-87.9533519999861, 43.1452590002082], [-87.95353799975892, 43.14569700015615], [-87.9537820001564, 43.14625499993446], [-87.95451500027539, 43.147929000167565], [-87.95461999985739, 43.14816900013633], [-87.95475799994965, 43.148488000023434], [-87.95393600014218, 43.14847699985163], [-87.95146999982146, 43.14844699973054], [-87.95064800001396, 43.14843699968687], [-87.950607999831, 43.14843600020676], [-87.94960500027356, 43.148422999754146], [-87.94647600015401, 43.148383999690445], [-87.9454330004136, 43.14837099988218], [-87.94540199955316, 43.14942099994197], [-87.94531200003978, 43.15256999996182], [-87.94528299972748, 43.15362100002521], [-87.94525400031345, 43.15463499976797], [-87.94523900024485, 43.15518500032262], [-87.94522400017624, 43.15567800022519], [-87.94516700027482, 43.15767700027358], [-87.94513899978742, 43.15869200017727], [-87.94542900021564, 43.15891499977833], [-87.94630000042692, 43.159584000251016], [-87.9464820000018, 43.15972400007938], [-87.94659099978175, 43.15980799982239], [-87.94690799997414, 43.16005100016057], [-87.94709799994494, 43.16019699988819], [-87.94743100003089, 43.16045199991311], [-87.94995099987997, 43.162387999711925], [-87.9507910001291, 43.16303399992164], [-87.95090699958175, 43.16303399992164], [-87.95168300025678, 43.16303999995645], [-87.95175699987662, 43.163040999853024], [-87.95740199964729, 43.16308300007974], [-87.95744000018044, 43.16308300007974], [-87.95751799999825, 43.16308300007974], [-87.95754599958734, 43.16308300007974], [-87.95765799974033, 43.16308300007974], [-87.95804799972767, 43.16308599976722], [-87.95811600039805, 43.16308700031824], [-87.95814300016222, 43.162262000132685], [-87.95869299998314, 43.16226900015249], [-87.95979799964782, 43.16227399969816], [-87.9603099998339, 43.16227799998964], [-87.95993200044045, 43.16140800021224], [-87.95974900014235, 43.16098499975561], [-87.95806699999424, 43.15710699999788], [-87.95750700012759, 43.15581499978435], [-87.9575840001205, 43.1558129997547], [-87.95781400027425, 43.155809999710144], [-87.95789200009207, 43.155808999695275], [-87.95810600035232, 43.155809999710144], [-87.95874999988455, 43.15581499978435], [-87.9589649999697, 43.15581699981388], [-87.95945899971412, 43.15582099987283], [-87.96094099984569, 43.155833000047984], [-87.96143600031331, 43.15583700010585], [-87.96166499974385, 43.155839000134705], [-87.96218799980058, 43.15584300019218], [-87.96444499988394, 43.15586099979228], [-87.96519800009446, 43.15586799989018], [-87.96520599959204, 43.155647999706716], [-87.96523300025454, 43.1549880003021], [-87.96523999992725, 43.15481299968144], [-87.96524099975214, 43.154768000227214], [-87.96525900019381, 43.154280999776205], [-87.96531699992013, 43.152822000168364], [-87.9653360001867, 43.15233600000992], [-87.96534600023246, 43.152058999830246], [-87.96537800001951, 43.15123099989233], [-87.96538700024034, 43.15102099967766], [-87.96538999971506, 43.150955000041684], [-87.96540800015673, 43.150479999923604], [-87.9654630004083, 43.14905800007938], [-87.96548000012675, 43.14862700023624], [-87.96548199977657, 43.14858399977036], [-87.9658430003499, 43.14858300029265], [-87.96616300001705, 43.14858200015948], [-87.96692899974803, 43.14858200015948], [-87.96729199997118, 43.14858200015948], [-87.9678280004467, 43.14858100002633], [-87.96943899955137, 43.148578999759984], [-87.9699759998518, 43.148578999759984], [-87.97044200000713, 43.14857800028215], [-87.97183999957478, 43.14857700014894], [-87.97230699955502, 43.14857700014894], [-87.97528900025978, 43.14859300031238], [-87.97529400028264, 43.148808999815344], [-87.97532100004683, 43.149001000116364], [-87.97535200000897, 43.14908299993143], [-87.97547000000975, 43.14932000024903], [-87.975495999949, 43.14939899993224], [-87.9755160000405, 43.14949599967734], [-87.97552000023846, 43.14958199995101], [-87.97545800031418, 43.150850999974125], [-87.97538899981888, 43.1526520002315], [-87.9753610002298, 43.153292000154195], [-87.9752769996659, 43.15521499975772], [-87.97524999990172, 43.155855999721844], [-87.97523099963514, 43.15586899990408], [-87.97517299990882, 43.15590799977886], [-87.97515500036549, 43.15592199996307], [-87.97512900042621, 43.15654599967372], [-87.97505300025821, 43.158417999891064], [-87.97502800014387, 43.15904300028657], [-87.97499899983156, 43.15973199968541], [-87.97491400034106, 43.16179799983691], [-87.97488599985365, 43.162488000181106], [-87.97488000000587, 43.16261599975649], [-87.97488000000587, 43.16263499988562], [-87.97486499993725, 43.16300299984141], [-87.97485999991437, 43.16313200019859], [-87.97547099983466, 43.163128999858124], [-87.97730399959549, 43.1631210000416], [-87.97791600023899, 43.163119000251086], [-87.97805599998108, 43.16311799970059], [-87.97818200037777, 43.16311799970059], [-87.97847600010564, 43.16311699980532], [-87.97861699967264, 43.16311699980532], [-87.97886500026809, 43.163115000014734], [-87.97960800043282, 43.163111999673426], [-87.97985699995486, 43.16311099977806], [-87.98039699973002, 43.16310800009181], [-87.98201799977875, 43.16310100016809], [-87.98255900027713, 43.16310000027255], [-87.98259000023927, 43.163098999721726], [-87.98268399995061, 43.163098999721726], [-87.98271599973766, 43.163098999721726], [-87.98299799976998, 43.1630979998261], [-87.98313900023527, 43.163096999930495], [-87.98440899975641, 43.163090999901236], [-87.98483300007894, 43.163090000005525], [-87.9857179996356, 43.163098999721726], [-87.98837499975205, 43.163128999858124], [-87.98926100003195, 43.163139000118754], [-87.9897589999743, 43.16314400024844], [-87.99125399962634, 43.16316099976897], [-87.99175300029194, 43.16316699979137], [-87.99199199976822, 43.163169000235506], [-87.99270899999371, 43.16317700004574], [-87.99294900019322, 43.1631799997286], [-87.99333699963243, 43.16318100027809], [-87.99450199957158, 43.16318700029853], [-87.99475799966461, 43.16318800019264], [-87.9947280004257, 43.16478899973482], [-87.9946520002577, 43.16862399989413], [-87.99462899979318, 43.16980500012568], [-87.99462600031846, 43.16996199971172], [-87.99462899979318, 43.17035000020831], [-87.9946150004478, 43.17048599985299], [-87.99458699996039, 43.17194300010143], [-87.99451300034053, 43.175884999789616], [-87.99450900014259, 43.1761089998598], [-87.99450499994462, 43.176295000159335], [-87.99447999983026, 43.177679999897734], [-87.9944759996323, 43.177869999923054], [-87.99446499976165, 43.178374999874606], [-87.99442399975376, 43.180352000110915], [-87.99440799986023, 43.181107000120704], [-87.99435400033187, 43.183725000021184], [-87.99425499969936, 43.18844799974544], [-87.9942499996765, 43.18871499999089], [-87.99417100003376, 43.19255000014826], [-87.99428800020964, 43.19255000014826], [-88.00381399958714, 43.19258100029464], [-88.0038749996865, 43.19258100029464], [-88.00587700040005, 43.19257199968337], [-88.01188200002085, 43.19254499980624], [-88.012393000382, 43.19254300032427], [-88.01367700014683, 43.192536999913166], [-88.01388499966097, 43.192536999913166], [-88.01585399986426, 43.19252599981283], [-88.0217639999488, 43.19249599970771], [-88.02372399993125, 43.19248699973878], [-88.02657699986628, 43.192466000242774], [-88.02891000011762, 43.19244899970988], [-88.03088299962052, 43.19243600010816], [-88.03375900002008, 43.192416000010276], [-88.03510600043242, 43.19240299974663], [-88.03753199967186, 43.192381000150604], [-88.03795199979643, 43.19237300023599], [-88.0379989996521, 43.192371000093445], [-88.03814099994233, 43.19236799987946], [-88.03819100017103, 43.192370000022144], [-88.03825499974513, 43.192366999808115], [-88.04372600033685, 43.192288000014244], [-88.05368199988467, 43.192164000048656], [-88.0567609997755, 43.19214499993657], [-88.05681299965404, 43.19214499993657], [-88.0632580003892, 43.19211699979515], [-88.06335299992544, 43.19211699979515], [-88.06337999968963, 43.19079799997843], [-88.06340300015415, 43.19002499995462], [-88.0635119999341, 43.18699100031238], [-88.06347500012416, 43.18591099998811], [-88.06346699972825, 43.185823000056146], [-88.06348799964465, 43.18426200000888], [-88.06350799973613, 43.183972999929225], [-88.0636180002393, 43.17901599988158], [-88.06362099971403, 43.178929000128136], [-88.06365000002636, 43.17775099973507], [-88.0636679995697, 43.17704399992457], [-88.06367199976766, 43.176843999968824], [-88.06382599975345, 43.175453999834815], [-88.06402400012017, 43.17409999975767], [-88.06409500026528, 43.173677000052514], [-88.06412200002946, 43.17310699968142], [-88.06414100029603, 43.17229199993179], [-88.06425699974868, 43.168524000296564], [-88.06426000012172, 43.16741800021074], [-88.06427600001525, 43.16248999999222], [-88.06429799975655, 43.161717999881645], [-88.06429199990878, 43.16135999994528], [-88.06429500028183, 43.16102999987368], [-88.06431600019822, 43.16041199972264], [-88.06431399965008, 43.16025699971997], [-88.06431700002312, 43.15966600028302], [-88.06429600010674, 43.1586219997762], [-88.06429600010674, 43.158559999709674], [-88.06429600010674, 43.15848200004398], [-88.06427400036543, 43.15837199984214], [-88.06417999975578, 43.157512000016276], [-88.06422900015959, 43.15674899991145], [-88.06423599983228, 43.156554999698564], [-88.06442199960512, 43.151243000313436], [-88.06449600012327, 43.14868000002197], [-88.06440300023687, 43.147993000164], [-88.06463699969028, 43.142054000109866], [-88.0647160002313, 43.14183200018384], [-88.06471899970603, 43.14154599998265], [-88.06472899975178, 43.14132499977485], [-88.06479800024707, 43.140297999894834], [-88.06486799966895, 43.13921500018102], [-88.06490399965396, 43.138541999719166], [-88.06495499970758, 43.13743600032498], [-88.06497599962398, 43.13686800005524], [-88.06503199970047, 43.13570700000786], [-88.06504000009639, 43.13537100025506], [-88.06505699981483, 43.134705999699065], [-88.06505699981483, 43.13469199989945], [-88.06506000018788, 43.13457300016233], [-88.06508500030223, 43.13354400018061], [-88.0651389998306, 43.131367999749465], [-88.06514100037873, 43.13128799995007], [-88.06512200011217, 43.12947399973429], [-88.0651530000743, 43.12858699980492], [-88.06523300044026, 43.1263419998704], [-88.06523400026515, 43.126324999942646], [-88.0652519998085, 43.125871999857644], [-88.06526000020443, 43.12566499994391], [-88.06527000025017, 43.12541100018861], [-88.06562099987946, 43.12541600012685], [-88.07005700022836, 43.125474000298524], [-88.07021100021416, 43.12547600000955], [-88.07023499960528, 43.12547699986506], [-88.0702360003285, 43.1254269998584], [-88.07023799997833, 43.12536299984272], [-88.07023999962816, 43.125301000132495], [-88.07026200026779, 43.124567999905615], [-88.07026800011556, 43.12439100030723], [-88.07027499978825, 43.1242549996937], [-88.07028200035926, 43.124135000096906], [-88.07027700033638, 43.12363600022157], [-88.07027700033638, 43.12357699973205], [-88.07027499978825, 43.12338000013018], [-88.07027499978825, 43.12332399972151], [-88.0702999999026, 43.122770000082184], [-88.07033500006271, 43.12276400002785], [-88.07074099994357, 43.12239100019419], [-88.07100899973217, 43.12153599991041]]], [[[-88.0664760001972, 43.19475400032588], [-88.06712899995027, 43.19475000019675], [-88.06442599980308, 43.19224199992965], [-88.06429299973368, 43.19211799987059], [-88.06358899992698, 43.19211599971969], [-88.06335299992544, 43.19211699979515], [-88.06335399975035, 43.192685000058184], [-88.0633570001234, 43.19332599979521], [-88.06337600038998, 43.19439099998623], [-88.06338300006266, 43.19476600005668], [-88.06350699991121, 43.19477200024862], [-88.0664760001972, 43.19475400032588]]]]}, "properties": {"id": "covered-us-wi-milwaukee", "status": "covered", "jurisdiction": "Milwaukee", "country_id": "us", "state_id": "wi", "area_type": "city", "note": "Covered by public tree inventory for Milwaukee; geometry from official jurisdiction boundary."}}, {"type": "Feature", "geometry": {"type": "Polygon", "coordinates": [[[-87.95196899958873, 42.844538999709656], [-87.95197199996177, 42.84443199992445], [-87.95190400018973, 42.84354599975338], [-87.95184200026543, 42.84354499991254], [-87.95173699978513, 42.8435430002308], [-87.95139100017873, 42.84353799970884], [-87.9512420002158, 42.84353799970884], [-87.95121899975128, 42.84353699986787], [-87.95117299972053, 42.84353699986787], [-87.95103399980334, 42.843535000185874], [-87.95090099973396, 42.84353399968618], [-87.95073300040278, 42.843530000321884], [-87.94837500003709, 42.8434739999737], [-87.94530199999404, 42.843381999950154], [-87.94255000034136, 42.843301000059405], [-87.93608600023794, 42.84310800007068], [-87.93306599989832, 42.84301899970894], [-87.9330140000198, 42.84301899970894], [-87.93288199977532, 42.84301700001017], [-87.93277499964519, 42.84301700001017], [-87.93205800031802, 42.84301700001017], [-87.93181999976832, 42.84301700001017], [-87.93178899980619, 42.843016000160766], [-87.93174399960036, 42.843016000160766], [-87.93169900029282, 42.843016000160766], [-87.9316690001556, 42.843016000160766], [-87.93163200034567, 42.843016000160766], [-87.931577999919, 42.84301700001017], [-87.9315219998425, 42.84301700001017], [-87.9314859998575, 42.84301700001017], [-87.93053099998063, 42.84301700001017], [-87.92766700017495, 42.84301700001017], [-87.92671300012299, 42.84301700001017], [-87.92658099987852, 42.84301700001017], [-87.92652099960407, 42.84301399980323], [-87.92594700039203, 42.8429950000261], [-87.92575599969801, 42.842989000268574], [-87.92368100008784, 42.84291699983976], [-87.92341999997193, 42.84291100007469], [-87.91640900042066, 42.84276999982895], [-87.91407299979625, 42.842723000114624], [-87.9137809997182, 42.842715999817734], [-87.91333200017964, 42.84272800004388], [-87.91111000025637, 42.84279199989315], [-87.91036999956636, 42.84281399994949], [-87.91034700000014, 42.84281399994949], [-87.91027900022807, 42.84281700016615], [-87.91025699958846, 42.84281700016615], [-87.9102320003724, 42.84281700016615], [-87.91015899967915, 42.84281700016615], [-87.91013500028804, 42.84281700016615], [-87.91005300027226, 42.84281700016615], [-87.90989199971547, 42.84281700016615], [-87.90980700022497, 42.84281700016615], [-87.90972600003413, 42.84281700016615], [-87.90970799959244, 42.84281700016615], [-87.9096540000641, 42.84281700016615], [-87.90963700034565, 42.84281700016615], [-87.90960999968317, 42.84281700016615], [-87.90952900039063, 42.84281700016615], [-87.90950199972814, 42.84281700016615], [-87.90839399969039, 42.842813000096804], [-87.90826399999405, 42.842813000096804], [-87.90507100030041, 42.84281700016615], [-87.90396400008757, 42.84281899987143], [-87.90387200002606, 42.84281899987143], [-87.90373499975871, 42.84281899987143], [-87.90359699966645, 42.84281899987143], [-87.90350600032818, 42.84281899987143], [-87.90344100003084, 42.84281800001877], [-87.90334499977138, 42.84281800001877], [-87.903247999687, 42.84281800001877], [-87.90318400011289, 42.84281800001877], [-87.90131299981891, 42.842809000027216], [-87.89570300020834, 42.842779999679436], [-87.89383299973926, 42.84277099968234], [-87.89381099999795, 42.84277099968234], [-87.89345799982055, 42.84276800012208], [-87.89233300006437, 42.842763000196065], [-87.89195899997056, 42.84276099983035], [-87.89190299989406, 42.8427599999768], [-87.89182099987829, 42.84275900012323], [-87.8917380000376, 42.84275699975738], [-87.89168299978604, 42.84275699975738], [-87.89165000017407, 42.84275599990377], [-87.89160099977028, 42.84275599990377], [-87.89155100043988, 42.84275500005013], [-87.8915189997545, 42.84275500005013], [-87.89142800041623, 42.84275299968415], [-87.89115800007947, 42.84275000012302], [-87.8910679996678, 42.84274900026929], [-87.89000800020895, 42.842732000118716], [-87.88682999968559, 42.84268399986203], [-87.88577100005165, 42.8426680002073], [-87.88573300041683, 42.84266699969357], [-87.88562100026384, 42.8426659998385], [-87.88558399955559, 42.8426659998385], [-87.88555000011873, 42.84266499998341], [-87.88526499971337, 42.84266199975938], [-87.88496599996262, 42.84265699982479], [-87.88478000018979, 42.84265500011431], [-87.88443299986014, 42.84265299974509], [-87.87460199998583, 42.84254400027263], [-87.8726219999119, 42.842522000120084], [-87.86668300041333, 42.842456000274204], [-87.86483700023372, 42.842435999807996], [-87.86470400016431, 42.842434999949184], [-87.86464700026292, 42.842434000090364], [-87.86447800020852, 42.84243199971399], [-87.86442200013201, 42.84243199971399], [-87.86434299959099, 42.842430999855104], [-87.86410900013757, 42.842428000278396], [-87.86403100031976, 42.84242699976078], [-87.86380399964072, 42.84242400018382], [-87.86312400012349, 42.842415999993996], [-87.86289800016766, 42.84241400027572], [-87.86226799998083, 42.842406000084544], [-87.8603809997933, 42.8423839998829], [-87.8597520003297, 42.84237700020633], [-87.85898599970041, 42.84236800015047], [-87.8566909999822, 42.842340999975086], [-87.85592600007614, 42.84233299977451], [-87.85590599998466, 42.84233199991403], [-87.85584800025832, 42.84233199991403], [-87.85582899999177, 42.84233199991403], [-87.85564099967078, 42.84232899967383], [-87.85507999997922, 42.842322999851625], [-87.85489300038148, 42.84232100013034], [-87.85487199956677, 42.84232000026966], [-87.85480999964248, 42.84232000026966], [-87.854789999551, 42.84232000026966], [-87.85438799986808, 42.842315000307394], [-87.85348999989263, 42.84230499972291], [-87.85318100009616, 42.84230100027911], [-87.85306300009539, 42.842299999759426], [-87.85296299963794, 42.842298999898425], [-87.85288599964505, 42.8422980000374], [-87.85278000023817, 42.84229700017635], [-87.85267300010804, 42.84229499979554], [-87.8523540002658, 42.84228899997003], [-87.85224799996058, 42.842288000108844], [-87.85057400020843, 42.84225299968756], [-87.84555200005359, 42.842150999871045], [-87.84387900012632, 42.84211699989479], [-87.84360999961449, 42.84211699989479], [-87.84280500042377, 42.842119000281365], [-87.84253699973686, 42.84212100000924], [-87.84217199986388, 42.84212100000924], [-87.84107999971965, 42.84212299973701], [-87.8407159996716, 42.84212500012339], [-87.84066499961797, 42.842121999873136], [-87.84057799957931, 42.84211699989479], [-87.8405120003554, 42.84211699989479], [-87.84046200012669, 42.84211799975875], [-87.8386109999242, 42.8421319998285], [-87.8275869996233, 42.84221799990513], [-87.82732999970536, 42.84222000028843], [-87.82656200032456, 42.84222600012059], [-87.82641400018655, 42.84222699998279], [-87.82642699970702, 42.842255999931446], [-87.82652100031667, 42.842419000229974], [-87.8267549997701, 42.842831999929906], [-87.82716099965094, 42.84355699997765], [-87.82722299957524, 42.84367000031162], [-87.82737200043647, 42.8439480003293], [-87.82781299957912, 42.84473899990687], [-87.82801199977075, 42.84510299973703], [-87.82794300017378, 42.845112000053064], [-87.8279230000823, 42.84517799969615], [-87.82789899979285, 42.84526499995609], [-87.82787100020374, 42.845261000045255], [-87.82783600004365, 42.84523699991608], [-87.82781000010438, 42.845216999691544], [-87.82776599972344, 42.84517799969615], [-87.82774800018011, 42.8451599997406], [-87.82772800008861, 42.845137999861024], [-87.82770200014934, 42.84510299973703], [-87.8276789996848, 42.84506500014453], [-87.82766299979129, 42.8450720001752], [-87.82764699989777, 42.84508600023421], [-87.82763299965406, 42.845104000211315], [-87.8276000000421, 42.84515400019333], [-87.8275869996233, 42.84517999998361], [-87.8275790001257, 42.84519099991688], [-87.82756300023217, 42.84521199996372], [-87.82754099959254, 42.84525000012445], [-87.82752800007206, 42.84526499995609], [-87.82748000039149, 42.84531000008792], [-87.82742900033789, 42.8453569998101], [-87.82740400022352, 42.845374999708234], [-87.82738099975899, 42.84539300025973], [-87.82735700036785, 42.84540700024599], [-87.82731600035999, 42.84543200011944], [-87.82729600026848, 42.84543800029831], [-87.82727500035209, 42.84543999991872], [-87.82724400038995, 42.84543800029831], [-87.82720099983392, 42.845447999716995], [-87.82714599958234, 42.84546600024722], [-87.82709700007686, 42.84548100002647], [-87.82704000017544, 42.84549800007924], [-87.8269310003955, 42.8455309997034], [-87.82688600018965, 42.84554699993392], [-87.8268119996715, 42.84556700005163], [-87.82676099961787, 42.84557799991603], [-87.82673200020388, 42.845580999998454], [-87.82668899964784, 42.84558499988857], [-87.82666500025672, 42.845591000052586], [-87.82664900036318, 42.845598000023664], [-87.82659900013448, 42.84561999973943], [-87.82656099960131, 42.84563399967424], [-87.82653300001225, 42.84564299991291], [-87.82645900039239, 42.8456650002713], [-87.82635399991209, 42.84569499972951], [-87.82627799974411, 42.845716000263614], [-87.82620800032224, 42.845737000132004], [-87.82614800004777, 42.84575700018819], [-87.82607400042794, 42.84577899984734], [-87.82599900008486, 42.84579999969431], [-87.82590600019844, 42.84582899994167], [-87.82579599969526, 42.8458610002443], [-87.82566699982384, 42.84589900000576], [-87.82557899996029, 42.84592800020669], [-87.82551100018823, 42.845949000003], [-87.8254679996322, 42.84596599992693], [-87.82540300023318, 42.84598999977288], [-87.825332999913, 42.84601500006904], [-87.82528100003445, 42.84603700029494], [-87.82527099998872, 42.84605700025401], [-87.8252700001638, 42.84606700023109], [-87.82503699963698, 42.84613600022657], [-87.82496899986492, 42.84615799975074], [-87.82507199979707, 42.84633400027249], [-87.82514100029238, 42.84631099969764], [-87.82506500012438, 42.846176000074124], [-87.8253749997458, 42.846084000122595], [-87.82545599993665, 42.84605899985437], [-87.82567299967162, 42.845995000096366], [-87.82571500040272, 42.84598100024341], [-87.82601199960533, 42.84589299987165], [-87.82603099987192, 42.84588699973697], [-87.82666299970859, 42.84569799980625], [-87.82697200040339, 42.84560700026762], [-87.82698699957368, 42.845601999912724], [-87.8275160003765, 42.84544699990694], [-87.82759900021719, 42.84544699990694], [-87.82767000036229, 42.845446000096864], [-87.82788299989932, 42.84544300000788], [-87.82794399999868, 42.84543999991872], [-87.82804600010594, 42.84540999967807], [-87.82815499988588, 42.845374999708234], [-87.82828600030544, 42.845625000092916], [-87.82832399994028, 42.845675000311886], [-87.82844600013902, 42.84591599994349], [-87.82827399971156, 42.84596800018888], [-87.82810300000735, 42.84601999973191], [-87.82740500004842, 42.84623199994888], [-87.82741099989622, 42.8462500002507], [-87.82589199995473, 42.84670000016345], [-87.82534200013382, 42.84685000006455], [-87.82541999995163, 42.846982000176766], [-87.8254679996322, 42.847061000283645], [-87.82560400007466, 42.847304999775695], [-87.82590200000047, 42.8478419998301], [-87.82588600010695, 42.84786100009241], [-87.82588299973389, 42.847878999919494], [-87.82597200032068, 42.84806799976341], [-87.82622599986557, 42.84849100014115], [-87.8262769999192, 42.848590999850714], [-87.82636599960766, 42.84873700008431], [-87.82646699989, 42.84891700017701], [-87.82649299982927, 42.84897100003665], [-87.82652499961631, 42.8490199997709], [-87.8265380000351, 42.84903400025233], [-87.82656700034744, 42.84904800007198], [-87.82658599971568, 42.849053999899624], [-87.82669500039395, 42.8490930000824], [-87.82677499986157, 42.84909699974511], [-87.82681300039472, 42.84908299993656], [-87.82685799970226, 42.849069999876285], [-87.82689299986234, 42.84910000031523], [-87.82692100034977, 42.84910100006617], [-87.82761199973766, 42.84888000005077], [-87.82769499957834, 42.84887799988311], [-87.82784199989143, 42.84881200024156], [-87.82863199991185, 42.84857399999056], [-87.82876199960819, 42.84862099986373], [-87.82917599988498, 42.84888399972728], [-87.82958599996381, 42.8492049997611], [-87.82978500015544, 42.84939999995199], [-87.82986600034629, 42.84944800025913], [-87.83001799978393, 42.8496419999407], [-87.83020199990695, 42.849832999795716], [-87.83039299970267, 42.84998899972873], [-87.83052499994714, 42.85014200006557], [-87.83081500037537, 42.85040299992042], [-87.83130800029488, 42.85084500011651], [-87.83131499996756, 42.85090600029446], [-87.83143799999121, 42.85096800013293], [-87.83152099983188, 42.85106499996783], [-87.8316060002207, 42.85113900021469], [-87.83167900001564, 42.851249000043964], [-87.83191400019227, 42.85148899994944], [-87.83207900004871, 42.85168900003634], [-87.83224300008024, 42.85187500029989], [-87.83239899971586, 42.85206999996405], [-87.8328310004343, 42.85258199981956], [-87.833062000413, 42.85287400017233], [-87.83311599994134, 42.852938000047146], [-87.83371699981588, 42.853724000056815], [-87.83382800014397, 42.8538840000516], [-87.83394100012187, 42.85401200027577], [-87.83407199964311, 42.85419200014221], [-87.83432400043651, 42.85459100028059], [-87.83468400028663, 42.855242999753166], [-87.83473000031738, 42.855325000098496], [-87.83481099960991, 42.85545800018603], [-87.83483700044751, 42.85552200001715], [-87.8348580003639, 42.85558399983149], [-87.83493199998375, 42.85571599971738], [-87.83508599996952, 42.85595999992109], [-87.83531799977312, 42.85647300008468], [-87.8353799996974, 42.85654400022858], [-87.83548000015483, 42.85670400016083], [-87.83557800006412, 42.85691700020934], [-87.83593399971626, 42.857554000010964], [-87.83601099970916, 42.85768399975442], [-87.8360480004174, 42.857734999700604], [-87.8361270000601, 42.8578749997624], [-87.8362750001981, 42.85818599983172], [-87.83631700003092, 42.858263000231595], [-87.83635399984084, 42.85835299996154], [-87.83640400006955, 42.858461999853915], [-87.83646199979587, 42.858604000095674], [-87.8364919999331, 42.85867799986965], [-87.83655499968228, 42.85879900024332], [-87.83659300021543, 42.85889500003913], [-87.83665500013971, 42.859054999806155], [-87.8367739999654, 42.85928999976179], [-87.83703199970827, 42.85991699973887], [-87.83704699977687, 42.859979999983146], [-87.83705900037076, 42.860086999832674], [-87.83711700009708, 42.86025700011695], [-87.83715599955681, 42.860393999707185], [-87.83717399999848, 42.86048300005672], [-87.83714499968617, 42.86058300010405], [-87.83714100038652, 42.8606460003273], [-87.83717599964831, 42.86073700009724], [-87.83731000044092, 42.860982999990725], [-87.83738300023585, 42.861149999798855], [-87.83743400028948, 42.86131500004888], [-87.83748799981784, 42.86152999975291], [-87.83770700010096, 42.862089999892845], [-87.83777700042117, 42.86226899972115], [-87.83785799971369, 42.86239600014902], [-87.83795300014826, 42.862563000085935], [-87.83801199969949, 42.86266400024651], [-87.83807699999682, 42.862769999865684], [-87.83810999960878, 42.862877000147776], [-87.83814700031701, 42.862955999676984], [-87.83818400012694, 42.86305399996107], [-87.83831499964819, 42.863245999999485], [-87.83833499973967, 42.86335000023736], [-87.83838300031856, 42.86345700017263], [-87.83846500033434, 42.86360600002589], [-87.83849499957324, 42.86371000031578], [-87.83857499993918, 42.86397699980817], [-87.83867299984847, 42.86424000012258], [-87.83876400008506, 42.86450500029502], [-87.83887299986502, 42.86479200011796], [-87.83900299956136, 42.86504600020873], [-87.83905699998802, 42.86516800010378], [-87.83915200042257, 42.865346000079356], [-87.83923799973799, 42.86550199967296], [-87.83929999966229, 42.86562000007442], [-87.83932800014968, 42.865676000096734], [-87.8393709998074, 42.86581400031112], [-87.83946200004398, 42.865990000127425], [-87.8395900000905, 42.86620200027241], [-87.83961299965672, 42.86629500001618], [-87.83995300031366, 42.86684599994975], [-87.84034400012591, 42.86753700011321], [-87.8405190000281, 42.86792100001897], [-87.84070399997601, 42.86842899974206], [-87.84078900036484, 42.86853499999692], [-87.84081899960375, 42.868610999906124], [-87.84085299993893, 42.8686679999412], [-87.84095300039637, 42.868797999986015], [-87.84101000029779, 42.86888000010642], [-87.84105100030565, 42.868969000073676], [-87.84108800011558, 42.86907399997362], [-87.84121199996413, 42.86926799988946], [-87.8412799997362, 42.86940100022947], [-87.84132800031509, 42.86946099977424], [-87.84137199979772, 42.869532000125794], [-87.84138199984345, 42.86960700004688], [-87.84153199963127, 42.86987000007696], [-87.8416100003474, 42.870031999853154], [-87.84169099963994, 42.87024099974102], [-87.84200399963439, 42.87082599999568], [-87.8420830001754, 42.87097699994888], [-87.84215500014544, 42.87106500013054], [-87.84232500002476, 42.8712940001574], [-87.84251400017064, 42.87158700028951], [-87.84255699982835, 42.87167600030363], [-87.84258100011779, 42.87179300005296], [-87.84261100025503, 42.87187200002274], [-87.84264100039225, 42.87194000011576], [-87.84267599965403, 42.872009000172284], [-87.84271900021005, 42.872085999791246], [-87.84277299973841, 42.872189000242855], [-87.8427929998299, 42.872235999918864], [-87.84301499958774, 42.87262899981465], [-87.84314799965715, 42.87285199981526], [-87.84328999994736, 42.87307999977401], [-87.84332199973441, 42.87313400022991], [-87.84339799990238, 42.87327500028318], [-87.84348900013899, 42.873423000123346], [-87.84353400034483, 42.87348799978084], [-87.84355899956087, 42.87355600006834], [-87.84357100015475, 42.87362799967148], [-87.84358000037558, 42.873676000238056], [-87.84359799991893, 42.87375599978267], [-87.84361299998754, 42.87383499987308], [-87.84361800001042, 42.87388999967632], [-87.84361999966025, 42.87394700010294], [-87.84362700023125, 42.873981999680474], [-87.84364200029985, 42.87402799996032], [-87.84365499982034, 42.87407800022557], [-87.84365499982034, 42.87409200029258], [-87.84365200034559, 42.874104999693635], [-87.8436459995995, 42.87412399977552], [-87.8436310004292, 42.87415799990742], [-87.8435960002691, 42.87419500002963], [-87.84355400043631, 42.87424500015964], [-87.84349499998676, 42.874364000306], [-87.8434409995601, 42.874475000235684], [-87.84340999959795, 42.87451600015921], [-87.8433779998109, 42.87456400003506], [-87.8433429996508, 42.87457500000137], [-87.84329999999309, 42.87456700002608], [-87.84323800006882, 42.874540000101796], [-87.84317100012167, 42.874540000101796], [-87.84316000025102, 42.874597999924546], [-87.8431590004261, 42.8747299999763], [-87.84316299972573, 42.87479000026554], [-87.84319500041111, 42.8748709996748], [-87.8432580001603, 42.875020000285396], [-87.84330900021394, 42.87517499980093], [-87.84334100000099, 42.875293000143756], [-87.8433710001382, 42.87536900028974], [-87.84341600034405, 42.87546100006397], [-87.84345999982666, 42.87552900015247], [-87.84347700044341, 42.875569000053325], [-87.84346800022259, 42.87563000016496], [-87.84347800026833, 42.8756660000838], [-87.84352699977381, 42.87588099983855], [-87.8435529997131, 42.876013999752786], [-87.8436089997896, 42.87611600025998], [-87.8436580001934, 42.87619000010932], [-87.84370199967601, 42.87626199993096], [-87.84366800023913, 42.87634300004136], [-87.84372299959239, 42.87647600027645], [-87.84382300004982, 42.876578999984375], [-87.84394299970043, 42.8766960003132], [-87.84402999973906, 42.87682899978747], [-87.84404300015785, 42.87696500016609], [-87.84404700035581, 42.877089000114566], [-87.84402800008924, 42.87715699972567], [-87.8439970001271, 42.877188000298005], [-87.84398000040866, 42.87719699988789], [-87.84393799967756, 42.87721299981386], [-87.84392599998199, 42.87722399996624], [-87.84392099995911, 42.87723500011672], [-87.8439190003093, 42.87724600026518], [-87.8439190003093, 42.877257999706806], [-87.84392599998199, 42.877274000275214], [-87.84394000022569, 42.87730899994078], [-87.84396799981478, 42.87736100008432], [-87.84399100027933, 42.87741100028228], [-87.84402200024147, 42.87751099989841], [-87.84405499985341, 42.877589999789926], [-87.84409900023435, 42.87770700017676], [-87.84411799960262, 42.87779499997833], [-87.84420700018939, 42.87799199995444], [-87.84424099962627, 42.87814400008755], [-87.84433000021302, 42.8781560000128], [-87.84437299987074, 42.87818600014492], [-87.84439999963492, 42.87821800013808], [-87.84440700020593, 42.87824000008261], [-87.84443499979501, 42.87829499990968], [-87.84446599975715, 42.87832400003812], [-87.8445040002903, 42.87833999967186], [-87.8445250002067, 42.87836500003754], [-87.84453699990227, 42.878409999748676], [-87.84454299975005, 42.8784479998888], [-87.84453500025246, 42.87849200026428], [-87.84452100000874, 42.878532000219394], [-87.84450900031318, 42.87856699982967], [-87.84450500011522, 42.878603000009974], [-87.84451000013807, 42.878643999824014], [-87.8445040002903, 42.87870500018732], [-87.8444900000466, 42.878750000308784], [-87.84448099982578, 42.87877900022338], [-87.84447099978003, 42.87881500028001], [-87.84445900008447, 42.87885500002568], [-87.84445400006159, 42.87888000018275], [-87.84445999990938, 42.87897800020035], [-87.84446599975715, 42.879045999704616], [-87.84446599975715, 42.87907699998621], [-87.84446300028243, 42.87910499982369], [-87.84446599975715, 42.879122999759495], [-87.84447400015308, 42.879143000194034], [-87.84440399983288, 42.87913799992145], [-87.84440100035813, 42.87916000019626], [-87.84447499997798, 42.87916499980877], [-87.84447699962782, 42.879191999684295], [-87.84447499997798, 42.87921399993985], [-87.84446599975715, 42.87925599992719], [-87.84446999995511, 42.87929400020454], [-87.84447900017594, 42.87932399978336], [-87.84449400024457, 42.879348999750405], [-87.84451299961283, 42.87936700027332], [-87.84452299965857, 42.879380999798705], [-87.84455199997088, 42.879416000243985], [-87.84455799981868, 42.87943599992526], [-87.84458799995588, 42.87949000008559], [-87.84464700040544, 42.8795959997753], [-87.84467499999454, 42.87965699985572], [-87.84468599986519, 42.87968600000227], [-87.84469000006315, 42.879709999909], [-87.84469000006315, 42.879730000153266], [-87.844695000086, 42.87974899981977], [-87.84470099993379, 42.87976600031332], [-87.84471000015463, 42.87987900022204], [-87.8446930004362, 42.87993800020283], [-87.84467499999454, 42.87996200001154], [-87.84465200042831, 42.87999299983288], [-87.84465200042831, 42.880027999931], [-87.84465400007814, 42.88003900023983], [-87.84465900010099, 42.88005699990322], [-87.84467199962148, 42.88010899970574], [-87.84467499999454, 42.88013499991971], [-87.84467599981943, 42.88016700021865], [-87.8446790001925, 42.88019899984276], [-87.84467699964435, 42.88022200030285], [-87.84467099979658, 42.880244000191155], [-87.84466099975083, 42.88026799988079], [-87.84465499990303, 42.88028799994419], [-87.84465400007814, 42.880298000302616], [-87.8446580002761, 42.88032499968235], [-87.84466300029897, 42.88034999990203], [-87.84469000006315, 42.88042800020639], [-87.84469199971296, 42.880456999990614], [-87.84470000010889, 42.88049400028565], [-87.84469599991093, 42.88050399995242], [-87.84470099993379, 42.880517999878094], [-87.84472400039833, 42.88058999991587], [-87.84473400044408, 42.88059900032608], [-87.84474799978946, 42.880630999726144], [-87.84475199998742, 42.88064899987505], [-87.84477600027687, 42.88074400002545], [-87.8447579998352, 42.88076200014144], [-87.84471900037546, 42.88078299994091], [-87.84465499990303, 42.88079799969931], [-87.84461200024535, 42.88080500028746], [-87.84457700008525, 42.880815999799495], [-87.84459800000162, 42.880826999967894], [-87.84469900028397, 42.88081400000807], [-87.84472699987306, 42.88080100004552], [-87.84474899961437, 42.880788000080244], [-87.84481599956153, 42.88075700000001], [-87.84482899998031, 42.88075500020668], [-87.84484599969875, 42.88075700000001], [-87.84485499991959, 42.8807649998311], [-87.84486400014042, 42.88077400021582], [-87.84487599983598, 42.880787000184064], [-87.8448919997295, 42.88080399973329], [-87.84490900034625, 42.880824000281194], [-87.84492100004182, 42.880838000134275], [-87.84493000026265, 42.880851999984166], [-87.84494199995822, 42.88086800027889], [-87.84494899963092, 42.88087899977974], [-87.84496500042276, 42.880897999750694], [-87.84510400033992, 42.881061999984375], [-87.84514000032493, 42.881130999715566], [-87.8451520000205, 42.8811349999361], [-87.84518100033283, 42.881178999712056], [-87.84520300007412, 42.88121399979562], [-87.8453210000749, 42.881468999993395], [-87.84547400023578, 42.8816969997115], [-87.84549199977911, 42.88173700022184], [-87.8455739997949, 42.88188600005165], [-87.84564099974205, 42.88205799995549], [-87.84567500007722, 42.88216999974226], [-87.84570500021447, 42.88230299992439], [-87.84579700027597, 42.88256300022439], [-87.8458559998272, 42.88270200006692], [-87.84590699988084, 42.88279499996194], [-87.84596600033038, 42.88288699985463], [-87.8460390001253, 42.88302399990558], [-87.8461379998595, 42.88324600000538], [-87.84621099965445, 42.88338500028377], [-87.84633299985317, 42.883606999742724], [-87.8463760004092, 42.88371700031127], [-87.84641599969386, 42.883823999826475], [-87.84646000007479, 42.883954000199545], [-87.84647599996829, 42.88401300023294], [-87.84647699979323, 42.8840380002747], [-87.84646900029563, 42.88406099996188], [-87.84646400027275, 42.88409099985579], [-87.84505300028631, 42.884640999713355], [-87.8438060003314, 42.88512799974861], [-87.84370400022415, 42.885183000017804], [-87.84363999975172, 42.88525099992383], [-87.84360499959163, 42.88535099999791], [-87.84359399972097, 42.88558500007755], [-87.84359000042133, 42.88579200031948], [-87.84357799982746, 42.88604600021416], [-87.84359899974385, 42.886148999743824], [-87.84357700000254, 42.88619299989308], [-87.84357100015475, 42.8862430001742], [-87.8435390003677, 42.88649000024418], [-87.84353099997178, 42.88652000027329], [-87.84353799964448, 42.88718899996171], [-87.84353500016974, 42.88732199985472], [-87.84349400016185, 42.88864199980478], [-87.84345999982666, 42.89019800031257], [-87.84349199961372, 42.89026099992632], [-87.84352799959872, 42.89029100009583], [-87.84359200007115, 42.890334999923205], [-87.8437300001634, 42.89038099985879], [-87.84375399955455, 42.89038399973891], [-87.8442439999993, 42.89039099989748], [-87.84426999993859, 42.89039700031481], [-87.8458139999944, 42.89042699976007], [-87.84674899977978, 42.890444999683446], [-87.84676700022145, 42.89044999969781], [-87.84677100041941, 42.89047400002434], [-87.84675299997774, 42.89048999979807], [-87.84671399961968, 42.89050699996443], [-87.8466879996804, 42.89053900014875], [-87.84668900040364, 42.8906109996801], [-87.84669799972617, 42.89067900018413], [-87.84673100023643, 42.89080499968099], [-87.84676600039653, 42.89088900029948], [-87.84682099974981, 42.8909880000589], [-87.84692700005502, 42.891184000303745], [-87.84704099985784, 42.89141700025129], [-87.84712100022378, 42.89160000012959], [-87.84718999982074, 42.89177899993483], [-87.84721300028528, 42.89188399985459], [-87.84722499998084, 42.89198299999126], [-87.84722599980576, 42.8920729999178], [-87.8472219996078, 42.892150000167504], [-87.84724000004945, 42.89227300016186], [-87.84726500016382, 42.892485999892834], [-87.8473060001717, 42.892856000120844], [-87.84736399989802, 42.893129000038115], [-87.84832299997284, 42.893124999937164], [-87.84896800022833, 42.89313700023925], [-87.84915400000115, 42.89313999998533], [-87.85164999956079, 42.89318799985179], [-87.85248200031232, 42.8932040002377], [-87.8539090001923, 42.893226000103446], [-87.85819400003015, 42.893295000050294], [-87.85962199973503, 42.893318999927885], [-87.86039699968684, 42.89333300023603], [-87.86272300026549, 42.89337499982524], [-87.86349900004221, 42.89338999981264], [-87.86365899987578, 42.893391999854536], [-87.8641390002748, 42.8934009997133], [-87.86429999993328, 42.89340400010471], [-87.86440799988833, 42.8934049997964], [-87.86473500012647, 42.89341099992046], [-87.86484399990641, 42.893412999961726], [-87.86517600016744, 42.89341900008501], [-87.86617500042522, 42.89343699979334], [-87.86650799961285, 42.89344299991434], [-87.86707099985253, 42.89345199976566], [-87.86731299970188, 42.89345700019439], [-87.86875999967332, 42.89348199969931], [-87.86932299991302, 42.89349300024174], [-87.86991799993977, 42.893502999775855], [-87.87170499966986, 42.89353499972195], [-87.87230100041984, 42.89354600025492], [-87.8729409997541, 42.893548000291744], [-87.87486300010171, 42.89355399974382], [-87.87550400015922, 42.89355599978043], [-87.87576299972699, 42.89355599978043], [-87.87654199987676, 42.893559000164274], [-87.87680200016776, 42.893559999853444], [-87.87786199962662, 42.89356300023707], [-87.88104199979978, 42.89357299975984], [-87.88210200015695, 42.89357699983174], [-87.88209399976103, 42.893761999912066], [-87.88207299984462, 42.8943179997908], [-87.88206600017193, 42.894503999954644], [-87.88204400043062, 42.89505399976115], [-87.8819799999582, 42.89670700025208], [-87.8819590000418, 42.897257999782326], [-87.8819299997295, 42.89797900001638], [-87.88184699988882, 42.90014299973048], [-87.88181900029973, 42.90086500001963], [-87.881809000254, 42.901089000190076], [-87.88178099976658, 42.901763999751296], [-87.88177200044406, 42.90198900015626], [-87.88176400004814, 42.90216399990352], [-87.88174300013173, 42.902690999853505], [-87.88173599956075, 42.902866999778595], [-87.88172800006313, 42.90303999993684], [-87.88170700014672, 42.903563000213076], [-87.88169999957573, 42.90373699991648], [-87.88168700005525, 42.90404799986103], [-87.88164799969721, 42.904981000151366], [-87.88163500017671, 42.90529199974226], [-87.88162500013098, 42.905507999709144], [-87.88159800036678, 42.90615900010331], [-87.88158900014596, 42.90637699994293], [-87.881584999948, 42.90645799999176], [-87.88157499990226, 42.90670399990186], [-87.88157200042752, 42.90678600031173], [-87.88155999983363, 42.90705499989543], [-87.88152700022167, 42.90786300027208], [-87.88151600035104, 42.90813299987244], [-87.8815070001302, 42.908337999888026], [-87.88148100019093, 42.90895499998677], [-87.88147299979501, 42.909160999994526], [-87.88145699990149, 42.90952300012886], [-87.88141199969563, 42.91060900027638], [-87.88139699962701, 42.9109719998665], [-87.88138900012942, 42.91115100002099], [-87.88136599966488, 42.91169100015656], [-87.88135899999219, 42.91187100024688], [-87.88135099959626, 42.9120460002328], [-87.88132999967986, 42.912571999879624], [-87.88132300000717, 42.91274799988483], [-87.88131499961126, 42.9129230000122], [-87.88129299986996, 42.91344900006902], [-87.88128600019725, 42.91362500020135], [-87.88127799980134, 42.91379999981214], [-87.88125600006002, 42.914327000289], [-87.88124900038733, 42.91450299988758], [-87.88124099999142, 42.91468200031322], [-87.88121900025011, 42.91522099977805], [-87.8812119996791, 42.915401000084735], [-87.88122000007503, 42.91610600028065], [-87.88124400036446, 42.91822299973539], [-87.88125199986206, 42.91892899981621], [-87.88125600006002, 42.91938499971895], [-87.8812679997556, 42.92075699985375], [-87.88127199995355, 42.921213999940946], [-87.88127199995355, 42.92129199987625], [-87.8812750003266, 42.92152900008594], [-87.88127600015152, 42.92160800017253], [-87.88127600015152, 42.921817000312764], [-87.88127899962625, 42.92244399976866], [-87.88128100017437, 42.922654000237266], [-87.8812819999993, 42.92283200013661], [-87.88128700002218, 42.923365000174265], [-87.881288999672, 42.923543999853614], [-87.88129299986996, 42.9240280002995], [-87.88130700011365, 42.925480999700746], [-87.88131200013653, 42.92596599987902], [-87.88131399978636, 42.92620599997904], [-87.88131999963413, 42.92692800020037], [-87.88132300000717, 42.92716900030092], [-87.881324999657, 42.927442000222875], [-87.88133100040311, 42.92806600029339], [-87.8813179999843, 42.92826099996461], [-87.88130100026588, 42.92853400030887], [-87.88131899980921, 42.92883300017462], [-87.8813730002359, 42.92973199979248], [-87.88139199960416, 42.93003200017567], [-87.88176900007102, 42.93003200017567], [-87.88189299991957, 42.93003200017567], [-87.88290100039819, 42.93003200017567], [-87.88327899979166, 42.930032999931115], [-87.88415800039884, 42.930032999931115], [-87.88679600024872, 42.930032999931115], [-87.88762399990397, 42.93003399968659], [-87.8876759997825, 42.93003399968659], [-87.88784900003488, 42.93003399968659], [-87.88787800034719, 42.92988100007991], [-87.88806300029512, 42.92887299971005], [-87.88802599958689, 42.92887299971005], [-87.88805300024939, 42.9287049999082], [-87.8890619996546, 42.92307600007944], [-87.8891319999748, 42.92268799993256], [-87.88964800035885, 42.92268899980726], [-87.88997700024682, 42.92269100021435], [-87.89046900034138, 42.922693999838174], [-87.89056499970253, 42.922692999963566], [-87.89067699985553, 42.92269499971272], [-87.89066099996202, 42.92292500003468], [-87.89045500009769, 42.92727999992367], [-87.89032700005117, 42.93003599985517], [-87.89147000024902, 42.93004099994752], [-87.89337699962968, 42.93004999971807], [-87.89594599988258, 42.930062999822795], [-87.89743800005988, 42.930070999835316], [-87.8989810002908, 42.93007800009205], [-87.90361199973506, 42.93010099970848], [-87.90515599979089, 42.93010899971607], [-87.90522600011111, 42.93010899971607], [-87.90543600017338, 42.93010899971607], [-87.90550599959526, 42.930110000128], [-87.90572900007635, 42.930110000128], [-87.90612300026163, 42.93011200029413], [-87.90639799972294, 42.93011300004832], [-87.90662100020401, 42.93011500021436], [-87.90730499991923, 42.93011800013442], [-87.90935799978809, 42.93012800030536], [-87.91004300022652, 42.93013199997867], [-87.91008900025727, 42.930132999732486], [-87.91038999965784, 42.930134000144086], [-87.91129299965617, 42.93013900022848], [-87.91150699991641, 42.930140999735926], [-87.91159499977995, 42.93013999998218], [-87.91185400024605, 42.930140999735926], [-87.91263099984768, 42.930147000231074], [-87.91289100013867, 42.93014899973831], [-87.91320699960787, 42.93015099990316], [-87.91327600010314, 42.93015099990316], [-87.91443199982146, 42.93015800015081], [-87.91458599980724, 42.930160000315375], [-87.91481799961083, 42.930161000068736], [-87.91581000019593, 42.93016699990426], [-87.91788999982897, 42.930179000231185], [-87.91878799980444, 42.930185000064945], [-87.91978100021443, 42.93019099989807], [-87.91984700033667, 42.93019099989807], [-87.91996699998728, 42.93019099989807], [-87.92052500020411, 42.93019399981445], [-87.92071199980187, 42.93019599997784], [-87.92097299991775, 42.93019699973067], [-87.9212709998436, 42.93019800014118], [-87.92295100034187, 42.930208000299174], [-87.92351100020853, 42.930211999967256], [-87.9236579996233, 42.930212999719814], [-87.92376399992851, 42.93021400013005], [-87.92410200003731, 42.93021600029285], [-87.9242500001753, 42.93021700004531], [-87.9242910001832, 42.93021700004531], [-87.92431499957434, 42.93021700004531], [-87.92450999956799, 42.9302179997978], [-87.92457599969025, 42.93021900020796], [-87.92483299960818, 42.93022099971286], [-87.92490499957822, 42.93022099971286], [-87.92589399979026, 42.93023000011484], [-87.9259459996688, 42.930230999867064], [-87.92622400040146, 42.930233000029254], [-87.92632499978548, 42.930233000029254], [-87.92662899955909, 42.930235999943584], [-87.92673099966635, 42.93023699969576], [-87.9270579999045, 42.93024000026759], [-87.9276499995582, 42.93024499968563], [-87.9299519998474, 42.93027700029256], [-87.92995000019758, 42.93026299982357], [-87.93000399972594, 42.93026400023301], [-87.93027200041286, 42.92917600029654], [-87.93030900022279, 42.9287939997311], [-87.93034900040576, 42.92773299981222], [-87.93044399994199, 42.92519600031706], [-87.9304590000106, 42.924797999989245], [-87.93047200042939, 42.924414000207385], [-87.93049300034579, 42.9238030000895], [-87.93051099988914, 42.923262000314196], [-87.93052500013286, 42.92287900003899], [-87.93053000015571, 42.92275000002514], [-87.93053299963046, 42.92266400030437], [-87.93053900037654, 42.92246700026211], [-87.93058299985917, 42.92123399988316], [-87.93059799992778, 42.9208230001938], [-87.93159600036066, 42.920826999813464], [-87.93333200003711, 42.92083399980503], [-87.93459300023574, 42.92083899998655], [-87.9352669999052, 42.920841999700535], [-87.935316000309, 42.920841999700535], [-87.93537999988311, 42.920841999700535], [-87.9355919995952, 42.9208440001676], [-87.93577599971823, 42.92084599997676], [-87.93631700021662, 42.92085299996618], [-87.93849399993404, 42.920880999916], [-87.93922000038035, 42.920891000270885], [-87.93947499975017, 42.92089200017469], [-87.94024100037946, 42.920894999886094], [-87.9404969995742, 42.92089599978988], [-87.94049400009945, 42.9209439997565], [-87.94047400000797, 42.921440000291746], [-87.94040899971063, 42.923073999684846], [-87.94038799979424, 42.923618999891666], [-87.9403710000758, 42.924088999849396], [-87.94032099984709, 42.92549999974432], [-87.94030499995355, 42.92597100030176], [-87.94030400012865, 42.92598499977305], [-87.94026700031871, 42.927013999888665], [-87.94019799982344, 42.928965999696906], [-87.94019799982344, 42.92901499972549], [-87.94016299966334, 42.92992400017974], [-87.94014900031796, 42.93030900022517], [-87.94020299984632, 42.93030900022517], [-87.94063700021458, 42.93031200013575], [-87.94084999975159, 42.93031400029532], [-87.94101600033126, 42.93031500004623], [-87.94151599992347, 42.93031799995656], [-87.94168300032803, 42.930320000115934], [-87.94190099988792, 42.930320999866744], [-87.94250799961024, 42.93032599993591], [-87.94255700001405, 42.93032599993591], [-87.94277600029714, 42.930328000095066], [-87.94287199965832, 42.930328000095066], [-87.94316000043672, 42.93033000025411], [-87.94325599979788, 42.93033100000471], [-87.94348299957858, 42.930331999755346], [-87.94416700019211, 42.93033699982367], [-87.94439499979775, 42.93033899998243], [-87.94450799977565, 42.93033899998243], [-87.94484699970937, 42.93034100014111], [-87.9449610004105, 42.93034199989159], [-87.94549199996483, 42.93034499980056], [-87.9470879998992, 42.93035599968493], [-87.94762000017677, 42.93036000000113], [-87.94797199963097, 42.93036200015914], [-87.94902799979018, 42.93036899972506], [-87.94938099996756, 42.93037200029051], [-87.94938099996756, 42.930357000092854], [-87.94938699981536, 42.930203999973095], [-87.94940699990684, 42.92970300015812], [-87.94941399957953, 42.92953599975275], [-87.94941500030276, 42.929501999890405], [-87.94941500030276, 42.92948599971657], [-87.94942100015054, 42.929336999789044], [-87.94942399962528, 42.92928800001666], [-87.9494250003485, 42.92925400001743], [-87.94942699999832, 42.92921400007172], [-87.94942899964815, 42.92915499987415], [-87.94943100019628, 42.92912200022953], [-87.9494320000212, 42.929083999739845], [-87.94943600021917, 42.928985999753564], [-87.94945399976251, 42.9285170001035], [-87.94945899978538, 42.92839499984628], [-87.94947499967891, 42.928014999933474], [-87.94949999979328, 42.92739300025855], [-87.94952699955745, 42.92670499967687], [-87.9495519996718, 42.92610099996814], [-87.94956599991549, 42.925729000293366], [-87.94961000029642, 42.924613000288666], [-87.94962600018997, 42.924242000029096], [-87.94962700001487, 42.92422300025534], [-87.94968300009137, 42.92267000021231], [-87.94981600016075, 42.91903600007767], [-87.9498549996205, 42.91795400021064], [-87.94991200042023, 42.91638299979479], [-87.94993300033661, 42.915745999970525], [-87.9499960000858, 42.9138379998612], [-87.95001799982712, 42.913202000074854], [-87.95002000037526, 42.91312599982686], [-87.95002700004794, 42.91290099993701], [-87.95003000042101, 42.912827000045226], [-87.9500510003374, 42.91218600012692], [-87.95011300026167, 42.91026299984789], [-87.95013500000299, 42.90962300032552], [-87.95016400031531, 42.90874099979896], [-87.95018600005662, 42.90805800006553], [-87.95033900021748, 42.9033620002053], [-87.95039100009602, 42.9017979997862], [-87.95043700012677, 42.90034399970415], [-87.95049200037838, 42.89863500029677], [-87.95057799969376, 42.895981999707594], [-87.95062500044774, 42.89454299972678], [-87.95062600027266, 42.89452899969328], [-87.95062999957231, 42.89439699987938], [-87.95064899983888, 42.89379100000956], [-87.95071999998399, 42.891579000063274], [-87.95074500009835, 42.890841999693286], [-87.95074500009835, 42.890825000277424], [-87.95076799966458, 42.890108000282574], [-87.95083700015985, 42.88795700031], [-87.95083899980968, 42.88787000030339], [-87.95086099955098, 42.88724099967686], [-87.95087700034281, 42.886694000022636], [-87.9509250000234, 42.88505300025989], [-87.95094199974183, 42.884507000128046], [-87.95094900031285, 42.88425799967868], [-87.95095699981046, 42.884006999852794], [-87.95097100005417, 42.883511000199256], [-87.95097899955178, 42.88326199967925], [-87.95098899959751, 42.882909000109116], [-87.95102100028288, 42.88185099969099], [-87.95103200015353, 42.881498999831244], [-87.95103800000132, 42.881265000051144], [-87.95105800009279, 42.88056299999383], [-87.95106300011567, 42.88042200013585], [-87.9510659995904, 42.88032999985874], [-87.95106700031363, 42.88025000027901], [-87.95107300016141, 42.8800100002592], [-87.95107599963613, 42.87993100017458], [-87.95108800023003, 42.87947300017428], [-87.95112500003994, 42.878102000001554], [-87.95113799956043, 42.87764500019636], [-87.95113900028365, 42.87759099973792], [-87.95115199980413, 42.877074000112806], [-87.95119799983487, 42.875363999711276], [-87.95121399972841, 42.87479500023218], [-87.95121499955332, 42.874730999970645], [-87.9512199995762, 42.87453900010437], [-87.95122299994924, 42.874476000234154], [-87.95123200017007, 42.87411199972447], [-87.95126099958406, 42.87302299986328], [-87.95127200035304, 42.872660000028304], [-87.95127200035304, 42.87264600029476], [-87.95127400000285, 42.87259800024379], [-87.95128499987352, 42.872078000151674], [-87.95128599969843, 42.8720220000121], [-87.95132599988139, 42.87037700015423], [-87.95134000012511, 42.86982500006365], [-87.95134000012511, 42.86981000027137], [-87.95134500014797, 42.86957400011918], [-87.95135099999575, 42.86932000022481], [-87.95136299969133, 42.86885399975886], [-87.95138699998077, 42.86785300010682], [-87.95139899967633, 42.867364999895194], [-87.95144200023236, 42.86551699985368], [-87.9515300000959, 42.86166699981083], [-87.95157000027886, 42.859973000324985], [-87.95161399976149, 42.858125999864086], [-87.95163200020315, 42.85746699993861], [-87.95168800027966, 42.855492000063435], [-87.95170800037113, 42.85483400000291], [-87.95173099993735, 42.854032999957944], [-87.95179899970942, 42.85163200013022], [-87.95182299999887, 42.850831999768495], [-87.95184899993812, 42.849679000269084], [-87.95192900030408, 42.84622100020098], [-87.95195699989317, 42.845069000068065], [-87.95196899958873, 42.84455399971394], [-87.95196899958873, 42.844538999709656]]]}, "properties": {"id": "covered-us-wi-oak-creek", "status": "covered", "jurisdiction": "Oak Creek", "country_id": "us", "state_id": "wi", "area_type": "city", "note": "Covered by public tree inventory for Oak Creek; geometry from official jurisdiction boundary."}}, {"type": "Feature", "geometry": {"type": "Polygon", "coordinates": [[[-87.9070920003822, 43.09870800008899], [-87.90709300020713, 43.09860600030048], [-87.90705399984905, 43.09854399971583], [-87.90663999957228, 43.09808599971512], [-87.90660399958726, 43.09799799987546], [-87.90655900027973, 43.09793799994207], [-87.90642899968508, 43.09786499990015], [-87.90634800039254, 43.097795999690646], [-87.90575099981764, 43.0975670002728], [-87.90565999958106, 43.09754499997427], [-87.90559900038001, 43.09755600012453], [-87.90551399999119, 43.097535000134144], [-87.90540799968598, 43.09746200026768], [-87.90531800017261, 43.097418999901265], [-87.90518099990526, 43.09739599989116], [-87.90500299963003, 43.09731400029832], [-87.90487700013163, 43.097285000319985], [-87.90474400006224, 43.09727699975813], [-87.90459099990136, 43.09731299998261], [-87.90431999973974, 43.09735799974155], [-87.90418900021847, 43.09736400031909], [-87.90412599957097, 43.09734900018598], [-87.90410399982964, 43.097309000031615], [-87.90417499997479, 43.097249000079046], [-87.9041149997003, 43.09720000028189], [-87.90399599987462, 43.097179999831354], [-87.90387200002606, 43.097173999891695], [-87.90379900023113, 43.09718599977038], [-87.90372600043621, 43.09721400013424], [-87.90364000022248, 43.09722000006998], [-87.90355499983366, 43.097191999708876], [-87.90349100025956, 43.09713200029761], [-87.90346000029741, 43.09708099976791], [-87.90337999993149, 43.09705899995072], [-87.90322299957263, 43.09702799986697], [-87.90311600034082, 43.09699099980987], [-87.90294700028643, 43.09696199967861], [-87.90285699987476, 43.09693199986766], [-87.90273899987396, 43.0968869997957], [-87.9026219996981, 43.096829999744514], [-87.90253100035982, 43.096777999950746], [-87.90249700002464, 43.09673899974844], [-87.90235800010747, 43.09658100000352], [-87.90233200016819, 43.09655199967809], [-87.9021840000302, 43.0964120001531], [-87.90214499967212, 43.096376000054825], [-87.90191299986854, 43.0961999999257], [-87.90181499995924, 43.096138999863584], [-87.90160599972187, 43.09606299994842], [-87.90136600042068, 43.09593599976752], [-87.90115899983313, 43.09579299978059], [-87.90096899986234, 43.0956609999504], [-87.90092700002954, 43.09561099985097], [-87.9008540002346, 43.095536000281236], [-87.90078499973932, 43.095458999927715], [-87.90077899989151, 43.09540100016828], [-87.90074299990651, 43.09536500013158], [-87.90068699983003, 43.095282000093974], [-87.90064499999723, 43.09520300003275], [-87.90062599973065, 43.09511200024271], [-87.90061200038527, 43.09495000013052], [-87.90057700022517, 43.094839999761476], [-87.9005510002859, 43.09479399976322], [-87.90052799982136, 43.0946729997597], [-87.90052500034662, 43.094597999697164], [-87.9005310001944, 43.09453799971216], [-87.90051799977563, 43.09447400018818], [-87.90052600017154, 43.09439600010386], [-87.90055600030878, 43.09433599992099], [-87.90057100037737, 43.09432800028572], [-87.90059599959342, 43.09426300017674], [-87.90060599963918, 43.09422399968466], [-87.90059999979138, 43.09419199976698], [-87.90064800037028, 43.09409100003998], [-87.90065699969279, 43.09402599967945], [-87.90064800037028, 43.094002999706916], [-87.90066500008872, 43.09397699992721], [-87.9006850001802, 43.093965000075606], [-87.9007050002717, 43.09393500010838], [-87.90070899957135, 43.093916000274604], [-87.90068799965493, 43.093893999976295], [-87.90068299963207, 43.09387599984568], [-87.9007129997693, 43.09385900008186], [-87.90078499973932, 43.09380500029917], [-87.90081300022672, 43.09375000009494], [-87.90083499996804, 43.09367899974636], [-87.90084500001377, 43.09361900017295], [-87.9008269995721, 43.09352899971861], [-87.90086699975508, 43.0934859998703], [-87.90089699989231, 43.093328999984784], [-87.90091500033397, 43.09323199970812], [-87.9009320000524, 43.093180999866235], [-87.9009320000524, 43.093139999885345], [-87.90092000035683, 43.093076000212335], [-87.90091600015889, 43.09303399977559], [-87.90092700002954, 43.09299299969629], [-87.90095499961862, 43.09297700007388], [-87.90097100041046, 43.09294899974066], [-87.90094999959575, 43.092926000019645], [-87.90091399961074, 43.092876000311094], [-87.90091500033397, 43.09284500007771], [-87.90089100004452, 43.09280199974915], [-87.90089100004452, 43.09269400024009], [-87.9008540002346, 43.09230899997287], [-87.90084300036395, 43.09223400029518], [-87.90084699966359, 43.09219699996548], [-87.90084699966359, 43.0921439997735], [-87.90082800029533, 43.09211799986052], [-87.90070799974642, 43.09203500001418], [-87.90058800009581, 43.09199100002628], [-87.90052799982136, 43.09195799985061], [-87.90045300037661, 43.09187600019192], [-87.90044300033085, 43.091856999719305], [-87.90042499988921, 43.091858000124134], [-87.9004049997977, 43.09184500010832], [-87.900354999569, 43.09181199985402], [-87.90033799985055, 43.09178799995606], [-87.90029699984268, 43.09171799970798], [-87.90026199968258, 43.091640000049516], [-87.90020399995626, 43.091597000186894], [-87.90016200012346, 43.09155400029413], [-87.90015299990264, 43.09152000012866], [-87.90011299971967, 43.0914519997412], [-87.90009199980327, 43.09141300008301], [-87.90007699973465, 43.09137200023051], [-87.90007599990975, 43.09129600030342], [-87.9000580003664, 43.091212000239715], [-87.89999100041925, 43.091111000190224], [-87.89995100023627, 43.091073000076534], [-87.89992699994683, 43.09103700011969], [-87.89991400042636, 43.09100300032325], [-87.89988099991608, 43.09091599990927], [-87.899881999741, 43.09083499993301], [-87.89986199964949, 43.09077699973029], [-87.89984699958087, 43.09072899976984], [-87.89984499993106, 43.090691000075154], [-87.89985499997681, 43.09066399977711], [-87.8998409997331, 43.09061899969126], [-87.89982099964162, 43.090592000017494], [-87.89980999977097, 43.090566000101695], [-87.89980499974808, 43.090544999682265], [-87.899741000174, 43.090426000012286], [-87.89970299964084, 43.09036700030514], [-87.89969699979306, 43.09034700024699], [-87.8996929995951, 43.090316999819485], [-87.89969799961797, 43.09026600017425], [-87.89967000002889, 43.090196999930605], [-87.89963300021896, 43.09014499975266], [-87.8995729999445, 43.09008100023001], [-87.89951699986801, 43.089990999824586], [-87.89949199975365, 43.08997299985885], [-87.89940999973788, 43.089928999701606], [-87.89934199996583, 43.08982999972434], [-87.89931199982858, 43.089798000134785], [-87.89925099972923, 43.08975200028553], [-87.8991439995991, 43.08970499996173], [-87.89902999979628, 43.089631999945674], [-87.89895500035153, 43.08957600014403], [-87.8988470003965, 43.08950299997422], [-87.8987279996725, 43.08944499982222], [-87.89847199957946, 43.08937099970688], [-87.8983619999746, 43.08930499979452], [-87.89822300005744, 43.08917499999776], [-87.8980459996071, 43.089005000250935], [-87.89803399991155, 43.088983999952326], [-87.89784599959056, 43.08885199987858], [-87.89777500034376, 43.08876200029142], [-87.89772199974199, 43.08867400017356], [-87.89752000007564, 43.08847599993823], [-87.89740100024994, 43.08838800006554], [-87.89724399989112, 43.088283999874065], [-87.89707200036199, 43.088207000243074], [-87.89653300041172, 43.087892999902095], [-87.8961440002493, 43.0876399999795], [-87.8956939999875, 43.08731000022149], [-87.89560500029904, 43.08725999986451], [-87.89554500002458, 43.08723799979947], [-87.89524600027384, 43.08707299971585], [-87.89515599986215, 43.08704000017063], [-87.89485700011141, 43.08688600030845], [-87.89461799973682, 43.086798000119686], [-87.89452800022345, 43.086748999833006], [-87.89431800016116, 43.086610999872775], [-87.89416800037333, 43.08649599977778], [-87.89406399971796, 43.08639700015628], [-87.89401199983942, 43.08632000012139], [-87.89392999982365, 43.086254000201876], [-87.89386200005158, 43.08621499985816], [-87.89374999989859, 43.086171000281716], [-87.89371999976136, 43.08614899982557], [-87.893630000248, 43.08611599978257], [-87.89347999956185, 43.08601200032606], [-87.89326299982687, 43.08577000015024], [-87.8931869996589, 43.085618999927576], [-87.89304600009189, 43.08550300008593], [-87.89294999983244, 43.085310999888016], [-87.89283299965655, 43.08508999989587], [-87.89280800044051, 43.08500000002982], [-87.89271899985374, 43.08481900003742], [-87.89263600001306, 43.08464599975505], [-87.89263699983798, 43.0845790001326], [-87.89260699970076, 43.08443800026672], [-87.89256999989082, 43.0842970000763], [-87.89253399990581, 43.08422699979602], [-87.89230899977491, 43.08380499995498], [-87.89216099963691, 43.08349199989765], [-87.89210200008569, 43.08335399981716], [-87.89201500004704, 43.08313399987333], [-87.89201000002419, 43.0830950001677], [-87.89197599968898, 43.08306299968408], [-87.89184199979468, 43.08286499968259], [-87.89181199965746, 43.0827989999773], [-87.89178999991616, 43.0826890000918], [-87.8917930002892, 43.08259399982294], [-87.89172200014409, 43.08235800000245], [-87.89171899977103, 43.082305999730735], [-87.89172600034205, 43.082275000052455], [-87.89170700007547, 43.08225799969311], [-87.89169600020482, 43.0822190000859], [-87.89169500037991, 43.08201200014013], [-87.89168399961093, 43.08196800016927], [-87.89164299960306, 43.08196399987211], [-87.89162599988462, 43.081945000261435], [-87.89158400005182, 43.081947999993154], [-87.88959300010725, 43.08194099996277], [-87.88889699979815, 43.08193800023071], [-87.88813199989208, 43.08194000005208], [-87.88795100014212, 43.08193300002078], [-87.88765800023917, 43.08193399993159], [-87.88741399984168, 43.08193300002078], [-87.88668300027082, 43.081932000109965], [-87.88643999969827, 43.081932000109965], [-87.88619500037419, 43.081931000199184], [-87.88545999970705, 43.081931000199184], [-87.88521600020788, 43.081931000199184], [-87.88518600007065, 43.081931000199184], [-87.88495300044214, 43.08193000028833], [-87.88425399976, 43.08192899972134], [-87.88402100013151, 43.08192899972134], [-87.88396900025296, 43.08193000028833], [-87.88372599968041, 43.08192899972134], [-87.88299900030749, 43.08192799981051], [-87.88275699955983, 43.08192799981051], [-87.88269999965843, 43.08192799981051], [-87.88220300043929, 43.08192699989961], [-87.88071200008692, 43.08192599998869], [-87.88021499996944, 43.08192599998869], [-87.87971799985198, 43.08192500007776], [-87.8782270003979, 43.08192199968879], [-87.87773000028045, 43.08192199968879], [-87.87749900030177, 43.08192099977784], [-87.87680800001553, 43.08192099977784], [-87.87657799986178, 43.08192099977784], [-87.87635299973087, 43.08192099977784], [-87.87567900006141, 43.08192099977784], [-87.87545499975542, 43.08192099977784], [-87.87541399974755, 43.08192099977784], [-87.87519600018766, 43.08191999986683], [-87.87454500008441, 43.08191999986683], [-87.87432800034942, 43.08191999986683], [-87.87426899989988, 43.08192099977784], [-87.87399600008841, 43.08191999986683], [-87.87317699975567, 43.081918999955796], [-87.8729049997691, 43.081918999955796], [-87.8724479998346, 43.08192300025589], [-87.87108100022911, 43.08193599975309], [-87.87082500013607, 43.08193800023071], [-87.87082699978589, 43.08198900024876], [-87.87082799961081, 43.08200699993625], [-87.87082900033403, 43.08204000022442], [-87.87083199980877, 43.08206400000527], [-87.87083299963366, 43.08208899968499], [-87.87082799961081, 43.082109999723016], [-87.87082400031116, 43.082127000123435], [-87.87081799956505, 43.08227199968063], [-87.87077499990735, 43.08243800013242], [-87.87073600044762, 43.08259700017899], [-87.87071399980799, 43.08263899989958], [-87.87069399971648, 43.082657000052215], [-87.87066399957928, 43.08267299974606], [-87.87063599999017, 43.08268100024748], [-87.87054999977644, 43.08272299991048], [-87.87045100004224, 43.08276699999517], [-87.87042599992789, 43.082797000183966], [-87.87041000003437, 43.08290199974478], [-87.87040599983641, 43.082924999949455], [-87.87039699961558, 43.08305300010362], [-87.87038499992002, 43.08319800009358], [-87.8703830002702, 43.083281000105295], [-87.87038499992002, 43.083309000265714], [-87.87040199963845, 43.083328999997526], [-87.87042099990504, 43.083340000076895], [-87.8705539999744, 43.08339499978795], [-87.87055700034746, 43.083405999855465], [-87.87056499984507, 43.08345500019185], [-87.87058999995942, 43.083536000086156], [-87.87061800044684, 43.0835999998864], [-87.87067500034824, 43.08375800031672], [-87.87068799986871, 43.083793999959106], [-87.87069299989159, 43.08380699971546], [-87.87070100028751, 43.08383899981042], [-87.87069999956428, 43.08385099967772], [-87.87068100019603, 43.08392200026589], [-87.87067699999807, 43.08393800028547], [-87.87067399962501, 43.08395600005644], [-87.8706650003025, 43.083977999987994], [-87.87066299975434, 43.08399200023857], [-87.87063500016527, 43.08403100002926], [-87.87061199970074, 43.0841009998774], [-87.87058300028673, 43.08422800032549], [-87.87055599962424, 43.08437200028775], [-87.87055499979932, 43.084395999811164], [-87.87055999982219, 43.084405999828505], [-87.87057400006591, 43.08441999998127], [-87.870573000241, 43.084500000042965], [-87.87059199960925, 43.08456000002066], [-87.87058499993654, 43.08459999997316], [-87.87056599966998, 43.08463300017673], [-87.87054899995155, 43.08466499984027], [-87.87053700025598, 43.08468800003915], [-87.87052899986006, 43.084721000195316], [-87.87052700021023, 43.084743999717084], [-87.87053600043106, 43.084843000041815], [-87.87054200027886, 43.08485299998619], [-87.87054200027886, 43.084944999791475], [-87.87055099960136, 43.08501700028438], [-87.87055899999729, 43.08507699975572], [-87.87058400011165, 43.08520900009162], [-87.87059199960925, 43.08532999976699], [-87.87059300033248, 43.08539199995263], [-87.87058300028673, 43.08544900015262], [-87.87056800021811, 43.08548800032793], [-87.87054899995155, 43.08553999986698], [-87.87052100036246, 43.085631999952696], [-87.87052100036246, 43.08566299990056], [-87.87052399983719, 43.08571000004549], [-87.87055300014951, 43.08578899988685], [-87.87058400011165, 43.08583000019618], [-87.87061099987582, 43.0858640002399], [-87.87065199988372, 43.08592800023236], [-87.87068899969363, 43.0859889999682], [-87.87070600031038, 43.086019999735356], [-87.87071999965576, 43.08606300023299], [-87.8707149996329, 43.08613900009274], [-87.87069399971648, 43.08620800031533], [-87.8706669999523, 43.086254000201876], [-87.87065600008167, 43.086279999979844], [-87.87065799973149, 43.08630599974678], [-87.8706589995564, 43.08633200015875], [-87.87064100001307, 43.086365999923835], [-87.87063099996732, 43.086430999885295], [-87.87064100001307, 43.08647300025772], [-87.87067600017315, 43.086566000089505], [-87.87072800005168, 43.0866699999176], [-87.87075700036401, 43.086717999778706], [-87.87075700036401, 43.08673299989159], [-87.87079300034901, 43.08675900012232], [-87.87087000034192, 43.08681599970634], [-87.87096400005323, 43.08688300016245], [-87.87107200000827, 43.08701099991949], [-87.87114599962813, 43.087120000091076], [-87.87117499994042, 43.087154999900456], [-87.87120900027563, 43.08719900008224], [-87.87121900032136, 43.08723500032672], [-87.87121900032136, 43.087322000064894], [-87.87115900004692, 43.08732699983498], [-87.87110499962024, 43.08736300000424], [-87.87114900000118, 43.08741800003979], [-87.871158000222, 43.08742900004095], [-87.87116499989469, 43.08743799974228], [-87.87120199970461, 43.08748400001725], [-87.87121799959814, 43.08748300019703], [-87.87122000014628, 43.08746699979132], [-87.87122500016915, 43.08745599979693], [-87.8712350002149, 43.0874430001589], [-87.87125299975824, 43.0874409998611], [-87.87127200002482, 43.087444999800624], [-87.87129899978899, 43.08746100021208], [-87.87135099966751, 43.08750599999393], [-87.87135800023853, 43.08751499968395], [-87.87136499991125, 43.08752799996271], [-87.87139500004845, 43.087560999901086], [-87.87141699978977, 43.08758599996183], [-87.87143600005633, 43.08760799990188], [-87.87145399959968, 43.08764099979715], [-87.87146399964543, 43.08766700029849], [-87.87145399959968, 43.0876850002859], [-87.87144500027718, 43.087692000315975], [-87.87141900033791, 43.08770000016199], [-87.87141599996485, 43.087721000244755], [-87.87141900033791, 43.08772999990318], [-87.8714269998355, 43.08774000003229], [-87.87143699988125, 43.08775000015981], [-87.8714269998355, 43.08775799999825], [-87.87139900024643, 43.087778000245734], [-87.87137400013206, 43.08782500008002], [-87.87138199962968, 43.087916000201055], [-87.87140199972116, 43.08796800030327], [-87.87143900042938, 43.088015999803304], [-87.87147700006423, 43.08805099975673], [-87.87153399996564, 43.0880929996744], [-87.87158699966909, 43.08811899998392], [-87.87173800018014, 43.088157999771454], [-87.87181099997507, 43.088211999940874], [-87.8718489996099, 43.08825600001945], [-87.87202900043327, 43.08849800021468], [-87.87216300032756, 43.088651999960334], [-87.87225100019111, 43.08878500026407], [-87.87226200006177, 43.088802000124254], [-87.87237300038986, 43.089025999886346], [-87.87238000006255, 43.08909200009928], [-87.87223799977234, 43.089212999977], [-87.87225000036622, 43.089231999957775], [-87.87228200015328, 43.089279999779336], [-87.8723270003591, 43.08941200024279], [-87.87235699959803, 43.08945600011539], [-87.87243199994109, 43.08971999999924], [-87.87252200035277, 43.08985200017043], [-87.87261900043715, 43.08993999990786], [-87.87276900022499, 43.090049999893886], [-87.87297799956404, 43.090269999929255], [-87.87307499964842, 43.09040200022724], [-87.87308999971702, 43.090468000269524], [-87.87311999985425, 43.09051200003952], [-87.87311999985425, 43.09053400024069], [-87.87316400023519, 43.090622000310304], [-87.87323799985504, 43.090842000259116], [-87.87326999964209, 43.091018000042816], [-87.87332999991655, 43.09115000004072], [-87.8733969998637, 43.09123799988129], [-87.87356799956792, 43.0915019999563], [-87.87356799956792, 43.09152399980182], [-87.87378000017834, 43.091834999993395], [-87.8739180002706, 43.092125000040035], [-87.87399699991332, 43.092267000322096], [-87.87411400008918, 43.09253800002989], [-87.87417000016569, 43.09273799972292], [-87.8741640003179, 43.09279100005687], [-87.87414699970115, 43.09288100028377], [-87.87418199986124, 43.09293899980596], [-87.87426800007496, 43.09305099976841], [-87.87431599975554, 43.0931089997856], [-87.87446300006864, 43.09344599981651], [-87.87456799965062, 43.093598000144354], [-87.87475099994873, 43.09392300024855], [-87.87488599966794, 43.09423800021739], [-87.87501200006463, 43.09454300020513], [-87.87508499985958, 43.09472799979097], [-87.87509999992817, 43.09477199978038], [-87.8751080003241, 43.09481299998058], [-87.87510999997394, 43.09506700014519], [-87.87510699960087, 43.09513000001008], [-87.87508900005754, 43.095243999944394], [-87.87505300007253, 43.09532299995277], [-87.8750510004227, 43.09535699997479], [-87.87506399994318, 43.09537600001752], [-87.87509300025549, 43.09539300001615], [-87.87513400026337, 43.09542999972685], [-87.87521100025627, 43.09557000018503], [-87.87529699957169, 43.095679999898756], [-87.87535600002121, 43.095767999789864], [-87.87539200000623, 43.09581799976112], [-87.87542100031857, 43.095862999962726], [-87.87545599958034, 43.09591699989859], [-87.87546800017421, 43.095929999706016], [-87.87548300024284, 43.09594100014634], [-87.87560299989343, 43.09616500003728], [-87.87558899964972, 43.09617199975421], [-87.87571699969625, 43.096464000257676], [-87.87575699987921, 43.096470000266905], [-87.87576600010006, 43.09648800029103], [-87.87578199999356, 43.096530000326815], [-87.8758110003059, 43.09659899999502], [-87.87581700015367, 43.09661200031362], [-87.8758470002909, 43.096700000177265], [-87.87586700038239, 43.096779999943614], [-87.87587700042812, 43.09683599971784], [-87.87587499988, 43.096908999674675], [-87.87587999990288, 43.09701000000152], [-87.87587999990288, 43.09704599972706], [-87.87588499992573, 43.097093000320825], [-87.87589300032167, 43.09715299977031], [-87.8758969996213, 43.09717100024962], [-87.87590199964417, 43.09724700010149], [-87.8759119996899, 43.09728299968765], [-87.87592099991075, 43.09733900031378], [-87.8759329996063, 43.0973950002328], [-87.87595400042102, 43.09746000029708], [-87.8759750003374, 43.09752999988548], [-87.87600299992651, 43.09761700008699], [-87.87603499971357, 43.097676000025146], [-87.87604200028458, 43.09769399969481], [-87.87604700030744, 43.09771099970588], [-87.87609499998801, 43.097795999690646], [-87.87611000005663, 43.097815999939975], [-87.8761490004147, 43.09787599999292], [-87.87616600013313, 43.09790799995337], [-87.87618299985155, 43.09793099977111], [-87.87619299989731, 43.09794399980687], [-87.87622899988231, 43.097984999851164], [-87.87626499986733, 43.098029000124086], [-87.87630599987523, 43.09808599971512], [-87.87632199976873, 43.098118999868376], [-87.87633099998958, 43.09814200026281], [-87.87635100008106, 43.098181999873006], [-87.87635299973087, 43.09821399967355], [-87.87635299973087, 43.0982339997864], [-87.87633600001243, 43.09826499991555], [-87.87632199976873, 43.09828899989897], [-87.87632500014179, 43.09829799997229], [-87.8763259999667, 43.098310999930185], [-87.87633000016466, 43.098323000242004], [-87.8763329996394, 43.09833699983759], [-87.87633600001243, 43.098360000150144], [-87.87633900038549, 43.09838499973859], [-87.87633600001243, 43.09840800003311], [-87.87633400036262, 43.0984209999676], [-87.87632299959365, 43.098448000125494], [-87.87630900024826, 43.098470000099574], [-87.87627999993595, 43.09851400002399], [-87.87625200034685, 43.098566000311315], [-87.87623700027824, 43.09862899985609], [-87.87623800010316, 43.098661000078906], [-87.8762620003926, 43.098697000145684], [-87.87629400017964, 43.098726000111185], [-87.87633500018754, 43.09876799992376], [-87.87634199986024, 43.098803999927576], [-87.87633799966227, 43.098832000207494], [-87.87633799966227, 43.098857999893674], [-87.87634199986024, 43.09888499985887], [-87.87635000025615, 43.09890900025516], [-87.87739499964638, 43.09891800023741], [-87.87931699999399, 43.098916999947896], [-87.88349100040207, 43.09892200008329], [-87.883492000227, 43.098809999707534], [-87.883492000227, 43.09874400012809], [-87.883492000227, 43.098697000145684], [-87.88494000002336, 43.098699999713006], [-87.88617899958236, 43.09870100000601], [-87.88642600035287, 43.09870100000601], [-87.88679100022584, 43.09870100000601], [-87.8867889996777, 43.09903100004734], [-87.88719000043402, 43.09903199967905], [-87.88741200019186, 43.09903299996662], [-87.88740999964374, 43.09920499999701], [-87.8874079999939, 43.0995340003222], [-87.887407000169, 43.099708999774926], [-87.887407000169, 43.099742999985395], [-87.88740600034409, 43.09981599975613], [-87.88740399979595, 43.10003499985794], [-87.88740399979595, 43.10010900020651], [-87.88740399979595, 43.10013899977276], [-87.8886120002911, 43.10014800023013], [-87.88982499991084, 43.1001570000302], [-87.8910390002538, 43.10016700009805], [-87.89229500042953, 43.10017599989537], [-87.89349100033081, 43.10018499969133], [-87.89473300026286, 43.10019400014193], [-87.89598500024064, 43.10020200032271], [-87.89721299992898, 43.100212999995634], [-87.8984399997924, 43.100224000322456], [-87.89890000009994, 43.10022800008308], [-87.89965199958722, 43.100233999723486], [-87.90092600020462, 43.10024600031435], [-87.90223699973363, 43.10025699997937], [-87.90331399980923, 43.10026700003089], [-87.9037199996901, 43.10026599976342], [-87.90567299999985, 43.10029299976365], [-87.9059800001465, 43.100297999786676], [-87.90705700022211, 43.10031400011995], [-87.90707800013851, 43.099224000157605], [-87.9070920003822, 43.09870800008899]]]}, "properties": {"id": "covered-us-wi-shorewood", "status": "covered", "jurisdiction": "Shorewood", "country_id": "us", "state_id": "wi", "area_type": "city", "note": "Covered by public tree inventory for Shorewood; geometry from official jurisdiction boundary."}}, {"type": "Feature", "geometry": {"type": "MultiPolygon", "coordinates": [[[[-87.88209399976103, 42.893761999912066], [-87.88210200015695, 42.89357699983174], [-87.88104199979978, 42.89357299975984], [-87.87786199962662, 42.89356300023707], [-87.87680200016776, 42.893559999853444], [-87.87654199987676, 42.893559000164274], [-87.87576299972699, 42.89355599978043], [-87.87550400015922, 42.89355599978043], [-87.87486300010171, 42.89355399974382], [-87.8729409997541, 42.893548000291744], [-87.87230100041984, 42.89354600025492], [-87.87170499966986, 42.89353499972195], [-87.86991799993977, 42.893502999775855], [-87.86932299991302, 42.89349300024174], [-87.86875999967332, 42.89348199969931], [-87.86731299970188, 42.89345700019439], [-87.86707099985253, 42.89345199976566], [-87.86650799961285, 42.89344299991434], [-87.86617500042522, 42.89343699979334], [-87.86517600016744, 42.89341900008501], [-87.86484399990641, 42.893412999961726], [-87.86473500012647, 42.89341099992046], [-87.86440799988833, 42.8934049997964], [-87.86429999993328, 42.89340400010471], [-87.8641390002748, 42.8934009997133], [-87.86365899987578, 42.893391999854536], [-87.86349900004221, 42.89338999981264], [-87.86272300026549, 42.89337499982524], [-87.86039699968684, 42.89333300023603], [-87.85962199973503, 42.893318999927885], [-87.85819400003015, 42.893295000050294], [-87.8539090001923, 42.893226000103446], [-87.85248200031232, 42.8932040002377], [-87.85164999956079, 42.89318799985179], [-87.84915400000115, 42.89313999998533], [-87.84896800022833, 42.89313700023925], [-87.84832299997284, 42.893124999937164], [-87.84736399989802, 42.893129000038115], [-87.84739400003527, 42.89321999996138], [-87.84741199957858, 42.89330599996794], [-87.84743199967009, 42.89337600017553], [-87.84746000015748, 42.89349300024174], [-87.84747100002815, 42.893574000106916], [-87.84747400040119, 42.89359799987588], [-87.84750700001317, 42.89369099979744], [-87.84751000038621, 42.89375500013615], [-87.84753899980022, 42.893811000295734], [-87.84754899984596, 42.89387499985179], [-87.84756800011252, 42.89393000021926], [-87.84755999971661, 42.89397099971941], [-87.84757200031048, 42.894073000155444], [-87.84761699961803, 42.89416199998514], [-87.8476500001283, 42.89427099982339], [-87.84767100004468, 42.89432599983774], [-87.84770100018193, 42.89438499982247], [-87.84771799990035, 42.89446100014355], [-87.84773200014406, 42.89449199991856], [-87.84772899977101, 42.89453699971279], [-87.84769699998395, 42.89459299982041], [-87.84770899967953, 42.89470200021314], [-87.84771100022766, 42.89477200015243], [-87.84771600025051, 42.89480099977493], [-87.84773399979387, 42.89488700020923], [-87.84776599958093, 42.8949469999821], [-87.84777200032703, 42.89501000000979], [-87.8477999999161, 42.89508499989619], [-87.8478269996803, 42.8951479997829], [-87.84785199979466, 42.89526400011631], [-87.84786100001548, 42.89543200028038], [-87.84787899955883, 42.895611999807294], [-87.84790100019845, 42.89569999973576], [-87.84791500044217, 42.89587799983539], [-87.84794200020634, 42.89595899985852], [-87.84794200020634, 42.895981999707594], [-87.84795899992478, 42.89604800025687], [-87.84794100038141, 42.89607800024389], [-87.84784199974891, 42.89612300019702], [-87.84781099978676, 42.89614400003231], [-87.84779599971816, 42.89617500027751], [-87.84778099964954, 42.8962270003141], [-87.84777800017481, 42.89627699970046], [-87.84778700039564, 42.896329000309194], [-87.84780499993899, 42.89636800024333], [-87.84780900013695, 42.89644099985136], [-87.84782300038064, 42.896547000029784], [-87.84783000005335, 42.89670599995583], [-87.84784000009908, 42.89675300004173], [-87.84785799964244, 42.89681400026778], [-87.84787899955883, 42.89690300009019], [-87.84788600012983, 42.8969570000973], [-87.84790899969606, 42.89705099985061], [-87.84790600022133, 42.89709799967355], [-87.84788799977964, 42.89715400008788], [-87.84787699990902, 42.897214000287335], [-87.84785799964244, 42.89725500023652], [-87.84783199970316, 42.89727100022533], [-87.84781099978676, 42.89731200013661], [-87.8477999999161, 42.897425000152275], [-87.84779099969529, 42.897481000269636], [-87.84776700030416, 42.89752900004771], [-87.8476869999382, 42.89763900013858], [-87.84766299964876, 42.8976860001714], [-87.84764900030336, 42.89773300016844], [-87.84755499969373, 42.89774799975387], [-87.8474540003097, 42.89778300030792], [-87.8474609999824, 42.89780800003344], [-87.84735800005025, 42.89781100021039], [-87.84735399985229, 42.89784200027565], [-87.8472140001102, 42.89782000008235], [-87.84720999991225, 42.89791700000808], [-87.84723000000372, 42.89793900016678], [-87.84731700004235, 42.897944999849706], [-87.84731700004235, 42.89798599997093], [-87.8473060001717, 42.89799999987768], [-87.84724800044538, 42.898004999937584], [-87.8472490002703, 42.89803000023118], [-87.84724099987437, 42.898040999962284], [-87.84721999995799, 42.898051999691475], [-87.84718700034603, 42.89805499985657], [-87.84714799998795, 42.898056999747155], [-87.84713200009443, 42.898051999691475], [-87.84709600010942, 42.898008000104994], [-87.84709100008654, 42.89795499997811], [-87.8470879997135, 42.89792099979821], [-87.84708299969063, 42.897821999980614], [-87.8470729996449, 42.89779799988124], [-87.84702400013938, 42.897792000183955], [-87.84698099958338, 42.89780499985634], [-87.8469759995605, 42.89781600028567], [-87.8469610003902, 42.897846999690316], [-87.84695700019223, 42.89786399980297], [-87.84695499964411, 42.89787700011826], [-87.84695499964411, 42.897894000222685], [-87.84695999966699, 42.89792799975938], [-87.8469689998878, 42.89795300008416], [-87.84697100043596, 42.89798599997093], [-87.8469680000629, 42.89802000011499], [-87.84695200016938, 42.89806899974761], [-87.84694999962123, 42.89812499993819], [-87.84696200021513, 42.89816400005267], [-87.8469689998878, 42.898206000300156], [-87.84700499987282, 42.8983120000769], [-87.8470939995613, 42.89850899968697], [-87.84709699993432, 42.89852899975917], [-87.84713799994222, 42.89876400012165], [-87.84714999963778, 42.898849000032165], [-87.8471940000187, 42.898918999870496], [-87.84719999986648, 42.898989000287436], [-87.84719999986648, 42.899032999831974], [-87.84719499984362, 42.89914999969454], [-87.84716600042962, 42.89922700032098], [-87.84710399960703, 42.89937200032515], [-87.84708699988857, 42.89943400018655], [-87.84700800024588, 42.899512000051], [-87.84692799987994, 42.899600999927664], [-87.84691100016148, 42.89963100016029], [-87.84690399959047, 42.89967699974282], [-87.84690399959047, 42.89978099978835], [-87.84690199994066, 42.89992500021988], [-87.84690100011575, 42.900006000191425], [-87.84688900042019, 42.90012699982882], [-87.8468629995826, 42.90022100001415], [-87.84680499985629, 42.90043500016752], [-87.8467849997648, 42.90050699999062], [-87.84667799963466, 42.900654000081275], [-87.8466159997104, 42.90078999992467], [-87.8466090000377, 42.900874999674464], [-87.84657300005269, 42.900903999717116], [-87.84651399960315, 42.90095099989345], [-87.84648099999117, 42.90101999975133], [-87.8464969998847, 42.90110499984209], [-87.8465389997175, 42.90129599972688], [-87.84653399969463, 42.901364000294066], [-87.84651600015127, 42.90148099968163], [-87.84648699983896, 42.901613000124534], [-87.84647099994544, 42.90169300029535], [-87.84644199963313, 42.90188900007765], [-87.8463839999068, 42.902090000281575], [-87.84632000033271, 42.90223999984968], [-87.84621300020258, 42.90262799977689], [-87.84606699971438, 42.90275699980203], [-87.84596499960715, 42.90291799989848], [-87.84589299963713, 42.90312899998508], [-87.8458490001545, 42.903261000189715], [-87.84559800008434, 42.903627000176215], [-87.84536999958038, 42.903888000263215], [-87.84513399957885, 42.90405000021531], [-87.84493600011044, 42.90423199993796], [-87.84479800001817, 42.90430799996685], [-87.8446449998573, 42.90439899984352], [-87.84458299993302, 42.90442400017659], [-87.84448500002374, 42.90445199969533], [-87.84441399987863, 42.90446499993757], [-87.84435799980213, 42.90447100030151], [-87.8443069997485, 42.90445999974345], [-87.84426200044098, 42.90444499981683], [-87.84421200021225, 42.904416000123746], [-87.84413900041733, 42.90438100004488], [-87.8440530002036, 42.90436600009898], [-87.84400200014998, 42.904363999755], [-87.8439689996397, 42.904370000128786], [-87.84387900012632, 42.904394000302084], [-87.84377799984398, 42.904416000123746], [-87.84369699965313, 42.904424999689574], [-87.84362899988106, 42.90444000027912], [-87.84356399958374, 42.90446700027827], [-87.84353699981956, 42.90451300020085], [-87.84351000005539, 42.90457399998804], [-87.8434840001161, 42.9046070002792], [-87.84342300001676, 42.90465700010849], [-87.84337699998598, 42.90469200003066], [-87.84330500001597, 42.9047280000991], [-87.84329499997024, 42.904734999945454], [-87.84325999981013, 42.90476199981539], [-87.84321299995447, 42.90481500001314], [-87.84318899966502, 42.904868000165315], [-87.84317799979436, 42.90491600011482], [-87.84318399964214, 42.90494800006041], [-87.84321100030465, 42.90497099984651], [-87.84324599956643, 42.90498200031338], [-87.8433209999095, 42.90499700010934], [-87.84336000026755, 42.90501199990171], [-87.84338700003174, 42.90503699998619], [-87.84340200010037, 42.90505800007563], [-87.84340200010037, 42.90509399993032], [-87.84337500033617, 42.90512999976395], [-87.84335400041977, 42.90514900016122], [-87.84332400028255, 42.905162999757536], [-87.84330400019105, 42.90516500007559], [-87.84323100039613, 42.90515400029938], [-87.84315699987796, 42.90514599968331], [-87.84310800037248, 42.9051440000226], [-87.84307200038747, 42.90514900016122], [-87.84300500044031, 42.90517300003125], [-87.84298600017374, 42.90517999982708], [-87.84296600008226, 42.90519299991579], [-87.84294199979281, 42.905208000318424], [-87.84293299957197, 42.905216000268496], [-87.84290099978492, 42.905246999900655], [-87.84288999991429, 42.90527899967442], [-87.84292500007437, 42.90528499995914], [-87.84300500044031, 42.90529900018259], [-87.84304300007516, 42.905304999807406], [-87.84308200043321, 42.90532000018278], [-87.84321299995447, 42.905375999709655], [-87.84326800020604, 42.90539899999408], [-87.84331900025967, 42.9054210001151], [-87.8433500002218, 42.90543400015299], [-87.84345800017685, 42.90548399996948], [-87.84366499986608, 42.905580000187854], [-87.84367099971385, 42.90559099988805], [-87.843665999691, 42.90559999994041], [-87.84352400029908, 42.90585899993278], [-87.8435469998653, 42.90587000024119], [-87.84360700013976, 42.90589399983052], [-87.84358399967523, 42.905919999704054], [-87.84357000032983, 42.9059180000685], [-87.84352799959872, 42.90590799991565], [-87.84350000000964, 42.90589700027203], [-87.8434830002912, 42.90588700011576], [-87.84344899995601, 42.905875999810384], [-87.84330400019105, 42.90582799995036], [-87.84306300016662, 42.90574900003083], [-87.84305300012089, 42.90576599993877], [-87.84303300002941, 42.90580300018667], [-87.84330900021394, 42.90589100004687], [-87.8434120001461, 42.90592400029103], [-87.84339500042765, 42.90594600022464], [-87.84338700003174, 42.90595699985952], [-87.84334799967367, 42.906008000055195], [-87.84330599984088, 42.906063000128626], [-87.8432930003204, 42.906078000319596], [-87.84328300027465, 42.90609000007492], [-87.84325399996234, 42.90612399969804], [-87.84319000038826, 42.90617199998557], [-87.8431309999387, 42.90620100016857], [-87.84309800032672, 42.906221999861486], [-87.84305700031885, 42.906265000025066], [-87.84300299989219, 42.90630099983286], [-87.84299200002152, 42.90631700010623], [-87.84296899955699, 42.90634200031948], [-87.8424560004443, 42.90621400004201], [-87.84227300014622, 42.9061680000727], [-87.84223399978815, 42.90615699981751], [-87.84212099981025, 42.90612800027177], [-87.84207099958154, 42.906082000238264], [-87.84202399972587, 42.90602600003678], [-87.8420110002054, 42.90601199997845], [-87.84198000024324, 42.90594399993192], [-87.84194599990806, 42.905842000050484], [-87.8419199999688, 42.905743999940924], [-87.84190300025035, 42.90567200031171], [-87.8418999998773, 42.90565599987087], [-87.8419049999002, 42.905631000037474], [-87.84195000010604, 42.905533000250436], [-87.84201000038048, 42.90541599999854], [-87.84206399990883, 42.90535599988448], [-87.84218199990961, 42.905283000302994], [-87.84222799994036, 42.90525499984567], [-87.84236699985755, 42.905170000212465], [-87.84241799991118, 42.905100999735126], [-87.84245700026923, 42.9050800003183], [-87.84258299976761, 42.905014000224654], [-87.84276000021794, 42.90497399967493], [-87.84238699994903, 42.90431399968807], [-87.84223999963594, 42.90431600003367], [-87.8422659995752, 42.904436000253874], [-87.84225399987965, 42.90459800008192], [-87.84230199956022, 42.90477099998873], [-87.84232599984965, 42.90488500031621], [-87.84227800016909, 42.90499899977482], [-87.8421869999325, 42.90511799982177], [-87.84206599955866, 42.905190000098024], [-87.84192199961862, 42.905286000116234], [-87.84182600025747, 42.90542699972799], [-87.8417109997314, 42.905737000209136], [-87.84170800025669, 42.90578500014001], [-87.84170300023382, 42.90581100005953], [-87.84162899971567, 42.90598899992274], [-87.84160299977638, 42.90604299986833], [-87.84153199963127, 42.90618499986509], [-87.8414689998821, 42.906258999835686], [-87.84130900004851, 42.906394999816776], [-87.84129499980482, 42.906421000137], [-87.84129700035295, 42.906432999825604], [-87.84133699963762, 42.906437999859634], [-87.84142299985133, 42.906438999998], [-87.84144200011792, 42.90642899992966], [-87.84145600036162, 42.90644199975498], [-87.84147999975275, 42.90645199982121], [-87.84151900011081, 42.906485999902664], [-87.84155199972277, 42.90650700015649], [-87.84160299977638, 42.906523999855395], [-87.84167999976928, 42.906531000155816], [-87.84175400028744, 42.90654000007088], [-87.84182700008238, 42.90654500009627], [-87.84190999992306, 42.90656199978471], [-87.84193099983945, 42.90656599967201], [-87.84196500017462, 42.906572999967615], [-87.84203799996958, 42.906586999898536], [-87.8421109997645, 42.90658900017044], [-87.84220500037415, 42.90657099969525], [-87.84224999968168, 42.90655900003356], [-87.84229800026057, 42.90655199973632], [-87.8423419997432, 42.9065540000093], [-87.8423989996446, 42.90654199968631], [-87.84242799995691, 42.90651999996536], [-87.84244899987331, 42.906499999853345], [-87.8425459999577, 42.906437999859634], [-87.8425669998741, 42.90643100020664], [-87.84261499955467, 42.906436999721286], [-87.84269300027077, 42.90645400009748], [-87.8427309999056, 42.90646599977961], [-87.84276900043876, 42.906482000010165], [-87.84284800008149, 42.90652700026624], [-87.8428770003938, 42.9065479998481], [-87.84294599999077, 42.90658900017044], [-87.84300200006727, 42.90661499975084], [-87.84309999997654, 42.90665499989376], [-87.84317799979436, 42.906687000252596], [-87.84326800020604, 42.90672500008142], [-87.84329199959718, 42.90673799984431], [-87.84331400023679, 42.906760000145454], [-87.84332599993238, 42.90679600032216], [-87.84334000017607, 42.90682299994741], [-87.84335600006958, 42.906855000219025], [-87.84339200005459, 42.90689599967918], [-87.8434120001461, 42.90692500017956], [-87.84343999973518, 42.906944000023564], [-87.84347599972018, 42.90696600025114], [-87.84353500016974, 42.907002000307536], [-87.84359100024624, 42.90703100010012], [-87.84370800042211, 42.90707800021139], [-87.84376600014842, 42.90710800009569], [-87.84383599957032, 42.907145000196074], [-87.84393799967756, 42.90719899978696], [-87.84398299988341, 42.90722599989368], [-87.8441450002651, 42.90732499974517], [-87.84418999957263, 42.90735900000304], [-87.8442439999993, 42.90738700016268], [-87.84431000012155, 42.90742099972841], [-87.84441600042675, 42.90748799999821], [-87.84443399997011, 42.90750199972133], [-87.8444969997193, 42.90754900013147], [-87.84451699981079, 42.90755900001812], [-87.8445040002903, 42.90758200014603], [-87.84445300023668, 42.907633999774205], [-87.84439200013732, 42.90759499972819], [-87.84432400036525, 42.907554000074974], [-87.84426300026587, 42.90752499987051], [-87.84423499977846, 42.907507000326625], [-87.84421800006004, 42.90749400006792], [-87.84415600013575, 42.907458999762696], [-87.84410199970908, 42.90743199975804], [-87.8440809997927, 42.90743100029376], [-87.84406400007425, 42.90742799992692], [-87.8440110003708, 42.907410999819376], [-87.84392599998199, 42.90736600020864], [-87.84384700033927, 42.9073259998691], [-87.84378600023992, 42.90729499996648], [-87.84372099994258, 42.90725799995613], [-87.84362700023125, 42.90720300029092], [-87.84351799955299, 42.907151000299166], [-87.8433989997273, 42.907109000223144], [-87.8433629997423, 42.90710400024355], [-87.84329800034328, 42.90708900030223], [-87.84326400000808, 42.907085999918735], [-87.84319700006093, 42.907073999699314], [-87.84315500022814, 42.90706100000728], [-87.8430890001059, 42.90703999994218], [-87.8430749998622, 42.90703399982829], [-87.8430179999608, 42.907007999766606], [-87.842976000128, 42.906995000060654], [-87.84294900036382, 42.906983999953], [-87.84290300033307, 42.90696699972296], [-87.84286200032518, 42.906945000153684], [-87.84280200005074, 42.90691500019006], [-87.84277100008858, 42.906900999675685], [-87.84272400023293, 42.9068829999496], [-87.84262200012566, 42.906865000218254], [-87.84249999992693, 42.90683500021569], [-87.84222299991748, 42.906760000145454], [-87.84185999969434, 42.90665300028205], [-87.841293000155, 42.90650800029375], [-87.84113999999411, 42.90645400009748], [-87.84059299964794, 42.90628599969613], [-87.84057099990665, 42.906296999928344], [-87.84057199973154, 42.90632399977216], [-87.84055900021107, 42.90633399985753], [-87.84054800034042, 42.90634699970288], [-87.8405399999445, 42.90636900014358], [-87.8405399999445, 42.906388000158906], [-87.84054800034042, 42.90640099999287], [-87.84055800038615, 42.90640800030726], [-87.84060199986878, 42.90643100020664], [-87.84066200014323, 42.906441000274654], [-87.8406880000825, 42.906447999926506], [-87.84073199956512, 42.90659199992012], [-87.84077000009826, 42.906736999710844], [-87.84078500016689, 42.90681500020589], [-87.84078500016689, 42.906877999951675], [-87.84079000018974, 42.90691199979811], [-87.84081399958089, 42.907078999681396], [-87.84083700004541, 42.907307000142886], [-87.84084000041847, 42.90744799973785], [-87.84084000041847, 42.90767000009845], [-87.84084100024337, 42.90781600010135], [-87.84083700004541, 42.90789799968992], [-87.84083000037272, 42.90807499999468], [-87.8408219999768, 42.90817100012584], [-87.8408079997331, 42.908331999900426], [-87.84080699990818, 42.90839899983805], [-87.8408010000604, 42.9084840002826], [-87.8407790003191, 42.90864600000018], [-87.84075599985457, 42.9087529996939], [-87.84075400020475, 42.90880400020816], [-87.8407669997252, 42.9091789997134], [-87.84076500007538, 42.909262000213104], [-87.84077400029622, 42.909438999890874], [-87.84079600003754, 42.90959800012707], [-87.8408079997331, 42.909817999814756], [-87.84080400043345, 42.90988999986502], [-87.84077500012114, 42.91013100016141], [-87.840772999573, 42.91021999984152], [-87.84076199970234, 42.91036500030924], [-87.84074499998391, 42.91041099977828], [-87.84075300037983, 42.910609999689136], [-87.84073599976307, 42.91078000028437], [-87.84066200014323, 42.911050000266066], [-87.8405819997773, 42.91124900008751], [-87.840483999868, 42.91143699995355], [-87.84044799988298, 42.9115069999741], [-87.84041100007306, 42.91156299980173], [-87.84036199966926, 42.91163100022896], [-87.8403369995549, 42.91167299985543], [-87.84031300016377, 42.91172499997996], [-87.84028399985147, 42.911823999842724], [-87.84026499958489, 42.9119309999409], [-87.84024500039172, 42.91210599975644], [-87.84019900036095, 42.912262000218234], [-87.8401819997442, 42.91229799981323], [-87.84013999991141, 42.912383000144246], [-87.84009300005576, 42.91245100032467], [-87.83996500000923, 42.912580000189806], [-87.8399149997805, 42.91262499994153], [-87.83983399958966, 42.91268700029133], [-87.83974699955102, 42.91274799988483], [-87.83968600034997, 42.91278799999532], [-87.83962400042569, 42.91282800007988], [-87.839534000014, 42.912879999887835], [-87.83946500041704, 42.9129230000122], [-87.83933999984525, 42.912984000029994], [-87.83929399981449, 42.91300900017087], [-87.83926100020253, 42.91303000017609], [-87.83925700000458, 42.91304099986265], [-87.83925899965439, 42.91307999975241], [-87.83927200007318, 42.913161000203736], [-87.83929200016466, 42.913201000046215], [-87.8393089998831, 42.91325000011393], [-87.83931200025616, 42.91331099980807], [-87.83929899983737, 42.91339900013414], [-87.83932300012681, 42.913503000058405], [-87.83933499982238, 42.91358499997615], [-87.83933200034764, 42.91366699978483], [-87.83936199958656, 42.91378600020365], [-87.839393000447, 42.91391599992316], [-87.83939500009683, 42.913953999900706], [-87.83942000021118, 42.91399699993358], [-87.83942000021118, 42.91404099995148], [-87.83945299982315, 42.91416699973929], [-87.83947200008973, 42.91426600028467], [-87.83947100026481, 42.91432600027861], [-87.83944699997538, 42.91447799969489], [-87.83944600015046, 42.91455700026925], [-87.83943799975455, 42.91464300012142], [-87.83942900043202, 42.914740999898534], [-87.83941699983814, 42.914816000126145], [-87.83941799966304, 42.91489500026721], [-87.83944699997538, 42.914928000296115], [-87.83947299991465, 42.91494300030343], [-87.83950300005186, 42.91498700030381], [-87.83959400028847, 42.915053000245464], [-87.83965200001478, 42.915119000116476], [-87.83971300011416, 42.9151629999912], [-87.83981699987122, 42.91527300019845], [-87.83987700014569, 42.91531699996316], [-87.83993700042014, 42.91538300020933], [-87.83999599997136, 42.915426999895516], [-87.84008600038305, 42.91551499983162], [-87.84022899959987, 42.91567500017096], [-87.84025000041458, 42.915712999721755], [-87.8403640002174, 42.915829000179215], [-87.84054499996736, 42.91606599969216], [-87.84055699966292, 42.91608200006223], [-87.84058000012747, 42.91610700026211], [-87.84065100027259, 42.91618700004411], [-87.84070800017399, 42.916259999869716], [-87.84076000005253, 42.91632899969746], [-87.84080600008328, 42.9164049999427], [-87.8408510002891, 42.91648799992162], [-87.84088300007616, 42.91655700015197], [-87.84090900001544, 42.916616999888994], [-87.84094500000046, 42.916690999835076], [-87.84098199981037, 42.91676299975063], [-87.84102399964317, 42.91683600020962], [-87.8410749996968, 42.91691399976638], [-87.84111200040502, 42.9169790003084], [-87.84115400023782, 42.91704300015768], [-87.84121500033719, 42.917137000206395], [-87.84124899977408, 42.91718599977604], [-87.8413070003987, 42.917274999794216], [-87.84134400020861, 42.91733999995543], [-87.84137900036873, 42.91738999998218], [-87.84140000028512, 42.91741600026953], [-87.84143600027014, 42.91746299969838], [-87.84147800010294, 42.91750999974925], [-87.84152900015654, 42.91757199978954], [-87.84156900033952, 42.91762099967116], [-87.84161799984501, 42.917680999687896], [-87.84164999963207, 42.91772600032], [-87.84168700034029, 42.91777500007911], [-87.84172599980003, 42.91782700031791], [-87.84176299960997, 42.91787500004394], [-87.84188399998378, 42.91803300027602], [-87.84191800031898, 42.918085000297076], [-87.84195099993094, 42.91813600032575], [-87.84198600009103, 42.91818800025989], [-87.842018999703, 42.91823700030948], [-87.84209099967302, 42.918341999908655], [-87.84212699965803, 42.91839099983578], [-87.84216299964305, 42.918439999724], [-87.84219699997824, 42.91849000017385], [-87.84223899981103, 42.91854099986731], [-87.84228800021484, 42.9186040001269], [-87.84233900026844, 42.918672000021516], [-87.84238100010126, 42.9187250001002], [-87.84242200010914, 42.918777000195156], [-87.84246300011701, 42.91883699974412], [-87.8424980002771, 42.91889300014758], [-87.84253099988908, 42.91894999977769], [-87.8425669998741, 42.91900199968275], [-87.84260799988196, 42.9190650001288], [-87.84268400004996, 42.91915400006449], [-87.84271800038515, 42.91920399993495], [-87.8427860001572, 42.9193150000945], [-87.84281799994426, 42.91937299992054], [-87.8428709996477, 42.91945000028578], [-87.84292000005149, 42.91953499996204], [-87.84300000041743, 42.91967400002362], [-87.8430460004482, 42.91975199993501], [-87.84308099970997, 42.91981099992889], [-87.84311800041823, 42.919869999866286], [-87.84313000011377, 42.91989100016487], [-87.84320499955854, 42.9200140000784], [-87.84321200012954, 42.92002499983408], [-87.84325200031252, 42.92008600005822], [-87.84328499992449, 42.92014299990038], [-87.84337299978803, 42.92028999987312], [-87.84340700012322, 42.92033900022462], [-87.84344300010824, 42.92039200018507], [-87.84346800022259, 42.920433999761435], [-87.8434830002912, 42.92047500005637], [-87.84351699972808, 42.92053599983505], [-87.84357299980458, 42.92064100012137], [-87.84360100029198, 42.920694999729086], [-87.84364300012477, 42.92077799985005], [-87.84368300030775, 42.920857000241746], [-87.84371199972175, 42.92092100001017], [-87.84374799970676, 42.92099300024573], [-87.84379100026277, 42.92108899999045], [-87.84381800002696, 42.921148999919374], [-87.84384200031641, 42.921213999940946], [-87.84386400005769, 42.921272999850494], [-87.84387099973041, 42.92128599983416], [-87.84389500001986, 42.9213590001973], [-87.84391799958607, 42.92143299971118], [-87.84393900040078, 42.92149899998493], [-87.84395799976905, 42.921554999942416], [-87.84397500038578, 42.92160900006474], [-87.8439970001271, 42.921676999932124], [-87.8440110003708, 42.92173699994627], [-87.84403599958684, 42.92179799979112], [-87.84405599967833, 42.92186600010769], [-87.84407999996776, 42.92193700000993], [-87.84411599995278, 42.92201299991653], [-87.84412500017362, 42.92205000027858], [-87.8441310000214, 42.92207500003056], [-87.84413600004429, 42.92210300008286], [-87.84414799973983, 42.92217000017976], [-87.84414899956475, 42.92218600028049], [-87.84415500031085, 42.92222600018519], [-87.84416100015864, 42.92229200026726], [-87.84416199998354, 42.922359000158615], [-87.84415500031085, 42.922407000301114], [-87.84413900041733, 42.92249299972279], [-87.84410000005927, 42.922628000186755], [-87.84406200042443, 42.92268000027682], [-87.84400100032506, 42.922715999706234], [-87.84388499997411, 42.92274400012499], [-87.84386599970753, 42.922753000303906], [-87.8438630002328, 42.92276699984862], [-87.84386599970753, 42.922781000048026], [-87.84387699957819, 42.92281100018263], [-87.84389699966968, 42.92284200017482], [-87.84392099995911, 42.922869999878486], [-87.84399999960183, 42.92299100002571], [-87.8440880003637, 42.923174000258975], [-87.84415600013575, 42.92332200010034], [-87.84418000042521, 42.92334699999403], [-87.84421700023512, 42.923366000037966], [-87.84427099976348, 42.92337799971652], [-87.84428800038023, 42.923388000323875], [-87.84426900011367, 42.92340499997136], [-87.84424999984708, 42.92344100029276], [-87.84424800019727, 42.923462000032], [-87.84426400009079, 42.92357500013475], [-87.84426400009079, 42.9236640001338], [-87.84426699956552, 42.92371500014923], [-87.84430900029663, 42.92384400011591], [-87.84435399960417, 42.924007999948664], [-87.84439700016017, 42.924120999707725], [-87.84444999986364, 42.9242360002743], [-87.84449099987151, 42.92433499977212], [-87.84453500025246, 42.92440100022598], [-87.84455500034393, 42.924445000050774], [-87.84456899968932, 42.92447099999228], [-87.84460499967433, 42.92453000007177], [-87.8446380001846, 42.92457899968236], [-87.84466499994879, 42.92462499972428], [-87.8447140003526, 42.924724999754226], [-87.84474100011677, 42.92478599992953], [-87.84478899979733, 42.924884999859096], [-87.84486699961514, 42.92509400006492], [-87.84490599997321, 42.925197000151044], [-87.84491099999607, 42.925213999957094], [-87.84492799971451, 42.925283000282576], [-87.84493399956229, 42.92531799967455], [-87.84496899972241, 42.92550299988916], [-87.84501499975316, 42.92568699972214], [-87.84501899995111, 42.9257399996865], [-87.84505499993612, 42.925888999763956], [-87.84507599985253, 42.92594600015736], [-87.8451019997918, 42.92600100019851], [-87.8451670000891, 42.92614400007566], [-87.8451939998533, 42.92622799990853], [-87.84522300016563, 42.92629100020132], [-87.84524599973184, 42.92634500011911], [-87.84531799970186, 42.92655399997602], [-87.84534399964112, 42.92661900021496], [-87.84538100034936, 42.92672600027679], [-87.84540800011354, 42.926793999758466], [-87.84547699971053, 42.92695800028884], [-87.84552199991636, 42.92708499977794], [-87.8455739997949, 42.92725900017036], [-87.8456020002823, 42.92736700023474], [-87.8456309996963, 42.92746599996303], [-87.84564199956696, 42.927546000125474], [-87.84566000000862, 42.92760400009607], [-87.84567099987927, 42.92767599975683], [-87.84569500016873, 42.927757000096726], [-87.84570900041243, 42.92790100029185], [-87.84573500035171, 42.92801100012273], [-87.84574799987216, 42.92816699978527], [-87.84585800037534, 42.9287100001086], [-87.84588099994156, 42.9288100000847], [-87.8458900001624, 42.9288800001029], [-87.84592299977434, 42.9290349997662], [-87.84592799979723, 42.92907900022755], [-87.84593700001805, 42.929191999893206], [-87.84595700010955, 42.92924599989884], [-87.84597200017815, 42.9293160000793], [-87.84596999963003, 42.92933300006414], [-87.84597999967576, 42.929418999683385], [-87.84599300009457, 42.9295139996892], [-87.84598800007169, 42.92962699987225], [-87.84597100035325, 42.929827999732055], [-87.84597100035325, 42.92984999968345], [-87.84597100035325, 42.92993500013925], [-87.84596999963003, 42.93012699989371], [-87.84599499974438, 42.93012699989371], [-87.84601200036113, 42.93012900005928], [-87.84598499969863, 42.930198999893975], [-87.84670399957395, 42.93018599981795], [-87.8488610000982, 42.930147000231074], [-87.8495809997984, 42.93013499989787], [-87.84979900025662, 42.93013199997867], [-87.85045200000968, 42.93012399997408], [-87.8506710002928, 42.93012199980834], [-87.85089800007353, 42.9301210000543], [-87.85158099996382, 42.9301210000543], [-87.85180899956946, 42.9301210000543], [-87.85184999957734, 42.93012000030028], [-87.85197599997403, 42.930110000128], [-87.85201799980683, 42.93012000030028], [-87.85276799964427, 42.930118999888464], [-87.85501999970477, 42.930115999968486], [-87.85577100026543, 42.930115999968486], [-87.85580499970231, 42.93011300004832], [-87.8567810003939, 42.93011099988223], [-87.85981300042906, 42.93010400028699], [-87.86082400038242, 42.930102999874904], [-87.86089600035244, 42.930102000120606], [-87.86111499973724, 42.930099000199746], [-87.86118800043047, 42.930099000199746], [-87.86127499957081, 42.930097999787584], [-87.86153599968671, 42.93009499986659], [-87.86162400044859, 42.93009499986659], [-87.86189499971191, 42.9300919999454], [-87.8627109996716, 42.93008399993561], [-87.86298299965817, 42.93008199976857], [-87.86310900005488, 42.93008000025922], [-87.86341299982848, 42.93007800009205], [-87.86348899999648, 42.93007699967955], [-87.86361600021807, 42.93007599992482], [-87.8638789999838, 42.9300730000027], [-87.86437799975108, 42.9300690003256], [-87.86443899985046, 42.930065999745395], [-87.86449999994983, 42.930067000158076], [-87.86467099965404, 42.93006499999044], [-87.86493500014299, 42.930062999822795], [-87.86519399971078, 42.930059999900095], [-87.86597200003563, 42.930051999886146], [-87.86623200032663, 42.93004999971807], [-87.86648199967357, 42.93004699979468], [-87.86723099968611, 42.93004000019217], [-87.86748199975627, 42.93003800002371], [-87.86786800044396, 42.93003399968659], [-87.86902499998719, 42.9300219999891], [-87.86941199960148, 42.930018000308635], [-87.86953399980021, 42.9300169998952], [-87.86983000007622, 42.93001600013946], [-87.86990000039643, 42.930014999726005], [-87.87002300042008, 42.930014999726005], [-87.87007799977334, 42.93001399997022], [-87.87024600000285, 42.93001300021447], [-87.87030200007933, 42.93001300021447], [-87.8705029999208, 42.93001300021447], [-87.87058099973859, 42.93001399997022], [-87.8711089998182, 42.93001399997022], [-87.87131100038287, 42.930014999726005], [-87.87149299995775, 42.930014999726005], [-87.87204100012883, 42.93001600013946], [-87.87222400042694, 42.9300169998952], [-87.87228399980309, 42.9300169998952], [-87.87246399972814, 42.9300169998952], [-87.87252499982752, 42.9300169998952], [-87.87302899961767, 42.930018000308635], [-87.87454099988645, 42.93002100023343], [-87.87496500020897, 42.9300219999891], [-87.87504600039983, 42.9300219999891], [-87.87533199973178, 42.9300219999891], [-87.87619100024749, 42.930024000158085], [-87.87647800030267, 42.93002499991371], [-87.87732299967637, 42.930026000327004], [-87.87985799959408, 42.9300300000069], [-87.88070399969098, 42.93003200017567], [-87.88084099995832, 42.93003200017567], [-87.8812540004102, 42.93003200017567], [-87.8813520003195, 42.93003200017567], [-87.88139199960416, 42.93003200017567], [-87.8813730002359, 42.92973199979248], [-87.88131899980921, 42.92883300017462], [-87.88130100026588, 42.92853400030887], [-87.8813179999843, 42.92826099996461], [-87.88133100040311, 42.92806600029339], [-87.881324999657, 42.927442000222875], [-87.88132300000717, 42.92716900030092], [-87.88131999963413, 42.92692800020037], [-87.88131399978636, 42.92620599997904], [-87.88131200013653, 42.92596599987902], [-87.88130700011365, 42.925480999700746], [-87.88129299986996, 42.9240280002995], [-87.881288999672, 42.923543999853614], [-87.88128700002218, 42.923365000174265], [-87.8812819999993, 42.92283200013661], [-87.88128100017437, 42.922654000237266], [-87.88127899962625, 42.92244399976866], [-87.88127600015152, 42.921817000312764], [-87.88127600015152, 42.92160800017253], [-87.8812750003266, 42.92152900008594], [-87.88127199995355, 42.92129199987625], [-87.88127199995355, 42.921213999940946], [-87.8812679997556, 42.92075699985375], [-87.88125600006002, 42.91938499971895], [-87.88125199986206, 42.91892899981621], [-87.88124400036446, 42.91822299973539], [-87.88122000007503, 42.91610600028065], [-87.8812119996791, 42.915401000084735], [-87.88121900025011, 42.91522099977805], [-87.88124099999142, 42.91468200031322], [-87.88124900038733, 42.91450299988758], [-87.88125600006002, 42.914327000289], [-87.88127799980134, 42.91379999981214], [-87.88128600019725, 42.91362500020135], [-87.88129299986996, 42.91344900006902], [-87.88131499961126, 42.9129230000122], [-87.88132300000717, 42.91274799988483], [-87.88132999967986, 42.912571999879624], [-87.88135099959626, 42.9120460002328], [-87.88135899999219, 42.91187100024688], [-87.88136599966488, 42.91169100015656], [-87.88138900012942, 42.91115100002099], [-87.88139699962701, 42.9109719998665], [-87.88141199969563, 42.91060900027638], [-87.88145699990149, 42.90952300012886], [-87.88147299979501, 42.909160999994526], [-87.88148100019093, 42.90895499998677], [-87.8815070001302, 42.908337999888026], [-87.88151600035104, 42.90813299987244], [-87.88152700022167, 42.90786300027208], [-87.88155999983363, 42.90705499989543], [-87.88157200042752, 42.90678600031173], [-87.88157499990226, 42.90670399990186], [-87.881584999948, 42.90645799999176], [-87.88158900014596, 42.90637699994293], [-87.88159800036678, 42.90615900010331], [-87.88162500013098, 42.905507999709144], [-87.88163500017671, 42.90529199974226], [-87.88164799969721, 42.904981000151366], [-87.88168700005525, 42.90404799986103], [-87.88169999957573, 42.90373699991648], [-87.88170700014672, 42.903563000213076], [-87.88172800006313, 42.90303999993684], [-87.88173599956075, 42.902866999778595], [-87.88174300013173, 42.902690999853505], [-87.88176400004814, 42.90216399990352], [-87.88177200044406, 42.90198900015626], [-87.88178099976658, 42.901763999751296], [-87.881809000254, 42.901089000190076], [-87.88181900029973, 42.90086500001963], [-87.88184699988882, 42.90014299973048], [-87.8819299997295, 42.89797900001638], [-87.8819590000418, 42.897257999782326], [-87.8819799999582, 42.89670700025208], [-87.88204400043062, 42.89505399976115], [-87.88206600017193, 42.894503999954644], [-87.88207299984462, 42.8943179997908], [-87.88209399976103, 42.893761999912066]]], [[[-87.84306999983934, 42.904792999675855], [-87.84306700036458, 42.90477300031955], [-87.84291400020372, 42.90454199984832], [-87.84284700025657, 42.90458899988332], [-87.84300299989219, 42.90483399984943], [-87.84306999983934, 42.904792999675855]]]]}, "properties": {"id": "covered-us-wi-south-milwaukee", "status": "covered", "jurisdiction": "South Milwaukee", "country_id": "us", "state_id": "wi", "area_type": "city", "note": "Covered by public tree inventory for South Milwaukee; geometry from official jurisdiction boundary."}}, {"type": "Feature", "geometry": {"type": "Polygon", "coordinates": [[[-87.89405799987017, 42.966242000169366], [-87.89405899969508, 42.96619000005085], [-87.89319900025276, 42.96582500013084], [-87.89062199960395, 42.96473099971586], [-87.88976299998656, 42.96436700019753], [-87.88961499984855, 42.96430400007488], [-87.88965400020662, 42.96128300020797], [-87.88965599985644, 42.96108500019804], [-87.88966599990218, 42.96033000007697], [-87.88966900027523, 42.96009499979432], [-87.88967400029809, 42.95976099968621], [-87.88967400029809, 42.959721999766025], [-87.88967799959774, 42.95944300002025], [-87.8896809999708, 42.95927999981899], [-87.8896809999708, 42.9592410002513], [-87.88919700027213, 42.95923899971652], [-87.88850000013812, 42.959236999839085], [-87.88774600010271, 42.95922899967135], [-87.88726300022894, 42.95922399997687], [-87.88692799959489, 42.95922100016], [-87.88592300038762, 42.95921299999018], [-87.88558799975355, 42.95921100011191], [-87.88463200005178, 42.95920399988004], [-87.88419400038386, 42.959176000259454], [-87.88353800025774, 42.95913600002808], [-87.88325000037764, 42.95912799984721], [-87.88319000010321, 42.959125999966176], [-87.88307200010243, 42.95912000032272], [-87.8827180001001, 42.95910399995573], [-87.88263600008435, 42.959100000192045], [-87.88260000009933, 42.9590990002511], [-87.88225000029496, 42.95909299994759], [-87.88206399962378, 42.959094999829695], [-87.88203900040774, 42.95909699971168], [-87.88172399986517, 42.959094999829695], [-87.88035399988661, 42.959168000083785], [-87.87979400001996, 42.95918900013186], [-87.87907000012179, 42.95918499971626], [-87.87689800042723, 42.959179000078564], [-87.87617500035397, 42.959176000259454], [-87.87493099987378, 42.95916700014394], [-87.87120400025275, 42.95913799990879], [-87.86996200032071, 42.95912899978767], [-87.86996200032071, 42.959680999958074], [-87.86997499984118, 42.96016299990123], [-87.86995499974971, 42.960890999855856], [-87.86996300014563, 42.9616920002893], [-87.869948000077, 42.962743999906685], [-87.86994499970396, 42.963633999965], [-87.86993800003127, 42.965680000047804], [-87.86993899985616, 42.96570300016994], [-87.86993700020635, 42.96603599974538], [-87.86993700020635, 42.96615100026176], [-87.86992999963535, 42.96635400017419], [-87.86507400006018, 42.96636299989578], [-87.86457100009493, 42.96636399971866], [-87.8630620001992, 42.96636600002178], [-87.86256000005886, 42.966368000324785], [-87.86230499979074, 42.966368000324785], [-87.86154300025773, 42.966369000147644], [-87.86128999963942, 42.966369999970425], [-87.86104000029249, 42.966369999970425], [-87.86029299992977, 42.96637099979324], [-87.86004500023265, 42.96637200027335], [-87.85955300013806, 42.96637600022161], [-87.85807799967921, 42.966387000242364], [-87.85758700030784, 42.96639200001212], [-87.85709699986307, 42.966395000136714], [-87.85562899997522, 42.9664069999763], [-87.85514000025368, 42.96641199974443], [-87.85464800015907, 42.96641499986805], [-87.85317500024838, 42.96642599988182], [-87.8526839999787, 42.966431000305725], [-87.85235699974054, 42.966432999949305], [-87.8513759999244, 42.96644099983767], [-87.85105000040949, 42.96644499978149], [-87.85045799985745, 42.96644099983767], [-87.85010200020531, 42.96644000001604], [-87.8492209999483, 42.96645800008999], [-87.84780599976389, 42.96647099973843], [-87.84802699969683, 42.96685500019984], [-87.84812700015426, 42.967067999848375], [-87.84822599988847, 42.967275999719256], [-87.84825400037587, 42.96732100026875], [-87.84832999964554, 42.96755800016546], [-87.8484469998214, 42.96777600032365], [-87.8485229999894, 42.96790800006806], [-87.84864799966284, 42.968102999769705], [-87.84871100031036, 42.96819700011292], [-87.84878099973226, 42.968318999728844], [-87.84885900044839, 42.96842100003017], [-87.84899099979454, 42.968631000156655], [-87.84906600013761, 42.968711999863594], [-87.84917300026771, 42.96885000023847], [-87.84921500010053, 42.96890200008035], [-87.84926399960601, 42.96896599987589], [-87.84934499979686, 42.96907699974347], [-87.84939300037574, 42.969126000059475], [-87.84945299975189, 42.969227999679894], [-87.84949200010995, 42.96934900010578], [-87.84955700040729, 42.96944599983527], [-87.84956900010283, 42.96949600028662], [-87.84967399968484, 42.969671000231706], [-87.8497070001951, 42.969768000110726], [-87.84977499996717, 42.969881999800066], [-87.84981099995218, 42.969989000273415], [-87.8498839997471, 42.97010799967822], [-87.85014900006098, 42.97056899999323], [-87.850221000031, 42.970646999860186], [-87.85051599958379, 42.97108500000603], [-87.85058599990398, 42.97115700009163], [-87.85063299975965, 42.971200000285165], [-87.85068999966107, 42.97125099971139], [-87.85083399960111, 42.97135299975163], [-87.8510729999757, 42.971566000256765], [-87.85116699968705, 42.971649999910596], [-87.85127899984003, 42.97174999981844], [-87.8513600000309, 42.97183600000352], [-87.85143000035109, 42.97191299984554], [-87.85148700025249, 42.972000000191265], [-87.85157000009316, 42.97206300031946], [-87.85176799956156, 42.97232500007688], [-87.85185700014834, 42.97241899988339], [-87.85196799957812, 42.97250999971999], [-87.85207300005841, 42.972613000022655], [-87.85216599994482, 42.97271100023986], [-87.85225399980838, 42.97279500030174], [-87.85228200029579, 42.97285400008877], [-87.8523400000221, 42.97290500011533], [-87.85252900016799, 42.97303200013944], [-87.85269099965139, 42.973122000013284], [-87.85285999970579, 42.97325899998465], [-87.85315799963162, 42.97353600010268], [-87.85338299976252, 42.97367400017043], [-87.85339799983113, 42.97375299974597], [-87.85342799996836, 42.97389900021694], [-87.85343499964105, 42.9739080001491], [-87.85370199960474, 42.97423699990526], [-87.85385700031374, 42.97444000007937], [-87.85389900014654, 42.97450299967989], [-87.85400399972853, 42.97466299991921], [-87.85405399995726, 42.97471799982319], [-87.85420600029322, 42.97493800026166], [-87.85425200032397, 42.9749880001918], [-87.85440799995959, 42.97523599987538], [-87.85450500004396, 42.97541299992839], [-87.8545069996938, 42.9754779998534], [-87.85450099984598, 42.97558699979583], [-87.85449099980025, 42.97562600017451], [-87.85446300021117, 42.97565400019521], [-87.85427400006527, 42.97574099984954], [-87.85380500043522, 42.97595400027408], [-87.8533750002649, 42.97614700011417], [-87.85331300034063, 42.97618600013769], [-87.85329200042425, 42.976242999975916], [-87.85332800040925, 42.97629500013968], [-87.85336100002121, 42.976349000237946], [-87.85365599957397, 42.97677900000965], [-87.85452099993748, 42.97789299968376], [-87.85458899970955, 42.97798299967312], [-87.85467800029632, 42.97803900018414], [-87.85476699998479, 42.97804800016764], [-87.8554800000123, 42.97805399993684], [-87.85665400017227, 42.97803900018414], [-87.85668000011155, 42.97808499972079], [-87.8567129997235, 42.97809899983015], [-87.85680499978501, 42.97808600001042], [-87.85683900012022, 42.97807100026552], [-87.85687299955708, 42.97807100026552], [-87.85692500033393, 42.97810599988362], [-87.85703800031183, 42.978205999809305], [-87.85721200038911, 42.9783500003104], [-87.85759499980546, 42.978724999676736], [-87.85800499988426, 42.979069000112645], [-87.85807900040243, 42.979170000058566], [-87.85824900028173, 42.97931499988607], [-87.8582740003961, 42.979338000167246], [-87.85833899979511, 42.97938799980582], [-87.858387000374, 42.97943900032852], [-87.85848799975803, 42.9795370001832], [-87.85878999988181, 42.97981100015529], [-87.8590839996097, 42.97993000027131], [-87.8592319997477, 42.97998000008569], [-87.85927799977846, 42.97998500006487], [-87.85930500044094, 42.97997300024557], [-87.85934999974846, 42.9799489999427], [-87.85940099980209, 42.979965000145675], [-87.85945600005368, 42.979993999763536], [-87.85959099977289, 42.980087999677366], [-87.85966000026819, 42.98014499984181], [-87.85969299988014, 42.98016200024957], [-87.85991700018613, 42.980343000279056], [-87.8601120001798, 42.98057899969511], [-87.86024000022631, 42.980706000300906], [-87.8604569999613, 42.980974999765536], [-87.86074200036666, 42.981283000101506], [-87.86092099956849, 42.981448000304006], [-87.86122100004245, 42.9816680003233], [-87.86132599962443, 42.981778000037735], [-87.86158699974034, 42.981975999816406], [-87.86200600004, 42.98223399982581], [-87.86244799990588, 42.98242600010825], [-87.86292599975675, 42.98267899978387], [-87.86328499978197, 42.98293700012902], [-87.86332300031512, 42.982972999816006], [-87.86342000039949, 42.98306399980701], [-87.8635550001187, 42.983216999986574], [-87.86371999997513, 42.98334900010612], [-87.86389900007529, 42.9835250002627], [-87.86422899978817, 42.983810999935486], [-87.86423800000901, 42.983825000055305], [-87.86425399990253, 42.983836000241126], [-87.86438399959887, 42.98393499985343], [-87.86447300018565, 42.983991000200774], [-87.86458100014067, 42.984050999953034], [-87.86462299997346, 42.984074999969], [-87.86467200037728, 42.98410000016729], [-87.86471900023292, 42.98413299991405], [-87.86473400030155, 42.98414100012879], [-87.86477899960907, 42.98416699983376], [-87.86481200011936, 42.98413500029644], [-87.8648289998378, 42.984096000057384], [-87.86483700023372, 42.98406900013017], [-87.86484599955622, 42.98404600030451], [-87.86485599960199, 42.98402400000605], [-87.86486599964772, 42.98401500024017], [-87.8648869995641, 42.984032000234976], [-87.86487900006651, 42.984048000032516], [-87.86486499982281, 42.9840890000287], [-87.8648639999979, 42.98411899986437], [-87.86486700037094, 42.984142000319885], [-87.86487099967059, 42.98416600030028], [-87.86487499986855, 42.98419499990816], [-87.86487300021874, 42.98422299996977], [-87.86512299956567, 42.98434900008929], [-87.86533299962797, 42.98447399976489], [-87.86536199994026, 42.98449700008758], [-87.8655050000554, 42.98460100021071], [-87.86565599966815, 42.98471399982277], [-87.86582600044578, 42.98485299995629], [-87.86587400012634, 42.98487700031627], [-87.86674299978948, 42.985492999777996], [-87.86686199961517, 42.98555800021887], [-87.86708699974608, 42.9857120002713], [-87.86717600033283, 42.98575600030926], [-87.86760200030518, 42.98602500002101], [-87.86798399989661, 42.986196000271285], [-87.86819399995889, 42.98630599976973], [-87.86840300019625, 42.98643699967426], [-87.86846900031851, 42.986465000028986], [-87.86886599997855, 42.986638000013365], [-87.86892899972774, 42.98666600027653], [-87.86978900006835, 42.98614799991472], [-87.87020499999497, 42.98590700003586], [-87.87024699982776, 42.98588199991528], [-87.87093300009111, 42.986462000226275], [-87.8714400002543, 42.98672499989748], [-87.8718829999451, 42.98647900020159], [-87.87215400010675, 42.98632799990862], [-87.87216699962721, 42.98632100013409], [-87.87230999974236, 42.98624100011977], [-87.87245299985749, 42.98616200015951], [-87.87259599997262, 42.986081999938214], [-87.87273900008775, 42.986002999773625], [-87.87288200020289, 42.98592300000256], [-87.87302500031802, 42.985843000127424], [-87.87316800043315, 42.985764000312784], [-87.87331099964996, 42.985684000230734], [-87.87332900009163, 42.985673999884554], [-87.8734539997651, 42.985605000211756], [-87.87359699988023, 42.98552499992274], [-87.87379600007186, 42.98541400017073], [-87.87391300024773, 42.985349999749026], [-87.87419899957969, 42.98518999971746], [-87.8742270000671, 42.98517499973422], [-87.87446999974134, 42.985039000201084], [-87.87450099970347, 42.98502100030801], [-87.87450599972635, 42.98485800019634], [-87.87451599977209, 42.9844779998502], [-87.87452400016801, 42.98411599994718], [-87.87454900028236, 42.98302999993448], [-87.87455799960489, 42.98266900026323], [-87.87456000015301, 42.98257799968755], [-87.87456799965062, 42.982256999672174], [-87.87457600004655, 42.98192800010783], [-87.87458400044245, 42.981599000097304], [-87.87459199994007, 42.981270000297776], [-87.87459500031311, 42.98112999970926], [-87.87459699996295, 42.981017000081444], [-87.87459899961276, 42.98093499990739], [-87.87465999971212, 42.98093499990739], [-87.87466300008518, 42.98051500015465], [-87.87469800024527, 42.98051099981149], [-87.87935600035205, 42.98053600014472], [-87.87964900025499, 42.98053600014472], [-87.88022099981723, 42.98053600014472], [-87.88022199964213, 42.98049400015743], [-87.88202900036201, 42.980497000251354], [-87.88197599976024, 42.980436000065204], [-87.88261900036589, 42.980167999812494], [-87.88285500036744, 42.98055200019488], [-87.88311200028541, 42.980554000036584], [-87.88339000011973, 42.98055599987822], [-87.88448300008886, 42.98056200005985], [-87.88486399985537, 42.98056399990123], [-87.88520799981197, 42.98056500015047], [-87.88535799959978, 42.98056599974254], [-87.88551400013371, 42.98056699999175], [-87.88560399964709, 42.98056699999175], [-87.88566700029459, 42.980568000240936], [-87.88581999955714, 42.98056899983291], [-87.88584999969437, 42.98056899983291], [-87.88597299971802, 42.98056899983291], [-87.8860000003805, 42.98056899983291], [-87.88612699970382, 42.980570000082125], [-87.88614900034342, 42.980570000082125], [-87.88627999986468, 42.98057099967406], [-87.88629900013126, 42.98057099967406], [-87.88653599995773, 42.980571999923185], [-87.88659000038439, 42.980571999923185], [-87.88671300040804, 42.98057300017235], [-87.88671500005788, 42.98053999982904], [-87.8867600002637, 42.98053999982904], [-87.88687499989143, 42.98054100007867], [-87.88687400006653, 42.98057399976424], [-87.88704099957279, 42.98057500001332], [-87.88720799997738, 42.98057600026238], [-87.88733299965084, 42.98057600026238], [-87.88746099969737, 42.98057699985427], [-87.887583999721, 42.98057699985427], [-87.88770799956957, 42.98057800010331], [-87.88773699988187, 42.98057800010331], [-87.88783099959322, 42.98057899969511], [-87.88790900030932, 42.98057899969511], [-87.88806999996781, 42.98057999994416], [-87.88831699984001, 42.98058100019315], [-87.88880700028479, 42.98058400028284], [-87.88880599956157, 42.98009399990472], [-87.8888220003534, 42.97919200012242], [-87.88883300022405, 42.97874100019823], [-87.88826800033453, 42.97873999991931], [-87.88707699955779, 42.978732999938025], [-87.88707699955779, 42.978647999819934], [-87.88707900010594, 42.97851600012275], [-87.88707900010594, 42.97847200016073], [-87.88708099975575, 42.978338999800236], [-87.88708199958067, 42.978295999997705], [-87.88708499995371, 42.97794600005854], [-87.88709599982438, 42.976896999769735], [-87.88710000002234, 42.97661999967408], [-87.88645899996484, 42.97661399976497], [-87.88647599968326, 42.976436000223465], [-87.88648099970614, 42.97607200030272], [-87.88649699959966, 42.97498200012346], [-87.88650300034577, 42.97461899982917], [-87.88651199966827, 42.97443699968991], [-87.88654099998058, 42.973893999742884], [-87.88655100002634, 42.97371299979054], [-87.88650499999558, 42.97371200008706], [-87.88636799972824, 42.97371200008706], [-87.8863230004207, 42.97371200008706], [-87.88632400024562, 42.973529999892676], [-87.88632699972035, 42.972988000196985], [-87.88632900026849, 42.97280700020731], [-87.88650300034577, 42.97278200001793], [-87.88651000001845, 42.972449000154995], [-87.8865130003915, 42.97221400015537], [-87.88651699969115, 42.9719029998886], [-87.88684899995218, 42.971905000011546], [-87.88690800040172, 42.971905000011546], [-87.88708599977863, 42.971905000011546], [-87.8871460000531, 42.9719059997444], [-87.88739399975022, 42.97190700013448], [-87.888140000288, 42.97190999999008], [-87.88831199981713, 42.97191099972286], [-87.88838899981005, 42.97191200011286], [-87.8883860003353, 42.972010999863585], [-87.88838100031244, 42.972310000241315], [-87.8883799995892, 42.97240999973333], [-87.88836100022094, 42.97310600000149], [-87.88835700002299, 42.97322999981945], [-87.88835500037317, 42.973270999799695], [-87.8883779999394, 42.97327000008903], [-87.88841099955134, 42.97327000008903], [-87.88858600035185, 42.973270999799695], [-87.88874500036052, 42.973270999799695], [-87.88891500023982, 42.97327200016758], [-87.88908400029422, 42.973272999878155], [-87.88928900033365, 42.97327400024605], [-87.8892869997855, 42.97324599979899], [-87.88931199989986, 42.971915999700855], [-87.88930299967903, 42.97177499977003], [-87.88936499960329, 42.971776999897145], [-87.88954399970343, 42.97178300027819], [-87.890729999559, 42.97178499974779], [-87.890729999559, 42.971749000083115], [-87.890729999559, 42.97172999984988], [-87.89073299993203, 42.971326000144096], [-87.89073399975695, 42.97119099995672], [-87.8905470001592, 42.971188999810494], [-87.89045300044788, 42.97118800006604], [-87.89018499976096, 42.971183999773345], [-87.88971699995581, 42.97117799999116], [-87.88954899972632, 42.971175999844576], [-87.88954899972632, 42.97115299979696], [-87.88954999955122, 42.97109200020062], [-87.88954999955122, 42.97100999993674], [-87.88955200009936, 42.970763000052365], [-87.88955200009936, 42.970749000244794], [-87.89073700013002, 42.97078999990708], [-87.89073700013002, 42.970741000259395], [-87.8918490003657, 42.97078299967807], [-87.8929130000225, 42.97082199981689], [-87.89290899982454, 42.97144500024854], [-87.8918219997032, 42.97144399985095], [-87.8918219997032, 42.97145500027995], [-87.89181900022847, 42.97175499980958], [-87.89181900022847, 42.971867000292995], [-87.89181699968034, 42.972051999999195], [-87.8918130003807, 42.972608000101275], [-87.89181199965746, 42.97279399992605], [-87.89181099983254, 42.972889999763936], [-87.89180900018273, 42.97317999977454], [-87.89180900018273, 42.973277000034976], [-87.8939969997708, 42.97327900011324], [-87.89400199979366, 42.97319200026228], [-87.89400199979366, 42.97311200025287], [-87.89400400034181, 42.97287500006617], [-87.89400500016673, 42.972796000020075], [-87.89400599999162, 42.97261000020134], [-87.8940100001896, 42.9720529997296], [-87.89401199983942, 42.97186800002642], [-87.89401500021246, 42.97146800018695], [-87.8940250002582, 42.970269999696484], [-87.89402899955785, 42.96987099974703], [-87.89403399958071, 42.969187000291], [-87.89405100019748, 42.96713799975705], [-87.89405700004525, 42.96645499996847], [-87.89405700004525, 42.966402000207765], [-87.89405799987017, 42.966242000169366]]]}, "properties": {"id": "covered-us-wi-st-francis", "status": "covered", "jurisdiction": "St. Francis", "country_id": "us", "state_id": "wi", "area_type": "city", "note": "Covered by public tree inventory for St. Francis; geometry from official jurisdiction boundary."}}, {"type": "Feature", "geometry": {"type": "Polygon", "coordinates": [[[-88.06698699966003, 43.0309110001652], [-88.06699300040616, 43.03088499988165], [-88.06672600044244, 43.03088599996854], [-88.06592700020121, 43.0308919998328], [-88.0656610000624, 43.030894000006306], [-88.0650960001729, 43.03089700026645], [-88.06340200032923, 43.030910000078734], [-88.06283800026463, 43.030913999767854], [-88.0625970002402, 43.03091499985427], [-88.06187599981673, 43.0309209997157], [-88.06163599961725, 43.03092299988826], [-88.06136700000373, 43.03091299968143], [-88.06068400011343, 43.03092000028605], [-88.0599979998501, 43.0309270002332], [-88.05913000001185, 43.03093599969503], [-88.05809599959396, 43.030946999984], [-88.05713099967136, 43.0309529998423], [-88.05623100004608, 43.03095800027098], [-88.0550850003735, 43.030965000213804], [-88.05354799999037, 43.03097300024128], [-88.0534040000503, 43.03097400032673], [-88.05278100043448, 43.0309769999263], [-88.05224900015692, 43.030980000182396], [-88.0521140004377, 43.03098100026772], [-88.04928200041907, 43.03099600023239], [-88.04883100033237, 43.03099799974586], [-88.04867800017149, 43.03099899983089], [-88.04717299957541, 43.031006999853936], [-88.04717400029864, 43.031144000168936], [-88.04717400029864, 43.031201999682885], [-88.04717799959829, 43.03141300014686], [-88.04719000019216, 43.03219800010625], [-88.04719900041299, 43.032805000085474], [-88.04721500030651, 43.03386299988604], [-88.04719900041299, 43.03399400017493], [-88.04712499989482, 43.03458599972254], [-88.0471080001764, 43.03468400027906], [-88.04705700012278, 43.03498099975691], [-88.04704100022924, 43.035080999719696], [-88.04683199999188, 43.03506400005924], [-88.04630599956208, 43.03502099989289], [-88.04620600000298, 43.03501399975606], [-88.04599799959051, 43.03499800009693], [-88.04567700009846, 43.034973000251874], [-88.0447149996506, 43.03489799999889], [-88.04439499998345, 43.03487400013499], [-88.04396700036128, 43.03484200008293], [-88.04268500024627, 43.034745999826704], [-88.04225800044901, 43.03471399970794], [-88.04199499978496, 43.03472700002492], [-88.04120700031268, 43.034767000326525], [-88.04094500037186, 43.03478099999906], [-88.04007900018344, 43.03482599972237], [-88.0374839999913, 43.03496200002789], [-88.03728700034779, 43.034973000251874], [-88.0366189996278, 43.03500900031445], [-88.03636199970985, 43.03502199991238], [-88.03559199978092, 43.03506200002163], [-88.03533599968787, 43.035076000283546], [-88.03521500021238, 43.035081999738196], [-88.0350629998764, 43.035090999904], [-88.03424500026688, 43.03513800009177], [-88.03411700022038, 43.03514600023192], [-88.03397300028033, 43.03515899980077], [-88.03387500037103, 43.035167999955284], [-88.03358099974486, 43.03519499975428], [-88.03348600020861, 43.03520599993645], [-88.0333580001621, 43.03522000016552], [-88.03319300030566, 43.0352399998306], [-88.03266299967791, 43.035306000189216], [-88.03138300011103, 43.03546499971714], [-88.03148400039338, 43.03579300023341], [-88.03154799996749, 43.036164999706116], [-88.03158599960231, 43.036739000133885], [-88.03161900011258, 43.037755000150675], [-88.03160700041703, 43.03791499987127], [-88.0315770002798, 43.03835899976675], [-88.03148799969301, 43.03878099999892], [-88.03066000003777, 43.0387800000407], [-88.03014600020188, 43.03877700016593], [-88.02812400029516, 43.038779000082464], [-88.0274239997881, 43.038779000082464], [-88.02742499961302, 43.0387900002788], [-88.02728800024397, 43.0387920001949], [-88.02585200014316, 43.03882899994418], [-88.02439099992802, 43.038866000327786], [-88.02418900026166, 43.03887200006848], [-88.02397199962836, 43.038876999851894], [-88.02311100036115, 43.03889900020741], [-88.0228059998643, 43.03890699985723], [-88.02275900000865, 43.03890799981338], [-88.02249899971764, 43.03890999972564], [-88.02190000039124, 43.03891800003062], [-88.02189299982024, 43.03851100018169], [-88.02187100007893, 43.03683699987853], [-88.02185900038336, 43.035933999732364], [-88.02203400028554, 43.03593199972311], [-88.02321599994313, 43.03592399968543], [-88.0232979999589, 43.03592299968064], [-88.02354700037924, 43.03592100032764], [-88.0236300002199, 43.03592100032764], [-88.02362500019704, 43.03546899976603], [-88.02361099995335, 43.03411599987675], [-88.02360699975537, 43.03366499985093], [-88.0236009999076, 43.03324900018346], [-88.02358300036425, 43.03200200008989], [-88.02357699961816, 43.031586999731694], [-88.0235730003185, 43.03117500009712], [-88.0218910001704, 43.031216000168726], [-88.01857899975276, 43.03130400005377], [-88.01756699997448, 43.031323999681725], [-88.01723800008651, 43.03133000015982], [-88.01663600038708, 43.03133200031907], [-88.01623100033112, 43.03133399982157], [-88.01624100037687, 43.03175699984592], [-88.01650599979241, 43.03175300021169], [-88.01673099992331, 43.03174899992063], [-88.01724399993431, 43.03173999992134], [-88.01724300010939, 43.032045999813015], [-88.01724300010939, 43.03219199971301], [-88.01717399961412, 43.032551999943195], [-88.01716699994141, 43.03259100029008], [-88.01708599975053, 43.03295100014975], [-88.0170189998034, 43.03325100028012], [-88.01607800017024, 43.03600500001867], [-88.01605899990368, 43.03600500001867], [-88.01481399959857, 43.03597899992333], [-88.01456400025165, 43.035954999825584], [-88.0139759998976, 43.03585699998557], [-88.01359199975803, 43.03578100014932], [-88.0129630002944, 43.03561700007828], [-88.01293200033226, 43.03560899999954], [-88.01197200043252, 43.03534700012759], [-88.01141800041366, 43.03520399990353], [-88.01110700006903, 43.03513800009177], [-88.01105099999253, 43.035126999897365], [-88.01062500002018, 43.035045999718434], [-88.01033999961484, 43.03501199971682], [-88.01025699977414, 43.035008000294766], [-88.00996399987119, 43.0349950000373], [-88.00954600029476, 43.03499299999744], [-88.0086680004108, 43.03506600009679], [-88.00864099974831, 43.035068000134274], [-88.00858200019708, 43.035074000246325], [-88.00840499974674, 43.03509599999555], [-88.00834700002044, 43.035104000141125], [-88.00729599988411, 43.03523399973477], [-88.00604800010426, 43.03537199982028], [-88.00580500043002, 43.035398000172755], [-88.0050780001588, 43.03547999989913], [-88.00483600030947, 43.035507000217436], [-88.0045929997369, 43.03553299985614], [-88.00414099982528, 43.035583999746784], [-88.00386399981583, 43.03559899989964], [-88.00362100014159, 43.03561300003904], [-88.00338299959192, 43.03562600016563], [-88.00267299993743, 43.035664999872196], [-88.00243600011098, 43.03567899999649], [-88.0024160000195, 43.03568000000525], [-88.00235900011809, 43.03568300003143], [-88.0023399998515, 43.03568500004881], [-88.0022279996985, 43.035691000100535], [-88.00189399978765, 43.03571200027695], [-88.0017830003579, 43.03571899967755], [-88.00167299985473, 43.03572599973391], [-88.00167100020492, 43.035360000310476], [-88.00169399977113, 43.03524499991], [-88.00132999972305, 43.03524199986241], [-88.00132899989815, 43.03484300010533], [-88.00131700020258, 43.034613999803696], [-88.00129200008821, 43.03412900032046], [-88.0010920000717, 43.034120000013566], [-88.00086399956773, 43.03411000032765], [-88.00064600000785, 43.03410900029332], [-87.99999499990459, 43.03410800025896], [-87.99977800016963, 43.03410800025896], [-87.99955399986365, 43.034106000190185], [-87.99888299966888, 43.03409999998349], [-87.99866000008615, 43.03409899994898], [-87.99840700036614, 43.03409899994898], [-87.99764800030786, 43.03409999998349], [-87.99739600041279, 43.034101000017976], [-87.99739600041279, 43.0340720003244], [-87.99682099957921, 43.03407599980746], [-87.99676700005085, 43.03407299970272], [-87.99677000042391, 43.034814000105804], [-87.99677200007373, 43.03514300017949], [-87.99680399986076, 43.03514300017949], [-87.99680600040891, 43.035185000243544], [-87.99680600040891, 43.03522500024655], [-87.99680600040891, 43.03552299974386], [-87.99665400007295, 43.03552299974386], [-87.9965250002015, 43.03552299974386], [-87.99650199973698, 43.03551799968711], [-87.99611799959742, 43.03553599988951], [-87.99610300042713, 43.03548299993509], [-87.99599499957378, 43.03548299993509], [-87.99599499957378, 43.035410999688274], [-87.99554100001232, 43.035398000172755], [-87.99554799968502, 43.03605700017621], [-87.99538700002655, 43.0360590001814], [-87.99517500031445, 43.03606200018905], [-87.99518899965983, 43.036521000288054], [-87.99500000041225, 43.03651900029793], [-87.99500200006207, 43.03631800030153], [-87.99451300034053, 43.036320000298204], [-87.99451400016545, 43.03641600006188], [-87.99451599981528, 43.03666400006949], [-87.99337199979252, 43.03666400006949], [-87.99337000014269, 43.036129000321694], [-87.99218099991411, 43.036192999723426], [-87.99209200022564, 43.03619799972518], [-87.99184600017836, 43.036212999727994], [-87.99182600008687, 43.036212999727994], [-87.99173800022332, 43.03621799972812], [-87.99174099969807, 43.0367609999428], [-87.99106399965554, 43.03675499999569], [-87.99106399965554, 43.03679500028854], [-87.99106500037877, 43.03689899987732], [-87.9899339998765, 43.03689199995472], [-87.98993200022666, 43.036313000309555], [-87.98871899970862, 43.036377000175996], [-87.98871899970862, 43.03650599970397], [-87.98872100025676, 43.036895999910584], [-87.98872200008167, 43.03698400018686], [-87.98872200008167, 43.0370270002909], [-87.9884340002016, 43.03702399967383], [-87.98805400026, 43.03702399967383], [-87.98805300043507, 43.036411000077884], [-87.98795899982542, 43.03641600006188], [-87.98786799958883, 43.03642000004878], [-87.98759700032551, 43.03643599999376], [-87.98750699991382, 43.03644199997207], [-87.98750799973872, 43.03679200031672], [-87.98750799973872, 43.036967999728205], [-87.98750799973872, 43.03699899999755], [-87.98601599956143, 43.03700099997203], [-87.9854640000907, 43.037001999959244], [-87.98535399958753, 43.037001999959244], [-87.98535500031075, 43.03712300026172], [-87.98535399958753, 43.03715299981142], [-87.98498299986677, 43.03715399979617], [-87.98498200004185, 43.03761400023986], [-87.98498100021695, 43.03768899979972], [-87.98486800023903, 43.03768899979972], [-87.98479399972088, 43.03768899979972], [-87.98479500044411, 43.038402000220366], [-87.98458700003164, 43.038402000220366], [-87.98436100007584, 43.03840100025597], [-87.98405599957898, 43.03839900032712], [-87.98405099955613, 43.0384220001615], [-87.98402999963973, 43.038533000011846], [-87.98401600029433, 43.03860699980051], [-87.98400799989842, 43.03864400031799], [-87.98398600015712, 43.0387559997253], [-87.98398000030933, 43.03879400011095], [-87.98419399967126, 43.038786999747934], [-87.98448999994727, 43.03878599978981], [-87.98457100013812, 43.03878599978981], [-87.98461200014599, 43.03878599978981], [-87.98459899972721, 43.039226000144694], [-87.9844230000001, 43.039226000144694], [-87.98441999962706, 43.03928000009921], [-87.98443100039604, 43.03964699972248], [-87.98437399959631, 43.03964699972248], [-87.98420700009004, 43.03964599977836], [-87.98412000005142, 43.03964599977836], [-87.98407200037083, 43.03965100015528], [-87.98407300019574, 43.04001099996238], [-87.98409900013502, 43.04018400018329], [-87.9848099996144, 43.04018899985984], [-87.98612299969155, 43.040197999933184], [-87.98748299962436, 43.040207999940115], [-87.98747900032473, 43.04031200030985], [-87.98746599990594, 43.0406250002895], [-87.9874630004312, 43.04072999987887], [-87.98752399963224, 43.04168700015912], [-87.98752299980734, 43.04219400013869], [-87.98753100020325, 43.043670000116826], [-87.9875270000053, 43.04388300013597], [-87.98734700008025, 43.04420600029206], [-87.98736999964646, 43.04434999975663], [-87.98737999969221, 43.044464000296614], [-87.98738300006526, 43.04476399994527], [-87.98740300015675, 43.04644599994325], [-87.98740999982944, 43.04700699970138], [-87.98753700005105, 43.04700800018201], [-87.98754000042409, 43.0472920001268], [-87.98754299989882, 43.04746800027406], [-87.98754100024901, 43.0475349997685], [-87.98754000042409, 43.04766100003037], [-87.98753899970086, 43.04770900024964], [-87.98753899970086, 43.04781000028744], [-87.98754200007392, 43.04824499992758], [-87.98754999957151, 43.04955099981496], [-87.98755200011966, 43.049987000012834], [-87.98755200011966, 43.05006800016144], [-87.98755299994457, 43.05031099996532], [-87.98755700014253, 43.05128300005664], [-87.98755899979236, 43.05160800013284], [-87.98755999961726, 43.05187699967699], [-87.9875620001654, 43.052441000171775], [-87.98756299999032, 43.05263499976693], [-87.98756399981522, 43.05268399976384], [-87.98756600036334, 43.052952999839945], [-87.98756499964014, 43.052966999958], [-87.98756399981522, 43.053304000241674], [-87.98756399981522, 43.05340800007213], [-87.98756399981522, 43.05345599973242], [-87.98756100034049, 43.0549249999946], [-87.98756100034049, 43.05541500025354], [-87.98755899979236, 43.05575200021285], [-87.98755600031761, 43.05676199981573], [-87.9875549995944, 43.057099999908644], [-87.9875549995944, 43.05711900000225], [-87.98755399976947, 43.05729799980066], [-87.98755399976947, 43.057466999915526], [-87.98754999957151, 43.0585139998424], [-87.98754999957151, 43.058863000002184], [-87.9875479999217, 43.0592310002401], [-87.98754500044697, 43.06033399990926], [-87.98754399972374, 43.06070300010807], [-87.98754000042409, 43.06106899995781], [-87.98753899970086, 43.061130999751825], [-87.9875270000053, 43.062167999757705], [-87.98752399963224, 43.06253500027776], [-87.9875200003326, 43.062903000134845], [-87.98750699991382, 43.06400700023497], [-87.98750500026401, 43.064143999715014], [-87.98750400043907, 43.06437599998542], [-87.98773100021981, 43.06437300004974], [-87.98812100020714, 43.06436799971912], [-87.9884140001101, 43.06436599998057], [-87.98860599973072, 43.064364999783095], [-87.98864000006591, 43.06435400023509], [-87.9887100003861, 43.06435400023509], [-87.98892000044839, 43.06435400023509], [-87.98898999987028, 43.06435499977644], [-87.98914399985605, 43.06435499977644], [-87.98920099975747, 43.06435499977644], [-87.98918200038922, 43.06617300003582], [-87.98917800019126, 43.0676119997579], [-87.98932499960603, 43.06761699982391], [-87.98932499960603, 43.06757300001652], [-87.98972899983707, 43.067574000161656], [-87.99085199994343, 43.06757900023077], [-87.99211200031714, 43.06759200014603], [-87.99210100044648, 43.06618299974591], [-87.99353599982405, 43.06618799992849], [-87.99352699960322, 43.0675939997794], [-87.99352699960322, 43.06773699997338], [-87.99352599977831, 43.06803499970028], [-87.99481299991618, 43.06803499970028], [-87.99502499962828, 43.06803400021894], [-87.99516299972058, 43.06803400021894], [-87.99587200044846, 43.06803400021894], [-87.99604700035063, 43.06803400021894], [-87.99619899978828, 43.06803400021894], [-87.99644499983556, 43.06803400021894], [-87.99718299997745, 43.06803400021894], [-87.99742900002477, 43.06803400021894], [-87.99765400015565, 43.06803400021894], [-87.99833100019818, 43.06803599983788], [-87.99855700015398, 43.068036999975455], [-87.99877499971386, 43.068036999975455], [-87.99942900019016, 43.06803900025052], [-87.99964799957496, 43.068039999731795], [-87.99985699981234, 43.068039999731795], [-88.00048399962613, 43.06804200000681], [-88.00069399968841, 43.06804300014424], [-88.00092600039034, 43.06804300014424], [-88.00162199980112, 43.06804499976289], [-88.00185500032792, 43.06804599990033], [-88.00230399986648, 43.068040999869304], [-88.00243199991301, 43.06803900025052], [-88.00239799957782, 43.06941500013698], [-88.00239699975292, 43.06946499996427], [-88.00295800034279, 43.06946399984999], [-88.00408100044915, 43.069466000078535], [-88.00516699984725, 43.06947099999332], [-88.00624800012082, 43.069474999793584], [-88.00679700011683, 43.06947200010744], [-88.00742599958045, 43.06946999987913], [-88.00742599958045, 43.06941899994095], [-88.00742899995348, 43.06930999977635], [-88.0074299997784, 43.06923799985631], [-88.00743399997636, 43.06902399983175], [-88.0074359996262, 43.068952999698396], [-88.0074370003494, 43.068771000080865], [-88.00743899999922, 43.06845699987415], [-88.00744200037228, 43.06822600008913], [-88.0074440000221, 43.06804499976289], [-88.0074430001972, 43.06795899969616], [-88.00744099964906, 43.06770399985727], [-88.00744099964906, 43.067619000112735], [-88.00855100023495, 43.0675640000222], [-88.0099220000384, 43.067543999738405], [-88.01244799973529, 43.06750799973614], [-88.01371099958372, 43.06749099987358], [-88.01494500001814, 43.067474000006264], [-88.01619899964575, 43.06745599998724], [-88.0168639999927, 43.06744699997574], [-88.01745200034676, 43.06743900011021], [-88.01857399972988, 43.06741899978563], [-88.01969699983624, 43.067400000258765], [-88.0211089996476, 43.067382999709984], [-88.02248600019718, 43.06736099972623], [-88.02374900004561, 43.06734100003247], [-88.02500699987117, 43.067321999825154], [-88.02626800006978, 43.0673039997615], [-88.02753099991821, 43.06728299989927], [-88.02867599976587, 43.067246999743716], [-88.02972899955203, 43.06723700020719], [-88.03073100018288, 43.06722000026943], [-88.03208299971978, 43.06720100002461], [-88.03508600034093, 43.06715100031933], [-88.03634199961837, 43.067141000110865], [-88.03728899999761, 43.067124000146535], [-88.03740100015061, 43.06712199984156], [-88.03740799982333, 43.06716999992337], [-88.03741799986906, 43.0672349999059], [-88.03742600026497, 43.06732000018292], [-88.03742700008988, 43.06742399986739], [-88.03743799996053, 43.06748999972709], [-88.03745100037933, 43.06758300015451], [-88.03745100037933, 43.06760200028092], [-88.03841200010397, 43.06758800022289], [-88.03841600030194, 43.06799299981328], [-88.03841999960159, 43.068267999816484], [-88.03842600034767, 43.06881099984123], [-88.03779799981065, 43.06881300009108], [-88.03775599997786, 43.06881300009108], [-88.03770800029729, 43.068814000215944], [-88.03758000025077, 43.06881499968457], [-88.03705299999608, 43.068823000026775], [-88.03687800009388, 43.06882699986933], [-88.03687800009388, 43.0688920000635], [-88.03681799981943, 43.06926699998923], [-88.03677699981154, 43.069457999820266], [-88.03675500007024, 43.0695660002653], [-88.03665799998586, 43.069821000232814], [-88.03657000012231, 43.06998899984789], [-88.03643899970274, 43.07017199988899], [-88.03626899982342, 43.07035999988215], [-88.03608200022569, 43.07052699989159], [-88.03591099962314, 43.07067199999441], [-88.03569800008613, 43.07086300004081], [-88.0356260001161, 43.07094300008607], [-88.03556900021469, 43.07101000018313], [-88.03546499955931, 43.07116100031931], [-88.03539599996233, 43.07128900011298], [-88.03531700031962, 43.07149799969885], [-88.0352240004332, 43.07187699972951], [-88.0352310001059, 43.07220100017436], [-88.0352810003346, 43.07259800027795], [-88.03543799979512, 43.07320400010867], [-88.03548999967367, 43.07351600017967], [-88.03552400000886, 43.07384099987695], [-88.03557699971229, 43.074107000200065], [-88.03559799962869, 43.07436100026974], [-88.0356129996973, 43.07479299981491], [-88.0364420000758, 43.074782000169556], [-88.03837500029405, 43.07475700013315], [-88.03838299979166, 43.074985000166336], [-88.03838699998963, 43.07515200004094], [-88.03829400010319, 43.07531600006031], [-88.03797600008588, 43.07542300000844], [-88.03774900030517, 43.0755080000855], [-88.03762600028152, 43.07550099997554], [-88.03689499981233, 43.07550300000702], [-88.03669999981865, 43.07550400002276], [-88.0366250003739, 43.07550400002276], [-88.03561799972019, 43.075519000256676], [-88.0356329997888, 43.075564000280266], [-88.0356470000325, 43.075609000270816], [-88.03566299992603, 43.07565400022831], [-88.0356810003677, 43.07569900015277], [-88.03569999973595, 43.07574300003236], [-88.03571900000253, 43.07578699988036], [-88.03573999991893, 43.07583099969676], [-88.03576199966024, 43.075874000128074], [-88.03579599999541, 43.075939000066626], [-88.03583399963026, 43.07600299992865], [-88.03588700023202, 43.07608699985118], [-88.03558599993313, 43.0761939997654], [-88.03493499982989, 43.076429999706825], [-88.03471899991982, 43.07650899970381], [-88.03467299988905, 43.076429999706825], [-88.03458500002552, 43.0762800000884], [-88.03453899999477, 43.0761939997654], [-88.03451700025344, 43.076151000214814], [-88.03449999963671, 43.076113000006934], [-88.03445100013121, 43.07600299992865], [-88.03433200030554, 43.076032000141474], [-88.03386799980002, 43.076138000146344], [-88.03388100021883, 43.07616600029036], [-88.03389200008947, 43.07619299976092], [-88.03390399978504, 43.0762209998798], [-88.03391700020381, 43.076248999985886], [-88.03392600042466, 43.07626500004076], [-88.03393100044754, 43.07627700007918], [-88.03394399996802, 43.07630500015968], [-88.03395800021171, 43.07633300022738], [-88.0339719995571, 43.07636000028054], [-88.0339859998008, 43.076388000323114], [-88.03399800039467, 43.076406999688565], [-88.03401500011313, 43.0764429997133], [-88.03403000018173, 43.076469999718036], [-88.03404600007526, 43.076496999710834], [-88.03406199996878, 43.076524999690804], [-88.03407799986232, 43.076552000315544], [-88.03409399975584, 43.076579000272204], [-88.03411100037259, 43.07660600021697], [-88.03412800009103, 43.07663200015253], [-88.03414499980947, 43.07665900007399], [-88.03416200042622, 43.0766859999835], [-88.03417300029686, 43.07670299992041], [-88.03419699968799, 43.076737999775744], [-88.03421599995458, 43.07676500030663], [-88.03423400039622, 43.07679100017473], [-88.03425299976449, 43.07681700003179], [-88.03427200003107, 43.076841999883975], [-88.03429100029764, 43.07686799971944], [-88.03430999966591, 43.07689300020695], [-88.03432899993248, 43.07691900002074], [-88.03434900002397, 43.07694399983131], [-88.03436999994037, 43.07696900028786], [-88.03438900020691, 43.076994000077995], [-88.03441000012332, 43.07701899985797], [-88.03443100003973, 43.07704300029331], [-88.03445299978104, 43.07706800005325], [-88.03447299987252, 43.077092999803035], [-88.03449499961384, 43.0771170002094], [-88.03451700025344, 43.07714099995019], [-88.03453899999477, 43.07716499968158], [-88.03456099973606, 43.07718900005968], [-88.03458400020061, 43.07721299977227], [-88.03460699976684, 43.07723700013164], [-88.03463000023136, 43.07726099982543], [-88.03465299979759, 43.07728400017931], [-88.03467700008702, 43.07730799985469], [-88.03470100037647, 43.07733100019093], [-88.0347239999427, 43.077353999862375], [-88.03474900005705, 43.07737700018136], [-88.03477300034649, 43.07739999983552], [-88.03479799956253, 43.07742300013724], [-88.0348229996769, 43.0774449997901], [-88.03484799979125, 43.07746800007492], [-88.03487299990562, 43.07748999971167], [-88.03489999966979, 43.07751199999665], [-88.03492499978414, 43.07753400027373], [-88.03495200044664, 43.07755599988679], [-88.03497699966267, 43.077578000148065], [-88.03500500015008, 43.07759999974528], [-88.03503100008935, 43.07762100000963], [-88.03505799985354, 43.077643000247576], [-88.0347809998441, 43.07783200026636], [-88.03462600003341, 43.07793899975816], [-88.03455599971319, 43.07789300018964], [-88.03419099984022, 43.07813000012201], [-88.03425000028976, 43.07826500024676], [-88.03426399963514, 43.07829599998554], [-88.03448799994112, 43.078295000015416], [-88.03479099988985, 43.07846000012063], [-88.03479000006493, 43.07870300026589], [-88.03493200035516, 43.078702000302364], [-88.03535699960426, 43.07869899975556], [-88.0354999997194, 43.07869899975556], [-88.03549800006958, 43.07857800010632], [-88.03547999962791, 43.078527999839835], [-88.03547399978014, 43.07850899981975], [-88.03542699992448, 43.07846799985993], [-88.0350629998764, 43.07822800000886], [-88.03491899993637, 43.078133000040516], [-88.03486700005783, 43.07809800032585], [-88.0348300002479, 43.078072999673815], [-88.03521299966422, 43.07778400000434], [-88.03528999965712, 43.07784399999791], [-88.03546600028253, 43.07795200010071], [-88.03559599997888, 43.07801999972753], [-88.03562799976594, 43.07802600023132], [-88.0356960004363, 43.07803899989925], [-88.03631200037945, 43.078274999952576], [-88.03686600039832, 43.07842000009617], [-88.0368710004212, 43.07868900011899], [-88.03698600004893, 43.07868800015523], [-88.03758699992346, 43.07868600022766], [-88.0377879997649, 43.07868600022766], [-88.03783799999363, 43.07868600022766], [-88.03791099978856, 43.07868600022766], [-88.03791099978856, 43.07885900028053], [-88.03873900034212, 43.078913000117375], [-88.03881700015992, 43.07921900026223], [-88.0389059998484, 43.07955699989818], [-88.0389059998484, 43.08046300000575], [-88.0389279995897, 43.082263999781865], [-88.0386949999612, 43.08226499968727], [-88.03840899973092, 43.08226700015408], [-88.03841200010397, 43.08233000006351], [-88.03840799990601, 43.08313700020294], [-88.03840399970805, 43.0837829999613], [-88.03774799958192, 43.083781000200034], [-88.03774699975702, 43.08402599999022], [-88.03774699975702, 43.084109000192335], [-88.03789599971994, 43.084109000192335], [-88.03832599989025, 43.08411000006762], [-88.03834500015682, 43.08411000006762], [-88.03840200005824, 43.084110999942894], [-88.03840299988313, 43.0842970000763], [-88.03840100023332, 43.08444400014197], [-88.03839899968519, 43.085033999878135], [-88.03839500038555, 43.08515099981009], [-88.03835699985238, 43.08515099981009], [-88.03832099986738, 43.08515099981009], [-88.03774099990925, 43.08515099981009], [-88.03774099990925, 43.08517700005621], [-88.03774099990925, 43.08526099986756], [-88.03814400031538, 43.08525900015454], [-88.03838699998963, 43.08525900015454], [-88.03838799981453, 43.08531199974364], [-88.03838799981453, 43.08571099989465], [-88.0377380004345, 43.08570299978888], [-88.03773699971129, 43.08585899969438], [-88.03773699971129, 43.085920000154964], [-88.03792800040532, 43.085920000154964], [-88.03839200001251, 43.085921999846356], [-88.03838600016469, 43.08625800021891], [-88.03837600011896, 43.086798000119686], [-88.03806700032247, 43.086798000119686], [-88.03773199968842, 43.086798000119686], [-88.03772699966554, 43.08772200006109], [-88.03772599984063, 43.087737999744185], [-88.03824399987448, 43.08772900008699], [-88.03822899980587, 43.08915999982683], [-88.03858600018125, 43.08927299993069], [-88.038884999932, 43.08937099970688], [-88.03923300008654, 43.08960100003835], [-88.03933799966853, 43.089696999721596], [-88.03940100031603, 43.08975300006871], [-88.0395250001646, 43.08975800029634], [-88.03963399994454, 43.08975900007943], [-88.04016200002413, 43.089759999862444], [-88.04033799975122, 43.08976100030153], [-88.04078899983793, 43.089768000094416], [-88.04159300010207, 43.089771000099105], [-88.04257300009328, 43.08976299986754], [-88.04344400030456, 43.08976100030153], [-88.04359900011525, 43.08976299986754], [-88.04587200009213, 43.08975300006871], [-88.04770400002805, 43.08972300000629], [-88.04770300020316, 43.08977799989084], [-88.04770200037824, 43.09010399970737], [-88.04770200037824, 43.090213000279235], [-88.04762799986007, 43.090213000279235], [-88.0432989996413, 43.09022000002044], [-88.04327699989997, 43.09024000012006], [-88.04325400033375, 43.090257000232455], [-88.04323099986922, 43.09028000029976], [-88.043208000303, 43.0902999997238], [-88.04318400001357, 43.090319999797295], [-88.04316100044736, 43.09033900009071], [-88.04313700015788, 43.090359000151466], [-88.04311299986844, 43.090377999776756], [-88.043088999579, 43.09039700005213], [-88.04306400036296, 43.09041600032165], [-88.0430390002486, 43.09043499992926], [-88.04301499995915, 43.09045299975923], [-88.04298900001989, 43.09047200001138], [-88.04296399990552, 43.09048999983048], [-88.04293799996627, 43.09050900007111], [-88.04291299985191, 43.09052699987933], [-88.04288799973756, 43.090544999682265], [-88.04286099997339, 43.09056199971], [-88.0428350000341, 43.090580000158674], [-88.04280800026993, 43.09059700017664], [-88.04278099960743, 43.090614999959], [-88.04275499966816, 43.09063199996726], [-88.04270000031488, 43.09066599996966], [-88.04270000031488, 43.09077599996382], [-88.0426450000633, 43.09696499998688], [-88.04265599993396, 43.09774900029243], [-88.0426600001319, 43.09805599979889], [-88.04221400006809, 43.09805799975007], [-88.04119499971881, 43.09805799975007], [-88.03780600020657, 43.098062000308076], [-88.0376399996269, 43.098062000308076], [-88.0376399996269, 43.0980120002013], [-88.03764100035013, 43.09799599992237], [-88.03735400029494, 43.09799599992237], [-88.03649499977925, 43.09799700022687], [-88.03620900044729, 43.09799799987546], [-88.03138300011103, 43.097988999758], [-88.03098800010082, 43.097982000248805], [-88.03099800014657, 43.09764599990809], [-88.03067500010638, 43.096976000241334], [-88.03066000003777, 43.09694500011551], [-88.03100300016943, 43.09682399977056], [-88.03103099975853, 43.09680700016914], [-88.03206900037438, 43.09622400006254], [-88.0324159998057, 43.09603099967976], [-88.0329010002276, 43.09575800031551], [-88.03435700041989, 43.094941000221034], [-88.03484299976837, 43.09466900029221], [-88.0349490000736, 43.09477100007912], [-88.03526999956564, 43.09507800008462], [-88.03537699969577, 43.09518100019683], [-88.03557599988739, 43.09517999984628], [-88.03617500011211, 43.09517900015169], [-88.03637500012864, 43.09517900015169], [-88.03637199975559, 43.09552400007914], [-88.03636199970985, 43.096561999678755], [-88.03636000006003, 43.09690800000831], [-88.03649300012943, 43.09690800000831], [-88.03689499981233, 43.09690800000831], [-88.03698000020115, 43.09690800000831], [-88.03698100002605, 43.09661200031362], [-88.03698299967587, 43.09635399998435], [-88.03748999983907, 43.096347999963754], [-88.03748999983907, 43.09612200007201], [-88.03696799960726, 43.09611899972243], [-88.03697000015539, 43.09554100003673], [-88.03697699982808, 43.09537800005618], [-88.03749200038723, 43.09538000009478], [-88.037498000235, 43.09517799980115], [-88.03720100013408, 43.09517799980115], [-88.03708499978312, 43.09517900015169], [-88.0369929997216, 43.09517900015169], [-88.03700000029262, 43.09445999970941], [-88.03699500026974, 43.09442099999872], [-88.03699600009466, 43.09411399997946], [-88.03741000037145, 43.093880999736704], [-88.03711300027052, 43.09360099996146], [-88.03698000020115, 43.09346999972075], [-88.03684700013174, 43.093336000025886], [-88.03654900020592, 43.0930520001537], [-88.03704200012541, 43.09276100017055], [-88.03708599960804, 43.09275400006373], [-88.03709599965377, 43.0919939999221], [-88.03709599965377, 43.09185500022166], [-88.03752300034935, 43.09185599997051], [-88.03752499999918, 43.09163200006212], [-88.037526999649, 43.09141300008301], [-88.03710099967664, 43.0914109999148], [-88.03710200039987, 43.09128900002915], [-88.03710099967664, 43.0908450002112], [-88.03707100043773, 43.090825000309145], [-88.0366760004275, 43.09073900006539], [-88.03654400018304, 43.0907360001081], [-88.03579699982032, 43.090725000044756], [-88.0357950001705, 43.09064300004731], [-88.03579799964524, 43.090203999673605], [-88.0353869997415, 43.09021000029618], [-88.03538300044187, 43.09053400024069], [-88.03538300044187, 43.09064200027865], [-88.03538199971862, 43.09066800016214], [-88.03538199971862, 43.090745999746446], [-88.03538199971862, 43.09077300000835], [-88.03538000006881, 43.090943999859924], [-88.03538000006881, 43.090957000066986], [-88.03510100040955, 43.09095799983049], [-88.03471600044509, 43.090957000066986], [-88.03471399989695, 43.091193000217174], [-88.03409899977872, 43.09119199980148], [-88.03409899977872, 43.09121099982438], [-88.03409899977872, 43.09131000019349], [-88.0340419998773, 43.09131000019349], [-88.03404100005238, 43.091357999698594], [-88.03351600034584, 43.091357999698594], [-88.03337099968257, 43.09135699994167], [-88.03337099968257, 43.091405000065926], [-88.03281300036406, 43.09140400030976], [-88.03270500040902, 43.09140400030976], [-88.03270600023393, 43.091250000267166], [-88.03271000043189, 43.09079099973898], [-88.03271200008172, 43.09068699969158], [-88.03270799988375, 43.090639000316614], [-88.03271200008172, 43.09021400005488], [-88.03289299983167, 43.090216000262124], [-88.03288899963371, 43.090182000009975], [-88.03302099987819, 43.09017900002541], [-88.03302500007617, 43.08984600016882], [-88.03284699980091, 43.08984399994949], [-88.03159499982314, 43.089843000167804], [-88.03158300012758, 43.09063799989187], [-88.03153000042413, 43.09064099985395], [-88.03147299962441, 43.09064099985395], [-88.03146299957866, 43.091542999721725], [-88.03085000000856, 43.09154199996777], [-88.0308659999021, 43.09066999969859], [-88.03079499975698, 43.09066999969859], [-88.03044099975465, 43.09066599996966], [-88.0302469995859, 43.090663000008796], [-88.03005599979018, 43.090665000201376], [-88.0296349998407, 43.09066599996966], [-88.02963999986358, 43.09019600015467], [-88.02902800011839, 43.09019499972269], [-88.02771000001837, 43.09019399994678], [-88.02770800036853, 43.090359000151466], [-88.0276980003228, 43.09130399967868], [-88.02769599977465, 43.09161999975104], [-88.02769199957669, 43.09196500004841], [-88.02768200042928, 43.09300199989205], [-88.02767900005624, 43.09334800000068], [-88.02767499985828, 43.093692999747695], [-88.02766399998761, 43.094731000208654], [-88.02766099961457, 43.09507699973243], [-88.02765700031492, 43.095456999891645], [-88.02764499972103, 43.09652000032088], [-88.02764499972103, 43.09659899999502], [-88.02764399989611, 43.096706999833046], [-88.0276420002463, 43.096980000214074], [-88.02763600039852, 43.09730300010459], [-88.02761999960667, 43.09827299969241], [-88.02761700013194, 43.09852800023185], [-88.0276210003299, 43.098597000272434], [-88.02761600030703, 43.09878799985561], [-88.02760399971315, 43.09932899976495], [-88.02760299988824, 43.099361000277874], [-88.0276000004135, 43.09955299972477], [-88.02759399966742, 43.09990600015335], [-88.02759100019269, 43.100046999831925], [-88.02757600012407, 43.10096400012246], [-88.02757100010119, 43.101317999881275], [-88.02756000023052, 43.10194300028193], [-88.02755400038275, 43.10227599995118], [-88.02754599998683, 43.10277800023244], [-88.02752900026839, 43.1038209999036], [-88.02751900022265, 43.10444800007346], [-88.03262800041612, 43.10442200013752], [-88.03262900024103, 43.10436799983179], [-88.03263199971576, 43.10426900024057], [-88.032809999991, 43.10426800003849], [-88.03685499962936, 43.1042449999777], [-88.03690400003316, 43.10424399977523], [-88.03690300020824, 43.104397999934626], [-88.03757900042585, 43.10440999970931], [-88.03797899956062, 43.10442099993798], [-88.0381960001939, 43.104423999880765], [-88.03819899966864, 43.10425300028501], [-88.0407860003632, 43.10423600012266], [-88.04078499963998, 43.104331999820054], [-88.04078499963998, 43.10436799983179], [-88.0411670001297, 43.10436600008671], [-88.04189400040093, 43.10437000023262], [-88.04216899986223, 43.10436000019538], [-88.04241499990954, 43.10435799979421], [-88.04315700024937, 43.104354999848205], [-88.04340499994649, 43.10435300010276], [-88.04365299964361, 43.10435099970137], [-88.04439800035651, 43.10434600000934], [-88.04464699987852, 43.10434499980851], [-88.04489600029889, 43.10434400026355], [-88.04523600005751, 43.104341999861866], [-88.04593499984132, 43.104337999714176], [-88.04720100006281, 43.10433100027493], [-88.04852500001063, 43.1043229999778], [-88.049171000091, 43.104318999828884], [-88.04991799955539, 43.104312999932894], [-88.05215899974523, 43.1043010001392], [-88.05290699993284, 43.10429699998883], [-88.05326699978298, 43.10429999993764], [-88.0543399996606, 43.10428899968726], [-88.05470999955647, 43.104292000292396], [-88.05520300037428, 43.10428399999018], [-88.05657599982757, 43.10427599968692], [-88.05714999993792, 43.10427299973694], [-88.05792300023991, 43.10427399993889], [-88.0580770002257, 43.10426699983644], [-88.0581619997162, 43.10426399988598], [-88.05867800010024, 43.10426500008812], [-88.05898400042199, 43.10426200013755], [-88.05991400018449, 43.10426099993535], [-88.06110199968985, 43.104249999677975], [-88.0634910000177, 43.10423499992004], [-88.06362099971403, 43.10423499992004], [-88.06365500004924, 43.10423399971745], [-88.06379599961622, 43.10423399971745], [-88.06384199964697, 43.10423300017068], [-88.06396899986859, 43.10423300017068], [-88.06401099970138, 43.104231999968], [-88.06404500003657, 43.104231999968], [-88.06417100043326, 43.10423099976536], [-88.0645410003291, 43.104224000313835], [-88.06565400038973, 43.10422099970542], [-88.06602500011049, 43.10422099970542], [-88.06602799958523, 43.103598000030466], [-88.06605000022485, 43.10256200013776], [-88.0660610000955, 43.101507000320716], [-88.06608000036209, 43.10046599979827], [-88.06610899977608, 43.09941400012729], [-88.06611799999692, 43.09891800023741], [-88.06614200028635, 43.0984830000209], [-88.06614300011128, 43.09840899967498], [-88.06614399993617, 43.09828899989897], [-88.06615300015702, 43.097334999708536], [-88.06617599972323, 43.09621400000669], [-88.06619199961675, 43.095186999675796], [-88.06620400021063, 43.09455799971369], [-88.0662159999062, 43.09389100017354], [-88.06621799955603, 43.09375999989718], [-88.066229000325, 43.09168799995202], [-88.0662510000663, 43.09082800026207], [-88.06625600008918, 43.09016499987677], [-88.066257999739, 43.09007300003897], [-88.06625699991407, 43.089723999789896], [-88.06626600013492, 43.08904199988483], [-88.06626699995984, 43.088964999894614], [-88.06626899960965, 43.08880900002673], [-88.06627600018065, 43.0881239996889], [-88.06636800024218, 43.08601400001445], [-88.06637599973978, 43.08576200005218], [-88.06638699961042, 43.08501599976786], [-88.0663980003794, 43.08464099976615], [-88.06640199967903, 43.08426000020058], [-88.06641400027293, 43.08379200019825], [-88.06649700011359, 43.0799880002701], [-88.06649299991564, 43.0798219997414], [-88.06650200013647, 43.07901100006422], [-88.06651600038018, 43.07845700021812], [-88.06651999967981, 43.0780090000053], [-88.06660300041881, 43.07454100028628], [-88.06660199969558, 43.07446299975347], [-88.06660199969558, 43.07435199995974], [-88.0666169997642, 43.07342699976609], [-88.06663500020585, 43.07281699993365], [-88.06664699990144, 43.07260700018933], [-88.06665699994717, 43.07121400029194], [-88.06666399961985, 43.0706380000509], [-88.06670700017588, 43.06934700014896], [-88.06671100037384, 43.068725000192956], [-88.06672499971923, 43.06724000000266], [-88.06672499971923, 43.0671989997222], [-88.06672499971923, 43.06715900022239], [-88.0667299997421, 43.06496899991703], [-88.06682500017666, 43.05993499990605], [-88.06682400035174, 43.059895999874996], [-88.06682600000157, 43.05985600020445], [-88.06683699987222, 43.0592929999237], [-88.06683400039748, 43.05812399987895], [-88.0668360000473, 43.057786999827975], [-88.06684000024528, 43.05689400010479], [-88.06684600009307, 43.055378000004936], [-88.06685000029101, 43.05497499982533], [-88.06685100011592, 43.05464000024677], [-88.06685299976573, 43.0542940001109], [-88.06685699996369, 43.054146999923326], [-88.06685500031388, 43.053977000137735], [-88.06685399959066, 43.053891000028116], [-88.06685500031388, 43.05366199992661], [-88.06685799978862, 43.05337500011978], [-88.0668639996364, 43.05315700030666], [-88.06685899961353, 43.05308999973272], [-88.0668629998115, 43.052710999732035], [-88.06686100016167, 43.052680000180885], [-88.0668639996364, 43.052631999913196], [-88.0668639996364, 43.052510000267304], [-88.0668629998115, 43.05230600027408], [-88.0668929999487, 43.05094599982721], [-88.0668910002989, 43.050863999764005], [-88.06689200012381, 43.0507990001483], [-88.06688700010093, 43.05063699970563], [-88.06688799992585, 43.049937999830505], [-88.06688100025316, 43.0496880000861], [-88.06688000042826, 43.04905000030023], [-88.06689700014667, 43.04904899985295], [-88.06688999957568, 43.047977000017575], [-88.06689700014667, 43.047814000187984], [-88.06688999957568, 43.047256999869454], [-88.06688999957568, 43.04723499988505], [-88.06688999957568, 43.047223999889894], [-88.06688999957568, 43.04718799977256], [-88.06689200012381, 43.046492999967775], [-88.06688799992585, 43.046295999819655], [-88.06688999957568, 43.04610500004178], [-88.06689399977363, 43.04580899976096], [-88.0668910002989, 43.04555200000884], [-88.06689600032176, 43.045477000212884], [-88.06689700014667, 43.0454579997948], [-88.06689899979649, 43.04542000025407], [-88.06689899979649, 43.045395000059635], [-88.06689999962141, 43.04529599968859], [-88.06690800001734, 43.044646999718445], [-88.06691499969003, 43.044043000289655], [-88.06690399981937, 43.04336100010597], [-88.06693599960643, 43.04224000023641], [-88.06693099958355, 43.04093899990855], [-88.06690100034463, 43.04017400017244], [-88.06689499959855, 43.04014699993795], [-88.06688799992585, 43.04011200019996], [-88.06695200039826, 43.03712300026172], [-88.06693899997947, 43.036590999901335], [-88.06693800015455, 43.03643599999376], [-88.0669339999566, 43.036324000291366], [-88.06692899993372, 43.03614099968108], [-88.06690299999447, 43.03486199987119], [-88.06692100043612, 43.03418000006466], [-88.06692999975864, 43.03415299981908], [-88.06694800020031, 43.03299100029566], [-88.06696099972078, 43.032299000071255], [-88.06698699966003, 43.0309110001652]]]}, "properties": {"id": "covered-us-wi-wauwatosa", "status": "covered", "jurisdiction": "Wauwatosa", "country_id": "us", "state_id": "wi", "area_type": "city", "note": "Covered by public tree inventory for Wauwatosa; geometry from official jurisdiction boundary."}}, {"type": "Feature", "geometry": {"type": "MultiPolygon", "coordinates": [[[[-88.0685819997695, 42.981974000020955], [-88.06862000030266, 42.980960000068215], [-88.06845100024826, 42.98095800023976], [-88.0679469995598, 42.98095200009672], [-88.06777900022861, 42.98095099985378], [-88.06710399983592, 42.98094299988113], [-88.06508100010429, 42.980920000200356], [-88.06440700043481, 42.98091299981005], [-88.06365400022432, 42.98090300000217], [-88.0635040004365, 42.98090199975842], [-88.06079700009133, 42.98087200032454], [-88.06031900024045, 42.98086600017317], [-88.05989499991793, 42.98086199985284], [-88.05936099999053, 42.980863000097244], [-88.05916699982178, 42.980863999684416], [-88.05776199968311, 42.98084500029583], [-88.05723000030387, 42.98083799989698], [-88.05695400011935, 42.98083700030934], [-88.05612800011392, 42.98083700030934], [-88.05595499986156, 42.98083700030934], [-88.05585299975431, 42.98083700030934], [-88.05555200035374, 42.98083700030934], [-88.05540800041369, 42.98083600006452], [-88.05407400042014, 42.980834999819685], [-88.05363000000614, 42.980834999819685], [-88.05356300005899, 42.98083400023199], [-88.05336200021752, 42.98083400023199], [-88.05329600009529, 42.98083400023199], [-88.05299200032167, 42.98083299998712], [-88.05208000010252, 42.98083299998712], [-88.0517760003289, 42.98083299998712], [-88.05157299993931, 42.98083199974224], [-88.05096399966885, 42.98083199974224], [-88.05076200000249, 42.98083199974224], [-88.05059600032114, 42.980831000154545], [-88.05010000002859, 42.980831000154545], [-88.04993500017214, 42.980831000154545], [-88.04942600035913, 42.98082999990958], [-88.04789900002172, 42.980828000076905], [-88.0473900002087, 42.980828000076905], [-88.04738500018583, 42.980939000222975], [-88.04737099994213, 42.981275000172054], [-88.04736699974417, 42.98138699974704], [-88.04734400017794, 42.981928999677734], [-88.04733999998, 42.98202700016393], [-88.04730700036802, 42.98285799986577], [-88.04726299998708, 42.98394899994507], [-88.04724399972052, 42.98444299991636], [-88.04673699955731, 42.98444800018976], [-88.04614599972852, 42.98444999990473], [-88.04572999980192, 42.98445200027676], [-88.04535200040846, 42.9844539999916], [-88.0446229995891, 42.984458000078206], [-88.0443480001278, 42.9844590002641], [-88.04407699996614, 42.98445999979286], [-88.04326500020441, 42.98446500006488], [-88.04299499986767, 42.984466999779244], [-88.04285199975254, 42.98448400030628], [-88.04244599987166, 42.98447099986501], [-88.04231899965006, 42.98447099986501], [-88.04231100015245, 42.98470900022813], [-88.0422850002132, 42.98545499991303], [-88.04226599994661, 42.98587600025281], [-88.04219499980151, 42.98808599971401], [-88.04198499973923, 42.988086999840874], [-88.04058299997361, 42.98809199981786], [-88.04039600037586, 42.98809299994463], [-88.04035500036798, 42.98809199981786], [-88.04032900042871, 42.98809199981786], [-88.04025099971258, 42.98809199981786], [-88.04022599959823, 42.98809299994463], [-88.0399560001598, 42.98809299994463], [-88.03914699987283, 42.988096000324866], [-88.0388780002593, 42.98809799992113], [-88.0386399997096, 42.98809900004784], [-88.03855299967097, 42.9881000001745], [-88.0383440003319, 42.988101000301135], [-88.03768700038088, 42.98810299989727], [-88.03729099964744, 42.98810299989727], [-88.03723299992113, 42.98810699974644], [-88.03628999973982, 42.988115000101125], [-88.03622299979267, 42.98811399997467], [-88.03593999993545, 42.988116000227514], [-88.03509200018871, 42.988126000176365], [-88.03487799992847, 42.98812899989788], [-88.03481000015641, 42.98813000002404], [-88.03479300043797, 42.98813000002404], [-88.03457199960673, 42.98813100015024], [-88.0338589995792, 42.98813799971861], [-88.03362199975274, 42.98814100009666], [-88.03337400005562, 42.98814200022262], [-88.03263199971576, 42.98814899978979], [-88.03238499984356, 42.988152000167304], [-88.03213999962118, 42.988153999761735], [-88.03140800022538, 42.988160999984665], [-88.03116399982792, 42.98816399970446], [-88.03113700006374, 42.98816399970446], [-88.03105599987289, 42.98816399970446], [-88.03102999993361, 42.98816399970446], [-88.03080999982558, 42.988165999955626], [-88.03015000039983, 42.98817300017719], [-88.0299310001167, 42.9881759998964], [-88.02968400024452, 42.9881770000218], [-88.02894399955449, 42.98818400024206], [-88.02869800040551, 42.98818699996074], [-88.02845099963498, 42.98818900021121], [-88.02771000001837, 42.98819599977302], [-88.02746399997106, 42.988199000148185], [-88.02681200004291, 42.988200999741146], [-88.02485600025842, 42.98820799995866], [-88.02420500015518, 42.98821099967617], [-88.02287500035958, 42.988216000300206], [-88.02241199967901, 42.98821900001732], [-88.01888500007452, 42.988231000198525], [-88.01755600010382, 42.9882360001638], [-88.01730800040673, 42.9882360001638], [-88.01656400041705, 42.98824000000431], [-88.01631699964652, 42.98824100012867], [-88.01606899994941, 42.98824100012867], [-88.0154560003793, 42.98824399984457], [-88.01532499995976, 42.98824399984457], [-88.01507800008756, 42.988246000093184], [-88.01458199979498, 42.98824700021745], [-88.01309499964057, 42.98825399977265], [-88.01260000007126, 42.98825600002089], [-88.01247700004758, 42.98825600002089], [-88.01215800020536, 42.988257000145], [-88.01083300043265, 42.9882620001082], [-88.01039200039169, 42.988263999699065], [-88.01014899981912, 42.988263999699065], [-88.00942099972298, 42.98826700007096], [-88.00917899987365, 42.98826800019487], [-88.00907299956845, 42.98826800019487], [-88.00887199972698, 42.98826800019487], [-88.0079510001853, 42.988272000033305], [-88.00764499986354, 42.98827400028096], [-88.00723700033288, 42.98827599987148], [-88.006014999594, 42.98828599979436], [-88.00567499983536, 42.98828900016513], [-88.00560799988821, 42.98829000028869], [-88.00551900019977, 42.98829000028869], [-88.00525300006097, 42.98829199987868], [-88.00516500019744, 42.988293000002194], [-88.00480500034733, 42.98829500024922], [-88.00372800027172, 42.98830400004564], [-88.00336900024651, 42.988306999758464], [-88.00311399997841, 42.988309000004975], [-88.00234900007234, 42.98831500008712], [-88.00209399980422, 42.98831699967625], [-88.00208999960626, 42.98850900001686], [-88.00207999956051, 42.98908500006863], [-88.00207700008578, 42.98927800008905], [-88.00205000032159, 42.9893549997749], [-88.00203799972772, 42.990108000245925], [-88.00203500025297, 42.99025700026943], [-88.00203299970484, 42.990343000197974], [-88.00203100005503, 42.99048099999992], [-88.0020240003823, 42.99057699982228], [-88.00202100000928, 42.99109500031456], [-88.00200799959048, 42.99194500021741], [-88.00197499997853, 42.993759999719494], [-88.00194499984129, 42.99557100013342], [-88.00192200027507, 42.997392000151706], [-88.00190800003138, 42.99824700015187], [-88.00189399978765, 42.999015999926335], [-88.00175800024354, 42.999015999926335], [-88.00128100021757, 42.99902200027718], [-88.00005000015618, 42.99902300022614], [-88.0000509999811, 42.9989070001302], [-88.0000509999811, 42.998848999671665], [-87.99907600001275, 42.99885699994204], [-87.9981360002045, 42.998860999748366], [-87.99813299983145, 42.99904299985802], [-87.99805800038669, 42.99904399980663], [-87.99749299959885, 42.99905000015473], [-87.99749299959885, 42.99900100003221], [-87.99749199977393, 42.99879800014072], [-87.99749199977393, 42.99878700000445], [-87.99580299995314, 42.99879700018814], [-87.99576299977019, 42.99883199983273], [-87.99572900033331, 42.998839000153446], [-87.99502299997847, 42.99885799989364], [-87.9950239998034, 42.998873999774055], [-87.99446899995961, 42.99886999996863], [-87.99340899960244, 42.99887599967672], [-87.99238299958047, 42.998882999992425], [-87.99126100019734, 42.998887999748156], [-87.99098099981487, 42.998892000209466], [-87.99087299985983, 42.99888399994359], [-87.99013999974082, 42.99887299982273], [-87.9895339998434, 42.99887599967672], [-87.98953600039155, 42.998765999679115], [-87.9889270001211, 42.99875500019413], [-87.98829100008645, 42.99874500000361], [-87.9883089996298, 42.99777300012976], [-87.98825099990349, 42.99775599999313], [-87.9875760004091, 42.99775999987113], [-87.98758100043197, 42.99751199971676], [-87.9875830000818, 42.99747300008095], [-87.9873360002096, 42.99747699997736], [-87.98718399987364, 42.997474000055064], [-87.9870199998421, 42.99748699971723], [-87.98687500007713, 42.99750499990189], [-87.98667000003775, 42.99754500014741], [-87.98649799961026, 42.997578999875685], [-87.98636100024125, 42.997615000185874], [-87.98610000012533, 42.997700999673484], [-87.98597499955356, 42.997753000084515], [-87.98585499990294, 42.99781000029493], [-87.98572100000865, 42.99788199996653], [-87.98558600028943, 42.997963999873015], [-87.98544800019718, 42.99806199976188], [-87.98534600008993, 42.998145000048375], [-87.98524399998267, 42.998237999840406], [-87.98515000027135, 42.99833699990936], [-87.98506499988252, 42.99843899969414], [-87.98496000030055, 42.99858999979902], [-87.98472000010103, 42.99903099981686], [-87.98466499984944, 42.99911699995063], [-87.98459799990229, 42.99921000024248], [-87.98453400032821, 42.9992919996907], [-87.98452199973431, 42.99929500018119], [-87.98269599964618, 42.999288999857065], [-87.98261199998059, 42.999288999857065], [-87.98142000027727, 42.99927000025009], [-87.98125799989556, 42.999286000023226], [-87.97937200043128, 42.999277999808704], [-87.97874899991713, 42.99928100029989], [-87.97764500007733, 42.999277999808704], [-87.97763699968142, 42.99954099982828], [-87.97763199965854, 42.9998020001637], [-87.97763099983364, 42.99989400014102], [-87.97762300033604, 43.00031300027333], [-87.97763099983364, 43.00109799977128], [-87.97757599958206, 43.00291699980738], [-87.97717499972406, 43.00290599975163], [-87.97699800017205, 43.002902000208636], [-87.9769179998061, 43.002898999894235], [-87.9766779996066, 43.00289299992202], [-87.97659800013896, 43.00289100015015], [-87.97633600019815, 43.00289100015015], [-87.97570299963826, 43.00289200003609], [-87.97581399996633, 43.00295199973289], [-87.9768609999047, 43.00330500015676], [-87.97749199991647, 43.00352500012634], [-87.97756399988648, 43.003550000297004], [-87.97756999973427, 43.00370700021638], [-87.97756800008445, 43.00380199987241], [-87.97756700025953, 43.00384899971011], [-87.97756300006156, 43.004090000186046], [-87.97756200023667, 43.004187000293406], [-87.97755200019091, 43.00500400007753], [-87.97752600025166, 43.00745700020801], [-87.97751700003082, 43.0082750003132], [-87.97751700003082, 43.00829099971199], [-87.97751700003082, 43.008338999853926], [-87.97751700003082, 43.00835499989291], [-87.97742699961914, 43.00836099998858], [-87.97639499974937, 43.00835799994079], [-87.97638399987873, 43.00961600032636], [-87.97638100040399, 43.01019599999176], [-87.97671600013975, 43.010198000182754], [-87.97750000031238, 43.01020400009835], [-87.97772100024532, 43.01020600028909], [-87.978056999806, 43.01020900024657], [-87.9782760000891, 43.01020900024657], [-87.97847899958037, 43.01020900024657], [-87.97893399986505, 43.01020900024657], [-87.97915399997308, 43.010210000013394], [-87.97938900014971, 43.010210999780206], [-87.98009499960622, 43.010213999737495], [-87.98033099960779, 43.010215000161125], [-87.9805640001346, 43.010210000013394], [-87.98126299991843, 43.01019399980074], [-87.98149700027015, 43.01019000007539], [-87.98160900042315, 43.010187000116936], [-87.98187499966362, 43.01018100019969], [-87.98194800035687, 43.01017900000813], [-87.98206200015969, 43.01017699981655], [-87.98205999961155, 43.010483000125724], [-87.98205999961155, 43.010629000075156], [-87.98205600031191, 43.011744000224105], [-87.98205399976376, 43.01185499971548], [-87.98205499958867, 43.01192999987957], [-87.98205600031191, 43.01204900021475], [-87.9824510003221, 43.011800999934685], [-87.98266999970691, 43.01166399980351], [-87.982668999882, 43.01178899975801], [-87.98266700023217, 43.0121649998007], [-87.98266700023217, 43.01229099978222], [-87.98266399985913, 43.012625000327844], [-87.98265700018642, 43.0136270002619], [-87.9826549996383, 43.01396199981591], [-87.9826479999656, 43.01452499972644], [-87.98263100024717, 43.01621600001154], [-87.98262600022429, 43.01677999993551], [-87.98259400043723, 43.01677999993551], [-87.98259299971403, 43.018347000007836], [-87.98239299969747, 43.01838400026106], [-87.98239400042071, 43.01876700001003], [-87.98240000026848, 43.020063999753184], [-87.98240399956813, 43.02088700001926], [-87.98241199996406, 43.02269800008348], [-87.98246399984258, 43.024125999871565], [-87.98249700035285, 43.024125999871565], [-87.98258799969115, 43.024125999871565], [-87.98294599989141, 43.02408400012011], [-87.98305899986934, 43.02407299991465], [-87.98317000019742, 43.024061999707186], [-87.983618999736, 43.02403100012693], [-87.98367099961453, 43.02402800018792], [-87.98412000005142, 43.024012999833836], [-87.98423300002932, 43.024012000291705], [-87.9854070001893, 43.024026999989296], [-87.98652500027279, 43.02405199969602], [-87.98665599979402, 43.02405400009242], [-87.98709600001008, 43.02406299990523], [-87.98749100002028, 43.02411599987082], [-87.98967000028586, 43.024117000067946], [-87.99044699988747, 43.02413299993678], [-87.99242100011361, 43.02414500032825], [-87.99691900038682, 43.02426599971118], [-87.99741200030631, 43.024279999808904], [-87.99741200030631, 43.02414899980146], [-87.99999900010256, 43.024168000251024], [-88.00238300040752, 43.02418599984189], [-88.00335400017792, 43.024191999704385], [-88.00352499988213, 43.02419299990032], [-88.00474000004999, 43.02420100015371], [-88.00595600004277, 43.024209999944965], [-88.0062670003874, 43.02421299987514], [-88.00723800015777, 43.02421999993044], [-88.00723800015777, 43.024191999704385], [-88.00723899998269, 43.02411000000089], [-88.0072399998076, 43.0240829999224], [-88.00748900022795, 43.024075000310376], [-88.0082390000654, 43.02405500029061], [-88.00848900031065, 43.02404899975802], [-88.00859899991552, 43.02404500027825], [-88.00859999974043, 43.024161999729486], [-88.00859800009059, 43.02418400010652], [-88.01138699955321, 43.024112999935895], [-88.0172730002466, 43.02394800000848], [-88.01852600004932, 43.02392799994733], [-88.02228600018061, 43.02386899992606], [-88.02353999980822, 43.023850000040696], [-88.02360500010556, 43.02384800029437], [-88.02408899980423, 43.023841000196605], [-88.02429200019381, 43.023838000248304], [-88.02429600039177, 43.024296999829495], [-88.02518299959826, 43.024283999930105], [-88.02518599997131, 43.024330999856566], [-88.02517699975047, 43.02493400006634], [-88.02710300029605, 43.02497400018336], [-88.02730800033544, 43.02497300000016], [-88.02751400019977, 43.024974999709826], [-88.02818000037165, 43.02498699993665], [-88.02829300034955, 43.024989999828854], [-88.02840399977931, 43.02499100001179], [-88.02915199996694, 43.025004999944166], [-88.02926499994484, 43.025007999835445], [-88.02937700009784, 43.02500900001808], [-88.03012500028548, 43.0250229999464], [-88.0302320004156, 43.025010999726575], [-88.03034899969315, 43.02501899987341], [-88.03115799998014, 43.02503599968931], [-88.03159499982314, 43.025045000014934], [-88.03463199988119, 43.0251070001059], [-88.0350489996327, 43.02511599976433], [-88.03516499998366, 43.02511900030691], [-88.03523699995367, 43.02511999983101], [-88.03537000002306, 43.025122999716714], [-88.03539799961216, 43.025123999897474], [-88.03545399968866, 43.02512500007822], [-88.03562799976594, 43.02512799996364], [-88.0357730004292, 43.025130999848905], [-88.03592300021702, 43.02513399973402], [-88.03622399961759, 43.02513899998005], [-88.03648800010654, 43.025144000225666], [-88.03651400004583, 43.025144000225666], [-88.03655800042675, 43.02514499974936], [-88.03676099991803, 43.02514999999453], [-88.03681399962147, 43.02515100017481], [-88.03694699969085, 43.02515299987873], [-88.03704600032337, 43.025154000059], [-88.03712499996608, 43.02515599976277], [-88.03721399965455, 43.025158000123206], [-88.03738199988405, 43.02516299971054], [-88.03742700008988, 43.02516500007075], [-88.03789800026807, 43.02518800026811], [-88.03797500026097, 43.02519299985301], [-88.03830300032403, 43.02521799974163], [-88.03836199987526, 43.025222999980805], [-88.03873500014416, 43.02526000003071], [-88.03902800004711, 43.02529400018111], [-88.03929500001082, 43.025323000082054], [-88.03956100014959, 43.025353000146325], [-88.03982700028838, 43.025386000068735], [-88.04009199970393, 43.025421000325274], [-88.0403570000178, 43.025458999774415], [-88.04061999978354, 43.02549999972395], [-88.04088300044758, 43.02554299999402], [-88.04108699976376, 43.02557699998769], [-88.04114700003822, 43.02558600023394], [-88.04125300034343, 43.0256080001007], [-88.0414340000934, 43.02564200005836], [-88.04161599966828, 43.02567700016894], [-88.04180999983703, 43.02571299977401], [-88.04199200031024, 43.02574900001473], [-88.0421720002353, 43.02578800008746], [-88.0423499996122, 43.02582899981725], [-88.04252700006252, 43.025871999856875], [-88.04270299978963, 43.02591899988096], [-88.0428779996918, 43.02596700003611], [-88.04297099957822, 43.02599500010929], [-88.04304099989844, 43.0260150001537], [-88.04321400015077, 43.026067000238776], [-88.04336999978639, 43.026112999948914], [-88.04349899965783, 43.026151000283086], [-88.04381000000245, 43.02625699984667], [-88.04388199997247, 43.0262809997968], [-88.04395300011758, 43.0263049997375], [-88.04469100025946, 43.02657500006593], [-88.04489399975076, 43.026651000138756], [-88.04492999973574, 43.02681399971844], [-88.04512100042977, 43.02762900031807], [-88.0451790001561, 43.02787799985323], [-88.0452369998824, 43.028126000216524], [-88.04528799993605, 43.02834200007665], [-88.04530100035484, 43.02839599975875], [-88.04532599957088, 43.02850300016811], [-88.04535300023338, 43.02861800006869], [-88.04536800030199, 43.02868900028232], [-88.04587200009213, 43.031010000108566], [-88.04590300005428, 43.031010000108566], [-88.04623600014021, 43.03101399979117], [-88.04639199977582, 43.031010000108566], [-88.04707899986408, 43.03098999972163], [-88.04717299957541, 43.0309870001227], [-88.04717299957541, 43.031006999853936], [-88.04867800017149, 43.03099899983089], [-88.04883100033237, 43.03099799974586], [-88.04928200041907, 43.03099600023239], [-88.0521140004377, 43.03098100026772], [-88.05224900015692, 43.030980000182396], [-88.05278100043448, 43.0309769999263], [-88.0534040000503, 43.03097400032673], [-88.05354799999037, 43.03097300024128], [-88.0550850003735, 43.030965000213804], [-88.05623100004608, 43.03095800027098], [-88.05713099967136, 43.0309529998423], [-88.05809599959396, 43.030946999984], [-88.05913000001185, 43.03093599969503], [-88.0599979998501, 43.0309270002332], [-88.06068400011343, 43.03092000028605], [-88.06136700000373, 43.03091299968143], [-88.06163599961725, 43.03092299988826], [-88.06187599981673, 43.0309209997157], [-88.0625970002402, 43.03091499985427], [-88.06283800026463, 43.030913999767854], [-88.06340200032923, 43.030910000078734], [-88.0650960001729, 43.03089700026645], [-88.0656610000624, 43.030894000006306], [-88.06592700020121, 43.0308919998328], [-88.06672600044244, 43.03088599996854], [-88.06699300040616, 43.03088499988165], [-88.06698800038328, 43.02975099988222], [-88.06698800038328, 43.02971199970069], [-88.0669890002082, 43.0296509997711], [-88.0669900000331, 43.02958000001357], [-88.06699099985802, 43.02951699973453], [-88.06699300040616, 43.029458999941596], [-88.0670040002768, 43.02943899970594], [-88.06708799994239, 43.023913000225605], [-88.06708600029256, 43.023609999807306], [-88.06711300005674, 43.02359699976243], [-88.0671370003462, 43.02346600026769], [-88.06716599976019, 43.02310199974304], [-88.0671590000875, 43.02303100029131], [-88.06717499998102, 43.022833999680515], [-88.0671809998288, 43.02260199987753], [-88.06720599994317, 43.02221599972316], [-88.06720099992029, 43.0220200000123], [-88.06718500002675, 43.02192599986863], [-88.06714700039193, 43.0218400001421], [-88.06715800026258, 43.02154499994339], [-88.06718199965371, 43.02002100024283], [-88.06721799963873, 43.01844399993194], [-88.06721699981381, 43.01821000003003], [-88.06723100005752, 43.01746599989009], [-88.0672360000804, 43.017232999854436], [-88.06724000027836, 43.017025000189186], [-88.06725899964663, 43.01649399999259], [-88.0672519999739, 43.016399000261124], [-88.06725600017187, 43.0162439999343], [-88.06727000041558, 43.01584300015074], [-88.06729700017976, 43.01531400026659], [-88.06731700027125, 43.014207999848246], [-88.06738199967026, 43.01293499981071], [-88.06744199994472, 43.01165599988709], [-88.06745100016555, 43.01090699973021], [-88.0674620000362, 43.01001400007711], [-88.06748100030278, 43.00923299999458], [-88.06750100039427, 43.007947999699724], [-88.06750399986899, 43.00781700031954], [-88.06748799997548, 43.007212999699135], [-88.06749600037139, 43.00703800018578], [-88.06773700039581, 43.00301299991202], [-88.06773900004563, 43.00281700000424], [-88.06774999991629, 43.00225200006229], [-88.06779500012213, 42.999948999811714], [-88.06787200011503, 42.99847300024183], [-88.06798699974276, 42.99634299986696], [-88.06803399959841, 42.99548700030589], [-88.06803399959841, 42.99546600016683], [-88.06804600019231, 42.99518900028877], [-88.06805799988787, 42.9948779999293], [-88.06806100026091, 42.99481500018027], [-88.06804299981924, 42.99423599986913], [-88.06817500006373, 42.990372000177324], [-88.0681879995842, 42.99001299978659], [-88.06818900030744, 42.98979300006123], [-88.06832300020174, 42.9883229997576], [-88.06832800022461, 42.988230000074], [-88.06836599985944, 42.98729399991785], [-88.06836800040757, 42.98724299999698], [-88.0683700000574, 42.98718099979131], [-88.068385000126, 42.98698100005837], [-88.06841100006528, 42.986242999776415], [-88.06841100006528, 42.98621100000539], [-88.06841199989019, 42.98618700016622], [-88.06846600031687, 42.985400999926185], [-88.06850200030186, 42.98423899971765], [-88.06850800014968, 42.983749000211276], [-88.06855900020328, 42.98274399991428], [-88.06857799957154, 42.98225999968008], [-88.0685819997695, 42.981974000020955]]], [[[-88.06035500022544, 42.97945399973964], [-88.06041999962446, 42.977259999761834], [-88.05891199955364, 42.9772460001187], [-88.0573380002589, 42.97723300011861], [-88.05733599971076, 42.97728799969572], [-88.05732200036539, 42.977725999865804], [-88.05728300000733, 42.97904399984016], [-88.05727200013666, 42.97942600013486], [-88.05858000019093, 42.9794380000609], [-88.06017100010243, 42.979449999984666], [-88.06035500022544, 42.97945399973964]]]]}, "properties": {"id": "covered-us-wi-west-allis", "status": "covered", "jurisdiction": "West Allis", "country_id": "us", "state_id": "wi", "area_type": "city", "note": "Covered by public tree inventory for West Allis; geometry from official jurisdiction boundary."}}, {"type": "Feature", "geometry": {"type": "Polygon", "coordinates": [[[-87.91360800036416, 43.112890999776674], [-87.91365299967168, 43.11135199973087], [-87.91332499960862, 43.11134699995485], [-87.91224099986033, 43.11133400014183], [-87.9118800001853, 43.111329999795245], [-87.9118879996829, 43.11096599995076], [-87.91191199997236, 43.10987799967474], [-87.9119210001932, 43.10951499983674], [-87.91192799986588, 43.1091519998134], [-87.91195299998024, 43.10806299994292], [-87.91196200020107, 43.10770099998018], [-87.91196700022395, 43.10744900005751], [-87.91197399989665, 43.10716399990198], [-87.91198300011747, 43.10669299996739], [-87.91198899996526, 43.10644199999656], [-87.91198999979017, 43.10634200031201], [-87.91199499981303, 43.10612599967507], [-87.9116469996585, 43.105892999885484], [-87.91159899997791, 43.10586100016317], [-87.90959499961454, 43.10452100013718], [-87.90885999984572, 43.104030000017865], [-87.90837899962177, 43.10402400009355], [-87.90818299980319, 43.104021999681414], [-87.90797100009108, 43.10401899971899], [-87.90733500005646, 43.104011000036984], [-87.90712400016926, 43.10400900028025], [-87.90708200033647, 43.10400800007397], [-87.90708599963611, 43.103813999749335], [-87.90710099970472, 43.10323499967906], [-87.9071059997276, 43.103041999750516], [-87.90710999992557, 43.10285900015349], [-87.9069869999019, 43.10277599977958], [-87.9069790004043, 43.102622999704224], [-87.90701700003913, 43.101731999770756], [-87.90704600035146, 43.100539000018784], [-87.90705700022211, 43.10031400011995], [-87.9059800001465, 43.100297999786676], [-87.90567299999985, 43.10029299976365], [-87.9037199996901, 43.10026599976342], [-87.90331399980923, 43.10026700003089], [-87.90223699973363, 43.10025699997937], [-87.90092600020462, 43.10024600031435], [-87.89965199958722, 43.100233999723486], [-87.89890000009994, 43.10022800008308], [-87.8984399997924, 43.100224000322456], [-87.89721299992898, 43.100212999995634], [-87.89598500024064, 43.10020200032271], [-87.89473300026286, 43.10019400014193], [-87.89349100033081, 43.10018499969133], [-87.89229500042953, 43.10017599989537], [-87.8910390002538, 43.10016700009805], [-87.88982499991084, 43.1001570000302], [-87.8886120002911, 43.10014800023013], [-87.88740399979595, 43.10013899977276], [-87.88740399979595, 43.10010900020651], [-87.88740399979595, 43.10003499985794], [-87.88740600034409, 43.09981599975613], [-87.887407000169, 43.099742999985395], [-87.887407000169, 43.099708999774926], [-87.8874079999939, 43.0995340003222], [-87.88740999964374, 43.09920499999701], [-87.88741200019186, 43.09903299996662], [-87.88719000043402, 43.09903199967905], [-87.8867889996777, 43.09903100004734], [-87.88679100022584, 43.09870100000601], [-87.88642600035287, 43.09870100000601], [-87.88617899958236, 43.09870100000601], [-87.88494000002336, 43.098699999713006], [-87.883492000227, 43.098697000145684], [-87.883492000227, 43.09874400012809], [-87.883492000227, 43.098809999707534], [-87.88349100040207, 43.09892200008329], [-87.87931699999399, 43.098916999947896], [-87.87739499964638, 43.09891800023741], [-87.87635000025615, 43.09890900025516], [-87.87635500027902, 43.09892299971678], [-87.87635199990598, 43.099020000162064], [-87.87635299973087, 43.099043999849556], [-87.87635100008106, 43.099084999813236], [-87.87635399955579, 43.09910200009406], [-87.87637299982237, 43.0991270000355], [-87.876387999891, 43.09914100010315], [-87.87643300009682, 43.09916299982825], [-87.87647699957944, 43.099183000287006], [-87.8765219997853, 43.099210999737664], [-87.87655699994538, 43.09923899983141], [-87.87661100037205, 43.0992860000537], [-87.87662600044067, 43.09930300027872], [-87.87665900005263, 43.09933599977609], [-87.87667699959599, 43.09935499989603], [-87.87668800036496, 43.09939699993309], [-87.87669099983968, 43.099419000222085], [-87.87669000001478, 43.09943800031628], [-87.87669099983968, 43.09946500002566], [-87.87669699968747, 43.09949100009899], [-87.87671199975608, 43.099512999698334], [-87.87673299967248, 43.099545999738446], [-87.87676100015989, 43.09956499979318], [-87.87679200012202, 43.0995929997251], [-87.87688599983335, 43.09965499990348], [-87.87693000021429, 43.09967700009977], [-87.87696799984911, 43.099680999896115], [-87.8770239999256, 43.09967700009977], [-87.87709000004786, 43.09965699980238], [-87.87709699972055, 43.09966699995188], [-87.8771419999264, 43.09971099967206], [-87.87721600044455, 43.09981899992456], [-87.87730699978283, 43.099952999863646], [-87.87742599960853, 43.10008500028054], [-87.87747199963927, 43.10015099972636], [-87.87768000005174, 43.100393999756], [-87.87793500031985, 43.100635999871685], [-87.8780990003514, 43.10081199971282], [-87.87826400020782, 43.101054000144025], [-87.87829400034505, 43.10107599983763], [-87.87834700004852, 43.10115299968696], [-87.87839899992704, 43.101202000256194], [-87.87872100014233, 43.101449999978925], [-87.87898999975583, 43.10162100018914], [-87.8791210001754, 43.10169100026781], [-87.87937899991826, 43.101829999943185], [-87.87943900019272, 43.101852000013906], [-87.88015700024312, 43.102247999934484], [-87.88024699975648, 43.10228099981226], [-87.88042599985664, 43.10237399990873], [-87.88066600005615, 43.102550000000846], [-87.88068799979744, 43.10257799987937], [-87.88075599956952, 43.102616000068885], [-87.88089100018705, 43.10272600024285], [-87.88105500021857, 43.10288000028554], [-87.8812050000064, 43.102991000208085], [-87.88122699974771, 43.10301800031834], [-87.88144100000795, 43.10315600004014], [-87.88163799965145, 43.10336499980112], [-87.88177300026898, 43.1034749999411], [-87.8817880003376, 43.103497000076544], [-87.88213200029418, 43.10376099977351], [-87.88219900024133, 43.10384899985675], [-87.88221299958671, 43.10386399970926], [-87.88233399996054, 43.10398600012215], [-87.8826410001072, 43.10420100023651], [-87.88287299991079, 43.104399000134585], [-87.8829780003911, 43.10453100014807], [-87.88303699994233, 43.104591999720284], [-87.88312700035401, 43.10468299985084], [-87.88314999992024, 43.10470699994199], [-87.88322100006535, 43.10476600026276], [-87.88334300026408, 43.104868000282906], [-87.88359900035712, 43.10508100020145], [-87.88384600022933, 43.10530100001976], [-87.88428800009518, 43.10574099990783], [-87.88442199998948, 43.10587399982694], [-87.884662000189, 43.10604299979543], [-87.88469499980097, 43.10605600007635], [-87.88470900004468, 43.10606899969871], [-87.88475000005255, 43.10610799986089], [-87.88485600035779, 43.106187000281345], [-87.8848930001677, 43.106232000076794], [-87.88515500010851, 43.10649000010189], [-87.8853650001708, 43.10664399985792], [-87.88557500023309, 43.106841999724544], [-87.8857250000209, 43.106952000175255], [-87.8861130003584, 43.10714400008289], [-87.8863230004207, 43.1072930000539], [-87.88641999960676, 43.10740299969416], [-87.88645800013992, 43.10743899986739], [-87.88665200030869, 43.10762299969334], [-87.8869359999908, 43.107843000213514], [-87.88712299958856, 43.10801900032263], [-87.88736299978807, 43.10832200025652], [-87.88744599962874, 43.10839300002194], [-87.88778899976043, 43.10859000000211], [-87.88785200040793, 43.10862700026386], [-87.8879989998227, 43.10873399974293], [-87.88862800018465, 43.10935100021202], [-87.88901700034707, 43.109680999905144], [-87.89046099994547, 43.11102299995769], [-87.89050699997622, 43.111089000071914], [-87.8905670002507, 43.11115099975669], [-87.89056300005272, 43.11117700011356], [-87.89055899985476, 43.111186999692926], [-87.89054299996124, 43.11120999976863], [-87.89054299996124, 43.11122599987322], [-87.89055300000697, 43.111241999973636], [-87.89055700020494, 43.11125800006982], [-87.8905670002507, 43.11127899994384], [-87.89058700034217, 43.11130899993871], [-87.89059900003772, 43.111333000055225], [-87.89061099973331, 43.11135700016229], [-87.89062900017497, 43.11138199969], [-87.89065099991628, 43.11139899983517], [-87.89068199987841, 43.11141499989035], [-87.8906950002972, 43.111428999771206], [-87.89070500034295, 43.11145399992532], [-87.89070199996989, 43.11149299993548], [-87.89071200001563, 43.111528000242885], [-87.89073100028222, 43.11154900002424], [-87.89074999965047, 43.11157300004659], [-87.89077599958974, 43.11163800014191], [-87.89079200038158, 43.11166699987967], [-87.89081099974983, 43.11169500017874], [-87.89082499999355, 43.11170799991508], [-87.89083699968911, 43.111727000130166], [-87.89087900042021, 43.111760000144486], [-87.89091500040523, 43.11180100011761], [-87.89095700023803, 43.111826000119756], [-87.89096899993359, 43.111842000063305], [-87.89098499982711, 43.11185800000268], [-87.89101199959129, 43.11187000028233], [-87.89103699970563, 43.11187500001563], [-87.89105799962203, 43.11188999986883], [-87.89107699988861, 43.1119110001818], [-87.8911239997443, 43.11194400009692], [-87.89114100036105, 43.111960000009574], [-87.8911609995542, 43.111972000269276], [-87.89117899999587, 43.111978000070316], [-87.89120499993514, 43.11198199971875], [-87.89122599985153, 43.11199500004992], [-87.89130600021747, 43.11206700021994], [-87.89134399985231, 43.1121100001353], [-87.89136999979158, 43.11214299994311], [-87.8913990001039, 43.112183000242744], [-87.89143199971585, 43.11222000029988], [-87.89144500013465, 43.112235000068516], [-87.8914839995944, 43.112266000321995], [-87.89150799988384, 43.11229699990397], [-87.89152899980024, 43.11231599993619], [-87.89156300013542, 43.11232499991482], [-87.89158900007469, 43.11232399984441], [-87.8916030003184, 43.11233000026674], [-87.8916240002348, 43.112349000288674], [-87.89164400032628, 43.112358000262496], [-87.89168100013622, 43.112358000262496], [-87.89168899963381, 43.112365000095494], [-87.89192800000842, 43.11260700010638], [-87.89225000022368, 43.1128939999601], [-87.89244500021735, 43.113091999938334], [-87.89255900002017, 43.113195999968376], [-87.89278099977801, 43.113399999942764], [-87.8928560001211, 43.11348799994039], [-87.89297599977169, 43.11366400021173], [-87.89303600004615, 43.11373000010105], [-87.89317099976536, 43.11392799999762], [-87.8935749999964, 43.114346000007146], [-87.89381400037101, 43.11463200019785], [-87.89406899974081, 43.115006000145534], [-87.89406799991592, 43.11502800007125], [-87.89412900001527, 43.115115999695135], [-87.89412800019036, 43.11513800023706], [-87.89415900015251, 43.11518199998575], [-87.89415900015251, 43.115203999848184], [-87.89422299972661, 43.11529199987475], [-87.89432900003182, 43.115436000241345], [-87.89434199955228, 43.11545499995475], [-87.894355999796, 43.1155010001683], [-87.89436699966664, 43.11554300027606], [-87.89440199982675, 43.11561100013964], [-87.89443699998685, 43.11565200015584], [-87.89445500042851, 43.11568800006747], [-87.89447299997187, 43.11573300009118], [-87.8944830000176, 43.11579699968902], [-87.8944970002613, 43.115830000131716], [-87.8945109996067, 43.115852999774], [-87.8945449999419, 43.11588400016201], [-87.89458900032282, 43.115916999902026], [-87.89462899960746, 43.11594200019003], [-87.89465999956961, 43.11595499968001], [-87.89470399995055, 43.11598900004809], [-87.89482899962401, 43.116080000284526], [-87.89486700015715, 43.116094999762836], [-87.89488999972338, 43.11611499993586], [-87.89490700034013, 43.116138000126774], [-87.89491499983774, 43.116165999691795], [-87.89493300027941, 43.11620399997089], [-87.89495199964766, 43.11622300010155], [-87.89497799958693, 43.11623600018758], [-87.89501399957194, 43.11626199969561], [-87.89505799995287, 43.11629699989861], [-87.89513999996863, 43.11636800024893], [-87.8952019998929, 43.11643599985149], [-87.89529700032746, 43.116523000071744], [-87.89532999993942, 43.11656300013152], [-87.89537799962001, 43.116610000168315], [-87.89539600006168, 43.11663200017317], [-87.89545200013818, 43.116676000159046], [-87.89550099964366, 43.116739000083825], [-87.89559199988025, 43.11685299978284], [-87.89564899978166, 43.116930000115055], [-87.89568300011685, 43.1169869998132], [-87.8957359998203, 43.11704700009381], [-87.89577299963022, 43.117117000237535], [-87.8957929997217, 43.11716899980535], [-87.89581100016336, 43.11719100026493], [-87.89582700005691, 43.11722799991724], [-87.89584299995042, 43.11726000025418], [-87.89587599956239, 43.11731299968941], [-87.89590300022488, 43.11733600008573], [-87.89592800033924, 43.11736399975832], [-87.89594800043072, 43.11741399979749], [-87.8959750001949, 43.11745699989029], [-87.89600500033214, 43.11749400003746], [-87.8960379999441, 43.11752700022073], [-87.89607999977689, 43.11759499984678], [-87.89608599962466, 43.117608000297025], [-87.89613500002847, 43.11768299971353], [-87.8961790004094, 43.11774299996742], [-87.89621000037154, 43.11779900023873], [-87.8962210002422, 43.11783100027706], [-87.89625600040229, 43.11789500030355], [-87.89628300016646, 43.11794399993022], [-87.89629900006001, 43.117981999760914], [-87.89633699969482, 43.11805100016963], [-87.89638799974846, 43.118105000207116], [-87.89642100025873, 43.118148999789604], [-87.89642700010653, 43.11816100014713], [-87.89645700024374, 43.118196999894174], [-87.89647700033524, 43.11822899972435], [-87.89651499997008, 43.11827199990016], [-87.89652500001581, 43.11829200001736], [-87.89656299965064, 43.11832099988066], [-87.89659699998582, 43.118359000132905], [-87.89661999955204, 43.118373999708325], [-87.89662999959779, 43.118389999907095], [-87.89664999968927, 43.118409000014765], [-87.89666499975789, 43.1184290000872], [-87.89668300019956, 43.11844700021236], [-87.89668999987225, 43.11846399970644], [-87.89671300033677, 43.118491000204614], [-87.8967219996593, 43.118507999686464], [-87.89677899956071, 43.11858199999884], [-87.89679700000238, 43.11860200001472], [-87.89681000042117, 43.11861500025107], [-87.8968270001396, 43.118640000092455], [-87.89684300003312, 43.11865500025472], [-87.89684999970582, 43.11868100004636], [-87.8968689999724, 43.1187049998947], [-87.89688900006387, 43.11872399990452], [-87.89691099980519, 43.11875700008016], [-87.8970170001104, 43.11885999969918], [-87.89706999981384, 43.11892299999823], [-87.89712500006544, 43.11898199973028], [-87.89716299970027, 43.11902000022775], [-87.8971869999897, 43.11903299971956], [-87.89721999960169, 43.119069000264965], [-87.8972630001577, 43.11912599993771], [-87.89728099970102, 43.11915600002022], [-87.89731099983827, 43.119213000267635], [-87.89731599986115, 43.119234000034815], [-87.89733900032567, 43.11926200015029], [-87.89737699996051, 43.11932100021113], [-87.897397000052, 43.11934799967545], [-87.897433000037, 43.11938799985564], [-87.89746599964896, 43.11943600029964], [-87.89748699956536, 43.11946099980564], [-87.89751000002988, 43.1194869999105], [-87.89751800042582, 43.11951499991021], [-87.89753500014425, 43.11954499980199], [-87.89755100003778, 43.11956600011094], [-87.89756600010641, 43.119579000142416], [-87.89761899980984, 43.11966200002628], [-87.89763300005356, 43.11969099989597], [-87.89764200027437, 43.11970799970015], [-87.89765599961977, 43.11972800000365], [-87.89771099987136, 43.11979699975486], [-87.89773599998571, 43.119846999773024], [-87.89778100019156, 43.11991300020656], [-87.89778200001648, 43.11993499967953], [-87.8978260003974, 43.12000100001813], [-87.8978260003974, 43.120023000115175], [-87.8978709997049, 43.120088999703185], [-87.8978709997049, 43.12011099976859], [-87.89793099997938, 43.1201989999511], [-87.89793099997938, 43.120220999976944], [-87.89811099990443, 43.1204870001999], [-87.89835000027904, 43.12083800004316], [-87.89838100024117, 43.12090400006333], [-87.89848499999825, 43.121058000270786], [-87.89848499999825, 43.121079999987764], [-87.8986649999233, 43.12143200028471], [-87.89866400009839, 43.12145399986721], [-87.89877000040362, 43.121630000176516], [-87.89881499971112, 43.12176199974838], [-87.8988749999856, 43.121872000266876], [-87.89887400016067, 43.12189399969116], [-87.89894899960542, 43.12202600000477], [-87.89902999979628, 43.12226300030026], [-87.89905400008573, 43.122334000284766], [-87.89908400022296, 43.1223780001045], [-87.89909900029157, 43.122443999774774], [-87.89912900042881, 43.122488000171124], [-87.89918100030734, 43.12266400012855], [-87.89918899980495, 43.122751999917426], [-87.89921899994218, 43.122861999967235], [-87.89927900021662, 43.12297199981931], [-87.89927800039173, 43.122994000159366], [-87.89932400042248, 43.123059999820796], [-87.89932299969924, 43.123082000129244], [-87.8993679999051, 43.12314799969573], [-87.89945800031678, 43.123411999872324], [-87.89951799969292, 43.123522000046805], [-87.89954799983015, 43.123609999912816], [-87.8996220003483, 43.123741999802384], [-87.89963800024184, 43.12380799996814], [-87.89971299968657, 43.12394000008616], [-87.89978800002966, 43.124160000305515], [-87.89981700034198, 43.124204000123314], [-87.89987400024339, 43.12436899981389], [-87.89987800044135, 43.12437999973372], [-87.89989299961165, 43.12446900020446], [-87.89992199992396, 43.124512999800025], [-87.89999700026704, 43.124755000288175], [-87.90013399963607, 43.12501999994943], [-87.90017399981905, 43.12505399986989], [-87.90028000012424, 43.125301000132495], [-87.90031000026147, 43.12542799971472], [-87.90032399960685, 43.12544400003572], [-87.9003250003301, 43.125483000308925], [-87.90033899967547, 43.12549899995993], [-87.90034000039871, 43.12553800019807], [-87.900354999569, 43.12555399983469], [-87.900354999569, 43.12559300003777], [-87.90040099959975, 43.12568600011913], [-87.90043099973698, 43.12581300021332], [-87.90046000004929, 43.12586200005527], [-87.90049000018652, 43.12598899978411], [-87.90052100014866, 43.126043999873914], [-87.90053600021727, 43.12611000017872], [-87.90053600021727, 43.12626399973878], [-87.9005520001108, 43.12627999984112], [-87.90056600035452, 43.12636299981321], [-87.90058200024804, 43.12637899988965], [-87.90058100042313, 43.1264180002224], [-87.90059700031665, 43.126439999978885], [-87.90059700031665, 43.12648400012367], [-87.90061200038527, 43.12650000016846], [-87.9006419996242, 43.1266709998943], [-87.9006419996242, 43.1267370001782], [-87.90065699969279, 43.12675899981991], [-87.90065699969279, 43.126825000008914], [-87.90067199976141, 43.12684099996451], [-87.90067199976141, 43.12690200024863], [-87.90068799965493, 43.12692399983104], [-87.90068699983003, 43.126989999841975], [-87.90070199989863, 43.127012000048325], [-87.90071799979216, 43.12714399980911], [-87.90073299986076, 43.12715999968132], [-87.9007479999294, 43.127298000044185], [-87.90076399982291, 43.12731399987606], [-87.90076299999801, 43.12737499968848], [-87.90077800006662, 43.12739699975642], [-87.90079399996014, 43.12755100001012], [-87.90080900002876, 43.12756699977582], [-87.90080900002876, 43.127627999991574], [-87.90082400009737, 43.127645000212844], [-87.900839000166, 43.12783700010831], [-87.9008540002346, 43.12785400027149], [-87.90085500005951, 43.12795800012554], [-87.90086900030322, 43.12797500025509], [-87.90088500019675, 43.12811200027809], [-87.90089900044043, 43.128127999897096], [-87.90090000026535, 43.12821099998409], [-87.90091399961074, 43.12822800004333], [-87.90093000040258, 43.128376000012196], [-87.90094600029612, 43.12839300002558], [-87.90096100036473, 43.12856299989935], [-87.90097499971012, 43.12857999986076], [-87.90099099960362, 43.12868399979166], [-87.90100599967225, 43.12870099971939], [-87.90102099974087, 43.128782999883065], [-87.90103599980948, 43.12880500010017], [-87.90103599980948, 43.12891499975575], [-87.901051999703, 43.12893699992537], [-87.90108199984024, 43.129223000099074], [-87.90109699990886, 43.12923999987706], [-87.90111199997746, 43.129343999996934], [-87.90112700004607, 43.12936099974127], [-87.90112700004607, 43.12946500031107], [-87.90114200011469, 43.12948700028283], [-87.9011429999396, 43.12955300015074], [-87.90115800000822, 43.12957500009089], [-87.90117300007682, 43.129662999772286], [-87.90117300007682, 43.129772999851625], [-87.90118800014544, 43.12981700022136], [-87.90118800014544, 43.12988299973313], [-87.90120300021405, 43.12989999998327], [-87.90120300021405, 43.12996000005694], [-87.90121800028267, 43.1299819998507], [-87.90124800041991, 43.130267999727266], [-87.90126299959022, 43.13029000006584], [-87.90126400031342, 43.13039999967314], [-87.90127900038205, 43.130421999964184], [-87.90127900038205, 43.130509999738166], [-87.90131000034418, 43.130664000021355], [-87.90132000038992, 43.13091099992126], [-87.90133100026057, 43.13117599979288], [-87.90133200008549, 43.131192999683584], [-87.90132799988753, 43.132403000052626], [-87.90134299995614, 43.132446999841434], [-87.90134399978105, 43.13284299979401], [-87.90135899984966, 43.1329089999739], [-87.90143099981968, 43.13295800003156], [-87.90261599985033, 43.1329870001542], [-87.90369999959862, 43.133014999875286], [-87.90392700027766, 43.13308500010527], [-87.90511999980589, 43.13310200012092], [-87.90631999990514, 43.13311499989835], [-87.90632099973006, 43.13308299998742], [-87.90819299984894, 43.13310400023815], [-87.90819399967386, 43.13320999980156], [-87.90818899965097, 43.13344499992873], [-87.90818700000115, 43.13352000025347], [-87.90817799978032, 43.13394099995822], [-87.90815600003901, 43.134638999786205], [-87.90821299994042, 43.13457300016233], [-87.90830400017703, 43.134515000096286], [-87.90838899966752, 43.134468999756166], [-87.9084360004215, 43.134436000189154], [-87.90848400010208, 43.13440200023922], [-87.90853099995773, 43.13436899998048], [-87.90857899963832, 43.13433599970395], [-87.90862700021721, 43.13430300006516], [-87.9086749998978, 43.13426999975306], [-87.9087240003016, 43.13423700007866], [-87.90877199998216, 43.13420500009924], [-87.90882100038596, 43.13417300010315], [-87.90886999989145, 43.134141000090246], [-87.90891900029527, 43.134109000060654], [-87.90896899962566, 43.13407700001427], [-87.90901899985437, 43.13404499995118], [-87.90906900008308, 43.134014000242836], [-87.90911799958857, 43.13398200014674], [-87.9091689996422, 43.1339509997509], [-87.90921899987093, 43.1339199999949], [-87.90926999992453, 43.13388999994119], [-87.90932000015324, 43.133859000154224], [-87.9093720000318, 43.13382799969608], [-87.90942300008541, 43.13379800025275], [-87.90947400013904, 43.13376800013914], [-87.90952600001756, 43.13373800001081], [-87.9095770000712, 43.13370900024429], [-87.90962999977465, 43.13367900008703], [-87.90968199965319, 43.13365000029252], [-87.90973400043003, 43.13362000010631], [-87.90978700013349, 43.133591000283836], [-87.90983900001203, 43.133561999792036], [-87.90989199971547, 43.13353400032139], [-87.90994500031724, 43.133504999802554], [-87.90999800002068, 43.13347700030582], [-87.91005200044737, 43.133449000140686], [-87.91010500015079, 43.13342099996273], [-87.91015899967915, 43.13339299977196], [-87.91021300010584, 43.13336500022393], [-87.9102669996342, 43.13333799973454], [-87.91032199988578, 43.13331099988876], [-87.91037600031245, 43.13328400003109], [-87.9104299998408, 43.133257000161464], [-87.91048599991731, 43.13323000027995], [-87.91054000034399, 43.1332040001157], [-87.91059499969727, 43.13317700021074], [-87.91064999994883, 43.13315100002395], [-87.91070699985025, 43.133124999826094], [-87.91123999995271, 43.13313100017528], [-87.91126900026502, 43.13313100017528], [-87.91128599998348, 43.13312400009559], [-87.9112940003794, 43.13286900011175], [-87.91139899996138, 43.13282499997102], [-87.91145800041092, 43.13280099976167], [-87.91151699996215, 43.13277700019852], [-87.9115760004117, 43.13275399970689], [-87.91163400013802, 43.13273099986219], [-87.91169400041247, 43.1327080000089], [-87.91175299996371, 43.13268500014689], [-87.91181300023815, 43.13266200027624], [-87.91187299961432, 43.132640000135325], [-87.91193299988876, 43.13261799998654], [-87.91199200033832, 43.132595999829846], [-87.91205300043768, 43.132574000320766], [-87.91211299981381, 43.13255200014819], [-87.91216200021762, 43.13253499997965], [-87.91217999976097, 43.13206300020005], [-87.91218399995891, 43.13192700025421], [-87.91218999980671, 43.131706000025005], [-87.91219400000467, 43.13156700001755], [-87.91219499982958, 43.131543999726446], [-87.9121959996545, 43.13149199992008], [-87.91220099967737, 43.13132300008004], [-87.9122030002255, 43.131268000147756], [-87.91220700042346, 43.131114999837564], [-87.91220700042346, 43.13110099987149], [-87.91220800024838, 43.131048999688424], [-87.91221300027125, 43.130880999702605], [-87.91221499992108, 43.13082999975611], [-87.91222099976885, 43.130609000152056], [-87.91222599979172, 43.130444000247365], [-87.91222699961664, 43.13038799974941], [-87.91222999998968, 43.130287999856584], [-87.91223400018764, 43.1301519998973], [-87.9122380003856, 43.130014000072954], [-87.91224199968525, 43.12987800016001], [-87.91224500005829, 43.12974100015889], [-87.91224599988321, 43.129710000235676], [-87.91224800043135, 43.1296409998638], [-87.91224900025625, 43.12959700002312], [-87.91225400027913, 43.129512000271], [-87.91218599960875, 43.12951099982583], [-87.91198200029257, 43.12950799980153], [-87.91191500034543, 43.12950799980153], [-87.91180900004021, 43.12950600022232], [-87.91170500028313, 43.12950600022232], [-87.91172799984936, 43.12932500000716], [-87.91173500042035, 43.12902499986907], [-87.91173500042035, 43.129012999675616], [-87.91176200018454, 43.12901400012889], [-87.91189000023107, 43.129014999926575], [-87.91189000023107, 43.12897500014011], [-87.91216700024049, 43.128989999735296], [-87.91217100043846, 43.12885400016785], [-87.91217399991318, 43.12873299995628], [-87.91202699960009, 43.128730999696096], [-87.91202800032333, 43.12870399978331], [-87.91203300034618, 43.12853200003473], [-87.9120340001711, 43.128509999719434], [-87.91203800036907, 43.12834800013413], [-87.91203900019396, 43.12833599980786], [-87.91204400021684, 43.128154000252394], [-87.91204400021684, 43.12814400016749], [-87.91204900023972, 43.128018999951365], [-87.91205199971445, 43.1278889997441], [-87.91205799956222, 43.12769600019262], [-87.91206099993528, 43.1275620000134], [-87.91206500013324, 43.12742999984343], [-87.91206500013324, 43.127418999816406], [-87.9120690003312, 43.12729499991134], [-87.9120690003312, 43.12728200020811], [-87.91207299963084, 43.127158999853314], [-87.9120769998288, 43.12702899978515], [-87.91207799965373, 43.12696599996544], [-87.91208000020185, 43.12689800026414], [-87.91208400039982, 43.12676500013807], [-87.91208699987456, 43.12665000005723], [-87.91208799969947, 43.12663000004962], [-87.91209100007252, 43.126513000037875], [-87.91209100007252, 43.12650199984595], [-87.91209400044555, 43.126377000208144], [-87.91209500027048, 43.12636400030983], [-87.9120979997452, 43.126229999835196], [-87.91210199994316, 43.126095999722686], [-87.91210600014114, 43.125965000170446], [-87.91210699996603, 43.125887000213766], [-87.91169500023739, 43.12588099980948], [-87.91149699987066, 43.1258780002628], [-87.91150699991641, 43.125512999897], [-87.91154000042668, 43.124422000303525], [-87.91155100029735, 43.12405800030813], [-87.91155999961985, 43.12373400007547], [-87.91158899993218, 43.12276200022817], [-87.91159899997791, 43.12243900024932], [-87.91160599965062, 43.12208200029026], [-87.91163099976497, 43.12101200030051], [-87.91163999998581, 43.12065599981722], [-87.91164800038172, 43.12024299999489], [-87.9116750001459, 43.11900600011624], [-87.91168400036673, 43.11859400027144], [-87.91169799971212, 43.11803899979053], [-87.91205199971445, 43.11804299969858], [-87.91213999957799, 43.11804500030824], [-87.91218099958587, 43.118046000285155], [-87.91221800029412, 43.118047000262095], [-87.9122529995559, 43.118047000262095], [-87.91227000017265, 43.117360999793995], [-87.91171600015377, 43.11735399987674], [-87.91172100017666, 43.11714300002699], [-87.91174200009306, 43.11632400004153], [-87.91174899976575, 43.1160510000149], [-87.91176499965927, 43.11549500005688], [-87.91181400006307, 43.113827000037695], [-87.91183099978153, 43.113272000256906], [-87.91183300032965, 43.11317900032237], [-87.91184000000234, 43.11290099973179], [-87.91184099982726, 43.11286700027116], [-87.91360800036416, 43.112890999776674]]]}, "properties": {"id": "covered-us-wi-whitefish-bay", "status": "covered", "jurisdiction": "Whitefish Bay", "country_id": "us", "state_id": "wi", "area_type": "city", "note": "Covered by public tree inventory for Whitefish Bay; geometry from official jurisdiction boundary."}}]}