{"type": "FeatureCollection", "features": [{"type": "Feature", "geometry": {"type": "Point", "coordinates": [-113.54867193359586, 53.27808747718896]}, "properties": {"id": "leduc-10037", "species_group": "crabapple", "scientific_name": "Malus spp", "common_name": null, "subtype_name": "Malus spp", "zip_code": null, "ownership": "public", "ownership_raw": "City of Leduc", "city": "Leduc", "source_dataset": "Trees", "source_department": "City of Leduc", "source_last_edit_at": ""}}, {"type": "Feature", "geometry": {"type": "Point", "coordinates": [-113.54871485449297, 53.27821212269087]}, "properties": {"id": "leduc-10039", "species_group": "crabapple", "scientific_name": "Malus spp", "common_name": null, "subtype_name": "Malus spp", "zip_code": null, "ownership": "public", "ownership_raw": "City of Leduc", "city": "Leduc", "source_dataset": "Trees", "source_department": "City of Leduc", "source_last_edit_at": ""}}, {"type": "Feature", "geometry": {"type": "Point", "coordinates": [-113.5488487340707, 53.2782845266437]}, "properties": {"id": "leduc-10041", "species_group": "crabapple", "scientific_name": "Malus spp", "common_name": null, "subtype_name": "Malus spp", "zip_code": null, "ownership": "public", "ownership_raw": "City of Leduc", "city": "Leduc", "source_dataset": "Trees", "source_department": "City of Leduc", "source_last_edit_at": ""}}, {"type": "Feature", "geometry": {"type": "Point", "coordinates": [-113.54874311621387, 53.27852245150604]}, "properties": {"id": "leduc-10047", "species_group": "crabapple", "scientific_name": "Malus spp", "common_name": null, "subtype_name": "Malus spp", "zip_code": null, "ownership": "public", "ownership_raw": "City of Leduc", "city": "Leduc", "source_dataset": "Trees", "source_department": "City of Leduc", "source_last_edit_at": ""}}, {"type": "Feature", "geometry": {"type": "Point", "coordinates": [-113.54867863149859, 53.27877343369779]}, "properties": {"id": "leduc-10050", "species_group": "crabapple", "scientific_name": "Malus spp", "common_name": null, "subtype_name": "Malus spp", "zip_code": null, "ownership": "public", "ownership_raw": "City of Leduc", "city": "Leduc", "source_dataset": "Trees", "source_department": "City of Leduc", "source_last_edit_at": ""}}, {"type": "Feature", "geometry": {"type": "Point", "coordinates": [-113.54864913260381, 53.27889807291606]}, "properties": {"id": "leduc-10052", "species_group": "crabapple", "scientific_name": "Malus spp", "common_name": null, "subtype_name": "Malus spp", "zip_code": null, "ownership": "public", "ownership_raw": "City of Leduc", "city": "Leduc", "source_dataset": "Trees", "source_department": "City of Leduc", "source_last_edit_at": ""}}, {"type": "Feature", "geometry": {"type": "Point", "coordinates": [-113.52531113059993, 53.30345396434756]}, "properties": {"id": "leduc-10242", "species_group": "cherry", "scientific_name": "Prunus padus commutata", "common_name": null, "subtype_name": "Prunus padus commutata", "zip_code": null, "ownership": "public", "ownership_raw": "City of Leduc", "city": "Leduc", "source_dataset": "Trees", "source_department": "City of Leduc", "source_last_edit_at": ""}}, {"type": "Feature", "geometry": {"type": "Point", "coordinates": [-113.52523238651119, 53.30343373360457]}, "properties": {"id": "leduc-10243", "species_group": "cherry", "scientific_name": "Prunus padus commutata", "common_name": null, "subtype_name": "Prunus padus commutata", "zip_code": null, "ownership": "public", "ownership_raw": "City of Leduc", "city": "Leduc", "source_dataset": "Trees", "source_department": "City of Leduc", "source_last_edit_at": ""}}, {"type": "Feature", "geometry": {"type": "Point", "coordinates": [-113.52520566372718, 53.30345022595316]}, "properties": {"id": "leduc-10244", "species_group": "cherry", "scientific_name": "Prunus padus commutata", "common_name": null, "subtype_name": "Prunus padus commutata", "zip_code": null, "ownership": "public", "ownership_raw": "City of Leduc", "city": "Leduc", "source_dataset": "Trees", "source_department": "City of Leduc", "source_last_edit_at": ""}}, {"type": "Feature", "geometry": {"type": "Point", "coordinates": [-113.52673752819632, 53.30372932693424]}, "properties": {"id": "leduc-10297", "species_group": "cherry", "scientific_name": "Prunus padus commutata", "common_name": null, "subtype_name": "Prunus padus commutata", "zip_code": null, "ownership": "public", "ownership_raw": "City of Leduc", "city": "Leduc", "source_dataset": "Trees", "source_department": "City of Leduc", "source_last_edit_at": ""}}, {"type": "Feature", "geometry": {"type": "Point", "coordinates": [-113.54704957502358, 53.25071436914961]}, "properties": {"id": "leduc-1036", "species_group": "cherry", "scientific_name": "Prunus cerasus", "common_name": null, "subtype_name": "Prunus cerasus", "zip_code": null, "ownership": "public", "ownership_raw": "City of Leduc", "city": "Leduc", "source_dataset": "Trees", "source_department": "City of Leduc", "source_last_edit_at": ""}}, {"type": "Feature", "geometry": {"type": "Point", "coordinates": [-113.53507414167609, 53.30130122326573]}, "properties": {"id": "leduc-10410", "species_group": "cherry", "scientific_name": "Prunus padus commutata", "common_name": null, "subtype_name": "Prunus padus commutata", "zip_code": null, "ownership": "public", "ownership_raw": "City of Leduc", "city": "Leduc", "source_dataset": "Trees", "source_department": "City of Leduc", "source_last_edit_at": ""}}, {"type": "Feature", "geometry": {"type": "Point", "coordinates": [-113.53505556686787, 53.30128675831302]}, "properties": {"id": "leduc-10411", "species_group": "cherry", "scientific_name": "Prunus padus commutata", "common_name": null, "subtype_name": "Prunus padus commutata", "zip_code": null, "ownership": "public", "ownership_raw": "City of Leduc", "city": "Leduc", "source_dataset": "Trees", "source_department": "City of Leduc", "source_last_edit_at": ""}}, {"type": "Feature", "geometry": {"type": "Point", "coordinates": [-113.5350286902076, 53.30127176315326]}, "properties": {"id": "leduc-10412", "species_group": "cherry", "scientific_name": "Prunus padus commutata", "common_name": null, "subtype_name": "Prunus padus commutata", "zip_code": null, "ownership": "public", "ownership_raw": "City of Leduc", "city": "Leduc", "source_dataset": "Trees", "source_department": "City of Leduc", "source_last_edit_at": ""}}, {"type": "Feature", "geometry": {"type": "Point", "coordinates": [-113.54295148791688, 53.24885761189702]}, "properties": {"id": "leduc-1063", "species_group": "crabapple", "scientific_name": "Malus x adstringens Royalty", "common_name": null, "subtype_name": "Malus x adstringens Royalty", "zip_code": null, "ownership": "public", "ownership_raw": "City of Leduc", "city": "Leduc", "source_dataset": "Trees", "source_department": "City of Leduc", "source_last_edit_at": ""}}, {"type": "Feature", "geometry": {"type": "Point", "coordinates": [-113.54144292928166, 53.24747987036727]}, "properties": {"id": "leduc-1084", "species_group": "crabapple", "scientific_name": "Malus x adstringens Thunderchild", "common_name": null, "subtype_name": "Malus x adstringens Thunderchild", "zip_code": null, "ownership": "public", "ownership_raw": "City of Leduc", "city": "Leduc", "source_dataset": "Trees", "source_department": "City of Leduc", "source_last_edit_at": ""}}, {"type": "Feature", "geometry": {"type": "Point", "coordinates": [-113.50895123262438, 53.241716560604615]}, "properties": {"id": "leduc-10886", "species_group": "crabapple", "scientific_name": "Malus spp", "common_name": null, "subtype_name": "Malus spp", "zip_code": null, "ownership": "public", "ownership_raw": "City of Leduc", "city": "Leduc", "source_dataset": "Trees", "source_department": "City of Leduc", "source_last_edit_at": ""}}, {"type": "Feature", "geometry": {"type": "Point", "coordinates": [-113.50887358210473, 53.24173096234639]}, "properties": {"id": "leduc-10887", "species_group": "crabapple", "scientific_name": "Malus spp", "common_name": null, "subtype_name": "Malus spp", "zip_code": null, "ownership": "public", "ownership_raw": "City of Leduc", "city": "Leduc", "source_dataset": "Trees", "source_department": "City of Leduc", "source_last_edit_at": ""}}, {"type": "Feature", "geometry": {"type": "Point", "coordinates": [-113.50879679108817, 53.24174434492]}, "properties": {"id": "leduc-10888", "species_group": "crabapple", "scientific_name": "Malus spp", "common_name": null, "subtype_name": "Malus spp", "zip_code": null, "ownership": "public", "ownership_raw": "City of Leduc", "city": "Leduc", "source_dataset": "Trees", "source_department": "City of Leduc", "source_last_edit_at": ""}}, {"type": "Feature", "geometry": {"type": "Point", "coordinates": [-113.50847931632212, 53.24182500546678]}, "properties": {"id": "leduc-10889", "species_group": "crabapple", "scientific_name": "Malus spp", "common_name": null, "subtype_name": "Malus spp", "zip_code": null, "ownership": "public", "ownership_raw": "City of Leduc", "city": "Leduc", "source_dataset": "Trees", "source_department": "City of Leduc", "source_last_edit_at": ""}}, {"type": "Feature", "geometry": {"type": "Point", "coordinates": [-113.50841229503396, 53.24184794563371]}, "properties": {"id": "leduc-10890", "species_group": "crabapple", "scientific_name": "Malus spp", "common_name": null, "subtype_name": "Malus spp", "zip_code": null, "ownership": "public", "ownership_raw": "City of Leduc", "city": "Leduc", "source_dataset": "Trees", "source_department": "City of Leduc", "source_last_edit_at": ""}}, {"type": "Feature", "geometry": {"type": "Point", "coordinates": [-113.5083466019512, 53.241872757728494]}, "properties": {"id": "leduc-10891", "species_group": "crabapple", "scientific_name": "Malus spp", "common_name": null, "subtype_name": "Malus spp", "zip_code": null, "ownership": "public", "ownership_raw": "City of Leduc", "city": "Leduc", "source_dataset": "Trees", "source_department": "City of Leduc", "source_last_edit_at": ""}}, {"type": "Feature", "geometry": {"type": "Point", "coordinates": [-113.5079696843636, 53.241969642135665]}, "properties": {"id": "leduc-10892", "species_group": "crabapple", "scientific_name": "Malus spp", "common_name": null, "subtype_name": "Malus spp", "zip_code": null, "ownership": "public", "ownership_raw": "City of Leduc", "city": "Leduc", "source_dataset": "Trees", "source_department": "City of Leduc", "source_last_edit_at": ""}}, {"type": "Feature", "geometry": {"type": "Point", "coordinates": [-113.50790180986036, 53.2419824246933]}, "properties": {"id": "leduc-10893", "species_group": "crabapple", "scientific_name": "Malus spp", "common_name": null, "subtype_name": "Malus spp", "zip_code": null, "ownership": "public", "ownership_raw": "City of Leduc", "city": "Leduc", "source_dataset": "Trees", "source_department": "City of Leduc", "source_last_edit_at": ""}}, {"type": "Feature", "geometry": {"type": "Point", "coordinates": [-113.50782688052061, 53.24199172728572]}, "properties": {"id": "leduc-10894", "species_group": "crabapple", "scientific_name": "Malus spp", "common_name": null, "subtype_name": "Malus spp", "zip_code": null, "ownership": "public", "ownership_raw": "City of Leduc", "city": "Leduc", "source_dataset": "Trees", "source_department": "City of Leduc", "source_last_edit_at": ""}}, {"type": "Feature", "geometry": {"type": "Point", "coordinates": [-113.50748965389668, 53.24199692252929]}, "properties": {"id": "leduc-10895", "species_group": "crabapple", "scientific_name": "Malus spp", "common_name": null, "subtype_name": "Malus spp", "zip_code": null, "ownership": "public", "ownership_raw": "City of Leduc", "city": "Leduc", "source_dataset": "Trees", "source_department": "City of Leduc", "source_last_edit_at": ""}}, {"type": "Feature", "geometry": {"type": "Point", "coordinates": [-113.50741327038885, 53.24199300066997]}, "properties": {"id": "leduc-10896", "species_group": "crabapple", "scientific_name": "Malus spp", "common_name": null, "subtype_name": "Malus spp", "zip_code": null, "ownership": "public", "ownership_raw": "City of Leduc", "city": "Leduc", "source_dataset": "Trees", "source_department": "City of Leduc", "source_last_edit_at": ""}}, {"type": "Feature", "geometry": {"type": "Point", "coordinates": [-113.50733105576526, 53.24198314426871]}, "properties": {"id": "leduc-10897", "species_group": "crabapple", "scientific_name": "Malus spp", "common_name": null, "subtype_name": "Malus spp", "zip_code": null, "ownership": "public", "ownership_raw": "City of Leduc", "city": "Leduc", "source_dataset": "Trees", "source_department": "City of Leduc", "source_last_edit_at": ""}}, {"type": "Feature", "geometry": {"type": "Point", "coordinates": [-113.54112432450708, 53.24655996070687]}, "properties": {"id": "leduc-1092", "species_group": "crabapple", "scientific_name": "Malus x adstringens Makamic", "common_name": null, "subtype_name": "Malus x adstringens Makamic", "zip_code": null, "ownership": "public", "ownership_raw": "City of Leduc", "city": "Leduc", "source_dataset": "Trees", "source_department": "City of Leduc", "source_last_edit_at": ""}}, {"type": "Feature", "geometry": {"type": "Point", "coordinates": [-113.596584048717, 53.2669691859183]}, "properties": {"id": "leduc-11232", "species_group": "crabapple", "scientific_name": "Malus x adstringens Spring Snow", "common_name": null, "subtype_name": "Malus x adstringens Spring Snow", "zip_code": null, "ownership": "public", "ownership_raw": "City of Leduc", "city": "Leduc", "source_dataset": "Trees", "source_department": "City of Leduc", "source_last_edit_at": ""}}, {"type": "Feature", "geometry": {"type": "Point", "coordinates": [-113.59638307517015, 53.26697156570176]}, "properties": {"id": "leduc-11236", "species_group": "crabapple", "scientific_name": "Malus x adstringens Spring Snow", "common_name": null, "subtype_name": "Malus x adstringens Spring Snow", "zip_code": null, "ownership": "public", "ownership_raw": "City of Leduc", "city": "Leduc", "source_dataset": "Trees", "source_department": "City of Leduc", "source_last_edit_at": ""}}, {"type": "Feature", "geometry": {"type": "Point", "coordinates": [-113.59567709784795, 53.26681319902295]}, "properties": {"id": "leduc-11239", "species_group": "crabapple", "scientific_name": "Malus x adstringens Spring Snow", "common_name": null, "subtype_name": "Malus x adstringens Spring Snow", "zip_code": null, "ownership": "public", "ownership_raw": "City of Leduc", "city": "Leduc", "source_dataset": "Trees", "source_department": "City of Leduc", "source_last_edit_at": ""}}, {"type": "Feature", "geometry": {"type": "Point", "coordinates": [-113.59563260132627, 53.26680907795177]}, "properties": {"id": "leduc-11240", "species_group": "crabapple", "scientific_name": "Malus x adstringens Spring Snow", "common_name": null, "subtype_name": "Malus x adstringens Spring Snow", "zip_code": null, "ownership": "public", "ownership_raw": "City of Leduc", "city": "Leduc", "source_dataset": "Trees", "source_department": "City of Leduc", "source_last_edit_at": ""}}, {"type": "Feature", "geometry": {"type": "Point", "coordinates": [-113.59532684223115, 53.26676329566079]}, "properties": {"id": "leduc-11243", "species_group": "crabapple", "scientific_name": "Malus x adstringens Spring Snow", "common_name": null, "subtype_name": "Malus x adstringens Spring Snow", "zip_code": null, "ownership": "public", "ownership_raw": "City of Leduc", "city": "Leduc", "source_dataset": "Trees", "source_department": "City of Leduc", "source_last_edit_at": ""}}, {"type": "Feature", "geometry": {"type": "Point", "coordinates": [-113.59427269933836, 53.26645391115497]}, "properties": {"id": "leduc-11254", "species_group": "crabapple", "scientific_name": "Malus x adstringens Spring Snow", "common_name": null, "subtype_name": "Malus x adstringens Spring Snow", "zip_code": null, "ownership": "public", "ownership_raw": "City of Leduc", "city": "Leduc", "source_dataset": "Trees", "source_department": "City of Leduc", "source_last_edit_at": ""}}, {"type": "Feature", "geometry": {"type": "Point", "coordinates": [-113.59420582367937, 53.2664329780434]}, "properties": {"id": "leduc-11255", "species_group": "crabapple", "scientific_name": "Malus x adstringens Spring Snow", "common_name": null, "subtype_name": "Malus x adstringens Spring Snow", "zip_code": null, "ownership": "public", "ownership_raw": "City of Leduc", "city": "Leduc", "source_dataset": "Trees", "source_department": "City of Leduc", "source_last_edit_at": ""}}, {"type": "Feature", "geometry": {"type": "Point", "coordinates": [-113.59274202612151, 53.26627111578275]}, "properties": {"id": "leduc-11262", "species_group": "crabapple", "scientific_name": "Malus x adstringens Spring Snow", "common_name": null, "subtype_name": "Malus x adstringens Spring Snow", "zip_code": null, "ownership": "public", "ownership_raw": "City of Leduc", "city": "Leduc", "source_dataset": "Trees", "source_department": "City of Leduc", "source_last_edit_at": ""}}, {"type": "Feature", "geometry": {"type": "Point", "coordinates": [-113.59279703855826, 53.2662717053483]}, "properties": {"id": "leduc-11263", "species_group": "crabapple", "scientific_name": "Malus x adstringens Spring Snow", "common_name": null, "subtype_name": "Malus x adstringens Spring Snow", "zip_code": null, "ownership": "public", "ownership_raw": "City of Leduc", "city": "Leduc", "source_dataset": "Trees", "source_department": "City of Leduc", "source_last_edit_at": ""}}, {"type": "Feature", "geometry": {"type": "Point", "coordinates": [-113.59285967275054, 53.2662732492066]}, "properties": {"id": "leduc-11264", "species_group": "crabapple", "scientific_name": "Malus x adstringens Spring Snow", "common_name": null, "subtype_name": "Malus x adstringens Spring Snow", "zip_code": null, "ownership": "public", "ownership_raw": "City of Leduc", "city": "Leduc", "source_dataset": "Trees", "source_department": "City of Leduc", "source_last_edit_at": ""}}, {"type": "Feature", "geometry": {"type": "Point", "coordinates": [-113.59277105416345, 53.26639378483672]}, "properties": {"id": "leduc-11327", "species_group": "crabapple", "scientific_name": "Malus x adstringens Spring Snow", "common_name": null, "subtype_name": "Malus x adstringens Spring Snow", "zip_code": null, "ownership": "public", "ownership_raw": "City of Leduc", "city": "Leduc", "source_dataset": "Trees", "source_department": "City of Leduc", "source_last_edit_at": ""}}, {"type": "Feature", "geometry": {"type": "Point", "coordinates": [-113.59282997016443, 53.266393553780524]}, "properties": {"id": "leduc-11328", "species_group": "crabapple", "scientific_name": "Malus x adstringens Spring Snow", "common_name": null, "subtype_name": "Malus x adstringens Spring Snow", "zip_code": null, "ownership": "public", "ownership_raw": "City of Leduc", "city": "Leduc", "source_dataset": "Trees", "source_department": "City of Leduc", "source_last_edit_at": ""}}, {"type": "Feature", "geometry": {"type": "Point", "coordinates": [-113.59288644616325, 53.26639377626538]}, "properties": {"id": "leduc-11329", "species_group": "crabapple", "scientific_name": "Malus x adstringens Spring Snow", "common_name": null, "subtype_name": "Malus x adstringens Spring Snow", "zip_code": null, "ownership": "public", "ownership_raw": "City of Leduc", "city": "Leduc", "source_dataset": "Trees", "source_department": "City of Leduc", "source_last_edit_at": ""}}, {"type": "Feature", "geometry": {"type": "Point", "coordinates": [-113.59412416547292, 53.26654997255635]}, "properties": {"id": "leduc-11437", "species_group": "crabapple", "scientific_name": "Malus x adstringens Spring Snow", "common_name": null, "subtype_name": "Malus x adstringens Spring Snow", "zip_code": null, "ownership": "public", "ownership_raw": "City of Leduc", "city": "Leduc", "source_dataset": "Trees", "source_department": "City of Leduc", "source_last_edit_at": ""}}, {"type": "Feature", "geometry": {"type": "Point", "coordinates": [-113.59419653050834, 53.2665718257295]}, "properties": {"id": "leduc-11438", "species_group": "crabapple", "scientific_name": "Malus x adstringens Spring Snow", "common_name": null, "subtype_name": "Malus x adstringens Spring Snow", "zip_code": null, "ownership": "public", "ownership_raw": "City of Leduc", "city": "Leduc", "source_dataset": "Trees", "source_department": "City of Leduc", "source_last_edit_at": ""}}, {"type": "Feature", "geometry": {"type": "Point", "coordinates": [-113.59451873297895, 53.266683355572944]}, "properties": {"id": "leduc-11439", "species_group": "crabapple", "scientific_name": "Malus x adstringens Spring Snow", "common_name": null, "subtype_name": "Malus x adstringens Spring Snow", "zip_code": null, "ownership": "public", "ownership_raw": "City of Leduc", "city": "Leduc", "source_dataset": "Trees", "source_department": "City of Leduc", "source_last_edit_at": ""}}, {"type": "Feature", "geometry": {"type": "Point", "coordinates": [-113.59456345011462, 53.266696771537504]}, "properties": {"id": "leduc-11440", "species_group": "crabapple", "scientific_name": "Malus x adstringens Spring Snow", "common_name": null, "subtype_name": "Malus x adstringens Spring Snow", "zip_code": null, "ownership": "public", "ownership_raw": "City of Leduc", "city": "Leduc", "source_dataset": "Trees", "source_department": "City of Leduc", "source_last_edit_at": ""}}, {"type": "Feature", "geometry": {"type": "Point", "coordinates": [-113.5818744250109, 53.257296093726325]}, "properties": {"id": "leduc-11727", "species_group": "crabapple", "scientific_name": "Malus spp", "common_name": null, "subtype_name": "Malus spp", "zip_code": null, "ownership": "public", "ownership_raw": "City of Leduc", "city": "Leduc", "source_dataset": "Trees", "source_department": "City of Leduc", "source_last_edit_at": ""}}, {"type": "Feature", "geometry": {"type": "Point", "coordinates": [-113.58204085027155, 53.25714221341089]}, "properties": {"id": "leduc-11728", "species_group": "crabapple", "scientific_name": "Malus spp", "common_name": null, "subtype_name": "Malus spp", "zip_code": null, "ownership": "public", "ownership_raw": "City of Leduc", "city": "Leduc", "source_dataset": "Trees", "source_department": "City of Leduc", "source_last_edit_at": ""}}, {"type": "Feature", "geometry": {"type": "Point", "coordinates": [-113.58207222312514, 53.25711834404284]}, "properties": {"id": "leduc-11729", "species_group": "crabapple", "scientific_name": "Malus spp", "common_name": null, "subtype_name": "Malus spp", "zip_code": null, "ownership": "public", "ownership_raw": "City of Leduc", "city": "Leduc", "source_dataset": "Trees", "source_department": "City of Leduc", "source_last_edit_at": ""}}, {"type": "Feature", "geometry": {"type": "Point", "coordinates": [-113.5779201870081, 53.26061634399547]}, "properties": {"id": "leduc-11733", "species_group": "cherry", "scientific_name": "Prunus padus commutata", "common_name": null, "subtype_name": "Prunus padus commutata", "zip_code": null, "ownership": "public", "ownership_raw": "City of Leduc", "city": "Leduc", "source_dataset": "Trees", "source_department": "City of Leduc", "source_last_edit_at": ""}}, {"type": "Feature", "geometry": {"type": "Point", "coordinates": [-113.5841501016855, 53.2562847229072]}, "properties": {"id": "leduc-11742", "species_group": "crabapple", "scientific_name": "Malus spp", "common_name": null, "subtype_name": "Malus spp", "zip_code": null, "ownership": "public", "ownership_raw": "City of Leduc", "city": "Leduc", "source_dataset": "Trees", "source_department": "City of Leduc", "source_last_edit_at": ""}}, {"type": "Feature", "geometry": {"type": "Point", "coordinates": [-113.55823860490386, 53.258131212045285]}, "properties": {"id": "leduc-11746", "species_group": "crabapple", "scientific_name": "Malus spp", "common_name": null, "subtype_name": "Malus spp", "zip_code": null, "ownership": "public", "ownership_raw": "City of Leduc", "city": "Leduc", "source_dataset": "Trees", "source_department": "City of Leduc", "source_last_edit_at": ""}}, {"type": "Feature", "geometry": {"type": "Point", "coordinates": [-113.57915598408734, 53.261443273829755]}, "properties": {"id": "leduc-11754", "species_group": "cherry", "scientific_name": "Prunus padus commutata", "common_name": null, "subtype_name": "Prunus padus commutata", "zip_code": null, "ownership": "public", "ownership_raw": "City of Leduc", "city": "Leduc", "source_dataset": "Trees", "source_department": "City of Leduc", "source_last_edit_at": ""}}, {"type": "Feature", "geometry": {"type": "Point", "coordinates": [-113.58509221154587, 53.26077106424421]}, "properties": {"id": "leduc-1190", "species_group": "crabapple", "scientific_name": "Malus spp", "common_name": null, "subtype_name": "Malus spp", "zip_code": null, "ownership": "public", "ownership_raw": "City of Leduc", "city": "Leduc", "source_dataset": "Trees", "source_department": "City of Leduc", "source_last_edit_at": ""}}, {"type": "Feature", "geometry": {"type": "Point", "coordinates": [-113.59432202547254, 53.25852463686304]}, "properties": {"id": "leduc-12101", "species_group": "crabapple", "scientific_name": "Malus x adstringens Spring Snow", "common_name": null, "subtype_name": "Malus x adstringens Spring Snow", "zip_code": null, "ownership": "public", "ownership_raw": "City of Leduc", "city": "Leduc", "source_dataset": "Trees", "source_department": "City of Leduc", "source_last_edit_at": ""}}, {"type": "Feature", "geometry": {"type": "Point", "coordinates": [-113.59563532613902, 53.25912890269703]}, "properties": {"id": "leduc-12156", "species_group": "crabapple", "scientific_name": "Malus x adstringens Kelsey", "common_name": null, "subtype_name": "Malus x adstringens Kelsey", "zip_code": null, "ownership": "public", "ownership_raw": "City of Leduc", "city": "Leduc", "source_dataset": "Trees", "source_department": "City of Leduc", "source_last_edit_at": ""}}, {"type": "Feature", "geometry": {"type": "Point", "coordinates": [-113.58379787071543, 53.25623241152877]}, "properties": {"id": "leduc-12178", "species_group": "crabapple", "scientific_name": "Malus x adstringens Makamic", "common_name": null, "subtype_name": "Malus x adstringens Makamic", "zip_code": null, "ownership": "public", "ownership_raw": "City of Leduc", "city": "Leduc", "source_dataset": "Trees", "source_department": "City of Leduc", "source_last_edit_at": ""}}, {"type": "Feature", "geometry": {"type": "Point", "coordinates": [-113.58372606327364, 53.256210566499696]}, "properties": {"id": "leduc-12179", "species_group": "crabapple", "scientific_name": "Malus x adstringens Makamic", "common_name": null, "subtype_name": "Malus x adstringens Makamic", "zip_code": null, "ownership": "public", "ownership_raw": "City of Leduc", "city": "Leduc", "source_dataset": "Trees", "source_department": "City of Leduc", "source_last_edit_at": ""}}, {"type": "Feature", "geometry": {"type": "Point", "coordinates": [-113.58122069423435, 53.25577885388129]}, "properties": {"id": "leduc-12224", "species_group": "crabapple", "scientific_name": "Malus x adstringens Thunderchild", "common_name": null, "subtype_name": "Malus x adstringens Thunderchild", "zip_code": null, "ownership": "public", "ownership_raw": "City of Leduc", "city": "Leduc", "source_dataset": "Trees", "source_department": "City of Leduc", "source_last_edit_at": ""}}, {"type": "Feature", "geometry": {"type": "Point", "coordinates": [-113.58020814305387, 53.257045997059535]}, "properties": {"id": "leduc-12244", "species_group": "crabapple", "scientific_name": "Malus x adstringens Royalty", "common_name": null, "subtype_name": "Malus x adstringens Royalty", "zip_code": null, "ownership": "public", "ownership_raw": "City of Leduc", "city": "Leduc", "source_dataset": "Trees", "source_department": "City of Leduc", "source_last_edit_at": ""}}, {"type": "Feature", "geometry": {"type": "Point", "coordinates": [-113.58000784112595, 53.25704886376687]}, "properties": {"id": "leduc-12245", "species_group": "crabapple", "scientific_name": "Malus x adstringens Royalty", "common_name": null, "subtype_name": "Malus x adstringens Royalty", "zip_code": null, "ownership": "public", "ownership_raw": "City of Leduc", "city": "Leduc", "source_dataset": "Trees", "source_department": "City of Leduc", "source_last_edit_at": ""}}, {"type": "Feature", "geometry": {"type": "Point", "coordinates": [-113.57985725879472, 53.257048333248484]}, "properties": {"id": "leduc-12246", "species_group": "crabapple", "scientific_name": "Malus x adstringens Royalty", "common_name": null, "subtype_name": "Malus x adstringens Royalty", "zip_code": null, "ownership": "public", "ownership_raw": "City of Leduc", "city": "Leduc", "source_dataset": "Trees", "source_department": "City of Leduc", "source_last_edit_at": ""}}, {"type": "Feature", "geometry": {"type": "Point", "coordinates": [-113.55165285132455, 53.2715206191903]}, "properties": {"id": "leduc-12401", "species_group": "crabapple", "scientific_name": "Malus x adstringens Kelsey", "common_name": null, "subtype_name": "Malus x adstringens Kelsey", "zip_code": null, "ownership": "public", "ownership_raw": "City of Leduc", "city": "Leduc", "source_dataset": "Trees", "source_department": "City of Leduc", "source_last_edit_at": ""}}, {"type": "Feature", "geometry": {"type": "Point", "coordinates": [-113.55207893143911, 53.270905258196386]}, "properties": {"id": "leduc-12411", "species_group": "cherry", "scientific_name": "Prunus padus commutata", "common_name": null, "subtype_name": "Prunus padus commutata", "zip_code": null, "ownership": "public", "ownership_raw": "City of Leduc", "city": "Leduc", "source_dataset": "Trees", "source_department": "City of Leduc", "source_last_edit_at": ""}}, {"type": "Feature", "geometry": {"type": "Point", "coordinates": [-113.57860268990716, 53.255869334043034]}, "properties": {"id": "leduc-12462", "species_group": "crabapple", "scientific_name": "Malus x adstringens Thunderchild", "common_name": null, "subtype_name": "Malus x adstringens Thunderchild", "zip_code": null, "ownership": "public", "ownership_raw": "City of Leduc", "city": "Leduc", "source_dataset": "Trees", "source_department": "City of Leduc", "source_last_edit_at": ""}}, {"type": "Feature", "geometry": {"type": "Point", "coordinates": [-113.57856870480873, 53.25594603787886]}, "properties": {"id": "leduc-12485", "species_group": "crabapple", "scientific_name": "Malus x adstringens Thunderchild", "common_name": null, "subtype_name": "Malus x adstringens Thunderchild", "zip_code": null, "ownership": "public", "ownership_raw": "City of Leduc", "city": "Leduc", "source_dataset": "Trees", "source_department": "City of Leduc", "source_last_edit_at": ""}}, {"type": "Feature", "geometry": {"type": "Point", "coordinates": [-113.57854041573593, 53.25602073450382]}, "properties": {"id": "leduc-12486", "species_group": "crabapple", "scientific_name": "Malus x adstringens Thunderchild", "common_name": null, "subtype_name": "Malus x adstringens Thunderchild", "zip_code": null, "ownership": "public", "ownership_raw": "City of Leduc", "city": "Leduc", "source_dataset": "Trees", "source_department": "City of Leduc", "source_last_edit_at": ""}}, {"type": "Feature", "geometry": {"type": "Point", "coordinates": [-113.57770266084773, 53.25603266971731]}, "properties": {"id": "leduc-12487", "species_group": "crabapple", "scientific_name": "Malus x adstringens Thunderchild", "common_name": null, "subtype_name": "Malus x adstringens Thunderchild", "zip_code": null, "ownership": "public", "ownership_raw": "City of Leduc", "city": "Leduc", "source_dataset": "Trees", "source_department": "City of Leduc", "source_last_edit_at": ""}}, {"type": "Feature", "geometry": {"type": "Point", "coordinates": [-113.5777135340047, 53.256106633165594]}, "properties": {"id": "leduc-12488", "species_group": "crabapple", "scientific_name": "Malus x adstringens Thunderchild", "common_name": null, "subtype_name": "Malus x adstringens Thunderchild", "zip_code": null, "ownership": "public", "ownership_raw": "City of Leduc", "city": "Leduc", "source_dataset": "Trees", "source_department": "City of Leduc", "source_last_edit_at": ""}}, {"type": "Feature", "geometry": {"type": "Point", "coordinates": [-113.57841462127931, 53.256319522073255]}, "properties": {"id": "leduc-12493", "species_group": "crabapple", "scientific_name": "Malus x adstringens Thunderchild", "common_name": null, "subtype_name": "Malus x adstringens Thunderchild", "zip_code": null, "ownership": "public", "ownership_raw": "City of Leduc", "city": "Leduc", "source_dataset": "Trees", "source_department": "City of Leduc", "source_last_edit_at": ""}}, {"type": "Feature", "geometry": {"type": "Point", "coordinates": [-113.5783910687241, 53.25638460197145]}, "properties": {"id": "leduc-12494", "species_group": "crabapple", "scientific_name": "Malus x adstringens Thunderchild", "common_name": null, "subtype_name": "Malus x adstringens Thunderchild", "zip_code": null, "ownership": "public", "ownership_raw": "City of Leduc", "city": "Leduc", "source_dataset": "Trees", "source_department": "City of Leduc", "source_last_edit_at": ""}}, {"type": "Feature", "geometry": {"type": "Point", "coordinates": [-113.57836094393392, 53.25646731422915]}, "properties": {"id": "leduc-12495", "species_group": "crabapple", "scientific_name": "Malus x adstringens Thunderchild", "common_name": null, "subtype_name": "Malus x adstringens Thunderchild", "zip_code": null, "ownership": "public", "ownership_raw": "City of Leduc", "city": "Leduc", "source_dataset": "Trees", "source_department": "City of Leduc", "source_last_edit_at": ""}}, {"type": "Feature", "geometry": {"type": "Point", "coordinates": [-113.57830298701528, 53.2566100121012]}, "properties": {"id": "leduc-12496", "species_group": "crabapple", "scientific_name": "Malus x adstringens Thunderchild", "common_name": null, "subtype_name": "Malus x adstringens Thunderchild", "zip_code": null, "ownership": "public", "ownership_raw": "City of Leduc", "city": "Leduc", "source_dataset": "Trees", "source_department": "City of Leduc", "source_last_edit_at": ""}}, {"type": "Feature", "geometry": {"type": "Point", "coordinates": [-113.57826408696084, 53.25670896768893]}, "properties": {"id": "leduc-12497", "species_group": "crabapple", "scientific_name": "Malus x adstringens Thunderchild", "common_name": null, "subtype_name": "Malus x adstringens Thunderchild", "zip_code": null, "ownership": "public", "ownership_raw": "City of Leduc", "city": "Leduc", "source_dataset": "Trees", "source_department": "City of Leduc", "source_last_edit_at": ""}}, {"type": "Feature", "geometry": {"type": "Point", "coordinates": [-113.57823424671844, 53.25678205197603]}, "properties": {"id": "leduc-12498", "species_group": "crabapple", "scientific_name": "Malus x adstringens Thunderchild", "common_name": null, "subtype_name": "Malus x adstringens Thunderchild", "zip_code": null, "ownership": "public", "ownership_raw": "City of Leduc", "city": "Leduc", "source_dataset": "Trees", "source_department": "City of Leduc", "source_last_edit_at": ""}}, {"type": "Feature", "geometry": {"type": "Point", "coordinates": [-113.57869297318797, 53.256078234053696]}, "properties": {"id": "leduc-12510", "species_group": "crabapple", "scientific_name": "Malus x adstringens Thunderchild", "common_name": null, "subtype_name": "Malus x adstringens Thunderchild", "zip_code": null, "ownership": "public", "ownership_raw": "City of Leduc", "city": "Leduc", "source_dataset": "Trees", "source_department": "City of Leduc", "source_last_edit_at": ""}}, {"type": "Feature", "geometry": {"type": "Point", "coordinates": [-113.57866417590499, 53.25616821479989]}, "properties": {"id": "leduc-12511", "species_group": "crabapple", "scientific_name": "Malus x adstringens Thunderchild", "common_name": null, "subtype_name": "Malus x adstringens Thunderchild", "zip_code": null, "ownership": "public", "ownership_raw": "City of Leduc", "city": "Leduc", "source_dataset": "Trees", "source_department": "City of Leduc", "source_last_edit_at": ""}}, {"type": "Feature", "geometry": {"type": "Point", "coordinates": [-113.57863967700546, 53.25622716806181]}, "properties": {"id": "leduc-12512", "species_group": "crabapple", "scientific_name": "Malus x adstringens Thunderchild", "common_name": null, "subtype_name": "Malus x adstringens Thunderchild", "zip_code": null, "ownership": "public", "ownership_raw": "City of Leduc", "city": "Leduc", "source_dataset": "Trees", "source_department": "City of Leduc", "source_last_edit_at": ""}}, {"type": "Feature", "geometry": {"type": "Point", "coordinates": [-113.57845331443694, 53.25668341091149]}, "properties": {"id": "leduc-12516", "species_group": "crabapple", "scientific_name": "Malus x adstringens Spring Snow", "common_name": null, "subtype_name": "Malus x adstringens Spring Snow", "zip_code": null, "ownership": "public", "ownership_raw": "City of Leduc", "city": "Leduc", "source_dataset": "Trees", "source_department": "City of Leduc", "source_last_edit_at": ""}}, {"type": "Feature", "geometry": {"type": "Point", "coordinates": [-113.57619955575015, 53.25681424169213]}, "properties": {"id": "leduc-12528", "species_group": "crabapple", "scientific_name": "Malus x adstringens Thunderchild", "common_name": null, "subtype_name": "Malus x adstringens Thunderchild", "zip_code": null, "ownership": "public", "ownership_raw": "City of Leduc", "city": "Leduc", "source_dataset": "Trees", "source_department": "City of Leduc", "source_last_edit_at": ""}}, {"type": "Feature", "geometry": {"type": "Point", "coordinates": [-113.57620007630193, 53.25673201246741]}, "properties": {"id": "leduc-12529", "species_group": "crabapple", "scientific_name": "Malus x adstringens Thunderchild", "common_name": null, "subtype_name": "Malus x adstringens Thunderchild", "zip_code": null, "ownership": "public", "ownership_raw": "City of Leduc", "city": "Leduc", "source_dataset": "Trees", "source_department": "City of Leduc", "source_last_edit_at": ""}}, {"type": "Feature", "geometry": {"type": "Point", "coordinates": [-113.57619749796594, 53.256664174751904]}, "properties": {"id": "leduc-12530", "species_group": "crabapple", "scientific_name": "Malus x adstringens Thunderchild", "common_name": null, "subtype_name": "Malus x adstringens Thunderchild", "zip_code": null, "ownership": "public", "ownership_raw": "City of Leduc", "city": "Leduc", "source_dataset": "Trees", "source_department": "City of Leduc", "source_last_edit_at": ""}}, {"type": "Feature", "geometry": {"type": "Point", "coordinates": [-113.57620005138665, 53.256534709376304]}, "properties": {"id": "leduc-12531", "species_group": "crabapple", "scientific_name": "Malus x adstringens Thunderchild", "common_name": null, "subtype_name": "Malus x adstringens Thunderchild", "zip_code": null, "ownership": "public", "ownership_raw": "City of Leduc", "city": "Leduc", "source_dataset": "Trees", "source_department": "City of Leduc", "source_last_edit_at": ""}}, {"type": "Feature", "geometry": {"type": "Point", "coordinates": [-113.5761940484067, 53.25644872759831]}, "properties": {"id": "leduc-12532", "species_group": "crabapple", "scientific_name": "Malus x adstringens Thunderchild", "common_name": null, "subtype_name": "Malus x adstringens Thunderchild", "zip_code": null, "ownership": "public", "ownership_raw": "City of Leduc", "city": "Leduc", "source_dataset": "Trees", "source_department": "City of Leduc", "source_last_edit_at": ""}}, {"type": "Feature", "geometry": {"type": "Point", "coordinates": [-113.57620079209585, 53.25636637670587]}, "properties": {"id": "leduc-12533", "species_group": "crabapple", "scientific_name": "Malus x adstringens Thunderchild", "common_name": null, "subtype_name": "Malus x adstringens Thunderchild", "zip_code": null, "ownership": "public", "ownership_raw": "City of Leduc", "city": "Leduc", "source_dataset": "Trees", "source_department": "City of Leduc", "source_last_edit_at": ""}}, {"type": "Feature", "geometry": {"type": "Point", "coordinates": [-113.57619663624237, 53.2559008198363]}, "properties": {"id": "leduc-12534", "species_group": "crabapple", "scientific_name": "Malus x adstringens Thunderchild", "common_name": null, "subtype_name": "Malus x adstringens Thunderchild", "zip_code": null, "ownership": "public", "ownership_raw": "City of Leduc", "city": "Leduc", "source_dataset": "Trees", "source_department": "City of Leduc", "source_last_edit_at": ""}}, {"type": "Feature", "geometry": {"type": "Point", "coordinates": [-113.57619737324491, 53.25576560926317]}, "properties": {"id": "leduc-12535", "species_group": "crabapple", "scientific_name": "Malus x adstringens Thunderchild", "common_name": null, "subtype_name": "Malus x adstringens Thunderchild", "zip_code": null, "ownership": "public", "ownership_raw": "City of Leduc", "city": "Leduc", "source_dataset": "Trees", "source_department": "City of Leduc", "source_last_edit_at": ""}}, {"type": "Feature", "geometry": {"type": "Point", "coordinates": [-113.57619576889384, 53.25569717560467]}, "properties": {"id": "leduc-12536", "species_group": "crabapple", "scientific_name": "Malus x adstringens Thunderchild", "common_name": null, "subtype_name": "Malus x adstringens Thunderchild", "zip_code": null, "ownership": "public", "ownership_raw": "City of Leduc", "city": "Leduc", "source_dataset": "Trees", "source_department": "City of Leduc", "source_last_edit_at": ""}}, {"type": "Feature", "geometry": {"type": "Point", "coordinates": [-113.57619413451422, 53.25563147730336]}, "properties": {"id": "leduc-12537", "species_group": "crabapple", "scientific_name": "Malus x adstringens Thunderchild", "common_name": null, "subtype_name": "Malus x adstringens Thunderchild", "zip_code": null, "ownership": "public", "ownership_raw": "City of Leduc", "city": "Leduc", "source_dataset": "Trees", "source_department": "City of Leduc", "source_last_edit_at": ""}}, {"type": "Feature", "geometry": {"type": "Point", "coordinates": [-113.57619817437822, 53.25556978374699]}, "properties": {"id": "leduc-12538", "species_group": "crabapple", "scientific_name": "Malus x adstringens Thunderchild", "common_name": null, "subtype_name": "Malus x adstringens Thunderchild", "zip_code": null, "ownership": "public", "ownership_raw": "City of Leduc", "city": "Leduc", "source_dataset": "Trees", "source_department": "City of Leduc", "source_last_edit_at": ""}}, {"type": "Feature", "geometry": {"type": "Point", "coordinates": [-113.57620159122817, 53.25545483537637]}, "properties": {"id": "leduc-12539", "species_group": "crabapple", "scientific_name": "Malus x adstringens Thunderchild", "common_name": null, "subtype_name": "Malus x adstringens Thunderchild", "zip_code": null, "ownership": "public", "ownership_raw": "City of Leduc", "city": "Leduc", "source_dataset": "Trees", "source_department": "City of Leduc", "source_last_edit_at": ""}}, {"type": "Feature", "geometry": {"type": "Point", "coordinates": [-113.57487867708276, 53.25518271161113]}, "properties": {"id": "leduc-12554", "species_group": "crabapple", "scientific_name": "Malus x adstringens Thunderchild", "common_name": null, "subtype_name": "Malus x adstringens Thunderchild", "zip_code": null, "ownership": "public", "ownership_raw": "City of Leduc", "city": "Leduc", "source_dataset": "Trees", "source_department": "City of Leduc", "source_last_edit_at": ""}}, {"type": "Feature", "geometry": {"type": "Point", "coordinates": [-113.57637884193225, 53.25552735480114]}, "properties": {"id": "leduc-12569", "species_group": "crabapple", "scientific_name": "Malus x adstringens Thunderchild", "common_name": null, "subtype_name": "Malus x adstringens Thunderchild", "zip_code": null, "ownership": "public", "ownership_raw": "City of Leduc", "city": "Leduc", "source_dataset": "Trees", "source_department": "City of Leduc", "source_last_edit_at": ""}}, {"type": "Feature", "geometry": {"type": "Point", "coordinates": [-113.57637766931683, 53.255601907327396]}, "properties": {"id": "leduc-12570", "species_group": "crabapple", "scientific_name": "Malus x adstringens Thunderchild", "common_name": null, "subtype_name": "Malus x adstringens Thunderchild", "zip_code": null, "ownership": "public", "ownership_raw": "City of Leduc", "city": "Leduc", "source_dataset": "Trees", "source_department": "City of Leduc", "source_last_edit_at": ""}}, {"type": "Feature", "geometry": {"type": "Point", "coordinates": [-113.57638122423802, 53.255673605489875]}, "properties": {"id": "leduc-12571", "species_group": "crabapple", "scientific_name": "Malus x adstringens Thunderchild", "common_name": null, "subtype_name": "Malus x adstringens Thunderchild", "zip_code": null, "ownership": "public", "ownership_raw": "City of Leduc", "city": "Leduc", "source_dataset": "Trees", "source_department": "City of Leduc", "source_last_edit_at": ""}}, {"type": "Feature", "geometry": {"type": "Point", "coordinates": [-113.57638098040937, 53.255806431924356]}, "properties": {"id": "leduc-12572", "species_group": "crabapple", "scientific_name": "Malus x adstringens Thunderchild", "common_name": null, "subtype_name": "Malus x adstringens Thunderchild", "zip_code": null, "ownership": "public", "ownership_raw": "City of Leduc", "city": "Leduc", "source_dataset": "Trees", "source_department": "City of Leduc", "source_last_edit_at": ""}}, {"type": "Feature", "geometry": {"type": "Point", "coordinates": [-113.57638238480646, 53.255947767157494]}, "properties": {"id": "leduc-12573", "species_group": "crabapple", "scientific_name": "Malus x adstringens Thunderchild", "common_name": null, "subtype_name": "Malus x adstringens Thunderchild", "zip_code": null, "ownership": "public", "ownership_raw": "City of Leduc", "city": "Leduc", "source_dataset": "Trees", "source_department": "City of Leduc", "source_last_edit_at": ""}}, {"type": "Feature", "geometry": {"type": "Point", "coordinates": [-113.57638268117236, 53.25600119244525]}, "properties": {"id": "leduc-12574", "species_group": "crabapple", "scientific_name": "Malus x adstringens Thunderchild", "common_name": null, "subtype_name": "Malus x adstringens Thunderchild", "zip_code": null, "ownership": "public", "ownership_raw": "City of Leduc", "city": "Leduc", "source_dataset": "Trees", "source_department": "City of Leduc", "source_last_edit_at": ""}}, {"type": "Feature", "geometry": {"type": "Point", "coordinates": [-113.57638298677405, 53.256200052098244]}, "properties": {"id": "leduc-12575", "species_group": "crabapple", "scientific_name": "Malus x adstringens Thunderchild", "common_name": null, "subtype_name": "Malus x adstringens Thunderchild", "zip_code": null, "ownership": "public", "ownership_raw": "City of Leduc", "city": "Leduc", "source_dataset": "Trees", "source_department": "City of Leduc", "source_last_edit_at": ""}}, {"type": "Feature", "geometry": {"type": "Point", "coordinates": [-113.5763780262682, 53.25623891778963]}, "properties": {"id": "leduc-12576", "species_group": "crabapple", "scientific_name": "Malus x adstringens Thunderchild", "common_name": null, "subtype_name": "Malus x adstringens Thunderchild", "zip_code": null, "ownership": "public", "ownership_raw": "City of Leduc", "city": "Leduc", "source_dataset": "Trees", "source_department": "City of Leduc", "source_last_edit_at": ""}}, {"type": "Feature", "geometry": {"type": "Point", "coordinates": [-113.57638052681315, 53.256438272296855]}, "properties": {"id": "leduc-12577", "species_group": "crabapple", "scientific_name": "Malus x adstringens Thunderchild", "common_name": null, "subtype_name": "Malus x adstringens Thunderchild", "zip_code": null, "ownership": "public", "ownership_raw": "City of Leduc", "city": "Leduc", "source_dataset": "Trees", "source_department": "City of Leduc", "source_last_edit_at": ""}}, {"type": "Feature", "geometry": {"type": "Point", "coordinates": [-113.57638153856684, 53.2564904249498]}, "properties": {"id": "leduc-12578", "species_group": "crabapple", "scientific_name": "Malus x adstringens Thunderchild", "common_name": null, "subtype_name": "Malus x adstringens Thunderchild", "zip_code": null, "ownership": "public", "ownership_raw": "City of Leduc", "city": "Leduc", "source_dataset": "Trees", "source_department": "City of Leduc", "source_last_edit_at": ""}}, {"type": "Feature", "geometry": {"type": "Point", "coordinates": [-113.57638234522835, 53.256663291368206]}, "properties": {"id": "leduc-12579", "species_group": "crabapple", "scientific_name": "Malus x adstringens Thunderchild", "common_name": null, "subtype_name": "Malus x adstringens Thunderchild", "zip_code": null, "ownership": "public", "ownership_raw": "City of Leduc", "city": "Leduc", "source_dataset": "Trees", "source_department": "City of Leduc", "source_last_edit_at": ""}}, {"type": "Feature", "geometry": {"type": "Point", "coordinates": [-113.57637886231998, 53.2568143882318]}, "properties": {"id": "leduc-12580", "species_group": "crabapple", "scientific_name": "Malus x adstringens Thunderchild", "common_name": null, "subtype_name": "Malus x adstringens Thunderchild", "zip_code": null, "ownership": "public", "ownership_raw": "City of Leduc", "city": "Leduc", "source_dataset": "Trees", "source_department": "City of Leduc", "source_last_edit_at": ""}}, {"type": "Feature", "geometry": {"type": "Point", "coordinates": [-113.51862692824066, 53.242932219073516]}, "properties": {"id": "leduc-12924", "species_group": "crabapple", "scientific_name": "Malus x adstringens Thunderchild", "common_name": null, "subtype_name": "Malus x adstringens Thunderchild", "zip_code": null, "ownership": "public", "ownership_raw": "City of Leduc", "city": "Leduc", "source_dataset": "Trees", "source_department": "City of Leduc", "source_last_edit_at": ""}}, {"type": "Feature", "geometry": {"type": "Point", "coordinates": [-113.52064308762967, 53.24490218625477]}, "properties": {"id": "leduc-12953", "species_group": "crabapple", "scientific_name": "Malus spp", "common_name": null, "subtype_name": "Malus spp", "zip_code": null, "ownership": "public", "ownership_raw": "City of Leduc", "city": "Leduc", "source_dataset": "Trees", "source_department": "City of Leduc", "source_last_edit_at": ""}}, {"type": "Feature", "geometry": {"type": "Point", "coordinates": [-113.53664337966904, 53.26085224201286]}, "properties": {"id": "leduc-1307", "species_group": "cherry", "scientific_name": "Prunus padus commutata", "common_name": null, "subtype_name": "Prunus padus commutata", "zip_code": null, "ownership": "public", "ownership_raw": "City of Leduc", "city": "Leduc", "source_dataset": "Trees", "source_department": "City of Leduc", "source_last_edit_at": ""}}, {"type": "Feature", "geometry": {"type": "Point", "coordinates": [-113.57971450923077, 53.26954322597869]}, "properties": {"id": "leduc-13338", "species_group": "crabapple", "scientific_name": "Malus x adstringens Kelsey", "common_name": null, "subtype_name": "Malus x adstringens Kelsey", "zip_code": null, "ownership": "public", "ownership_raw": "City of Leduc", "city": "Leduc", "source_dataset": "Trees", "source_department": "City of Leduc", "source_last_edit_at": ""}}, {"type": "Feature", "geometry": {"type": "Point", "coordinates": [-113.5868948137165, 53.25684270933987]}, "properties": {"id": "leduc-13578", "species_group": "crabapple", "scientific_name": "Malus x adstringens Kelsey", "common_name": null, "subtype_name": "Malus x adstringens Kelsey", "zip_code": null, "ownership": "public", "ownership_raw": "City of Leduc", "city": "Leduc", "source_dataset": "Trees", "source_department": "City of Leduc", "source_last_edit_at": ""}}, {"type": "Feature", "geometry": {"type": "Point", "coordinates": [-113.58690736044836, 53.25688026388217]}, "properties": {"id": "leduc-13579", "species_group": "crabapple", "scientific_name": "Malus x adstringens Kelsey", "common_name": null, "subtype_name": "Malus x adstringens Kelsey", "zip_code": null, "ownership": "public", "ownership_raw": "City of Leduc", "city": "Leduc", "source_dataset": "Trees", "source_department": "City of Leduc", "source_last_edit_at": ""}}, {"type": "Feature", "geometry": {"type": "Point", "coordinates": [-113.58686560315712, 53.257059586789836]}, "properties": {"id": "leduc-13580", "species_group": "crabapple", "scientific_name": "Malus x adstringens Kelsey", "common_name": null, "subtype_name": "Malus x adstringens Kelsey", "zip_code": null, "ownership": "public", "ownership_raw": "City of Leduc", "city": "Leduc", "source_dataset": "Trees", "source_department": "City of Leduc", "source_last_edit_at": ""}}, {"type": "Feature", "geometry": {"type": "Point", "coordinates": [-113.58683668518233, 53.25722709750105]}, "properties": {"id": "leduc-13581", "species_group": "crabapple", "scientific_name": "Malus x adstringens Kelsey", "common_name": null, "subtype_name": "Malus x adstringens Kelsey", "zip_code": null, "ownership": "public", "ownership_raw": "City of Leduc", "city": "Leduc", "source_dataset": "Trees", "source_department": "City of Leduc", "source_last_edit_at": ""}}, {"type": "Feature", "geometry": {"type": "Point", "coordinates": [-113.58721780526088, 53.257140891719615]}, "properties": {"id": "leduc-13582", "species_group": "crabapple", "scientific_name": "Malus x adstringens Kelsey", "common_name": null, "subtype_name": "Malus x adstringens Kelsey", "zip_code": null, "ownership": "public", "ownership_raw": "City of Leduc", "city": "Leduc", "source_dataset": "Trees", "source_department": "City of Leduc", "source_last_edit_at": ""}}, {"type": "Feature", "geometry": {"type": "Point", "coordinates": [-113.58710766837905, 53.256978256257916]}, "properties": {"id": "leduc-13583", "species_group": "crabapple", "scientific_name": "Malus x adstringens Kelsey", "common_name": null, "subtype_name": "Malus x adstringens Kelsey", "zip_code": null, "ownership": "public", "ownership_raw": "City of Leduc", "city": "Leduc", "source_dataset": "Trees", "source_department": "City of Leduc", "source_last_edit_at": ""}}, {"type": "Feature", "geometry": {"type": "Point", "coordinates": [-113.58709612642916, 53.256939513619294]}, "properties": {"id": "leduc-13584", "species_group": "crabapple", "scientific_name": "Malus x adstringens Kelsey", "common_name": null, "subtype_name": "Malus x adstringens Kelsey", "zip_code": null, "ownership": "public", "ownership_raw": "City of Leduc", "city": "Leduc", "source_dataset": "Trees", "source_department": "City of Leduc", "source_last_edit_at": ""}}, {"type": "Feature", "geometry": {"type": "Point", "coordinates": [-113.58708753907474, 53.25685165879968]}, "properties": {"id": "leduc-13585", "species_group": "crabapple", "scientific_name": "Malus x adstringens Kelsey", "common_name": null, "subtype_name": "Malus x adstringens Kelsey", "zip_code": null, "ownership": "public", "ownership_raw": "City of Leduc", "city": "Leduc", "source_dataset": "Trees", "source_department": "City of Leduc", "source_last_edit_at": ""}}, {"type": "Feature", "geometry": {"type": "Point", "coordinates": [-113.58705296158963, 53.25672856452274]}, "properties": {"id": "leduc-13586", "species_group": "crabapple", "scientific_name": "Malus x adstringens Kelsey", "common_name": null, "subtype_name": "Malus x adstringens Kelsey", "zip_code": null, "ownership": "public", "ownership_raw": "City of Leduc", "city": "Leduc", "source_dataset": "Trees", "source_department": "City of Leduc", "source_last_edit_at": ""}}, {"type": "Feature", "geometry": {"type": "Point", "coordinates": [-113.55812321256185, 53.258749043658106]}, "properties": {"id": "leduc-1394", "species_group": "cherry", "scientific_name": "Prunus padus commutata", "common_name": null, "subtype_name": "Prunus padus commutata", "zip_code": null, "ownership": "public", "ownership_raw": "City of Leduc", "city": "Leduc", "source_dataset": "Trees", "source_department": "City of Leduc", "source_last_edit_at": ""}}, {"type": "Feature", "geometry": {"type": "Point", "coordinates": [-113.55353467088278, 53.25903821288849]}, "properties": {"id": "leduc-1401", "species_group": "cherry", "scientific_name": "Prunus padus commutata", "common_name": null, "subtype_name": "Prunus padus commutata", "zip_code": null, "ownership": "public", "ownership_raw": "City of Leduc", "city": "Leduc", "source_dataset": "Trees", "source_department": "City of Leduc", "source_last_edit_at": ""}}, {"type": "Feature", "geometry": {"type": "Point", "coordinates": [-113.58246444418131, 53.256265637063414]}, "properties": {"id": "leduc-14018", "species_group": "crabapple", "scientific_name": "Malus x adstringens Kelsey", "common_name": null, "subtype_name": "Malus x adstringens Kelsey", "zip_code": null, "ownership": "public", "ownership_raw": "City of Leduc", "city": "Leduc", "source_dataset": "Trees", "source_department": "City of Leduc", "source_last_edit_at": ""}}, {"type": "Feature", "geometry": {"type": "Point", "coordinates": [-113.58246380033317, 53.256280818250694]}, "properties": {"id": "leduc-14019", "species_group": "crabapple", "scientific_name": "Malus x adstringens Kelsey", "common_name": null, "subtype_name": "Malus x adstringens Kelsey", "zip_code": null, "ownership": "public", "ownership_raw": "City of Leduc", "city": "Leduc", "source_dataset": "Trees", "source_department": "City of Leduc", "source_last_edit_at": ""}}, {"type": "Feature", "geometry": {"type": "Point", "coordinates": [-113.5822565940365, 53.25664127881526]}, "properties": {"id": "leduc-14028", "species_group": "crabapple", "scientific_name": "Malus x adstringens Kelsey", "common_name": null, "subtype_name": "Malus x adstringens Kelsey", "zip_code": null, "ownership": "public", "ownership_raw": "City of Leduc", "city": "Leduc", "source_dataset": "Trees", "source_department": "City of Leduc", "source_last_edit_at": ""}}, {"type": "Feature", "geometry": {"type": "Point", "coordinates": [-113.58223912477052, 53.25667072628804]}, "properties": {"id": "leduc-14029", "species_group": "crabapple", "scientific_name": "Malus x adstringens Kelsey", "common_name": null, "subtype_name": "Malus x adstringens Kelsey", "zip_code": null, "ownership": "public", "ownership_raw": "City of Leduc", "city": "Leduc", "source_dataset": "Trees", "source_department": "City of Leduc", "source_last_edit_at": ""}}, {"type": "Feature", "geometry": {"type": "Point", "coordinates": [-113.58195138198496, 53.25690115918862]}, "properties": {"id": "leduc-14041", "species_group": "crabapple", "scientific_name": "Malus x adstringens Kelsey", "common_name": null, "subtype_name": "Malus x adstringens Kelsey", "zip_code": null, "ownership": "public", "ownership_raw": "City of Leduc", "city": "Leduc", "source_dataset": "Trees", "source_department": "City of Leduc", "source_last_edit_at": ""}}, {"type": "Feature", "geometry": {"type": "Point", "coordinates": [-113.58197422367988, 53.25688156801912]}, "properties": {"id": "leduc-14042", "species_group": "crabapple", "scientific_name": "Malus x adstringens Kelsey", "common_name": null, "subtype_name": "Malus x adstringens Kelsey", "zip_code": null, "ownership": "public", "ownership_raw": "City of Leduc", "city": "Leduc", "source_dataset": "Trees", "source_department": "City of Leduc", "source_last_edit_at": ""}}, {"type": "Feature", "geometry": {"type": "Point", "coordinates": [-113.58201826339624, 53.25685080915866]}, "properties": {"id": "leduc-14043", "species_group": "crabapple", "scientific_name": "Malus x adstringens Kelsey", "common_name": null, "subtype_name": "Malus x adstringens Kelsey", "zip_code": null, "ownership": "public", "ownership_raw": "City of Leduc", "city": "Leduc", "source_dataset": "Trees", "source_department": "City of Leduc", "source_last_edit_at": ""}}, {"type": "Feature", "geometry": {"type": "Point", "coordinates": [-113.58204972335322, 53.256828437237196]}, "properties": {"id": "leduc-14044", "species_group": "crabapple", "scientific_name": "Malus x adstringens Kelsey", "common_name": null, "subtype_name": "Malus x adstringens Kelsey", "zip_code": null, "ownership": "public", "ownership_raw": "City of Leduc", "city": "Leduc", "source_dataset": "Trees", "source_department": "City of Leduc", "source_last_edit_at": ""}}, {"type": "Feature", "geometry": {"type": "Point", "coordinates": [-113.58206976400518, 53.2568156272617]}, "properties": {"id": "leduc-14045", "species_group": "crabapple", "scientific_name": "Malus x adstringens Kelsey", "common_name": null, "subtype_name": "Malus x adstringens Kelsey", "zip_code": null, "ownership": "public", "ownership_raw": "City of Leduc", "city": "Leduc", "source_dataset": "Trees", "source_department": "City of Leduc", "source_last_edit_at": ""}}, {"type": "Feature", "geometry": {"type": "Point", "coordinates": [-113.54940092701248, 53.24117805991129]}, "properties": {"id": "leduc-14105", "species_group": "crabapple", "scientific_name": "Malus x adstringens Kelsey", "common_name": null, "subtype_name": "Malus x adstringens Kelsey", "zip_code": null, "ownership": "public", "ownership_raw": "City of Leduc", "city": "Leduc", "source_dataset": "Trees", "source_department": "City of Leduc", "source_last_edit_at": ""}}, {"type": "Feature", "geometry": {"type": "Point", "coordinates": [-113.54896712145752, 53.242137123458264]}, "properties": {"id": "leduc-14115", "species_group": "crabapple", "scientific_name": "Malus x adstringens Selkirk", "common_name": null, "subtype_name": "Malus x adstringens Selkirk", "zip_code": null, "ownership": "public", "ownership_raw": "City of Leduc", "city": "Leduc", "source_dataset": "Trees", "source_department": "City of Leduc", "source_last_edit_at": ""}}, {"type": "Feature", "geometry": {"type": "Point", "coordinates": [-113.54875238640912, 53.24262328985255]}, "properties": {"id": "leduc-14118", "species_group": "crabapple", "scientific_name": "Malus x adstringens Dolgo", "common_name": null, "subtype_name": "Malus x adstringens Dolgo", "zip_code": null, "ownership": "public", "ownership_raw": "City of Leduc", "city": "Leduc", "source_dataset": "Trees", "source_department": "City of Leduc", "source_last_edit_at": ""}}, {"type": "Feature", "geometry": {"type": "Point", "coordinates": [-113.55906872483459, 53.26064701947429]}, "properties": {"id": "leduc-1450", "species_group": "cherry", "scientific_name": "Prunus padus commutata", "common_name": null, "subtype_name": "Prunus padus commutata", "zip_code": null, "ownership": "public", "ownership_raw": "City of Leduc", "city": "Leduc", "source_dataset": "Trees", "source_department": "City of Leduc", "source_last_edit_at": ""}}, {"type": "Feature", "geometry": {"type": "Point", "coordinates": [-113.53709260523844, 53.25298202896478]}, "properties": {"id": "leduc-14519", "species_group": "cherry", "scientific_name": "Prunus padus commutata", "common_name": null, "subtype_name": "Prunus padus commutata", "zip_code": null, "ownership": "public", "ownership_raw": "City of Leduc", "city": "Leduc", "source_dataset": "Trees", "source_department": "City of Leduc", "source_last_edit_at": ""}}, {"type": "Feature", "geometry": {"type": "Point", "coordinates": [-113.53217254059503, 53.25524752291521]}, "properties": {"id": "leduc-14642", "species_group": "cherry", "scientific_name": "Prunus cerasus", "common_name": null, "subtype_name": "Prunus cerasus", "zip_code": null, "ownership": "public", "ownership_raw": "City of Leduc", "city": "Leduc", "source_dataset": "Trees", "source_department": "City of Leduc", "source_last_edit_at": ""}}, {"type": "Feature", "geometry": {"type": "Point", "coordinates": [-113.5316157698189, 53.25512344771907]}, "properties": {"id": "leduc-14673", "species_group": "cherry", "scientific_name": "Prunus cerasus", "common_name": null, "subtype_name": "Prunus cerasus", "zip_code": null, "ownership": "public", "ownership_raw": "City of Leduc", "city": "Leduc", "source_dataset": "Trees", "source_department": "City of Leduc", "source_last_edit_at": ""}}, {"type": "Feature", "geometry": {"type": "Point", "coordinates": [-113.5815059627257, 53.251439190777944]}, "properties": {"id": "leduc-14686", "species_group": "crabapple", "scientific_name": "Malus x adstringens Spring Snow", "common_name": null, "subtype_name": "Malus x adstringens Spring Snow", "zip_code": null, "ownership": "public", "ownership_raw": "City of Leduc", "city": "Leduc", "source_dataset": "Trees", "source_department": "City of Leduc", "source_last_edit_at": ""}}, {"type": "Feature", "geometry": {"type": "Point", "coordinates": [-113.58117528816794, 53.25217516941311]}, "properties": {"id": "leduc-14687", "species_group": "crabapple", "scientific_name": "Malus x adstringens Spring Snow", "common_name": null, "subtype_name": "Malus x adstringens Spring Snow", "zip_code": null, "ownership": "public", "ownership_raw": "City of Leduc", "city": "Leduc", "source_dataset": "Trees", "source_department": "City of Leduc", "source_last_edit_at": ""}}, {"type": "Feature", "geometry": {"type": "Point", "coordinates": [-113.58085208737103, 53.25229695883588]}, "properties": {"id": "leduc-14688", "species_group": "crabapple", "scientific_name": "Malus x adstringens Spring Snow", "common_name": null, "subtype_name": "Malus x adstringens Spring Snow", "zip_code": null, "ownership": "public", "ownership_raw": "City of Leduc", "city": "Leduc", "source_dataset": "Trees", "source_department": "City of Leduc", "source_last_edit_at": ""}}, {"type": "Feature", "geometry": {"type": "Point", "coordinates": [-113.58083982822946, 53.25236816725345]}, "properties": {"id": "leduc-14689", "species_group": "crabapple", "scientific_name": "Malus x adstringens Spring Snow", "common_name": null, "subtype_name": "Malus x adstringens Spring Snow", "zip_code": null, "ownership": "public", "ownership_raw": "City of Leduc", "city": "Leduc", "source_dataset": "Trees", "source_department": "City of Leduc", "source_last_edit_at": ""}}, {"type": "Feature", "geometry": {"type": "Point", "coordinates": [-113.58068270372662, 53.25224153080334]}, "properties": {"id": "leduc-14690", "species_group": "crabapple", "scientific_name": "Malus x adstringens Spring Snow", "common_name": null, "subtype_name": "Malus x adstringens Spring Snow", "zip_code": null, "ownership": "public", "ownership_raw": "City of Leduc", "city": "Leduc", "source_dataset": "Trees", "source_department": "City of Leduc", "source_last_edit_at": ""}}, {"type": "Feature", "geometry": {"type": "Point", "coordinates": [-113.58066739926382, 53.25232763516515]}, "properties": {"id": "leduc-14691", "species_group": "crabapple", "scientific_name": "Malus x adstringens Spring Snow", "common_name": null, "subtype_name": "Malus x adstringens Spring Snow", "zip_code": null, "ownership": "public", "ownership_raw": "City of Leduc", "city": "Leduc", "source_dataset": "Trees", "source_department": "City of Leduc", "source_last_edit_at": ""}}, {"type": "Feature", "geometry": {"type": "Point", "coordinates": [-113.5806480821539, 53.25240989539875]}, "properties": {"id": "leduc-14692", "species_group": "crabapple", "scientific_name": "Malus x adstringens Spring Snow", "common_name": null, "subtype_name": "Malus x adstringens Spring Snow", "zip_code": null, "ownership": "public", "ownership_raw": "City of Leduc", "city": "Leduc", "source_dataset": "Trees", "source_department": "City of Leduc", "source_last_edit_at": ""}}, {"type": "Feature", "geometry": {"type": "Point", "coordinates": [-113.58004395964247, 53.25180051711113]}, "properties": {"id": "leduc-14693", "species_group": "crabapple", "scientific_name": "Malus x adstringens Spring Snow", "common_name": null, "subtype_name": "Malus x adstringens Spring Snow", "zip_code": null, "ownership": "public", "ownership_raw": "City of Leduc", "city": "Leduc", "source_dataset": "Trees", "source_department": "City of Leduc", "source_last_edit_at": ""}}, {"type": "Feature", "geometry": {"type": "Point", "coordinates": [-113.58004278008754, 53.251855021882015]}, "properties": {"id": "leduc-14694", "species_group": "crabapple", "scientific_name": "Malus x adstringens Spring Snow", "common_name": null, "subtype_name": "Malus x adstringens Spring Snow", "zip_code": null, "ownership": "public", "ownership_raw": "City of Leduc", "city": "Leduc", "source_dataset": "Trees", "source_department": "City of Leduc", "source_last_edit_at": ""}}, {"type": "Feature", "geometry": {"type": "Point", "coordinates": [-113.5815056796571, 53.251836242147625]}, "properties": {"id": "leduc-14704", "species_group": "crabapple", "scientific_name": "Malus x adstringens Spring Snow", "common_name": null, "subtype_name": "Malus x adstringens Spring Snow", "zip_code": null, "ownership": "public", "ownership_raw": "City of Leduc", "city": "Leduc", "source_dataset": "Trees", "source_department": "City of Leduc", "source_last_edit_at": ""}}, {"type": "Feature", "geometry": {"type": "Point", "coordinates": [-113.58150456791553, 53.25175654757819]}, "properties": {"id": "leduc-14705", "species_group": "crabapple", "scientific_name": "Malus x adstringens Spring Snow", "common_name": null, "subtype_name": "Malus x adstringens Spring Snow", "zip_code": null, "ownership": "public", "ownership_raw": "City of Leduc", "city": "Leduc", "source_dataset": "Trees", "source_department": "City of Leduc", "source_last_edit_at": ""}}, {"type": "Feature", "geometry": {"type": "Point", "coordinates": [-113.58129588507528, 53.25220368004474]}, "properties": {"id": "leduc-14706", "species_group": "crabapple", "scientific_name": "Malus x adstringens Spring Snow", "common_name": null, "subtype_name": "Malus x adstringens Spring Snow", "zip_code": null, "ownership": "public", "ownership_raw": "City of Leduc", "city": "Leduc", "source_dataset": "Trees", "source_department": "City of Leduc", "source_last_edit_at": ""}}, {"type": "Feature", "geometry": {"type": "Point", "coordinates": [-113.58081365371844, 53.25246862067171]}, "properties": {"id": "leduc-14707", "species_group": "crabapple", "scientific_name": "Malus x adstringens Spring Snow", "common_name": null, "subtype_name": "Malus x adstringens Spring Snow", "zip_code": null, "ownership": "public", "ownership_raw": "City of Leduc", "city": "Leduc", "source_dataset": "Trees", "source_department": "City of Leduc", "source_last_edit_at": ""}}, {"type": "Feature", "geometry": {"type": "Point", "coordinates": [-113.58056270136208, 53.25211610940457]}, "properties": {"id": "leduc-14708", "species_group": "crabapple", "scientific_name": "Malus x adstringens Spring Snow", "common_name": null, "subtype_name": "Malus x adstringens Spring Snow", "zip_code": null, "ownership": "public", "ownership_raw": "City of Leduc", "city": "Leduc", "source_dataset": "Trees", "source_department": "City of Leduc", "source_last_edit_at": ""}}, {"type": "Feature", "geometry": {"type": "Point", "coordinates": [-113.50869904831882, 53.23906348000508]}, "properties": {"id": "leduc-14709", "species_group": "crabapple", "scientific_name": "Malus spp", "common_name": null, "subtype_name": "Malus spp", "zip_code": null, "ownership": "public", "ownership_raw": "City of Leduc", "city": "Leduc", "source_dataset": "Trees", "source_department": "City of Leduc", "source_last_edit_at": ""}}, {"type": "Feature", "geometry": {"type": "Point", "coordinates": [-113.50877290156892, 53.23911381469833]}, "properties": {"id": "leduc-14710", "species_group": "crabapple", "scientific_name": "Malus spp", "common_name": null, "subtype_name": "Malus spp", "zip_code": null, "ownership": "public", "ownership_raw": "City of Leduc", "city": "Leduc", "source_dataset": "Trees", "source_department": "City of Leduc", "source_last_edit_at": ""}}, {"type": "Feature", "geometry": {"type": "Point", "coordinates": [-113.51188458540925, 53.239775439729904]}, "properties": {"id": "leduc-14714", "species_group": "crabapple", "scientific_name": "Malus spp", "common_name": null, "subtype_name": "Malus spp", "zip_code": null, "ownership": "public", "ownership_raw": "City of Leduc", "city": "Leduc", "source_dataset": "Trees", "source_department": "City of Leduc", "source_last_edit_at": ""}}, {"type": "Feature", "geometry": {"type": "Point", "coordinates": [-113.50890446134345, 53.23914533578468]}, "properties": {"id": "leduc-14717", "species_group": "crabapple", "scientific_name": "Malus spp", "common_name": null, "subtype_name": "Malus spp", "zip_code": null, "ownership": "public", "ownership_raw": "City of Leduc", "city": "Leduc", "source_dataset": "Trees", "source_department": "City of Leduc", "source_last_edit_at": ""}}, {"type": "Feature", "geometry": {"type": "Point", "coordinates": [-113.50884619483992, 53.2391314300188]}, "properties": {"id": "leduc-14718", "species_group": "crabapple", "scientific_name": "Malus spp", "common_name": null, "subtype_name": "Malus spp", "zip_code": null, "ownership": "public", "ownership_raw": "City of Leduc", "city": "Leduc", "source_dataset": "Trees", "source_department": "City of Leduc", "source_last_edit_at": ""}}, {"type": "Feature", "geometry": {"type": "Point", "coordinates": [-113.50863938732847, 53.23904775042874]}, "properties": {"id": "leduc-14719", "species_group": "crabapple", "scientific_name": "Malus spp", "common_name": null, "subtype_name": "Malus spp", "zip_code": null, "ownership": "public", "ownership_raw": "City of Leduc", "city": "Leduc", "source_dataset": "Trees", "source_department": "City of Leduc", "source_last_edit_at": ""}}, {"type": "Feature", "geometry": {"type": "Point", "coordinates": [-113.50875000807574, 53.23907473977333]}, "properties": {"id": "leduc-14720", "species_group": "crabapple", "scientific_name": "Malus spp", "common_name": null, "subtype_name": "Malus spp", "zip_code": null, "ownership": "public", "ownership_raw": "City of Leduc", "city": "Leduc", "source_dataset": "Trees", "source_department": "City of Leduc", "source_last_edit_at": ""}}, {"type": "Feature", "geometry": {"type": "Point", "coordinates": [-113.5190620770714, 53.242910646531385]}, "properties": {"id": "leduc-14783", "species_group": "crabapple", "scientific_name": "Malus spp", "common_name": null, "subtype_name": "Malus spp", "zip_code": null, "ownership": "public", "ownership_raw": "City of Leduc", "city": "Leduc", "source_dataset": "Trees", "source_department": "City of Leduc", "source_last_edit_at": ""}}, {"type": "Feature", "geometry": {"type": "Point", "coordinates": [-113.51915943147989, 53.242819434023346]}, "properties": {"id": "leduc-14784", "species_group": "crabapple", "scientific_name": "Malus spp", "common_name": null, "subtype_name": "Malus spp", "zip_code": null, "ownership": "public", "ownership_raw": "City of Leduc", "city": "Leduc", "source_dataset": "Trees", "source_department": "City of Leduc", "source_last_edit_at": ""}}, {"type": "Feature", "geometry": {"type": "Point", "coordinates": [-113.51913998012533, 53.242793411671734]}, "properties": {"id": "leduc-14785", "species_group": "crabapple", "scientific_name": "Malus spp", "common_name": null, "subtype_name": "Malus spp", "zip_code": null, "ownership": "public", "ownership_raw": "City of Leduc", "city": "Leduc", "source_dataset": "Trees", "source_department": "City of Leduc", "source_last_edit_at": ""}}, {"type": "Feature", "geometry": {"type": "Point", "coordinates": [-113.54953402122264, 53.260835326132536]}, "properties": {"id": "leduc-14901", "species_group": "crabapple", "scientific_name": "Malus spp", "common_name": null, "subtype_name": "Malus spp", "zip_code": null, "ownership": "public", "ownership_raw": "City of Leduc", "city": "Leduc", "source_dataset": "Trees", "source_department": "City of Leduc", "source_last_edit_at": ""}}, {"type": "Feature", "geometry": {"type": "Point", "coordinates": [-113.54953749698569, 53.26075271635364]}, "properties": {"id": "leduc-14902", "species_group": "crabapple", "scientific_name": "Malus spp", "common_name": null, "subtype_name": "Malus spp", "zip_code": null, "ownership": "public", "ownership_raw": "City of Leduc", "city": "Leduc", "source_dataset": "Trees", "source_department": "City of Leduc", "source_last_edit_at": ""}}, {"type": "Feature", "geometry": {"type": "Point", "coordinates": [-113.51850571856082, 53.24210676670288]}, "properties": {"id": "leduc-15006", "species_group": "crabapple", "scientific_name": "Malus spp", "common_name": null, "subtype_name": "Malus spp", "zip_code": null, "ownership": "public", "ownership_raw": "City of Leduc", "city": "Leduc", "source_dataset": "Trees", "source_department": "City of Leduc", "source_last_edit_at": ""}}, {"type": "Feature", "geometry": {"type": "Point", "coordinates": [-113.51788276820285, 53.24260243564453]}, "properties": {"id": "leduc-15007", "species_group": "crabapple", "scientific_name": "Malus spp", "common_name": null, "subtype_name": "Malus spp", "zip_code": null, "ownership": "public", "ownership_raw": "City of Leduc", "city": "Leduc", "source_dataset": "Trees", "source_department": "City of Leduc", "source_last_edit_at": ""}}, {"type": "Feature", "geometry": {"type": "Point", "coordinates": [-113.51816544733977, 53.24280641178462]}, "properties": {"id": "leduc-15028", "species_group": "crabapple", "scientific_name": "Malus spp", "common_name": null, "subtype_name": "Malus spp", "zip_code": null, "ownership": "public", "ownership_raw": "City of Leduc", "city": "Leduc", "source_dataset": "Trees", "source_department": "City of Leduc", "source_last_edit_at": ""}}, {"type": "Feature", "geometry": {"type": "Point", "coordinates": [-113.51810981760825, 53.24279911818325]}, "properties": {"id": "leduc-15029", "species_group": "crabapple", "scientific_name": "Malus spp", "common_name": null, "subtype_name": "Malus spp", "zip_code": null, "ownership": "public", "ownership_raw": "City of Leduc", "city": "Leduc", "source_dataset": "Trees", "source_department": "City of Leduc", "source_last_edit_at": ""}}, {"type": "Feature", "geometry": {"type": "Point", "coordinates": [-113.55495756414733, 53.26193442250842]}, "properties": {"id": "leduc-1508", "species_group": "cherry", "scientific_name": "Prunus cerasus", "common_name": null, "subtype_name": "Prunus cerasus", "zip_code": null, "ownership": "public", "ownership_raw": "City of Leduc", "city": "Leduc", "source_dataset": "Trees", "source_department": "City of Leduc", "source_last_edit_at": ""}}, {"type": "Feature", "geometry": {"type": "Point", "coordinates": [-113.54478152704081, 53.27549307700122]}, "properties": {"id": "leduc-15099", "species_group": "crabapple", "scientific_name": "Malus x adstringens Dolgo", "common_name": null, "subtype_name": "Malus x adstringens Dolgo", "zip_code": null, "ownership": "public", "ownership_raw": "City of Leduc", "city": "Leduc", "source_dataset": "Trees", "source_department": "City of Leduc", "source_last_edit_at": ""}}, {"type": "Feature", "geometry": {"type": "Point", "coordinates": [-113.54416258466986, 53.275864804748586]}, "properties": {"id": "leduc-15115", "species_group": "crabapple", "scientific_name": "Malus x adstringens Dolgo", "common_name": null, "subtype_name": "Malus x adstringens Dolgo", "zip_code": null, "ownership": "public", "ownership_raw": "City of Leduc", "city": "Leduc", "source_dataset": "Trees", "source_department": "City of Leduc", "source_last_edit_at": ""}}, {"type": "Feature", "geometry": {"type": "Point", "coordinates": [-113.54458315777374, 53.27583638265511]}, "properties": {"id": "leduc-15118", "species_group": "crabapple", "scientific_name": "Malus x adstringens Dolgo", "common_name": null, "subtype_name": "Malus x adstringens Dolgo", "zip_code": null, "ownership": "public", "ownership_raw": "City of Leduc", "city": "Leduc", "source_dataset": "Trees", "source_department": "City of Leduc", "source_last_edit_at": ""}}, {"type": "Feature", "geometry": {"type": "Point", "coordinates": [-113.5548450624265, 53.26187127559508]}, "properties": {"id": "leduc-1512", "species_group": "cherry", "scientific_name": "Prunus cerasus", "common_name": null, "subtype_name": "Prunus cerasus", "zip_code": null, "ownership": "public", "ownership_raw": "City of Leduc", "city": "Leduc", "source_dataset": "Trees", "source_department": "City of Leduc", "source_last_edit_at": ""}}, {"type": "Feature", "geometry": {"type": "Point", "coordinates": [-113.54483024308801, 53.275120854109595]}, "properties": {"id": "leduc-15122", "species_group": "crabapple", "scientific_name": "Malus x adstringens Dolgo", "common_name": null, "subtype_name": "Malus x adstringens Dolgo", "zip_code": null, "ownership": "public", "ownership_raw": "City of Leduc", "city": "Leduc", "source_dataset": "Trees", "source_department": "City of Leduc", "source_last_edit_at": ""}}, {"type": "Feature", "geometry": {"type": "Point", "coordinates": [-113.54483282444096, 53.274735032117086]}, "properties": {"id": "leduc-15124", "species_group": "crabapple", "scientific_name": "Malus x adstringens Dolgo", "common_name": null, "subtype_name": "Malus x adstringens Dolgo", "zip_code": null, "ownership": "public", "ownership_raw": "City of Leduc", "city": "Leduc", "source_dataset": "Trees", "source_department": "City of Leduc", "source_last_edit_at": ""}}, {"type": "Feature", "geometry": {"type": "Point", "coordinates": [-113.54995156372834, 53.261815971914665]}, "properties": {"id": "leduc-15146", "species_group": "crabapple", "scientific_name": "Malus x adstringens Spring Snow", "common_name": null, "subtype_name": "Malus x adstringens Spring Snow", "zip_code": null, "ownership": "public", "ownership_raw": "City of Leduc", "city": "Leduc", "source_dataset": "Trees", "source_department": "City of Leduc", "source_last_edit_at": ""}}, {"type": "Feature", "geometry": {"type": "Point", "coordinates": [-113.54487445482279, 53.25379174388463]}, "properties": {"id": "leduc-15231", "species_group": "crabapple", "scientific_name": "Malus spp", "common_name": null, "subtype_name": "Malus spp", "zip_code": null, "ownership": "public", "ownership_raw": "City of Leduc", "city": "Leduc", "source_dataset": "Trees", "source_department": "City of Leduc", "source_last_edit_at": ""}}, {"type": "Feature", "geometry": {"type": "Point", "coordinates": [-113.56002789762293, 53.26246029111592]}, "properties": {"id": "leduc-1524", "species_group": "cherry", "scientific_name": "Prunus padus commutata", "common_name": null, "subtype_name": "Prunus padus commutata", "zip_code": null, "ownership": "public", "ownership_raw": "City of Leduc", "city": "Leduc", "source_dataset": "Trees", "source_department": "City of Leduc", "source_last_edit_at": ""}}, {"type": "Feature", "geometry": {"type": "Point", "coordinates": [-113.59680972322153, 53.266974722755194]}, "properties": {"id": "leduc-15247", "species_group": "crabapple", "scientific_name": "Malus x adstringens Spring Snow", "common_name": null, "subtype_name": "Malus x adstringens Spring Snow", "zip_code": null, "ownership": "public", "ownership_raw": "City of Leduc", "city": "Leduc", "source_dataset": "Trees", "source_department": "City of Leduc", "source_last_edit_at": ""}}, {"type": "Feature", "geometry": {"type": "Point", "coordinates": [-113.59731487353999, 53.266703325177524]}, "properties": {"id": "leduc-15251", "species_group": "crabapple", "scientific_name": "Malus x adstringens Spring Snow", "common_name": null, "subtype_name": "Malus x adstringens Spring Snow", "zip_code": null, "ownership": "public", "ownership_raw": "City of Leduc", "city": "Leduc", "source_dataset": "Trees", "source_department": "City of Leduc", "source_last_edit_at": ""}}, {"type": "Feature", "geometry": {"type": "Point", "coordinates": [-113.59751005453722, 53.267950046959534]}, "properties": {"id": "leduc-15257", "species_group": "crabapple", "scientific_name": "Malus spp", "common_name": null, "subtype_name": "Malus spp", "zip_code": null, "ownership": "public", "ownership_raw": "City of Leduc", "city": "Leduc", "source_dataset": "Trees", "source_department": "City of Leduc", "source_last_edit_at": ""}}, {"type": "Feature", "geometry": {"type": "Point", "coordinates": [-113.59750864370162, 53.2684094506876]}, "properties": {"id": "leduc-15261", "species_group": "crabapple", "scientific_name": "Malus spp", "common_name": null, "subtype_name": "Malus spp", "zip_code": null, "ownership": "public", "ownership_raw": "City of Leduc", "city": "Leduc", "source_dataset": "Trees", "source_department": "City of Leduc", "source_last_edit_at": ""}}, {"type": "Feature", "geometry": {"type": "Point", "coordinates": [-113.59750972509195, 53.2687222247022]}, "properties": {"id": "leduc-15262", "species_group": "crabapple", "scientific_name": "Malus spp", "common_name": null, "subtype_name": "Malus spp", "zip_code": null, "ownership": "public", "ownership_raw": "City of Leduc", "city": "Leduc", "source_dataset": "Trees", "source_department": "City of Leduc", "source_last_edit_at": ""}}, {"type": "Feature", "geometry": {"type": "Point", "coordinates": [-113.5973132594433, 53.269061258578716]}, "properties": {"id": "leduc-15263", "species_group": "crabapple", "scientific_name": "Malus spp", "common_name": null, "subtype_name": "Malus spp", "zip_code": null, "ownership": "public", "ownership_raw": "City of Leduc", "city": "Leduc", "source_dataset": "Trees", "source_department": "City of Leduc", "source_last_edit_at": ""}}, {"type": "Feature", "geometry": {"type": "Point", "coordinates": [-113.597317922957, 53.269279165478935]}, "properties": {"id": "leduc-15264", "species_group": "crabapple", "scientific_name": "Malus spp", "common_name": null, "subtype_name": "Malus spp", "zip_code": null, "ownership": "public", "ownership_raw": "City of Leduc", "city": "Leduc", "source_dataset": "Trees", "source_department": "City of Leduc", "source_last_edit_at": ""}}, {"type": "Feature", "geometry": {"type": "Point", "coordinates": [-113.59725903415375, 53.26972000592254]}, "properties": {"id": "leduc-15265", "species_group": "crabapple", "scientific_name": "Malus spp", "common_name": null, "subtype_name": "Malus spp", "zip_code": null, "ownership": "public", "ownership_raw": "City of Leduc", "city": "Leduc", "source_dataset": "Trees", "source_department": "City of Leduc", "source_last_edit_at": ""}}, {"type": "Feature", "geometry": {"type": "Point", "coordinates": [-113.59562452146724, 53.26938619447204]}, "properties": {"id": "leduc-15288", "species_group": "crabapple", "scientific_name": "Malus spp", "common_name": null, "subtype_name": "Malus spp", "zip_code": null, "ownership": "public", "ownership_raw": "City of Leduc", "city": "Leduc", "source_dataset": "Trees", "source_department": "City of Leduc", "source_last_edit_at": ""}}, {"type": "Feature", "geometry": {"type": "Point", "coordinates": [-113.59703465619549, 53.26697511824043]}, "properties": {"id": "leduc-15323", "species_group": "crabapple", "scientific_name": "Malus x adstringens Spring Snow", "common_name": null, "subtype_name": "Malus x adstringens Spring Snow", "zip_code": null, "ownership": "public", "ownership_raw": "City of Leduc", "city": "Leduc", "source_dataset": "Trees", "source_department": "City of Leduc", "source_last_edit_at": ""}}, {"type": "Feature", "geometry": {"type": "Point", "coordinates": [-113.59751026865872, 53.26778183684183]}, "properties": {"id": "leduc-15331", "species_group": "crabapple", "scientific_name": "Malus spp", "common_name": null, "subtype_name": "Malus spp", "zip_code": null, "ownership": "public", "ownership_raw": "City of Leduc", "city": "Leduc", "source_dataset": "Trees", "source_department": "City of Leduc", "source_last_edit_at": ""}}, {"type": "Feature", "geometry": {"type": "Point", "coordinates": [-113.59750956495002, 53.26781223901846]}, "properties": {"id": "leduc-15332", "species_group": "crabapple", "scientific_name": "Malus spp", "common_name": null, "subtype_name": "Malus spp", "zip_code": null, "ownership": "public", "ownership_raw": "City of Leduc", "city": "Leduc", "source_dataset": "Trees", "source_department": "City of Leduc", "source_last_edit_at": ""}}, {"type": "Feature", "geometry": {"type": "Point", "coordinates": [-113.59750762162221, 53.26826290349354]}, "properties": {"id": "leduc-15334", "species_group": "crabapple", "scientific_name": "Malus spp", "common_name": null, "subtype_name": "Malus spp", "zip_code": null, "ownership": "public", "ownership_raw": "City of Leduc", "city": "Leduc", "source_dataset": "Trees", "source_department": "City of Leduc", "source_last_edit_at": ""}}, {"type": "Feature", "geometry": {"type": "Point", "coordinates": [-113.5975083656792, 53.26842899963856]}, "properties": {"id": "leduc-15336", "species_group": "crabapple", "scientific_name": "Malus spp", "common_name": null, "subtype_name": "Malus spp", "zip_code": null, "ownership": "public", "ownership_raw": "City of Leduc", "city": "Leduc", "source_dataset": "Trees", "source_department": "City of Leduc", "source_last_edit_at": ""}}, {"type": "Feature", "geometry": {"type": "Point", "coordinates": [-113.59584155469574, 53.26905715585497]}, "properties": {"id": "leduc-15350", "species_group": "crabapple", "scientific_name": "Malus spp", "common_name": null, "subtype_name": "Malus spp", "zip_code": null, "ownership": "public", "ownership_raw": "City of Leduc", "city": "Leduc", "source_dataset": "Trees", "source_department": "City of Leduc", "source_last_edit_at": ""}}, {"type": "Feature", "geometry": {"type": "Point", "coordinates": [-113.59604305998221, 53.269276278867125]}, "properties": {"id": "leduc-15351", "species_group": "crabapple", "scientific_name": "Malus spp", "common_name": null, "subtype_name": "Malus spp", "zip_code": null, "ownership": "public", "ownership_raw": "City of Leduc", "city": "Leduc", "source_dataset": "Trees", "source_department": "City of Leduc", "source_last_edit_at": ""}}, {"type": "Feature", "geometry": {"type": "Point", "coordinates": [-113.59603902438319, 53.2690574861792]}, "properties": {"id": "leduc-15352", "species_group": "crabapple", "scientific_name": "Malus spp", "common_name": null, "subtype_name": "Malus spp", "zip_code": null, "ownership": "public", "ownership_raw": "City of Leduc", "city": "Leduc", "source_dataset": "Trees", "source_department": "City of Leduc", "source_last_edit_at": ""}}, {"type": "Feature", "geometry": {"type": "Point", "coordinates": [-113.59040985090321, 53.25980777742789]}, "properties": {"id": "leduc-15550", "species_group": "crabapple", "scientific_name": "Malus spp", "common_name": null, "subtype_name": "Malus spp", "zip_code": null, "ownership": "public", "ownership_raw": "City of Leduc", "city": "Leduc", "source_dataset": "Trees", "source_department": "City of Leduc", "source_last_edit_at": ""}}, {"type": "Feature", "geometry": {"type": "Point", "coordinates": [-113.59039908515649, 53.25978512526053]}, "properties": {"id": "leduc-15607", "species_group": "crabapple", "scientific_name": "Malus spp", "common_name": null, "subtype_name": "Malus spp", "zip_code": null, "ownership": "public", "ownership_raw": "City of Leduc", "city": "Leduc", "source_dataset": "Trees", "source_department": "City of Leduc", "source_last_edit_at": ""}}, {"type": "Feature", "geometry": {"type": "Point", "coordinates": [-113.59039333188362, 53.25957633873953]}, "properties": {"id": "leduc-15609", "species_group": "crabapple", "scientific_name": "Malus spp", "common_name": null, "subtype_name": "Malus spp", "zip_code": null, "ownership": "public", "ownership_raw": "City of Leduc", "city": "Leduc", "source_dataset": "Trees", "source_department": "City of Leduc", "source_last_edit_at": ""}}, {"type": "Feature", "geometry": {"type": "Point", "coordinates": [-113.59037169299776, 53.259565503182294]}, "properties": {"id": "leduc-15610", "species_group": "crabapple", "scientific_name": "Malus spp", "common_name": null, "subtype_name": "Malus spp", "zip_code": null, "ownership": "public", "ownership_raw": "City of Leduc", "city": "Leduc", "source_dataset": "Trees", "source_department": "City of Leduc", "source_last_edit_at": ""}}, {"type": "Feature", "geometry": {"type": "Point", "coordinates": [-113.54955282411935, 53.26206979275926]}, "properties": {"id": "leduc-15676", "species_group": "cherry", "scientific_name": "Prunus cerasus", "common_name": null, "subtype_name": "Prunus cerasus", "zip_code": null, "ownership": "public", "ownership_raw": "City of Leduc", "city": "Leduc", "source_dataset": "Trees", "source_department": "City of Leduc", "source_last_edit_at": ""}}, {"type": "Feature", "geometry": {"type": "Point", "coordinates": [-113.53714938115569, 53.26781661151402]}, "properties": {"id": "leduc-15692", "species_group": "crabapple", "scientific_name": "Malus spp", "common_name": null, "subtype_name": "Malus spp", "zip_code": null, "ownership": "public", "ownership_raw": "City of Leduc", "city": "Leduc", "source_dataset": "Trees", "source_department": "City of Leduc", "source_last_edit_at": ""}}, {"type": "Feature", "geometry": {"type": "Point", "coordinates": [-113.53705704658681, 53.2677821766127]}, "properties": {"id": "leduc-15693", "species_group": "crabapple", "scientific_name": "Malus spp", "common_name": null, "subtype_name": "Malus spp", "zip_code": null, "ownership": "public", "ownership_raw": "City of Leduc", "city": "Leduc", "source_dataset": "Trees", "source_department": "City of Leduc", "source_last_edit_at": ""}}, {"type": "Feature", "geometry": {"type": "Point", "coordinates": [-113.53704226914589, 53.267719813762355]}, "properties": {"id": "leduc-15694", "species_group": "crabapple", "scientific_name": "Malus spp", "common_name": null, "subtype_name": "Malus spp", "zip_code": null, "ownership": "public", "ownership_raw": "City of Leduc", "city": "Leduc", "source_dataset": "Trees", "source_department": "City of Leduc", "source_last_edit_at": ""}}, {"type": "Feature", "geometry": {"type": "Point", "coordinates": [-113.53708204327177, 53.26765058050554]}, "properties": {"id": "leduc-15695", "species_group": "crabapple", "scientific_name": "Malus spp", "common_name": null, "subtype_name": "Malus spp", "zip_code": null, "ownership": "public", "ownership_raw": "City of Leduc", "city": "Leduc", "source_dataset": "Trees", "source_department": "City of Leduc", "source_last_edit_at": ""}}, {"type": "Feature", "geometry": {"type": "Point", "coordinates": [-113.5659227641739, 53.25820364038853]}, "properties": {"id": "leduc-15697", "species_group": "cherry", "scientific_name": "Prunus padus commutata", "common_name": null, "subtype_name": "Prunus padus commutata", "zip_code": null, "ownership": "public", "ownership_raw": "City of Leduc", "city": "Leduc", "source_dataset": "Trees", "source_department": "City of Leduc", "source_last_edit_at": ""}}, {"type": "Feature", "geometry": {"type": "Point", "coordinates": [-113.54092800835942, 53.26773120059386]}, "properties": {"id": "leduc-157", "species_group": "crabapple", "scientific_name": "Malus x adstringens Thunderchild", "common_name": null, "subtype_name": "Malus x adstringens Thunderchild", "zip_code": null, "ownership": "public", "ownership_raw": "City of Leduc", "city": "Leduc", "source_dataset": "Trees", "source_department": "City of Leduc", "source_last_edit_at": ""}}, {"type": "Feature", "geometry": {"type": "Point", "coordinates": [-113.55198449427206, 53.26487033754456]}, "properties": {"id": "leduc-1571", "species_group": "crabapple", "scientific_name": "Malus x adstringens Selkirk", "common_name": null, "subtype_name": "Malus x adstringens Selkirk", "zip_code": null, "ownership": "public", "ownership_raw": "City of Leduc", "city": "Leduc", "source_dataset": "Trees", "source_department": "City of Leduc", "source_last_edit_at": ""}}, {"type": "Feature", "geometry": {"type": "Point", "coordinates": [-113.55169123301768, 53.26486878422097]}, "properties": {"id": "leduc-1572", "species_group": "crabapple", "scientific_name": "Malus x adstringens Selkirk", "common_name": null, "subtype_name": "Malus x adstringens Selkirk", "zip_code": null, "ownership": "public", "ownership_raw": "City of Leduc", "city": "Leduc", "source_dataset": "Trees", "source_department": "City of Leduc", "source_last_edit_at": ""}}, {"type": "Feature", "geometry": {"type": "Point", "coordinates": [-113.54378322810223, 53.26421989621252]}, "properties": {"id": "leduc-15720", "species_group": "crabapple", "scientific_name": "Malus x adstringens Dolgo", "common_name": null, "subtype_name": "Malus x adstringens Dolgo", "zip_code": null, "ownership": "public", "ownership_raw": "City of Leduc", "city": "Leduc", "source_dataset": "Trees", "source_department": "City of Leduc", "source_last_edit_at": ""}}, {"type": "Feature", "geometry": {"type": "Point", "coordinates": [-113.5516615834312, 53.26486745508602]}, "properties": {"id": "leduc-1573", "species_group": "crabapple", "scientific_name": "Malus x adstringens Royalty", "common_name": null, "subtype_name": "Malus x adstringens Royalty", "zip_code": null, "ownership": "public", "ownership_raw": "City of Leduc", "city": "Leduc", "source_dataset": "Trees", "source_department": "City of Leduc", "source_last_edit_at": ""}}, {"type": "Feature", "geometry": {"type": "Point", "coordinates": [-113.53808338679772, 53.25727275325776]}, "properties": {"id": "leduc-15879", "species_group": "cherry", "scientific_name": "Prunus padus commutata", "common_name": null, "subtype_name": "Prunus padus commutata", "zip_code": null, "ownership": "public", "ownership_raw": "City of Leduc", "city": "Leduc", "source_dataset": "Trees", "source_department": "City of Leduc", "source_last_edit_at": ""}}, {"type": "Feature", "geometry": {"type": "Point", "coordinates": [-113.53807989972402, 53.25676823279617]}, "properties": {"id": "leduc-15881", "species_group": "cherry", "scientific_name": "Prunus padus commutata", "common_name": null, "subtype_name": "Prunus padus commutata", "zip_code": null, "ownership": "public", "ownership_raw": "City of Leduc", "city": "Leduc", "source_dataset": "Trees", "source_department": "City of Leduc", "source_last_edit_at": ""}}, {"type": "Feature", "geometry": {"type": "Point", "coordinates": [-113.53806615486572, 53.25680093057718]}, "properties": {"id": "leduc-15882", "species_group": "cherry", "scientific_name": "Prunus padus commutata", "common_name": null, "subtype_name": "Prunus padus commutata", "zip_code": null, "ownership": "public", "ownership_raw": "City of Leduc", "city": "Leduc", "source_dataset": "Trees", "source_department": "City of Leduc", "source_last_edit_at": ""}}, {"type": "Feature", "geometry": {"type": "Point", "coordinates": [-113.52726695298021, 53.25124885133625]}, "properties": {"id": "leduc-15888", "species_group": "crabapple", "scientific_name": "Malus spp", "common_name": null, "subtype_name": "Malus spp", "zip_code": null, "ownership": "public", "ownership_raw": "City of Leduc", "city": "Leduc", "source_dataset": "Trees", "source_department": "City of Leduc", "source_last_edit_at": ""}}, {"type": "Feature", "geometry": {"type": "Point", "coordinates": [-113.54093769514178, 53.267802232314025]}, "properties": {"id": "leduc-159", "species_group": "crabapple", "scientific_name": "Malus x adstringens Thunderchild", "common_name": null, "subtype_name": "Malus x adstringens Thunderchild", "zip_code": null, "ownership": "public", "ownership_raw": "City of Leduc", "city": "Leduc", "source_dataset": "Trees", "source_department": "City of Leduc", "source_last_edit_at": ""}}, {"type": "Feature", "geometry": {"type": "Point", "coordinates": [-113.53226168354658, 53.25447878239517]}, "properties": {"id": "leduc-15951", "species_group": "cherry", "scientific_name": "Prunus padus commutata", "common_name": null, "subtype_name": "Prunus padus commutata", "zip_code": null, "ownership": "public", "ownership_raw": "City of Leduc", "city": "Leduc", "source_dataset": "Trees", "source_department": "City of Leduc", "source_last_edit_at": ""}}, {"type": "Feature", "geometry": {"type": "Point", "coordinates": [-113.53401580716282, 53.257857190191885]}, "properties": {"id": "leduc-15961", "species_group": "crabapple", "scientific_name": "Malus spp", "common_name": null, "subtype_name": "Malus spp", "zip_code": null, "ownership": "public", "ownership_raw": "City of Leduc", "city": "Leduc", "source_dataset": "Trees", "source_department": "City of Leduc", "source_last_edit_at": ""}}, {"type": "Feature", "geometry": {"type": "Point", "coordinates": [-113.53341562731228, 53.25782861707174]}, "properties": {"id": "leduc-15964", "species_group": "crabapple", "scientific_name": "Malus spp", "common_name": null, "subtype_name": "Malus spp", "zip_code": null, "ownership": "public", "ownership_raw": "City of Leduc", "city": "Leduc", "source_dataset": "Trees", "source_department": "City of Leduc", "source_last_edit_at": ""}}, {"type": "Feature", "geometry": {"type": "Point", "coordinates": [-113.55127743345969, 53.26043643996254]}, "properties": {"id": "leduc-16070", "species_group": "crabapple", "scientific_name": "Malus spp", "common_name": null, "subtype_name": "Malus spp", "zip_code": null, "ownership": "public", "ownership_raw": "City of Leduc", "city": "Leduc", "source_dataset": "Trees", "source_department": "City of Leduc", "source_last_edit_at": ""}}, {"type": "Feature", "geometry": {"type": "Point", "coordinates": [-113.54102682556434, 53.26851086704167]}, "properties": {"id": "leduc-16310", "species_group": "crabapple", "scientific_name": "Malus spp", "common_name": null, "subtype_name": "Malus spp", "zip_code": null, "ownership": "public", "ownership_raw": "City of Leduc", "city": "Leduc", "source_dataset": "Trees", "source_department": "City of Leduc", "source_last_edit_at": ""}}, {"type": "Feature", "geometry": {"type": "Point", "coordinates": [-113.54121671015082, 53.26837110335071]}, "properties": {"id": "leduc-16311", "species_group": "crabapple", "scientific_name": "Malus spp", "common_name": null, "subtype_name": "Malus spp", "zip_code": null, "ownership": "public", "ownership_raw": "City of Leduc", "city": "Leduc", "source_dataset": "Trees", "source_department": "City of Leduc", "source_last_edit_at": ""}}, {"type": "Feature", "geometry": {"type": "Point", "coordinates": [-113.54121110020871, 53.26829416620213]}, "properties": {"id": "leduc-16312", "species_group": "crabapple", "scientific_name": "Malus spp", "common_name": null, "subtype_name": "Malus spp", "zip_code": null, "ownership": "public", "ownership_raw": "City of Leduc", "city": "Leduc", "source_dataset": "Trees", "source_department": "City of Leduc", "source_last_edit_at": ""}}, {"type": "Feature", "geometry": {"type": "Point", "coordinates": [-113.54119512637277, 53.26810676419201]}, "properties": {"id": "leduc-16313", "species_group": "crabapple", "scientific_name": "Malus spp", "common_name": null, "subtype_name": "Malus spp", "zip_code": null, "ownership": "public", "ownership_raw": "City of Leduc", "city": "Leduc", "source_dataset": "Trees", "source_department": "City of Leduc", "source_last_edit_at": ""}}, {"type": "Feature", "geometry": {"type": "Point", "coordinates": [-113.5409512993249, 53.2681323896243]}, "properties": {"id": "leduc-16316", "species_group": "crabapple", "scientific_name": "Malus x adstringens Thunderchild", "common_name": null, "subtype_name": "Malus x adstringens Thunderchild", "zip_code": null, "ownership": "public", "ownership_raw": "City of Leduc", "city": "Leduc", "source_dataset": "Trees", "source_department": "City of Leduc", "source_last_edit_at": ""}}, {"type": "Feature", "geometry": {"type": "Point", "coordinates": [-113.5411844140071, 53.26791809826034]}, "properties": {"id": "leduc-16318", "species_group": "crabapple", "scientific_name": "Malus spp", "common_name": null, "subtype_name": "Malus spp", "zip_code": null, "ownership": "public", "ownership_raw": "City of Leduc", "city": "Leduc", "source_dataset": "Trees", "source_department": "City of Leduc", "source_last_edit_at": ""}}, {"type": "Feature", "geometry": {"type": "Point", "coordinates": [-113.54117072520886, 53.26773919898046]}, "properties": {"id": "leduc-16319", "species_group": "crabapple", "scientific_name": "Malus spp", "common_name": null, "subtype_name": "Malus spp", "zip_code": null, "ownership": "public", "ownership_raw": "City of Leduc", "city": "Leduc", "source_dataset": "Trees", "source_department": "City of Leduc", "source_last_edit_at": ""}}, {"type": "Feature", "geometry": {"type": "Point", "coordinates": [-113.54306751222043, 53.26771144522437]}, "properties": {"id": "leduc-16321", "species_group": "crabapple", "scientific_name": "Malus spp", "common_name": null, "subtype_name": "Malus spp", "zip_code": null, "ownership": "public", "ownership_raw": "City of Leduc", "city": "Leduc", "source_dataset": "Trees", "source_department": "City of Leduc", "source_last_edit_at": ""}}, {"type": "Feature", "geometry": {"type": "Point", "coordinates": [-113.54307699977994, 53.26782989727735]}, "properties": {"id": "leduc-16323", "species_group": "crabapple", "scientific_name": "Malus spp", "common_name": null, "subtype_name": "Malus spp", "zip_code": null, "ownership": "public", "ownership_raw": "City of Leduc", "city": "Leduc", "source_dataset": "Trees", "source_department": "City of Leduc", "source_last_edit_at": ""}}, {"type": "Feature", "geometry": {"type": "Point", "coordinates": [-113.5430849826419, 53.26791866415201]}, "properties": {"id": "leduc-16324", "species_group": "crabapple", "scientific_name": "Malus spp", "common_name": null, "subtype_name": "Malus spp", "zip_code": null, "ownership": "public", "ownership_raw": "City of Leduc", "city": "Leduc", "source_dataset": "Trees", "source_department": "City of Leduc", "source_last_edit_at": ""}}, {"type": "Feature", "geometry": {"type": "Point", "coordinates": [-113.54309158682896, 53.26804142671476]}, "properties": {"id": "leduc-16325", "species_group": "crabapple", "scientific_name": "Malus spp", "common_name": null, "subtype_name": "Malus spp", "zip_code": null, "ownership": "public", "ownership_raw": "City of Leduc", "city": "Leduc", "source_dataset": "Trees", "source_department": "City of Leduc", "source_last_edit_at": ""}}, {"type": "Feature", "geometry": {"type": "Point", "coordinates": [-113.54309982790227, 53.26813227223197]}, "properties": {"id": "leduc-16326", "species_group": "crabapple", "scientific_name": "Malus spp", "common_name": null, "subtype_name": "Malus spp", "zip_code": null, "ownership": "public", "ownership_raw": "City of Leduc", "city": "Leduc", "source_dataset": "Trees", "source_department": "City of Leduc", "source_last_edit_at": ""}}, {"type": "Feature", "geometry": {"type": "Point", "coordinates": [-113.54310521288784, 53.26822345637527]}, "properties": {"id": "leduc-16327", "species_group": "crabapple", "scientific_name": "Malus spp", "common_name": null, "subtype_name": "Malus spp", "zip_code": null, "ownership": "public", "ownership_raw": "City of Leduc", "city": "Leduc", "source_dataset": "Trees", "source_department": "City of Leduc", "source_last_edit_at": ""}}, {"type": "Feature", "geometry": {"type": "Point", "coordinates": [-113.54311032401476, 53.268275792127035]}, "properties": {"id": "leduc-16328", "species_group": "crabapple", "scientific_name": "Malus spp", "common_name": null, "subtype_name": "Malus spp", "zip_code": null, "ownership": "public", "ownership_raw": "City of Leduc", "city": "Leduc", "source_dataset": "Trees", "source_department": "City of Leduc", "source_last_edit_at": ""}}, {"type": "Feature", "geometry": {"type": "Point", "coordinates": [-113.54332174429747, 53.26805395746004]}, "properties": {"id": "leduc-16329", "species_group": "crabapple", "scientific_name": "Malus spp", "common_name": null, "subtype_name": "Malus spp", "zip_code": null, "ownership": "public", "ownership_raw": "City of Leduc", "city": "Leduc", "source_dataset": "Trees", "source_department": "City of Leduc", "source_last_edit_at": ""}}, {"type": "Feature", "geometry": {"type": "Point", "coordinates": [-113.54333141954307, 53.268193413235025]}, "properties": {"id": "leduc-16330", "species_group": "crabapple", "scientific_name": "Malus spp", "common_name": null, "subtype_name": "Malus spp", "zip_code": null, "ownership": "public", "ownership_raw": "City of Leduc", "city": "Leduc", "source_dataset": "Trees", "source_department": "City of Leduc", "source_last_edit_at": ""}}, {"type": "Feature", "geometry": {"type": "Point", "coordinates": [-113.5505513646656, 53.24307127160321]}, "properties": {"id": "leduc-16406", "species_group": "cherry", "scientific_name": "Prunus cerasus", "common_name": null, "subtype_name": "Prunus cerasus", "zip_code": null, "ownership": "public", "ownership_raw": "City of Leduc", "city": "Leduc", "source_dataset": "Trees", "source_department": "City of Leduc", "source_last_edit_at": ""}}, {"type": "Feature", "geometry": {"type": "Point", "coordinates": [-113.54816765862277, 53.27703577743615]}, "properties": {"id": "leduc-16627", "species_group": "cherry", "scientific_name": "Prunus padus commutata", "common_name": null, "subtype_name": "Prunus padus commutata", "zip_code": null, "ownership": "public", "ownership_raw": "City of Leduc", "city": "Leduc", "source_dataset": "Trees", "source_department": "City of Leduc", "source_last_edit_at": ""}}, {"type": "Feature", "geometry": {"type": "Point", "coordinates": [-113.5481617597172, 53.27708504275301]}, "properties": {"id": "leduc-16628", "species_group": "cherry", "scientific_name": "Prunus padus commutata", "common_name": null, "subtype_name": "Prunus padus commutata", "zip_code": null, "ownership": "public", "ownership_raw": "City of Leduc", "city": "Leduc", "source_dataset": "Trees", "source_department": "City of Leduc", "source_last_edit_at": ""}}, {"type": "Feature", "geometry": {"type": "Point", "coordinates": [-113.54815826670591, 53.27713534253207]}, "properties": {"id": "leduc-16629", "species_group": "cherry", "scientific_name": "Prunus padus commutata", "common_name": null, "subtype_name": "Prunus padus commutata", "zip_code": null, "ownership": "public", "ownership_raw": "City of Leduc", "city": "Leduc", "source_dataset": "Trees", "source_department": "City of Leduc", "source_last_edit_at": ""}}, {"type": "Feature", "geometry": {"type": "Point", "coordinates": [-113.5495789351786, 53.2787266403249]}, "properties": {"id": "leduc-16639", "species_group": "cherry", "scientific_name": "Prunus padus commutata", "common_name": null, "subtype_name": "Prunus padus commutata", "zip_code": null, "ownership": "public", "ownership_raw": "City of Leduc", "city": "Leduc", "source_dataset": "Trees", "source_department": "City of Leduc", "source_last_edit_at": ""}}, {"type": "Feature", "geometry": {"type": "Point", "coordinates": [-113.54951231602408, 53.2788231505424]}, "properties": {"id": "leduc-16640", "species_group": "cherry", "scientific_name": "Prunus padus commutata", "common_name": null, "subtype_name": "Prunus padus commutata", "zip_code": null, "ownership": "public", "ownership_raw": "City of Leduc", "city": "Leduc", "source_dataset": "Trees", "source_department": "City of Leduc", "source_last_edit_at": ""}}, {"type": "Feature", "geometry": {"type": "Point", "coordinates": [-113.54945875803375, 53.27891274022185]}, "properties": {"id": "leduc-16641", "species_group": "cherry", "scientific_name": "Prunus padus commutata", "common_name": null, "subtype_name": "Prunus padus commutata", "zip_code": null, "ownership": "public", "ownership_raw": "City of Leduc", "city": "Leduc", "source_dataset": "Trees", "source_department": "City of Leduc", "source_last_edit_at": ""}}, {"type": "Feature", "geometry": {"type": "Point", "coordinates": [-113.54904358740585, 53.260871838009926]}, "properties": {"id": "leduc-16880", "species_group": "cherry", "scientific_name": "Prunus cerasus", "common_name": null, "subtype_name": "Prunus cerasus", "zip_code": null, "ownership": "public", "ownership_raw": "City of Leduc", "city": "Leduc", "source_dataset": "Trees", "source_department": "City of Leduc", "source_last_edit_at": ""}}, {"type": "Feature", "geometry": {"type": "Point", "coordinates": [-113.54909332327865, 53.260790468081886]}, "properties": {"id": "leduc-16881", "species_group": "cherry", "scientific_name": "Prunus cerasus", "common_name": null, "subtype_name": "Prunus cerasus", "zip_code": null, "ownership": "public", "ownership_raw": "City of Leduc", "city": "Leduc", "source_dataset": "Trees", "source_department": "City of Leduc", "source_last_edit_at": ""}}, {"type": "Feature", "geometry": {"type": "Point", "coordinates": [-113.54897089828192, 53.26079256797992]}, "properties": {"id": "leduc-16882", "species_group": "cherry", "scientific_name": "Prunus cerasus", "common_name": null, "subtype_name": "Prunus cerasus", "zip_code": null, "ownership": "public", "ownership_raw": "City of Leduc", "city": "Leduc", "source_dataset": "Trees", "source_department": "City of Leduc", "source_last_edit_at": ""}}, {"type": "Feature", "geometry": {"type": "Point", "coordinates": [-113.5488456132496, 53.26079158357628]}, "properties": {"id": "leduc-16883", "species_group": "cherry", "scientific_name": "Prunus cerasus", "common_name": null, "subtype_name": "Prunus cerasus", "zip_code": null, "ownership": "public", "ownership_raw": "City of Leduc", "city": "Leduc", "source_dataset": "Trees", "source_department": "City of Leduc", "source_last_edit_at": ""}}, {"type": "Feature", "geometry": {"type": "Point", "coordinates": [-113.59274837359344, 53.25469410246651]}, "properties": {"id": "leduc-16988", "species_group": "cherry", "scientific_name": "Prunus cerasus", "common_name": null, "subtype_name": "Prunus cerasus", "zip_code": null, "ownership": "public", "ownership_raw": "City of Leduc", "city": "Leduc", "source_dataset": "Trees", "source_department": "City of Leduc", "source_last_edit_at": ""}}, {"type": "Feature", "geometry": {"type": "Point", "coordinates": [-113.59311350366518, 53.25454675338241]}, "properties": {"id": "leduc-16989", "species_group": "cherry", "scientific_name": "Prunus cerasus", "common_name": null, "subtype_name": "Prunus cerasus", "zip_code": null, "ownership": "public", "ownership_raw": "City of Leduc", "city": "Leduc", "source_dataset": "Trees", "source_department": "City of Leduc", "source_last_edit_at": ""}}, {"type": "Feature", "geometry": {"type": "Point", "coordinates": [-113.52865980163641, 53.256393665553574]}, "properties": {"id": "leduc-17097", "species_group": "crabapple", "scientific_name": "Malus spp", "common_name": null, "subtype_name": "Malus spp", "zip_code": null, "ownership": "public", "ownership_raw": "City of Leduc", "city": "Leduc", "source_dataset": "Trees", "source_department": "City of Leduc", "source_last_edit_at": ""}}, {"type": "Feature", "geometry": {"type": "Point", "coordinates": [-113.58148704871257, 53.26825749618451]}, "properties": {"id": "leduc-17242", "species_group": "crabapple", "scientific_name": "Malus spp", "common_name": null, "subtype_name": "Malus spp", "zip_code": null, "ownership": "public", "ownership_raw": "City of Leduc", "city": "Leduc", "source_dataset": "Trees", "source_department": "City of Leduc", "source_last_edit_at": ""}}, {"type": "Feature", "geometry": {"type": "Point", "coordinates": [-113.58229574887957, 53.24944081924244]}, "properties": {"id": "leduc-17296", "species_group": "crabapple", "scientific_name": "Malus spp", "common_name": null, "subtype_name": "Malus spp", "zip_code": null, "ownership": "public", "ownership_raw": "City of Leduc", "city": "Leduc", "source_dataset": "Trees", "source_department": "City of Leduc", "source_last_edit_at": ""}}, {"type": "Feature", "geometry": {"type": "Point", "coordinates": [-113.53634879993814, 53.2642085450685]}, "properties": {"id": "leduc-17311", "species_group": "crabapple", "scientific_name": "Malus spp", "common_name": null, "subtype_name": "Malus spp", "zip_code": null, "ownership": "public", "ownership_raw": "City of Leduc", "city": "Leduc", "source_dataset": "Trees", "source_department": "City of Leduc", "source_last_edit_at": ""}}, {"type": "Feature", "geometry": {"type": "Point", "coordinates": [-113.53625673853033, 53.26421336503684]}, "properties": {"id": "leduc-17312", "species_group": "crabapple", "scientific_name": "Malus spp", "common_name": null, "subtype_name": "Malus spp", "zip_code": null, "ownership": "public", "ownership_raw": "City of Leduc", "city": "Leduc", "source_dataset": "Trees", "source_department": "City of Leduc", "source_last_edit_at": ""}}, {"type": "Feature", "geometry": {"type": "Point", "coordinates": [-113.53625804184432, 53.2641943072213]}, "properties": {"id": "leduc-17313", "species_group": "crabapple", "scientific_name": "Malus spp", "common_name": null, "subtype_name": "Malus spp", "zip_code": null, "ownership": "public", "ownership_raw": "City of Leduc", "city": "Leduc", "source_dataset": "Trees", "source_department": "City of Leduc", "source_last_edit_at": ""}}, {"type": "Feature", "geometry": {"type": "Point", "coordinates": [-113.55547345264432, 53.25920631993281]}, "properties": {"id": "leduc-17599", "species_group": "crabapple", "scientific_name": "Malus spp", "common_name": null, "subtype_name": "Malus spp", "zip_code": null, "ownership": "public", "ownership_raw": "City of Leduc", "city": "Leduc", "source_dataset": "Trees", "source_department": "City of Leduc", "source_last_edit_at": ""}}, {"type": "Feature", "geometry": {"type": "Point", "coordinates": [-113.54305896141031, 53.24897442786981]}, "properties": {"id": "leduc-1760", "species_group": "crabapple", "scientific_name": "Malus x adstringens Selkirk", "common_name": null, "subtype_name": "Malus x adstringens Selkirk", "zip_code": null, "ownership": "public", "ownership_raw": "City of Leduc", "city": "Leduc", "source_dataset": "Trees", "source_department": "City of Leduc", "source_last_edit_at": ""}}, {"type": "Feature", "geometry": {"type": "Point", "coordinates": [-113.55525041861726, 53.25905324123696]}, "properties": {"id": "leduc-17615", "species_group": "crabapple", "scientific_name": "Malus spp", "common_name": null, "subtype_name": "Malus spp", "zip_code": null, "ownership": "public", "ownership_raw": "City of Leduc", "city": "Leduc", "source_dataset": "Trees", "source_department": "City of Leduc", "source_last_edit_at": ""}}, {"type": "Feature", "geometry": {"type": "Point", "coordinates": [-113.55525212410343, 53.25901683194046]}, "properties": {"id": "leduc-17618", "species_group": "crabapple", "scientific_name": "Malus spp", "common_name": null, "subtype_name": "Malus spp", "zip_code": null, "ownership": "public", "ownership_raw": "City of Leduc", "city": "Leduc", "source_dataset": "Trees", "source_department": "City of Leduc", "source_last_edit_at": ""}}, {"type": "Feature", "geometry": {"type": "Point", "coordinates": [-113.5552880832867, 53.25901861417305]}, "properties": {"id": "leduc-17620", "species_group": "crabapple", "scientific_name": "Malus spp", "common_name": null, "subtype_name": "Malus spp", "zip_code": null, "ownership": "public", "ownership_raw": "City of Leduc", "city": "Leduc", "source_dataset": "Trees", "source_department": "City of Leduc", "source_last_edit_at": ""}}, {"type": "Feature", "geometry": {"type": "Point", "coordinates": [-113.55528047817195, 53.25899704446722]}, "properties": {"id": "leduc-17621", "species_group": "crabapple", "scientific_name": "Malus spp", "common_name": null, "subtype_name": "Malus spp", "zip_code": null, "ownership": "public", "ownership_raw": "City of Leduc", "city": "Leduc", "source_dataset": "Trees", "source_department": "City of Leduc", "source_last_edit_at": ""}}, {"type": "Feature", "geometry": {"type": "Point", "coordinates": [-113.58479043651444, 53.262741946047946]}, "properties": {"id": "leduc-18118", "species_group": "crabapple", "scientific_name": "Malus x adstringens Thunderchild", "common_name": null, "subtype_name": "Malus x adstringens Thunderchild", "zip_code": null, "ownership": "public", "ownership_raw": "City of Leduc", "city": "Leduc", "source_dataset": "Trees", "source_department": "City of Leduc", "source_last_edit_at": ""}}, {"type": "Feature", "geometry": {"type": "Point", "coordinates": [-113.50280016199412, 53.24159979030972]}, "properties": {"id": "leduc-18201", "species_group": "crabapple", "scientific_name": "Malus spp", "common_name": null, "subtype_name": "Malus spp", "zip_code": null, "ownership": "public", "ownership_raw": "City of Leduc", "city": "Leduc", "source_dataset": "Trees", "source_department": "City of Leduc", "source_last_edit_at": ""}}, {"type": "Feature", "geometry": {"type": "Point", "coordinates": [-113.5028206636254, 53.24163123227815]}, "properties": {"id": "leduc-18202", "species_group": "crabapple", "scientific_name": "Malus spp", "common_name": null, "subtype_name": "Malus spp", "zip_code": null, "ownership": "public", "ownership_raw": "City of Leduc", "city": "Leduc", "source_dataset": "Trees", "source_department": "City of Leduc", "source_last_edit_at": ""}}, {"type": "Feature", "geometry": {"type": "Point", "coordinates": [-113.50296755409455, 53.241732876901935]}, "properties": {"id": "leduc-18203", "species_group": "crabapple", "scientific_name": "Malus spp", "common_name": null, "subtype_name": "Malus spp", "zip_code": null, "ownership": "public", "ownership_raw": "City of Leduc", "city": "Leduc", "source_dataset": "Trees", "source_department": "City of Leduc", "source_last_edit_at": ""}}, {"type": "Feature", "geometry": {"type": "Point", "coordinates": [-113.50296045853513, 53.24171963542129]}, "properties": {"id": "leduc-18204", "species_group": "crabapple", "scientific_name": "Malus spp", "common_name": null, "subtype_name": "Malus spp", "zip_code": null, "ownership": "public", "ownership_raw": "City of Leduc", "city": "Leduc", "source_dataset": "Trees", "source_department": "City of Leduc", "source_last_edit_at": ""}}, {"type": "Feature", "geometry": {"type": "Point", "coordinates": [-113.50294891756229, 53.241704002979176]}, "properties": {"id": "leduc-18205", "species_group": "crabapple", "scientific_name": "Malus spp", "common_name": null, "subtype_name": "Malus spp", "zip_code": null, "ownership": "public", "ownership_raw": "City of Leduc", "city": "Leduc", "source_dataset": "Trees", "source_department": "City of Leduc", "source_last_edit_at": ""}}, {"type": "Feature", "geometry": {"type": "Point", "coordinates": [-113.50280851806353, 53.24161555326696]}, "properties": {"id": "leduc-18206", "species_group": "crabapple", "scientific_name": "Malus spp", "common_name": null, "subtype_name": "Malus spp", "zip_code": null, "ownership": "public", "ownership_raw": "City of Leduc", "city": "Leduc", "source_dataset": "Trees", "source_department": "City of Leduc", "source_last_edit_at": ""}}, {"type": "Feature", "geometry": {"type": "Point", "coordinates": [-113.50337138077083, 53.24200779327216]}, "properties": {"id": "leduc-18286", "species_group": "crabapple", "scientific_name": "Malus x adstringens Spring Snow", "common_name": null, "subtype_name": "Malus x adstringens Spring Snow", "zip_code": null, "ownership": "public", "ownership_raw": "City of Leduc", "city": "Leduc", "source_dataset": "Trees", "source_department": "City of Leduc", "source_last_edit_at": ""}}, {"type": "Feature", "geometry": {"type": "Point", "coordinates": [-113.50331726144434, 53.242022507795916]}, "properties": {"id": "leduc-18287", "species_group": "crabapple", "scientific_name": "Malus x adstringens Spring Snow", "common_name": null, "subtype_name": "Malus x adstringens Spring Snow", "zip_code": null, "ownership": "public", "ownership_raw": "City of Leduc", "city": "Leduc", "source_dataset": "Trees", "source_department": "City of Leduc", "source_last_edit_at": ""}}, {"type": "Feature", "geometry": {"type": "Point", "coordinates": [-113.50336100790065, 53.242043933148445]}, "properties": {"id": "leduc-18288", "species_group": "crabapple", "scientific_name": "Malus x adstringens Spring Snow", "common_name": null, "subtype_name": "Malus x adstringens Spring Snow", "zip_code": null, "ownership": "public", "ownership_raw": "City of Leduc", "city": "Leduc", "source_dataset": "Trees", "source_department": "City of Leduc", "source_last_edit_at": ""}}, {"type": "Feature", "geometry": {"type": "Point", "coordinates": [-113.54466165779222, 53.23990449607094]}, "properties": {"id": "leduc-18409", "species_group": "cherry", "scientific_name": "Prunus cerasus", "common_name": null, "subtype_name": "Prunus cerasus", "zip_code": null, "ownership": "public", "ownership_raw": "City of Leduc", "city": "Leduc", "source_dataset": "Trees", "source_department": "City of Leduc", "source_last_edit_at": ""}}, {"type": "Feature", "geometry": {"type": "Point", "coordinates": [-113.5442655818485, 53.25143107584876]}, "properties": {"id": "leduc-18636", "species_group": "crabapple", "scientific_name": "Malus spp", "common_name": null, "subtype_name": "Malus spp", "zip_code": null, "ownership": "public", "ownership_raw": "City of Leduc", "city": "Leduc", "source_dataset": "Trees", "source_department": "City of Leduc", "source_last_edit_at": ""}}, {"type": "Feature", "geometry": {"type": "Point", "coordinates": [-113.54423646843723, 53.25141120788788]}, "properties": {"id": "leduc-18637", "species_group": "crabapple", "scientific_name": "Malus spp", "common_name": null, "subtype_name": "Malus spp", "zip_code": null, "ownership": "public", "ownership_raw": "City of Leduc", "city": "Leduc", "source_dataset": "Trees", "source_department": "City of Leduc", "source_last_edit_at": ""}}, {"type": "Feature", "geometry": {"type": "Point", "coordinates": [-113.54422909396374, 53.25139114174991]}, "properties": {"id": "leduc-18638", "species_group": "crabapple", "scientific_name": "Malus spp", "common_name": null, "subtype_name": "Malus spp", "zip_code": null, "ownership": "public", "ownership_raw": "City of Leduc", "city": "Leduc", "source_dataset": "Trees", "source_department": "City of Leduc", "source_last_edit_at": ""}}, {"type": "Feature", "geometry": {"type": "Point", "coordinates": [-113.52647913175703, 53.25266746662392]}, "properties": {"id": "leduc-1877", "species_group": "cherry", "scientific_name": "Prunus padus commutata", "common_name": null, "subtype_name": "Prunus padus commutata", "zip_code": null, "ownership": "public", "ownership_raw": "City of Leduc", "city": "Leduc", "source_dataset": "Trees", "source_department": "City of Leduc", "source_last_edit_at": ""}}, {"type": "Feature", "geometry": {"type": "Point", "coordinates": [-113.52647787910867, 53.252624176677855]}, "properties": {"id": "leduc-1878", "species_group": "cherry", "scientific_name": "Prunus padus commutata", "common_name": null, "subtype_name": "Prunus padus commutata", "zip_code": null, "ownership": "public", "ownership_raw": "City of Leduc", "city": "Leduc", "source_dataset": "Trees", "source_department": "City of Leduc", "source_last_edit_at": ""}}, {"type": "Feature", "geometry": {"type": "Point", "coordinates": [-113.52647838266817, 53.25264859392848]}, "properties": {"id": "leduc-1879", "species_group": "cherry", "scientific_name": "Prunus padus commutata", "common_name": null, "subtype_name": "Prunus padus commutata", "zip_code": null, "ownership": "public", "ownership_raw": "City of Leduc", "city": "Leduc", "source_dataset": "Trees", "source_department": "City of Leduc", "source_last_edit_at": ""}}, {"type": "Feature", "geometry": {"type": "Point", "coordinates": [-113.5754676754846, 53.25895215554203]}, "properties": {"id": "leduc-18875", "species_group": "crabapple", "scientific_name": "Malus spp", "common_name": null, "subtype_name": "Malus spp", "zip_code": null, "ownership": "public", "ownership_raw": "City of Leduc", "city": "Leduc", "source_dataset": "Trees", "source_department": "City of Leduc", "source_last_edit_at": ""}}, {"type": "Feature", "geometry": {"type": "Point", "coordinates": [-113.54166427715576, 53.25752993718279]}, "properties": {"id": "leduc-1890", "species_group": "cherry", "scientific_name": "Prunus padus commutata", "common_name": null, "subtype_name": "Prunus padus commutata", "zip_code": null, "ownership": "public", "ownership_raw": "City of Leduc", "city": "Leduc", "source_dataset": "Trees", "source_department": "City of Leduc", "source_last_edit_at": ""}}, {"type": "Feature", "geometry": {"type": "Point", "coordinates": [-113.57484247454494, 53.25863296908294]}, "properties": {"id": "leduc-18900", "species_group": "crabapple", "scientific_name": "Malus spp", "common_name": null, "subtype_name": "Malus spp", "zip_code": null, "ownership": "public", "ownership_raw": "City of Leduc", "city": "Leduc", "source_dataset": "Trees", "source_department": "City of Leduc", "source_last_edit_at": ""}}, {"type": "Feature", "geometry": {"type": "Point", "coordinates": [-113.54131947324694, 53.257387459671996]}, "properties": {"id": "leduc-1891", "species_group": "cherry", "scientific_name": "Prunus padus commutata", "common_name": null, "subtype_name": "Prunus padus commutata", "zip_code": null, "ownership": "public", "ownership_raw": "City of Leduc", "city": "Leduc", "source_dataset": "Trees", "source_department": "City of Leduc", "source_last_edit_at": ""}}, {"type": "Feature", "geometry": {"type": "Point", "coordinates": [-113.58220202572812, 53.27053858944385]}, "properties": {"id": "leduc-18935", "species_group": "crabapple", "scientific_name": "Malus spp", "common_name": null, "subtype_name": "Malus spp", "zip_code": null, "ownership": "public", "ownership_raw": "City of Leduc", "city": "Leduc", "source_dataset": "Trees", "source_department": "City of Leduc", "source_last_edit_at": ""}}, {"type": "Feature", "geometry": {"type": "Point", "coordinates": [-113.58225115507783, 53.270548583687464]}, "properties": {"id": "leduc-18936", "species_group": "crabapple", "scientific_name": "Malus spp", "common_name": null, "subtype_name": "Malus spp", "zip_code": null, "ownership": "public", "ownership_raw": "City of Leduc", "city": "Leduc", "source_dataset": "Trees", "source_department": "City of Leduc", "source_last_edit_at": ""}}, {"type": "Feature", "geometry": {"type": "Point", "coordinates": [-113.58229832181456, 53.2705786124847]}, "properties": {"id": "leduc-18938", "species_group": "crabapple", "scientific_name": "Malus spp", "common_name": null, "subtype_name": "Malus spp", "zip_code": null, "ownership": "public", "ownership_raw": "City of Leduc", "city": "Leduc", "source_dataset": "Trees", "source_department": "City of Leduc", "source_last_edit_at": ""}}, {"type": "Feature", "geometry": {"type": "Point", "coordinates": [-113.58231970130808, 53.27061503821892]}, "properties": {"id": "leduc-18939", "species_group": "crabapple", "scientific_name": "Malus spp", "common_name": null, "subtype_name": "Malus spp", "zip_code": null, "ownership": "public", "ownership_raw": "City of Leduc", "city": "Leduc", "source_dataset": "Trees", "source_department": "City of Leduc", "source_last_edit_at": ""}}, {"type": "Feature", "geometry": {"type": "Point", "coordinates": [-113.58230131540056, 53.27064551316885]}, "properties": {"id": "leduc-18941", "species_group": "crabapple", "scientific_name": "Malus spp", "common_name": null, "subtype_name": "Malus spp", "zip_code": null, "ownership": "public", "ownership_raw": "City of Leduc", "city": "Leduc", "source_dataset": "Trees", "source_department": "City of Leduc", "source_last_edit_at": ""}}, {"type": "Feature", "geometry": {"type": "Point", "coordinates": [-113.55537924113446, 53.25729356360024]}, "properties": {"id": "leduc-18997", "species_group": "cherry", "scientific_name": "Prunus padus commutata", "common_name": null, "subtype_name": "Prunus padus commutata", "zip_code": null, "ownership": "public", "ownership_raw": "City of Leduc", "city": "Leduc", "source_dataset": "Trees", "source_department": "City of Leduc", "source_last_edit_at": ""}}, {"type": "Feature", "geometry": {"type": "Point", "coordinates": [-113.58207245397034, 53.262109828585196]}, "properties": {"id": "leduc-19496", "species_group": "cherry", "scientific_name": "Prunus cerasus", "common_name": null, "subtype_name": "Prunus cerasus", "zip_code": null, "ownership": "public", "ownership_raw": "City of Leduc", "city": "Leduc", "source_dataset": "Trees", "source_department": "City of Leduc", "source_last_edit_at": ""}}, {"type": "Feature", "geometry": {"type": "Point", "coordinates": [-113.58211692036026, 53.262147312153274]}, "properties": {"id": "leduc-19497", "species_group": "cherry", "scientific_name": "Prunus cerasus", "common_name": null, "subtype_name": "Prunus cerasus", "zip_code": null, "ownership": "public", "ownership_raw": "City of Leduc", "city": "Leduc", "source_dataset": "Trees", "source_department": "City of Leduc", "source_last_edit_at": ""}}, {"type": "Feature", "geometry": {"type": "Point", "coordinates": [-113.52201024326678, 53.24272216871104]}, "properties": {"id": "leduc-19500", "species_group": "cherry", "scientific_name": "Prunus cerasus", "common_name": null, "subtype_name": "Prunus cerasus", "zip_code": null, "ownership": "public", "ownership_raw": "City of Leduc", "city": "Leduc", "source_dataset": "Trees", "source_department": "City of Leduc", "source_last_edit_at": ""}}, {"type": "Feature", "geometry": {"type": "Point", "coordinates": [-113.52184805368213, 53.24277754793656]}, "properties": {"id": "leduc-19501", "species_group": "cherry", "scientific_name": "Prunus cerasus", "common_name": null, "subtype_name": "Prunus cerasus", "zip_code": null, "ownership": "public", "ownership_raw": "City of Leduc", "city": "Leduc", "source_dataset": "Trees", "source_department": "City of Leduc", "source_last_edit_at": ""}}, {"type": "Feature", "geometry": {"type": "Point", "coordinates": [-113.59355799127927, 53.269492472819834]}, "properties": {"id": "leduc-19562", "species_group": "cherry", "scientific_name": "Prunus padus commutata", "common_name": null, "subtype_name": "Prunus padus commutata", "zip_code": null, "ownership": "public", "ownership_raw": "City of Leduc", "city": "Leduc", "source_dataset": "Trees", "source_department": "City of Leduc", "source_last_edit_at": ""}}, {"type": "Feature", "geometry": {"type": "Point", "coordinates": [-113.59359804697272, 53.26955117093713]}, "properties": {"id": "leduc-19563", "species_group": "cherry", "scientific_name": "Prunus padus commutata", "common_name": null, "subtype_name": "Prunus padus commutata", "zip_code": null, "ownership": "public", "ownership_raw": "City of Leduc", "city": "Leduc", "source_dataset": "Trees", "source_department": "City of Leduc", "source_last_edit_at": ""}}, {"type": "Feature", "geometry": {"type": "Point", "coordinates": [-113.59362819845425, 53.2696141820052]}, "properties": {"id": "leduc-19564", "species_group": "cherry", "scientific_name": "Prunus padus commutata", "common_name": null, "subtype_name": "Prunus padus commutata", "zip_code": null, "ownership": "public", "ownership_raw": "City of Leduc", "city": "Leduc", "source_dataset": "Trees", "source_department": "City of Leduc", "source_last_edit_at": ""}}, {"type": "Feature", "geometry": {"type": "Point", "coordinates": [-113.59387840289794, 53.26956338332317]}, "properties": {"id": "leduc-19565", "species_group": "cherry", "scientific_name": "Prunus padus commutata", "common_name": null, "subtype_name": "Prunus padus commutata", "zip_code": null, "ownership": "public", "ownership_raw": "City of Leduc", "city": "Leduc", "source_dataset": "Trees", "source_department": "City of Leduc", "source_last_edit_at": ""}}, {"type": "Feature", "geometry": {"type": "Point", "coordinates": [-113.5949667545228, 53.26997811064885]}, "properties": {"id": "leduc-19577", "species_group": "cherry", "scientific_name": "Prunus padus commutata", "common_name": null, "subtype_name": "Prunus padus commutata", "zip_code": null, "ownership": "public", "ownership_raw": "City of Leduc", "city": "Leduc", "source_dataset": "Trees", "source_department": "City of Leduc", "source_last_edit_at": ""}}, {"type": "Feature", "geometry": {"type": "Point", "coordinates": [-113.5593574377783, 53.25811069067387]}, "properties": {"id": "leduc-19674", "species_group": "cherry", "scientific_name": "Prunus cerasus", "common_name": null, "subtype_name": "Prunus cerasus", "zip_code": null, "ownership": "public", "ownership_raw": "City of Leduc", "city": "Leduc", "source_dataset": "Trees", "source_department": "City of Leduc", "source_last_edit_at": ""}}, {"type": "Feature", "geometry": {"type": "Point", "coordinates": [-113.54048387899022, 53.252639256208035]}, "properties": {"id": "leduc-1968", "species_group": "cherry", "scientific_name": "Prunus padus commutata", "common_name": null, "subtype_name": "Prunus padus commutata", "zip_code": null, "ownership": "public", "ownership_raw": "City of Leduc", "city": "Leduc", "source_dataset": "Trees", "source_department": "City of Leduc", "source_last_edit_at": ""}}, {"type": "Feature", "geometry": {"type": "Point", "coordinates": [-113.55749841593409, 53.25811928410953]}, "properties": {"id": "leduc-19685", "species_group": "cherry", "scientific_name": "Prunus cerasus", "common_name": null, "subtype_name": "Prunus cerasus", "zip_code": null, "ownership": "public", "ownership_raw": "City of Leduc", "city": "Leduc", "source_dataset": "Trees", "source_department": "City of Leduc", "source_last_edit_at": ""}}, {"type": "Feature", "geometry": {"type": "Point", "coordinates": [-113.55713320726444, 53.258115764246476]}, "properties": {"id": "leduc-19686", "species_group": "cherry", "scientific_name": "Prunus cerasus", "common_name": null, "subtype_name": "Prunus cerasus", "zip_code": null, "ownership": "public", "ownership_raw": "City of Leduc", "city": "Leduc", "source_dataset": "Trees", "source_department": "City of Leduc", "source_last_edit_at": ""}}, {"type": "Feature", "geometry": {"type": "Point", "coordinates": [-113.60427138451313, 53.26604658446272]}, "properties": {"id": "leduc-19748", "species_group": "crabapple", "scientific_name": "Malus spp", "common_name": null, "subtype_name": "Malus spp", "zip_code": null, "ownership": "public", "ownership_raw": "City of Leduc", "city": "Leduc", "source_dataset": "Trees", "source_department": "City of Leduc", "source_last_edit_at": ""}}, {"type": "Feature", "geometry": {"type": "Point", "coordinates": [-113.60427609458773, 53.2660953854105]}, "properties": {"id": "leduc-19749", "species_group": "crabapple", "scientific_name": "Malus spp", "common_name": null, "subtype_name": "Malus spp", "zip_code": null, "ownership": "public", "ownership_raw": "City of Leduc", "city": "Leduc", "source_dataset": "Trees", "source_department": "City of Leduc", "source_last_edit_at": ""}}, {"type": "Feature", "geometry": {"type": "Point", "coordinates": [-113.60427548909395, 53.26614538277877]}, "properties": {"id": "leduc-19750", "species_group": "crabapple", "scientific_name": "Malus spp", "common_name": null, "subtype_name": "Malus spp", "zip_code": null, "ownership": "public", "ownership_raw": "City of Leduc", "city": "Leduc", "source_dataset": "Trees", "source_department": "City of Leduc", "source_last_edit_at": ""}}, {"type": "Feature", "geometry": {"type": "Point", "coordinates": [-113.60427120590354, 53.266194020881755]}, "properties": {"id": "leduc-19751", "species_group": "crabapple", "scientific_name": "Malus spp", "common_name": null, "subtype_name": "Malus spp", "zip_code": null, "ownership": "public", "ownership_raw": "City of Leduc", "city": "Leduc", "source_dataset": "Trees", "source_department": "City of Leduc", "source_last_edit_at": ""}}, {"type": "Feature", "geometry": {"type": "Point", "coordinates": [-113.60458619696942, 53.26598282704303]}, "properties": {"id": "leduc-19752", "species_group": "crabapple", "scientific_name": "Malus spp", "common_name": null, "subtype_name": "Malus spp", "zip_code": null, "ownership": "public", "ownership_raw": "City of Leduc", "city": "Leduc", "source_dataset": "Trees", "source_department": "City of Leduc", "source_last_edit_at": ""}}, {"type": "Feature", "geometry": {"type": "Point", "coordinates": [-113.60457346126783, 53.26603836743295]}, "properties": {"id": "leduc-19753", "species_group": "crabapple", "scientific_name": "Malus spp", "common_name": null, "subtype_name": "Malus spp", "zip_code": null, "ownership": "public", "ownership_raw": "City of Leduc", "city": "Leduc", "source_dataset": "Trees", "source_department": "City of Leduc", "source_last_edit_at": ""}}, {"type": "Feature", "geometry": {"type": "Point", "coordinates": [-113.60456340538252, 53.26609652276113]}, "properties": {"id": "leduc-19754", "species_group": "crabapple", "scientific_name": "Malus spp", "common_name": null, "subtype_name": "Malus spp", "zip_code": null, "ownership": "public", "ownership_raw": "City of Leduc", "city": "Leduc", "source_dataset": "Trees", "source_department": "City of Leduc", "source_last_edit_at": ""}}, {"type": "Feature", "geometry": {"type": "Point", "coordinates": [-113.60451770901811, 53.2666340682634]}, "properties": {"id": "leduc-19779", "species_group": "crabapple", "scientific_name": "Malus spp", "common_name": null, "subtype_name": "Malus spp", "zip_code": null, "ownership": "public", "ownership_raw": "City of Leduc", "city": "Leduc", "source_dataset": "Trees", "source_department": "City of Leduc", "source_last_edit_at": ""}}, {"type": "Feature", "geometry": {"type": "Point", "coordinates": [-113.60451889703609, 53.2665797144314]}, "properties": {"id": "leduc-19780", "species_group": "crabapple", "scientific_name": "Malus spp", "common_name": null, "subtype_name": "Malus spp", "zip_code": null, "ownership": "public", "ownership_raw": "City of Leduc", "city": "Leduc", "source_dataset": "Trees", "source_department": "City of Leduc", "source_last_edit_at": ""}}, {"type": "Feature", "geometry": {"type": "Point", "coordinates": [-113.60451806609618, 53.26652324299997]}, "properties": {"id": "leduc-19781", "species_group": "crabapple", "scientific_name": "Malus spp", "common_name": null, "subtype_name": "Malus spp", "zip_code": null, "ownership": "public", "ownership_raw": "City of Leduc", "city": "Leduc", "source_dataset": "Trees", "source_department": "City of Leduc", "source_last_edit_at": ""}}, {"type": "Feature", "geometry": {"type": "Point", "coordinates": [-113.60439283482563, 53.26543603598183]}, "properties": {"id": "leduc-19782", "species_group": "crabapple", "scientific_name": "Malus spp", "common_name": null, "subtype_name": "Malus spp", "zip_code": null, "ownership": "public", "ownership_raw": "City of Leduc", "city": "Leduc", "source_dataset": "Trees", "source_department": "City of Leduc", "source_last_edit_at": ""}}, {"type": "Feature", "geometry": {"type": "Point", "coordinates": [-113.604393908315, 53.26546831955982]}, "properties": {"id": "leduc-19783", "species_group": "crabapple", "scientific_name": "Malus spp", "common_name": null, "subtype_name": "Malus spp", "zip_code": null, "ownership": "public", "ownership_raw": "City of Leduc", "city": "Leduc", "source_dataset": "Trees", "source_department": "City of Leduc", "source_last_edit_at": ""}}, {"type": "Feature", "geometry": {"type": "Point", "coordinates": [-113.60439060119855, 53.26549534684222]}, "properties": {"id": "leduc-19784", "species_group": "crabapple", "scientific_name": "Malus spp", "common_name": null, "subtype_name": "Malus spp", "zip_code": null, "ownership": "public", "ownership_raw": "City of Leduc", "city": "Leduc", "source_dataset": "Trees", "source_department": "City of Leduc", "source_last_edit_at": ""}}, {"type": "Feature", "geometry": {"type": "Point", "coordinates": [-113.60439239723702, 53.26568904188191]}, "properties": {"id": "leduc-19785", "species_group": "crabapple", "scientific_name": "Malus spp", "common_name": null, "subtype_name": "Malus spp", "zip_code": null, "ownership": "public", "ownership_raw": "City of Leduc", "city": "Leduc", "source_dataset": "Trees", "source_department": "City of Leduc", "source_last_edit_at": ""}}, {"type": "Feature", "geometry": {"type": "Point", "coordinates": [-113.60439408835947, 53.26572082786428]}, "properties": {"id": "leduc-19786", "species_group": "crabapple", "scientific_name": "Malus spp", "common_name": null, "subtype_name": "Malus spp", "zip_code": null, "ownership": "public", "ownership_raw": "City of Leduc", "city": "Leduc", "source_dataset": "Trees", "source_department": "City of Leduc", "source_last_edit_at": ""}}, {"type": "Feature", "geometry": {"type": "Point", "coordinates": [-113.60439459595018, 53.265754663310275]}, "properties": {"id": "leduc-19787", "species_group": "crabapple", "scientific_name": "Malus spp", "common_name": null, "subtype_name": "Malus spp", "zip_code": null, "ownership": "public", "ownership_raw": "City of Leduc", "city": "Leduc", "source_dataset": "Trees", "source_department": "City of Leduc", "source_last_edit_at": ""}}, {"type": "Feature", "geometry": {"type": "Point", "coordinates": [-113.58962949556495, 53.25612065376823]}, "properties": {"id": "leduc-19788", "species_group": "crabapple", "scientific_name": "Malus spp", "common_name": null, "subtype_name": "Malus spp", "zip_code": null, "ownership": "public", "ownership_raw": "City of Leduc", "city": "Leduc", "source_dataset": "Trees", "source_department": "City of Leduc", "source_last_edit_at": ""}}, {"type": "Feature", "geometry": {"type": "Point", "coordinates": [-113.58944616588639, 53.25621920924321]}, "properties": {"id": "leduc-19789", "species_group": "crabapple", "scientific_name": "Malus spp", "common_name": null, "subtype_name": "Malus spp", "zip_code": null, "ownership": "public", "ownership_raw": "City of Leduc", "city": "Leduc", "source_dataset": "Trees", "source_department": "City of Leduc", "source_last_edit_at": ""}}, {"type": "Feature", "geometry": {"type": "Point", "coordinates": [-113.58946104962722, 53.25627254630869]}, "properties": {"id": "leduc-19790", "species_group": "crabapple", "scientific_name": "Malus spp", "common_name": null, "subtype_name": "Malus spp", "zip_code": null, "ownership": "public", "ownership_raw": "City of Leduc", "city": "Leduc", "source_dataset": "Trees", "source_department": "City of Leduc", "source_last_edit_at": ""}}, {"type": "Feature", "geometry": {"type": "Point", "coordinates": [-113.58970493202006, 53.25618919482187]}, "properties": {"id": "leduc-19791", "species_group": "crabapple", "scientific_name": "Malus spp", "common_name": null, "subtype_name": "Malus spp", "zip_code": null, "ownership": "public", "ownership_raw": "City of Leduc", "city": "Leduc", "source_dataset": "Trees", "source_department": "City of Leduc", "source_last_edit_at": ""}}, {"type": "Feature", "geometry": {"type": "Point", "coordinates": [-113.5898002853762, 53.256232084346266]}, "properties": {"id": "leduc-19792", "species_group": "crabapple", "scientific_name": "Malus spp", "common_name": null, "subtype_name": "Malus spp", "zip_code": null, "ownership": "public", "ownership_raw": "City of Leduc", "city": "Leduc", "source_dataset": "Trees", "source_department": "City of Leduc", "source_last_edit_at": ""}}, {"type": "Feature", "geometry": {"type": "Point", "coordinates": [-113.5898816206624, 53.25631267568688]}, "properties": {"id": "leduc-19793", "species_group": "crabapple", "scientific_name": "Malus spp", "common_name": null, "subtype_name": "Malus spp", "zip_code": null, "ownership": "public", "ownership_raw": "City of Leduc", "city": "Leduc", "source_dataset": "Trees", "source_department": "City of Leduc", "source_last_edit_at": ""}}, {"type": "Feature", "geometry": {"type": "Point", "coordinates": [-113.58981486005837, 53.25641990641765]}, "properties": {"id": "leduc-19794", "species_group": "crabapple", "scientific_name": "Malus spp", "common_name": null, "subtype_name": "Malus spp", "zip_code": null, "ownership": "public", "ownership_raw": "City of Leduc", "city": "Leduc", "source_dataset": "Trees", "source_department": "City of Leduc", "source_last_edit_at": ""}}, {"type": "Feature", "geometry": {"type": "Point", "coordinates": [-113.58959009511807, 53.25643482682433]}, "properties": {"id": "leduc-19795", "species_group": "crabapple", "scientific_name": "Malus spp", "common_name": null, "subtype_name": "Malus spp", "zip_code": null, "ownership": "public", "ownership_raw": "City of Leduc", "city": "Leduc", "source_dataset": "Trees", "source_department": "City of Leduc", "source_last_edit_at": ""}}, {"type": "Feature", "geometry": {"type": "Point", "coordinates": [-113.5894949894541, 53.256371519066235]}, "properties": {"id": "leduc-19796", "species_group": "crabapple", "scientific_name": "Malus spp", "common_name": null, "subtype_name": "Malus spp", "zip_code": null, "ownership": "public", "ownership_raw": "City of Leduc", "city": "Leduc", "source_dataset": "Trees", "source_department": "City of Leduc", "source_last_edit_at": ""}}, {"type": "Feature", "geometry": {"type": "Point", "coordinates": [-113.60431689548622, 53.26727236220753]}, "properties": {"id": "leduc-19825", "species_group": "crabapple", "scientific_name": "Malus spp", "common_name": null, "subtype_name": "Malus spp", "zip_code": null, "ownership": "public", "ownership_raw": "City of Leduc", "city": "Leduc", "source_dataset": "Trees", "source_department": "City of Leduc", "source_last_edit_at": ""}}, {"type": "Feature", "geometry": {"type": "Point", "coordinates": [-113.60432860944384, 53.26731848417622]}, "properties": {"id": "leduc-19826", "species_group": "crabapple", "scientific_name": "Malus spp", "common_name": null, "subtype_name": "Malus spp", "zip_code": null, "ownership": "public", "ownership_raw": "City of Leduc", "city": "Leduc", "source_dataset": "Trees", "source_department": "City of Leduc", "source_last_edit_at": ""}}, {"type": "Feature", "geometry": {"type": "Point", "coordinates": [-113.60457510359265, 53.26734629423831]}, "properties": {"id": "leduc-19827", "species_group": "crabapple", "scientific_name": "Malus spp", "common_name": null, "subtype_name": "Malus spp", "zip_code": null, "ownership": "public", "ownership_raw": "City of Leduc", "city": "Leduc", "source_dataset": "Trees", "source_department": "City of Leduc", "source_last_edit_at": ""}}, {"type": "Feature", "geometry": {"type": "Point", "coordinates": [-113.60458826431889, 53.26739355236434]}, "properties": {"id": "leduc-19828", "species_group": "crabapple", "scientific_name": "Malus spp", "common_name": null, "subtype_name": "Malus spp", "zip_code": null, "ownership": "public", "ownership_raw": "City of Leduc", "city": "Leduc", "source_dataset": "Trees", "source_department": "City of Leduc", "source_last_edit_at": ""}}, {"type": "Feature", "geometry": {"type": "Point", "coordinates": [-113.60460202275536, 53.267436465754386]}, "properties": {"id": "leduc-19829", "species_group": "crabapple", "scientific_name": "Malus spp", "common_name": null, "subtype_name": "Malus spp", "zip_code": null, "ownership": "public", "ownership_raw": "City of Leduc", "city": "Leduc", "source_dataset": "Trees", "source_department": "City of Leduc", "source_last_edit_at": ""}}, {"type": "Feature", "geometry": {"type": "Point", "coordinates": [-113.60449863463506, 53.267834414887]}, "properties": {"id": "leduc-19831", "species_group": "crabapple", "scientific_name": "Malus spp", "common_name": null, "subtype_name": "Malus spp", "zip_code": null, "ownership": "public", "ownership_raw": "City of Leduc", "city": "Leduc", "source_dataset": "Trees", "source_department": "City of Leduc", "source_last_edit_at": ""}}, {"type": "Feature", "geometry": {"type": "Point", "coordinates": [-113.60442949217948, 53.2678944446642]}, "properties": {"id": "leduc-19832", "species_group": "crabapple", "scientific_name": "Malus spp", "common_name": null, "subtype_name": "Malus spp", "zip_code": null, "ownership": "public", "ownership_raw": "City of Leduc", "city": "Leduc", "source_dataset": "Trees", "source_department": "City of Leduc", "source_last_edit_at": ""}}, {"type": "Feature", "geometry": {"type": "Point", "coordinates": [-113.60436805034196, 53.267924190661965]}, "properties": {"id": "leduc-19833", "species_group": "crabapple", "scientific_name": "Malus spp", "common_name": null, "subtype_name": "Malus spp", "zip_code": null, "ownership": "public", "ownership_raw": "City of Leduc", "city": "Leduc", "source_dataset": "Trees", "source_department": "City of Leduc", "source_last_edit_at": ""}}, {"type": "Feature", "geometry": {"type": "Point", "coordinates": [-113.60491154311305, 53.26779159579797]}, "properties": {"id": "leduc-19835", "species_group": "crabapple", "scientific_name": "Malus spp", "common_name": null, "subtype_name": "Malus spp", "zip_code": null, "ownership": "public", "ownership_raw": "City of Leduc", "city": "Leduc", "source_dataset": "Trees", "source_department": "City of Leduc", "source_last_edit_at": ""}}, {"type": "Feature", "geometry": {"type": "Point", "coordinates": [-113.60496694524637, 53.267804450151935]}, "properties": {"id": "leduc-19836", "species_group": "crabapple", "scientific_name": "Malus spp", "common_name": null, "subtype_name": "Malus spp", "zip_code": null, "ownership": "public", "ownership_raw": "City of Leduc", "city": "Leduc", "source_dataset": "Trees", "source_department": "City of Leduc", "source_last_edit_at": ""}}, {"type": "Feature", "geometry": {"type": "Point", "coordinates": [-113.6061098103245, 53.26759252237593]}, "properties": {"id": "leduc-19842", "species_group": "crabapple", "scientific_name": "Malus spp", "common_name": null, "subtype_name": "Malus spp", "zip_code": null, "ownership": "public", "ownership_raw": "City of Leduc", "city": "Leduc", "source_dataset": "Trees", "source_department": "City of Leduc", "source_last_edit_at": ""}}, {"type": "Feature", "geometry": {"type": "Point", "coordinates": [-113.60718917986554, 53.26751016220781]}, "properties": {"id": "leduc-19848", "species_group": "crabapple", "scientific_name": "Malus spp", "common_name": null, "subtype_name": "Malus spp", "zip_code": null, "ownership": "public", "ownership_raw": "City of Leduc", "city": "Leduc", "source_dataset": "Trees", "source_department": "City of Leduc", "source_last_edit_at": ""}}, {"type": "Feature", "geometry": {"type": "Point", "coordinates": [-113.60728884324615, 53.26751329781894]}, "properties": {"id": "leduc-19849", "species_group": "crabapple", "scientific_name": "Malus spp", "common_name": null, "subtype_name": "Malus spp", "zip_code": null, "ownership": "public", "ownership_raw": "City of Leduc", "city": "Leduc", "source_dataset": "Trees", "source_department": "City of Leduc", "source_last_edit_at": ""}}, {"type": "Feature", "geometry": {"type": "Point", "coordinates": [-113.60741786376708, 53.267515872197066]}, "properties": {"id": "leduc-19850", "species_group": "crabapple", "scientific_name": "Malus spp", "common_name": null, "subtype_name": "Malus spp", "zip_code": null, "ownership": "public", "ownership_raw": "City of Leduc", "city": "Leduc", "source_dataset": "Trees", "source_department": "City of Leduc", "source_last_edit_at": ""}}, {"type": "Feature", "geometry": {"type": "Point", "coordinates": [-113.6058262372993, 53.26764707089494]}, "properties": {"id": "leduc-19920", "species_group": "crabapple", "scientific_name": "Malus spp", "common_name": null, "subtype_name": "Malus spp", "zip_code": null, "ownership": "public", "ownership_raw": "City of Leduc", "city": "Leduc", "source_dataset": "Trees", "source_department": "City of Leduc", "source_last_edit_at": ""}}, {"type": "Feature", "geometry": {"type": "Point", "coordinates": [-113.60600101134015, 53.2676121630468]}, "properties": {"id": "leduc-19921", "species_group": "crabapple", "scientific_name": "Malus spp", "common_name": null, "subtype_name": "Malus spp", "zip_code": null, "ownership": "public", "ownership_raw": "City of Leduc", "city": "Leduc", "source_dataset": "Trees", "source_department": "City of Leduc", "source_last_edit_at": ""}}, {"type": "Feature", "geometry": {"type": "Point", "coordinates": [-113.60541816653618, 53.26637077379524]}, "properties": {"id": "leduc-19931", "species_group": "crabapple", "scientific_name": "Malus spp", "common_name": null, "subtype_name": "Malus spp", "zip_code": null, "ownership": "public", "ownership_raw": "City of Leduc", "city": "Leduc", "source_dataset": "Trees", "source_department": "City of Leduc", "source_last_edit_at": ""}}, {"type": "Feature", "geometry": {"type": "Point", "coordinates": [-113.60543389101143, 53.26628565462221]}, "properties": {"id": "leduc-19933", "species_group": "crabapple", "scientific_name": "Malus spp", "common_name": null, "subtype_name": "Malus spp", "zip_code": null, "ownership": "public", "ownership_raw": "City of Leduc", "city": "Leduc", "source_dataset": "Trees", "source_department": "City of Leduc", "source_last_edit_at": ""}}, {"type": "Feature", "geometry": {"type": "Point", "coordinates": [-113.60544350247534, 53.26624308914007]}, "properties": {"id": "leduc-19934", "species_group": "crabapple", "scientific_name": "Malus spp", "common_name": null, "subtype_name": "Malus spp", "zip_code": null, "ownership": "public", "ownership_raw": "City of Leduc", "city": "Leduc", "source_dataset": "Trees", "source_department": "City of Leduc", "source_last_edit_at": ""}}, {"type": "Feature", "geometry": {"type": "Point", "coordinates": [-113.53869978486718, 53.25655717453318]}, "properties": {"id": "leduc-1995", "species_group": "cherry", "scientific_name": "Prunus padus commutata", "common_name": null, "subtype_name": "Prunus padus commutata", "zip_code": null, "ownership": "public", "ownership_raw": "City of Leduc", "city": "Leduc", "source_dataset": "Trees", "source_department": "City of Leduc", "source_last_edit_at": ""}}, {"type": "Feature", "geometry": {"type": "Point", "coordinates": [-113.53698742052224, 53.25648094806225]}, "properties": {"id": "leduc-1998", "species_group": "cherry", "scientific_name": "Prunus padus commutata", "common_name": null, "subtype_name": "Prunus padus commutata", "zip_code": null, "ownership": "public", "ownership_raw": "City of Leduc", "city": "Leduc", "source_dataset": "Trees", "source_department": "City of Leduc", "source_last_edit_at": ""}}, {"type": "Feature", "geometry": {"type": "Point", "coordinates": [-113.58547274327918, 53.24843712049214]}, "properties": {"id": "leduc-20063", "species_group": "crabapple", "scientific_name": "Malus spp", "common_name": null, "subtype_name": "Malus spp", "zip_code": null, "ownership": "public", "ownership_raw": "City of Leduc", "city": "Leduc", "source_dataset": "Trees", "source_department": "City of Leduc", "source_last_edit_at": ""}}, {"type": "Feature", "geometry": {"type": "Point", "coordinates": [-113.58555757334874, 53.24843913361661]}, "properties": {"id": "leduc-20064", "species_group": "crabapple", "scientific_name": "Malus spp", "common_name": null, "subtype_name": "Malus spp", "zip_code": null, "ownership": "public", "ownership_raw": "City of Leduc", "city": "Leduc", "source_dataset": "Trees", "source_department": "City of Leduc", "source_last_edit_at": ""}}, {"type": "Feature", "geometry": {"type": "Point", "coordinates": [-113.58564084511083, 53.24843945361447]}, "properties": {"id": "leduc-20065", "species_group": "crabapple", "scientific_name": "Malus spp", "common_name": null, "subtype_name": "Malus spp", "zip_code": null, "ownership": "public", "ownership_raw": "City of Leduc", "city": "Leduc", "source_dataset": "Trees", "source_department": "City of Leduc", "source_last_edit_at": ""}}, {"type": "Feature", "geometry": {"type": "Point", "coordinates": [-113.58087758121376, 53.24871364733184]}, "properties": {"id": "leduc-20067", "species_group": "crabapple", "scientific_name": "Malus spp", "common_name": null, "subtype_name": "Malus spp", "zip_code": null, "ownership": "public", "ownership_raw": "City of Leduc", "city": "Leduc", "source_dataset": "Trees", "source_department": "City of Leduc", "source_last_edit_at": ""}}, {"type": "Feature", "geometry": {"type": "Point", "coordinates": [-113.58087492690953, 53.2487571251039]}, "properties": {"id": "leduc-20068", "species_group": "crabapple", "scientific_name": "Malus spp", "common_name": null, "subtype_name": "Malus spp", "zip_code": null, "ownership": "public", "ownership_raw": "City of Leduc", "city": "Leduc", "source_dataset": "Trees", "source_department": "City of Leduc", "source_last_edit_at": ""}}, {"type": "Feature", "geometry": {"type": "Point", "coordinates": [-113.58087651669014, 53.248803262500296]}, "properties": {"id": "leduc-20069", "species_group": "crabapple", "scientific_name": "Malus spp", "common_name": null, "subtype_name": "Malus spp", "zip_code": null, "ownership": "public", "ownership_raw": "City of Leduc", "city": "Leduc", "source_dataset": "Trees", "source_department": "City of Leduc", "source_last_edit_at": ""}}, {"type": "Feature", "geometry": {"type": "Point", "coordinates": [-113.5808781178335, 53.24884563103009]}, "properties": {"id": "leduc-20070", "species_group": "crabapple", "scientific_name": "Malus spp", "common_name": null, "subtype_name": "Malus spp", "zip_code": null, "ownership": "public", "ownership_raw": "City of Leduc", "city": "Leduc", "source_dataset": "Trees", "source_department": "City of Leduc", "source_last_edit_at": ""}}, {"type": "Feature", "geometry": {"type": "Point", "coordinates": [-113.58106578455866, 53.24880603503718]}, "properties": {"id": "leduc-20071", "species_group": "crabapple", "scientific_name": "Malus spp", "common_name": null, "subtype_name": "Malus spp", "zip_code": null, "ownership": "public", "ownership_raw": "City of Leduc", "city": "Leduc", "source_dataset": "Trees", "source_department": "City of Leduc", "source_last_edit_at": ""}}, {"type": "Feature", "geometry": {"type": "Point", "coordinates": [-113.58106539224664, 53.2487595343067]}, "properties": {"id": "leduc-20072", "species_group": "crabapple", "scientific_name": "Malus spp", "common_name": null, "subtype_name": "Malus spp", "zip_code": null, "ownership": "public", "ownership_raw": "City of Leduc", "city": "Leduc", "source_dataset": "Trees", "source_department": "City of Leduc", "source_last_edit_at": ""}}, {"type": "Feature", "geometry": {"type": "Point", "coordinates": [-113.58106578438175, 53.248712946468096]}, "properties": {"id": "leduc-20073", "species_group": "crabapple", "scientific_name": "Malus spp", "common_name": null, "subtype_name": "Malus spp", "zip_code": null, "ownership": "public", "ownership_raw": "City of Leduc", "city": "Leduc", "source_dataset": "Trees", "source_department": "City of Leduc", "source_last_edit_at": ""}}, {"type": "Feature", "geometry": {"type": "Point", "coordinates": [-113.58106457287349, 53.248667176150505]}, "properties": {"id": "leduc-20074", "species_group": "crabapple", "scientific_name": "Malus spp", "common_name": null, "subtype_name": "Malus spp", "zip_code": null, "ownership": "public", "ownership_raw": "City of Leduc", "city": "Leduc", "source_dataset": "Trees", "source_department": "City of Leduc", "source_last_edit_at": ""}}, {"type": "Feature", "geometry": {"type": "Point", "coordinates": [-113.58584496117217, 53.248744603983155]}, "properties": {"id": "leduc-20075", "species_group": "crabapple", "scientific_name": "Malus spp", "common_name": null, "subtype_name": "Malus spp", "zip_code": null, "ownership": "public", "ownership_raw": "City of Leduc", "city": "Leduc", "source_dataset": "Trees", "source_department": "City of Leduc", "source_last_edit_at": ""}}, {"type": "Feature", "geometry": {"type": "Point", "coordinates": [-113.58584650632483, 53.248928422125545]}, "properties": {"id": "leduc-20076", "species_group": "crabapple", "scientific_name": "Malus spp", "common_name": null, "subtype_name": "Malus spp", "zip_code": null, "ownership": "public", "ownership_raw": "City of Leduc", "city": "Leduc", "source_dataset": "Trees", "source_department": "City of Leduc", "source_last_edit_at": ""}}, {"type": "Feature", "geometry": {"type": "Point", "coordinates": [-113.58585444114792, 53.249672113819045]}, "properties": {"id": "leduc-20084", "species_group": "crabapple", "scientific_name": "Malus spp", "common_name": null, "subtype_name": "Malus spp", "zip_code": null, "ownership": "public", "ownership_raw": "City of Leduc", "city": "Leduc", "source_dataset": "Trees", "source_department": "City of Leduc", "source_last_edit_at": ""}}, {"type": "Feature", "geometry": {"type": "Point", "coordinates": [-113.58584934817166, 53.24986794798147]}, "properties": {"id": "leduc-20085", "species_group": "crabapple", "scientific_name": "Malus spp", "common_name": null, "subtype_name": "Malus spp", "zip_code": null, "ownership": "public", "ownership_raw": "City of Leduc", "city": "Leduc", "source_dataset": "Trees", "source_department": "City of Leduc", "source_last_edit_at": ""}}, {"type": "Feature", "geometry": {"type": "Point", "coordinates": [-113.58086436164754, 53.25026336880076]}, "properties": {"id": "leduc-20090", "species_group": "crabapple", "scientific_name": "Malus spp", "common_name": null, "subtype_name": "Malus spp", "zip_code": null, "ownership": "public", "ownership_raw": "City of Leduc", "city": "Leduc", "source_dataset": "Trees", "source_department": "City of Leduc", "source_last_edit_at": ""}}, {"type": "Feature", "geometry": {"type": "Point", "coordinates": [-113.58107317009089, 53.25026041826065]}, "properties": {"id": "leduc-20091", "species_group": "crabapple", "scientific_name": "Malus spp", "common_name": null, "subtype_name": "Malus spp", "zip_code": null, "ownership": "public", "ownership_raw": "City of Leduc", "city": "Leduc", "source_dataset": "Trees", "source_department": "City of Leduc", "source_last_edit_at": ""}}, {"type": "Feature", "geometry": {"type": "Point", "coordinates": [-113.58086709339196, 53.250309638706]}, "properties": {"id": "leduc-20092", "species_group": "crabapple", "scientific_name": "Malus spp", "common_name": null, "subtype_name": "Malus spp", "zip_code": null, "ownership": "public", "ownership_raw": "City of Leduc", "city": "Leduc", "source_dataset": "Trees", "source_department": "City of Leduc", "source_last_edit_at": ""}}, {"type": "Feature", "geometry": {"type": "Point", "coordinates": [-113.5808671541724, 53.25035462584508]}, "properties": {"id": "leduc-20093", "species_group": "crabapple", "scientific_name": "Malus spp", "common_name": null, "subtype_name": "Malus spp", "zip_code": null, "ownership": "public", "ownership_raw": "City of Leduc", "city": "Leduc", "source_dataset": "Trees", "source_department": "City of Leduc", "source_last_edit_at": ""}}, {"type": "Feature", "geometry": {"type": "Point", "coordinates": [-113.5810771513747, 53.25030779159072]}, "properties": {"id": "leduc-20094", "species_group": "crabapple", "scientific_name": "Malus spp", "common_name": null, "subtype_name": "Malus spp", "zip_code": null, "ownership": "public", "ownership_raw": "City of Leduc", "city": "Leduc", "source_dataset": "Trees", "source_department": "City of Leduc", "source_last_edit_at": ""}}, {"type": "Feature", "geometry": {"type": "Point", "coordinates": [-113.58107748808007, 53.25035799272206]}, "properties": {"id": "leduc-20095", "species_group": "crabapple", "scientific_name": "Malus spp", "common_name": null, "subtype_name": "Malus spp", "zip_code": null, "ownership": "public", "ownership_raw": "City of Leduc", "city": "Leduc", "source_dataset": "Trees", "source_department": "City of Leduc", "source_last_edit_at": ""}}, {"type": "Feature", "geometry": {"type": "Point", "coordinates": [-113.5810747470769, 53.25039777766119]}, "properties": {"id": "leduc-20096", "species_group": "crabapple", "scientific_name": "Malus spp", "common_name": null, "subtype_name": "Malus spp", "zip_code": null, "ownership": "public", "ownership_raw": "City of Leduc", "city": "Leduc", "source_dataset": "Trees", "source_department": "City of Leduc", "source_last_edit_at": ""}}, {"type": "Feature", "geometry": {"type": "Point", "coordinates": [-113.58129857825593, 53.24995514963172]}, "properties": {"id": "leduc-20097", "species_group": "crabapple", "scientific_name": "Malus spp", "common_name": null, "subtype_name": "Malus spp", "zip_code": null, "ownership": "public", "ownership_raw": "City of Leduc", "city": "Leduc", "source_dataset": "Trees", "source_department": "City of Leduc", "source_last_edit_at": ""}}, {"type": "Feature", "geometry": {"type": "Point", "coordinates": [-113.58137022078066, 53.24995339724052]}, "properties": {"id": "leduc-20098", "species_group": "crabapple", "scientific_name": "Malus spp", "common_name": null, "subtype_name": "Malus spp", "zip_code": null, "ownership": "public", "ownership_raw": "City of Leduc", "city": "Leduc", "source_dataset": "Trees", "source_department": "City of Leduc", "source_last_edit_at": ""}}, {"type": "Feature", "geometry": {"type": "Point", "coordinates": [-113.58144587946578, 53.24995479876167]}, "properties": {"id": "leduc-20099", "species_group": "crabapple", "scientific_name": "Malus spp", "common_name": null, "subtype_name": "Malus spp", "zip_code": null, "ownership": "public", "ownership_raw": "City of Leduc", "city": "Leduc", "source_dataset": "Trees", "source_department": "City of Leduc", "source_last_edit_at": ""}}, {"type": "Feature", "geometry": {"type": "Point", "coordinates": [-113.58152183782978, 53.24995451004206]}, "properties": {"id": "leduc-20100", "species_group": "crabapple", "scientific_name": "Malus spp", "common_name": null, "subtype_name": "Malus spp", "zip_code": null, "ownership": "public", "ownership_raw": "City of Leduc", "city": "Leduc", "source_dataset": "Trees", "source_department": "City of Leduc", "source_last_edit_at": ""}}, {"type": "Feature", "geometry": {"type": "Point", "coordinates": [-113.58184286381152, 53.24995357224349]}, "properties": {"id": "leduc-20101", "species_group": "crabapple", "scientific_name": "Malus spp", "common_name": null, "subtype_name": "Malus spp", "zip_code": null, "ownership": "public", "ownership_raw": "City of Leduc", "city": "Leduc", "source_dataset": "Trees", "source_department": "City of Leduc", "source_last_edit_at": ""}}, {"type": "Feature", "geometry": {"type": "Point", "coordinates": [-113.58191913776966, 53.24995257085575]}, "properties": {"id": "leduc-20102", "species_group": "crabapple", "scientific_name": "Malus spp", "common_name": null, "subtype_name": "Malus spp", "zip_code": null, "ownership": "public", "ownership_raw": "City of Leduc", "city": "Leduc", "source_dataset": "Trees", "source_department": "City of Leduc", "source_last_edit_at": ""}}, {"type": "Feature", "geometry": {"type": "Point", "coordinates": [-113.58208852820475, 53.249955490424476]}, "properties": {"id": "leduc-20103", "species_group": "crabapple", "scientific_name": "Malus spp", "common_name": null, "subtype_name": "Malus spp", "zip_code": null, "ownership": "public", "ownership_raw": "City of Leduc", "city": "Leduc", "source_dataset": "Trees", "source_department": "City of Leduc", "source_last_edit_at": ""}}, {"type": "Feature", "geometry": {"type": "Point", "coordinates": [-113.58215838398806, 53.24995335027237]}, "properties": {"id": "leduc-20104", "species_group": "crabapple", "scientific_name": "Malus spp", "common_name": null, "subtype_name": "Malus spp", "zip_code": null, "ownership": "public", "ownership_raw": "City of Leduc", "city": "Leduc", "source_dataset": "Trees", "source_department": "City of Leduc", "source_last_edit_at": ""}}, {"type": "Feature", "geometry": {"type": "Point", "coordinates": [-113.58223230766222, 53.24865085660928]}, "properties": {"id": "leduc-20105", "species_group": "crabapple", "scientific_name": "Malus spp", "common_name": null, "subtype_name": "Malus spp", "zip_code": null, "ownership": "public", "ownership_raw": "City of Leduc", "city": "Leduc", "source_dataset": "Trees", "source_department": "City of Leduc", "source_last_edit_at": ""}}, {"type": "Feature", "geometry": {"type": "Point", "coordinates": [-113.58223947268657, 53.248696048380445]}, "properties": {"id": "leduc-20106", "species_group": "crabapple", "scientific_name": "Malus spp", "common_name": null, "subtype_name": "Malus spp", "zip_code": null, "ownership": "public", "ownership_raw": "City of Leduc", "city": "Leduc", "source_dataset": "Trees", "source_department": "City of Leduc", "source_last_edit_at": ""}}, {"type": "Feature", "geometry": {"type": "Point", "coordinates": [-113.58224553976902, 53.248740596470206]}, "properties": {"id": "leduc-20107", "species_group": "crabapple", "scientific_name": "Malus spp", "common_name": null, "subtype_name": "Malus spp", "zip_code": null, "ownership": "public", "ownership_raw": "City of Leduc", "city": "Leduc", "source_dataset": "Trees", "source_department": "City of Leduc", "source_last_edit_at": ""}}, {"type": "Feature", "geometry": {"type": "Point", "coordinates": [-113.58225432099758, 53.248784604999095]}, "properties": {"id": "leduc-20108", "species_group": "crabapple", "scientific_name": "Malus spp", "common_name": null, "subtype_name": "Malus spp", "zip_code": null, "ownership": "public", "ownership_raw": "City of Leduc", "city": "Leduc", "source_dataset": "Trees", "source_department": "City of Leduc", "source_last_edit_at": ""}}, {"type": "Feature", "geometry": {"type": "Point", "coordinates": [-113.58226087592607, 53.24882937047095]}, "properties": {"id": "leduc-20109", "species_group": "crabapple", "scientific_name": "Malus spp", "common_name": null, "subtype_name": "Malus spp", "zip_code": null, "ownership": "public", "ownership_raw": "City of Leduc", "city": "Leduc", "source_dataset": "Trees", "source_department": "City of Leduc", "source_last_edit_at": ""}}, {"type": "Feature", "geometry": {"type": "Point", "coordinates": [-113.58228413316546, 53.248982486255585]}, "properties": {"id": "leduc-20110", "species_group": "crabapple", "scientific_name": "Malus spp", "common_name": null, "subtype_name": "Malus spp", "zip_code": null, "ownership": "public", "ownership_raw": "City of Leduc", "city": "Leduc", "source_dataset": "Trees", "source_department": "City of Leduc", "source_last_edit_at": ""}}, {"type": "Feature", "geometry": {"type": "Point", "coordinates": [-113.58228965301274, 53.24903338762197]}, "properties": {"id": "leduc-20111", "species_group": "crabapple", "scientific_name": "Malus spp", "common_name": null, "subtype_name": "Malus spp", "zip_code": null, "ownership": "public", "ownership_raw": "City of Leduc", "city": "Leduc", "source_dataset": "Trees", "source_department": "City of Leduc", "source_last_edit_at": ""}}, {"type": "Feature", "geometry": {"type": "Point", "coordinates": [-113.58229105518099, 53.24907648512939]}, "properties": {"id": "leduc-20112", "species_group": "crabapple", "scientific_name": "Malus spp", "common_name": null, "subtype_name": "Malus spp", "zip_code": null, "ownership": "public", "ownership_raw": "City of Leduc", "city": "Leduc", "source_dataset": "Trees", "source_department": "City of Leduc", "source_last_edit_at": ""}}, {"type": "Feature", "geometry": {"type": "Point", "coordinates": [-113.58229323880592, 53.249247642799595]}, "properties": {"id": "leduc-20113", "species_group": "crabapple", "scientific_name": "Malus spp", "common_name": null, "subtype_name": "Malus spp", "zip_code": null, "ownership": "public", "ownership_raw": "City of Leduc", "city": "Leduc", "source_dataset": "Trees", "source_department": "City of Leduc", "source_last_edit_at": ""}}, {"type": "Feature", "geometry": {"type": "Point", "coordinates": [-113.58229326330948, 53.24930020087773]}, "properties": {"id": "leduc-20114", "species_group": "crabapple", "scientific_name": "Malus spp", "common_name": null, "subtype_name": "Malus spp", "zip_code": null, "ownership": "public", "ownership_raw": "City of Leduc", "city": "Leduc", "source_dataset": "Trees", "source_department": "City of Leduc", "source_last_edit_at": ""}}, {"type": "Feature", "geometry": {"type": "Point", "coordinates": [-113.58229405720516, 53.249347603444406]}, "properties": {"id": "leduc-20115", "species_group": "crabapple", "scientific_name": "Malus spp", "common_name": null, "subtype_name": "Malus spp", "zip_code": null, "ownership": "public", "ownership_raw": "City of Leduc", "city": "Leduc", "source_dataset": "Trees", "source_department": "City of Leduc", "source_last_edit_at": ""}}, {"type": "Feature", "geometry": {"type": "Point", "coordinates": [-113.58229460163216, 53.2493926219374]}, "properties": {"id": "leduc-20116", "species_group": "crabapple", "scientific_name": "Malus spp", "common_name": null, "subtype_name": "Malus spp", "zip_code": null, "ownership": "public", "ownership_raw": "City of Leduc", "city": "Leduc", "source_dataset": "Trees", "source_department": "City of Leduc", "source_last_edit_at": ""}}, {"type": "Feature", "geometry": {"type": "Point", "coordinates": [-113.58229525873604, 53.249486375991296]}, "properties": {"id": "leduc-20117", "species_group": "crabapple", "scientific_name": "Malus spp", "common_name": null, "subtype_name": "Malus spp", "zip_code": null, "ownership": "public", "ownership_raw": "City of Leduc", "city": "Leduc", "source_dataset": "Trees", "source_department": "City of Leduc", "source_last_edit_at": ""}}, {"type": "Feature", "geometry": {"type": "Point", "coordinates": [-113.58229603719687, 53.24953690218283]}, "properties": {"id": "leduc-20118", "species_group": "crabapple", "scientific_name": "Malus spp", "common_name": null, "subtype_name": "Malus spp", "zip_code": null, "ownership": "public", "ownership_raw": "City of Leduc", "city": "Leduc", "source_dataset": "Trees", "source_department": "City of Leduc", "source_last_edit_at": ""}}, {"type": "Feature", "geometry": {"type": "Point", "coordinates": [-113.58229342121683, 53.24958550956244]}, "properties": {"id": "leduc-20119", "species_group": "crabapple", "scientific_name": "Malus spp", "common_name": null, "subtype_name": "Malus spp", "zip_code": null, "ownership": "public", "ownership_raw": "City of Leduc", "city": "Leduc", "source_dataset": "Trees", "source_department": "City of Leduc", "source_last_edit_at": ""}}, {"type": "Feature", "geometry": {"type": "Point", "coordinates": [-113.58229687034046, 53.24963027313096]}, "properties": {"id": "leduc-20120", "species_group": "crabapple", "scientific_name": "Malus spp", "common_name": null, "subtype_name": "Malus spp", "zip_code": null, "ownership": "public", "ownership_raw": "City of Leduc", "city": "Leduc", "source_dataset": "Trees", "source_department": "City of Leduc", "source_last_edit_at": ""}}, {"type": "Feature", "geometry": {"type": "Point", "coordinates": [-113.582296230012, 53.24967355848332]}, "properties": {"id": "leduc-20121", "species_group": "crabapple", "scientific_name": "Malus spp", "common_name": null, "subtype_name": "Malus spp", "zip_code": null, "ownership": "public", "ownership_raw": "City of Leduc", "city": "Leduc", "source_dataset": "Trees", "source_department": "City of Leduc", "source_last_edit_at": ""}}, {"type": "Feature", "geometry": {"type": "Point", "coordinates": [-113.5822935433267, 53.24972480941951]}, "properties": {"id": "leduc-20122", "species_group": "crabapple", "scientific_name": "Malus spp", "common_name": null, "subtype_name": "Malus spp", "zip_code": null, "ownership": "public", "ownership_raw": "City of Leduc", "city": "Leduc", "source_dataset": "Trees", "source_department": "City of Leduc", "source_last_edit_at": ""}}, {"type": "Feature", "geometry": {"type": "Point", "coordinates": [-113.58229485025481, 53.24979999440522]}, "properties": {"id": "leduc-20123", "species_group": "crabapple", "scientific_name": "Malus spp", "common_name": null, "subtype_name": "Malus spp", "zip_code": null, "ownership": "public", "ownership_raw": "City of Leduc", "city": "Leduc", "source_dataset": "Trees", "source_department": "City of Leduc", "source_last_edit_at": ""}}, {"type": "Feature", "geometry": {"type": "Point", "coordinates": [-113.58505336111749, 53.24865526010317]}, "properties": {"id": "leduc-20124", "species_group": "crabapple", "scientific_name": "Malus spp", "common_name": null, "subtype_name": "Malus spp", "zip_code": null, "ownership": "public", "ownership_raw": "City of Leduc", "city": "Leduc", "source_dataset": "Trees", "source_department": "City of Leduc", "source_last_edit_at": ""}}, {"type": "Feature", "geometry": {"type": "Point", "coordinates": [-113.58505449008534, 53.24871015669741]}, "properties": {"id": "leduc-20125", "species_group": "crabapple", "scientific_name": "Malus spp", "common_name": null, "subtype_name": "Malus spp", "zip_code": null, "ownership": "public", "ownership_raw": "City of Leduc", "city": "Leduc", "source_dataset": "Trees", "source_department": "City of Leduc", "source_last_edit_at": ""}}, {"type": "Feature", "geometry": {"type": "Point", "coordinates": [-113.58505500410891, 53.24876759880166]}, "properties": {"id": "leduc-20126", "species_group": "crabapple", "scientific_name": "Malus spp", "common_name": null, "subtype_name": "Malus spp", "zip_code": null, "ownership": "public", "ownership_raw": "City of Leduc", "city": "Leduc", "source_dataset": "Trees", "source_department": "City of Leduc", "source_last_edit_at": ""}}, {"type": "Feature", "geometry": {"type": "Point", "coordinates": [-113.5850508693863, 53.2488277871519]}, "properties": {"id": "leduc-20127", "species_group": "crabapple", "scientific_name": "Malus spp", "common_name": null, "subtype_name": "Malus spp", "zip_code": null, "ownership": "public", "ownership_raw": "City of Leduc", "city": "Leduc", "source_dataset": "Trees", "source_department": "City of Leduc", "source_last_edit_at": ""}}, {"type": "Feature", "geometry": {"type": "Point", "coordinates": [-113.58505789898773, 53.24897354532962]}, "properties": {"id": "leduc-20128", "species_group": "crabapple", "scientific_name": "Malus spp", "common_name": null, "subtype_name": "Malus spp", "zip_code": null, "ownership": "public", "ownership_raw": "City of Leduc", "city": "Leduc", "source_dataset": "Trees", "source_department": "City of Leduc", "source_last_edit_at": ""}}, {"type": "Feature", "geometry": {"type": "Point", "coordinates": [-113.58505586396011, 53.24906015118205]}, "properties": {"id": "leduc-20129", "species_group": "crabapple", "scientific_name": "Malus spp", "common_name": null, "subtype_name": "Malus spp", "zip_code": null, "ownership": "public", "ownership_raw": "City of Leduc", "city": "Leduc", "source_dataset": "Trees", "source_department": "City of Leduc", "source_last_edit_at": ""}}, {"type": "Feature", "geometry": {"type": "Point", "coordinates": [-113.58505579370714, 53.249106592767326]}, "properties": {"id": "leduc-20130", "species_group": "crabapple", "scientific_name": "Malus spp", "common_name": null, "subtype_name": "Malus spp", "zip_code": null, "ownership": "public", "ownership_raw": "City of Leduc", "city": "Leduc", "source_dataset": "Trees", "source_department": "City of Leduc", "source_last_edit_at": ""}}, {"type": "Feature", "geometry": {"type": "Point", "coordinates": [-113.5850566718553, 53.24924564363047]}, "properties": {"id": "leduc-20131", "species_group": "crabapple", "scientific_name": "Malus spp", "common_name": null, "subtype_name": "Malus spp", "zip_code": null, "ownership": "public", "ownership_raw": "City of Leduc", "city": "Leduc", "source_dataset": "Trees", "source_department": "City of Leduc", "source_last_edit_at": ""}}, {"type": "Feature", "geometry": {"type": "Point", "coordinates": [-113.58505475328528, 53.24928350843086]}, "properties": {"id": "leduc-20132", "species_group": "crabapple", "scientific_name": "Malus spp", "common_name": null, "subtype_name": "Malus spp", "zip_code": null, "ownership": "public", "ownership_raw": "City of Leduc", "city": "Leduc", "source_dataset": "Trees", "source_department": "City of Leduc", "source_last_edit_at": ""}}, {"type": "Feature", "geometry": {"type": "Point", "coordinates": [-113.5850547104172, 53.249322008808754]}, "properties": {"id": "leduc-20133", "species_group": "crabapple", "scientific_name": "Malus spp", "common_name": null, "subtype_name": "Malus spp", "zip_code": null, "ownership": "public", "ownership_raw": "City of Leduc", "city": "Leduc", "source_dataset": "Trees", "source_department": "City of Leduc", "source_last_edit_at": ""}}, {"type": "Feature", "geometry": {"type": "Point", "coordinates": [-113.58505578751742, 53.24936600738266]}, "properties": {"id": "leduc-20134", "species_group": "crabapple", "scientific_name": "Malus spp", "common_name": null, "subtype_name": "Malus spp", "zip_code": null, "ownership": "public", "ownership_raw": "City of Leduc", "city": "Leduc", "source_dataset": "Trees", "source_department": "City of Leduc", "source_last_edit_at": ""}}, {"type": "Feature", "geometry": {"type": "Point", "coordinates": [-113.58505566750212, 53.24940891982459]}, "properties": {"id": "leduc-20135", "species_group": "crabapple", "scientific_name": "Malus spp", "common_name": null, "subtype_name": "Malus spp", "zip_code": null, "ownership": "public", "ownership_raw": "City of Leduc", "city": "Leduc", "source_dataset": "Trees", "source_department": "City of Leduc", "source_last_edit_at": ""}}, {"type": "Feature", "geometry": {"type": "Point", "coordinates": [-113.58505732415993, 53.24945170904529]}, "properties": {"id": "leduc-20136", "species_group": "crabapple", "scientific_name": "Malus spp", "common_name": null, "subtype_name": "Malus spp", "zip_code": null, "ownership": "public", "ownership_raw": "City of Leduc", "city": "Leduc", "source_dataset": "Trees", "source_department": "City of Leduc", "source_last_edit_at": ""}}, {"type": "Feature", "geometry": {"type": "Point", "coordinates": [-113.58505739183111, 53.24954893697009]}, "properties": {"id": "leduc-20137", "species_group": "crabapple", "scientific_name": "Malus spp", "common_name": null, "subtype_name": "Malus spp", "zip_code": null, "ownership": "public", "ownership_raw": "City of Leduc", "city": "Leduc", "source_dataset": "Trees", "source_department": "City of Leduc", "source_last_edit_at": ""}}, {"type": "Feature", "geometry": {"type": "Point", "coordinates": [-113.58505731374224, 53.249598046592816]}, "properties": {"id": "leduc-20138", "species_group": "crabapple", "scientific_name": "Malus spp", "common_name": null, "subtype_name": "Malus spp", "zip_code": null, "ownership": "public", "ownership_raw": "City of Leduc", "city": "Leduc", "source_dataset": "Trees", "source_department": "City of Leduc", "source_last_edit_at": ""}}, {"type": "Feature", "geometry": {"type": "Point", "coordinates": [-113.58505733228915, 53.24982377657222]}, "properties": {"id": "leduc-20139", "species_group": "crabapple", "scientific_name": "Malus spp", "common_name": null, "subtype_name": "Malus spp", "zip_code": null, "ownership": "public", "ownership_raw": "City of Leduc", "city": "Leduc", "source_dataset": "Trees", "source_department": "City of Leduc", "source_last_edit_at": ""}}, {"type": "Feature", "geometry": {"type": "Point", "coordinates": [-113.58505565232677, 53.2497366267037]}, "properties": {"id": "leduc-20140", "species_group": "crabapple", "scientific_name": "Malus spp", "common_name": null, "subtype_name": "Malus spp", "zip_code": null, "ownership": "public", "ownership_raw": "City of Leduc", "city": "Leduc", "source_dataset": "Trees", "source_department": "City of Leduc", "source_last_edit_at": ""}}, {"type": "Feature", "geometry": {"type": "Point", "coordinates": [-113.58505625816818, 53.24969166255776]}, "properties": {"id": "leduc-20141", "species_group": "crabapple", "scientific_name": "Malus spp", "common_name": null, "subtype_name": "Malus spp", "zip_code": null, "ownership": "public", "ownership_raw": "City of Leduc", "city": "Leduc", "source_dataset": "Trees", "source_department": "City of Leduc", "source_last_edit_at": ""}}, {"type": "Feature", "geometry": {"type": "Point", "coordinates": [-113.58505711294988, 53.249635215530056]}, "properties": {"id": "leduc-20142", "species_group": "crabapple", "scientific_name": "Malus spp", "common_name": null, "subtype_name": "Malus spp", "zip_code": null, "ownership": "public", "ownership_raw": "City of Leduc", "city": "Leduc", "source_dataset": "Trees", "source_department": "City of Leduc", "source_last_edit_at": ""}}, {"type": "Feature", "geometry": {"type": "Point", "coordinates": [-113.58476634808567, 53.249962022450546]}, "properties": {"id": "leduc-20143", "species_group": "crabapple", "scientific_name": "Malus spp", "common_name": null, "subtype_name": "Malus spp", "zip_code": null, "ownership": "public", "ownership_raw": "City of Leduc", "city": "Leduc", "source_dataset": "Trees", "source_department": "City of Leduc", "source_last_edit_at": ""}}, {"type": "Feature", "geometry": {"type": "Point", "coordinates": [-113.58468460003998, 53.249961868909935]}, "properties": {"id": "leduc-20144", "species_group": "crabapple", "scientific_name": "Malus spp", "common_name": null, "subtype_name": "Malus spp", "zip_code": null, "ownership": "public", "ownership_raw": "City of Leduc", "city": "Leduc", "source_dataset": "Trees", "source_department": "City of Leduc", "source_last_edit_at": ""}}, {"type": "Feature", "geometry": {"type": "Point", "coordinates": [-113.58461155129181, 53.24996201611432]}, "properties": {"id": "leduc-20145", "species_group": "crabapple", "scientific_name": "Malus spp", "common_name": null, "subtype_name": "Malus spp", "zip_code": null, "ownership": "public", "ownership_raw": "City of Leduc", "city": "Leduc", "source_dataset": "Trees", "source_department": "City of Leduc", "source_last_edit_at": ""}}, {"type": "Feature", "geometry": {"type": "Point", "coordinates": [-113.5845342206088, 53.249961983002265]}, "properties": {"id": "leduc-20146", "species_group": "crabapple", "scientific_name": "Malus spp", "common_name": null, "subtype_name": "Malus spp", "zip_code": null, "ownership": "public", "ownership_raw": "City of Leduc", "city": "Leduc", "source_dataset": "Trees", "source_department": "City of Leduc", "source_last_edit_at": ""}}, {"type": "Feature", "geometry": {"type": "Point", "coordinates": [-113.58434261079739, 53.249962845518844]}, "properties": {"id": "leduc-20147", "species_group": "crabapple", "scientific_name": "Malus spp", "common_name": null, "subtype_name": "Malus spp", "zip_code": null, "ownership": "public", "ownership_raw": "City of Leduc", "city": "Leduc", "source_dataset": "Trees", "source_department": "City of Leduc", "source_last_edit_at": ""}}, {"type": "Feature", "geometry": {"type": "Point", "coordinates": [-113.58427350383154, 53.249962712402606]}, "properties": {"id": "leduc-20148", "species_group": "crabapple", "scientific_name": "Malus spp", "common_name": null, "subtype_name": "Malus spp", "zip_code": null, "ownership": "public", "ownership_raw": "City of Leduc", "city": "Leduc", "source_dataset": "Trees", "source_department": "City of Leduc", "source_last_edit_at": ""}}, {"type": "Feature", "geometry": {"type": "Point", "coordinates": [-113.58421908105578, 53.24996065164719]}, "properties": {"id": "leduc-20149", "species_group": "crabapple", "scientific_name": "Malus spp", "common_name": null, "subtype_name": "Malus spp", "zip_code": null, "ownership": "public", "ownership_raw": "City of Leduc", "city": "Leduc", "source_dataset": "Trees", "source_department": "City of Leduc", "source_last_edit_at": ""}}, {"type": "Feature", "geometry": {"type": "Point", "coordinates": [-113.58415834300052, 53.24996167005381]}, "properties": {"id": "leduc-20150", "species_group": "crabapple", "scientific_name": "Malus spp", "common_name": null, "subtype_name": "Malus spp", "zip_code": null, "ownership": "public", "ownership_raw": "City of Leduc", "city": "Leduc", "source_dataset": "Trees", "source_department": "City of Leduc", "source_last_edit_at": ""}}, {"type": "Feature", "geometry": {"type": "Point", "coordinates": [-113.58380129576854, 53.24981534558055]}, "properties": {"id": "leduc-20151", "species_group": "crabapple", "scientific_name": "Malus spp", "common_name": null, "subtype_name": "Malus spp", "zip_code": null, "ownership": "public", "ownership_raw": "City of Leduc", "city": "Leduc", "source_dataset": "Trees", "source_department": "City of Leduc", "source_last_edit_at": ""}}, {"type": "Feature", "geometry": {"type": "Point", "coordinates": [-113.58379963966799, 53.249740821695916]}, "properties": {"id": "leduc-20152", "species_group": "crabapple", "scientific_name": "Malus spp", "common_name": null, "subtype_name": "Malus spp", "zip_code": null, "ownership": "public", "ownership_raw": "City of Leduc", "city": "Leduc", "source_dataset": "Trees", "source_department": "City of Leduc", "source_last_edit_at": ""}}, {"type": "Feature", "geometry": {"type": "Point", "coordinates": [-113.58380021149053, 53.24970274103459]}, "properties": {"id": "leduc-20153", "species_group": "crabapple", "scientific_name": "Malus spp", "common_name": null, "subtype_name": "Malus spp", "zip_code": null, "ownership": "public", "ownership_raw": "City of Leduc", "city": "Leduc", "source_dataset": "Trees", "source_department": "City of Leduc", "source_last_edit_at": ""}}, {"type": "Feature", "geometry": {"type": "Point", "coordinates": [-113.58379971542907, 53.24965767060086]}, "properties": {"id": "leduc-20154", "species_group": "crabapple", "scientific_name": "Malus spp", "common_name": null, "subtype_name": "Malus spp", "zip_code": null, "ownership": "public", "ownership_raw": "City of Leduc", "city": "Leduc", "source_dataset": "Trees", "source_department": "City of Leduc", "source_last_edit_at": ""}}, {"type": "Feature", "geometry": {"type": "Point", "coordinates": [-113.58379918000321, 53.249607084163685]}, "properties": {"id": "leduc-20155", "species_group": "crabapple", "scientific_name": "Malus spp", "common_name": null, "subtype_name": "Malus spp", "zip_code": null, "ownership": "public", "ownership_raw": "City of Leduc", "city": "Leduc", "source_dataset": "Trees", "source_department": "City of Leduc", "source_last_edit_at": ""}}, {"type": "Feature", "geometry": {"type": "Point", "coordinates": [-113.58380038271684, 53.24956343412235]}, "properties": {"id": "leduc-20156", "species_group": "crabapple", "scientific_name": "Malus spp", "common_name": null, "subtype_name": "Malus spp", "zip_code": null, "ownership": "public", "ownership_raw": "City of Leduc", "city": "Leduc", "source_dataset": "Trees", "source_department": "City of Leduc", "source_last_edit_at": ""}}, {"type": "Feature", "geometry": {"type": "Point", "coordinates": [-113.58379963174973, 53.249514678364704]}, "properties": {"id": "leduc-20157", "species_group": "crabapple", "scientific_name": "Malus spp", "common_name": null, "subtype_name": "Malus spp", "zip_code": null, "ownership": "public", "ownership_raw": "City of Leduc", "city": "Leduc", "source_dataset": "Trees", "source_department": "City of Leduc", "source_last_edit_at": ""}}, {"type": "Feature", "geometry": {"type": "Point", "coordinates": [-113.58379868541502, 53.24945347752744]}, "properties": {"id": "leduc-20158", "species_group": "crabapple", "scientific_name": "Malus spp", "common_name": null, "subtype_name": "Malus spp", "zip_code": null, "ownership": "public", "ownership_raw": "City of Leduc", "city": "Leduc", "source_dataset": "Trees", "source_department": "City of Leduc", "source_last_edit_at": ""}}, {"type": "Feature", "geometry": {"type": "Point", "coordinates": [-113.58379811244818, 53.24941417071445]}, "properties": {"id": "leduc-20159", "species_group": "crabapple", "scientific_name": "Malus spp", "common_name": null, "subtype_name": "Malus spp", "zip_code": null, "ownership": "public", "ownership_raw": "City of Leduc", "city": "Leduc", "source_dataset": "Trees", "source_department": "City of Leduc", "source_last_edit_at": ""}}, {"type": "Feature", "geometry": {"type": "Point", "coordinates": [-113.58380115771034, 53.24931682694092]}, "properties": {"id": "leduc-20160", "species_group": "crabapple", "scientific_name": "Malus spp", "common_name": null, "subtype_name": "Malus spp", "zip_code": null, "ownership": "public", "ownership_raw": "City of Leduc", "city": "Leduc", "source_dataset": "Trees", "source_department": "City of Leduc", "source_last_edit_at": ""}}, {"type": "Feature", "geometry": {"type": "Point", "coordinates": [-113.58379749161766, 53.24925658983658]}, "properties": {"id": "leduc-20161", "species_group": "crabapple", "scientific_name": "Malus spp", "common_name": null, "subtype_name": "Malus spp", "zip_code": null, "ownership": "public", "ownership_raw": "City of Leduc", "city": "Leduc", "source_dataset": "Trees", "source_department": "City of Leduc", "source_last_edit_at": ""}}, {"type": "Feature", "geometry": {"type": "Point", "coordinates": [-113.58379816754872, 53.249191414573424]}, "properties": {"id": "leduc-20162", "species_group": "crabapple", "scientific_name": "Malus spp", "common_name": null, "subtype_name": "Malus spp", "zip_code": null, "ownership": "public", "ownership_raw": "City of Leduc", "city": "Leduc", "source_dataset": "Trees", "source_department": "City of Leduc", "source_last_edit_at": ""}}, {"type": "Feature", "geometry": {"type": "Point", "coordinates": [-113.58379679619475, 53.249134023390845]}, "properties": {"id": "leduc-20163", "species_group": "crabapple", "scientific_name": "Malus spp", "common_name": null, "subtype_name": "Malus spp", "zip_code": null, "ownership": "public", "ownership_raw": "City of Leduc", "city": "Leduc", "source_dataset": "Trees", "source_department": "City of Leduc", "source_last_edit_at": ""}}, {"type": "Feature", "geometry": {"type": "Point", "coordinates": [-113.58379717444463, 53.249097979271895]}, "properties": {"id": "leduc-20164", "species_group": "crabapple", "scientific_name": "Malus spp", "common_name": null, "subtype_name": "Malus spp", "zip_code": null, "ownership": "public", "ownership_raw": "City of Leduc", "city": "Leduc", "source_dataset": "Trees", "source_department": "City of Leduc", "source_last_edit_at": ""}}, {"type": "Feature", "geometry": {"type": "Point", "coordinates": [-113.58379634088016, 53.24905032495748]}, "properties": {"id": "leduc-20165", "species_group": "crabapple", "scientific_name": "Malus spp", "common_name": null, "subtype_name": "Malus spp", "zip_code": null, "ownership": "public", "ownership_raw": "City of Leduc", "city": "Leduc", "source_dataset": "Trees", "source_department": "City of Leduc", "source_last_edit_at": ""}}, {"type": "Feature", "geometry": {"type": "Point", "coordinates": [-113.58379676472352, 53.24899630455722]}, "properties": {"id": "leduc-20166", "species_group": "crabapple", "scientific_name": "Malus spp", "common_name": null, "subtype_name": "Malus spp", "zip_code": null, "ownership": "public", "ownership_raw": "City of Leduc", "city": "Leduc", "source_dataset": "Trees", "source_department": "City of Leduc", "source_last_edit_at": ""}}, {"type": "Feature", "geometry": {"type": "Point", "coordinates": [-113.5837974297039, 53.248828967104394]}, "properties": {"id": "leduc-20167", "species_group": "crabapple", "scientific_name": "Malus spp", "common_name": null, "subtype_name": "Malus spp", "zip_code": null, "ownership": "public", "ownership_raw": "City of Leduc", "city": "Leduc", "source_dataset": "Trees", "source_department": "City of Leduc", "source_last_edit_at": ""}}, {"type": "Feature", "geometry": {"type": "Point", "coordinates": [-113.58379527943545, 53.24869636762139]}, "properties": {"id": "leduc-20168", "species_group": "crabapple", "scientific_name": "Malus spp", "common_name": null, "subtype_name": "Malus spp", "zip_code": null, "ownership": "public", "ownership_raw": "City of Leduc", "city": "Leduc", "source_dataset": "Trees", "source_department": "City of Leduc", "source_last_edit_at": ""}}, {"type": "Feature", "geometry": {"type": "Point", "coordinates": [-113.58379706285697, 53.2481923711814]}, "properties": {"id": "leduc-20169", "species_group": "crabapple", "scientific_name": "Malus spp", "common_name": null, "subtype_name": "Malus spp", "zip_code": null, "ownership": "public", "ownership_raw": "City of Leduc", "city": "Leduc", "source_dataset": "Trees", "source_department": "City of Leduc", "source_last_edit_at": ""}}, {"type": "Feature", "geometry": {"type": "Point", "coordinates": [-113.58379653014225, 53.248152468700674]}, "properties": {"id": "leduc-20170", "species_group": "crabapple", "scientific_name": "Malus spp", "common_name": null, "subtype_name": "Malus spp", "zip_code": null, "ownership": "public", "ownership_raw": "City of Leduc", "city": "Leduc", "source_dataset": "Trees", "source_department": "City of Leduc", "source_last_edit_at": ""}}, {"type": "Feature", "geometry": {"type": "Point", "coordinates": [-113.58379564429032, 53.24810186664904]}, "properties": {"id": "leduc-20171", "species_group": "crabapple", "scientific_name": "Malus spp", "common_name": null, "subtype_name": "Malus spp", "zip_code": null, "ownership": "public", "ownership_raw": "City of Leduc", "city": "Leduc", "source_dataset": "Trees", "source_department": "City of Leduc", "source_last_edit_at": ""}}, {"type": "Feature", "geometry": {"type": "Point", "coordinates": [-113.58379631704324, 53.2480578597829]}, "properties": {"id": "leduc-20172", "species_group": "crabapple", "scientific_name": "Malus spp", "common_name": null, "subtype_name": "Malus spp", "zip_code": null, "ownership": "public", "ownership_raw": "City of Leduc", "city": "Leduc", "source_dataset": "Trees", "source_department": "City of Leduc", "source_last_edit_at": ""}}, {"type": "Feature", "geometry": {"type": "Point", "coordinates": [-113.58379547972322, 53.2479499164254]}, "properties": {"id": "leduc-20173", "species_group": "crabapple", "scientific_name": "Malus spp", "common_name": null, "subtype_name": "Malus spp", "zip_code": null, "ownership": "public", "ownership_raw": "City of Leduc", "city": "Leduc", "source_dataset": "Trees", "source_department": "City of Leduc", "source_last_edit_at": ""}}, {"type": "Feature", "geometry": {"type": "Point", "coordinates": [-113.58379716522673, 53.24786731640096]}, "properties": {"id": "leduc-20174", "species_group": "crabapple", "scientific_name": "Malus spp", "common_name": null, "subtype_name": "Malus spp", "zip_code": null, "ownership": "public", "ownership_raw": "City of Leduc", "city": "Leduc", "source_dataset": "Trees", "source_department": "City of Leduc", "source_last_edit_at": ""}}, {"type": "Feature", "geometry": {"type": "Point", "coordinates": [-113.58379657497612, 53.247844305499235]}, "properties": {"id": "leduc-20175", "species_group": "crabapple", "scientific_name": "Malus spp", "common_name": null, "subtype_name": "Malus spp", "zip_code": null, "ownership": "public", "ownership_raw": "City of Leduc", "city": "Leduc", "source_dataset": "Trees", "source_department": "City of Leduc", "source_last_edit_at": ""}}, {"type": "Feature", "geometry": {"type": "Point", "coordinates": [-113.58379553710463, 53.247763668486115]}, "properties": {"id": "leduc-20176", "species_group": "crabapple", "scientific_name": "Malus spp", "common_name": null, "subtype_name": "Malus spp", "zip_code": null, "ownership": "public", "ownership_raw": "City of Leduc", "city": "Leduc", "source_dataset": "Trees", "source_department": "City of Leduc", "source_last_edit_at": ""}}, {"type": "Feature", "geometry": {"type": "Point", "coordinates": [-113.58379443291744, 53.24773819171218]}, "properties": {"id": "leduc-20177", "species_group": "crabapple", "scientific_name": "Malus spp", "common_name": null, "subtype_name": "Malus spp", "zip_code": null, "ownership": "public", "ownership_raw": "City of Leduc", "city": "Leduc", "source_dataset": "Trees", "source_department": "City of Leduc", "source_last_edit_at": ""}}, {"type": "Feature", "geometry": {"type": "Point", "coordinates": [-113.5393562578636, 53.25384834627308]}, "properties": {"id": "leduc-2032", "species_group": "crabapple", "scientific_name": "Malus x adstringens Dolgo", "common_name": null, "subtype_name": "Malus x adstringens Dolgo", "zip_code": null, "ownership": "public", "ownership_raw": "City of Leduc", "city": "Leduc", "source_dataset": "Trees", "source_department": "City of Leduc", "source_last_edit_at": ""}}, {"type": "Feature", "geometry": {"type": "Point", "coordinates": [-113.57908604932726, 53.24706953357158]}, "properties": {"id": "leduc-20350", "species_group": "crabapple", "scientific_name": "Malus spp", "common_name": null, "subtype_name": "Malus spp", "zip_code": null, "ownership": "public", "ownership_raw": "City of Leduc", "city": "Leduc", "source_dataset": "Trees", "source_department": "City of Leduc", "source_last_edit_at": ""}}, {"type": "Feature", "geometry": {"type": "Point", "coordinates": [-113.57911766918515, 53.24706036671779]}, "properties": {"id": "leduc-20351", "species_group": "crabapple", "scientific_name": "Malus spp", "common_name": null, "subtype_name": "Malus spp", "zip_code": null, "ownership": "public", "ownership_raw": "City of Leduc", "city": "Leduc", "source_dataset": "Trees", "source_department": "City of Leduc", "source_last_edit_at": ""}}, {"type": "Feature", "geometry": {"type": "Point", "coordinates": [-113.57915596646225, 53.247050141461244]}, "properties": {"id": "leduc-20352", "species_group": "crabapple", "scientific_name": "Malus spp", "common_name": null, "subtype_name": "Malus spp", "zip_code": null, "ownership": "public", "ownership_raw": "City of Leduc", "city": "Leduc", "source_dataset": "Trees", "source_department": "City of Leduc", "source_last_edit_at": ""}}, {"type": "Feature", "geometry": {"type": "Point", "coordinates": [-113.579371842155, 53.246984786566756]}, "properties": {"id": "leduc-20353", "species_group": "crabapple", "scientific_name": "Malus spp", "common_name": null, "subtype_name": "Malus spp", "zip_code": null, "ownership": "public", "ownership_raw": "City of Leduc", "city": "Leduc", "source_dataset": "Trees", "source_department": "City of Leduc", "source_last_edit_at": ""}}, {"type": "Feature", "geometry": {"type": "Point", "coordinates": [-113.5794026757531, 53.2469757291937]}, "properties": {"id": "leduc-20354", "species_group": "crabapple", "scientific_name": "Malus spp", "common_name": null, "subtype_name": "Malus spp", "zip_code": null, "ownership": "public", "ownership_raw": "City of Leduc", "city": "Leduc", "source_dataset": "Trees", "source_department": "City of Leduc", "source_last_edit_at": ""}}, {"type": "Feature", "geometry": {"type": "Point", "coordinates": [-113.579438280167, 53.24696493718778]}, "properties": {"id": "leduc-20355", "species_group": "crabapple", "scientific_name": "Malus spp", "common_name": null, "subtype_name": "Malus spp", "zip_code": null, "ownership": "public", "ownership_raw": "City of Leduc", "city": "Leduc", "source_dataset": "Trees", "source_department": "City of Leduc", "source_last_edit_at": ""}}, {"type": "Feature", "geometry": {"type": "Point", "coordinates": [-113.54866526362744, 53.23856213912391]}, "properties": {"id": "leduc-20494", "species_group": "crabapple", "scientific_name": "Malus spp", "common_name": null, "subtype_name": "Malus spp", "zip_code": null, "ownership": "public", "ownership_raw": "City of Leduc", "city": "Leduc", "source_dataset": "Trees", "source_department": "City of Leduc", "source_last_edit_at": ""}}, {"type": "Feature", "geometry": {"type": "Point", "coordinates": [-113.54874892621547, 53.23855707296514]}, "properties": {"id": "leduc-20495", "species_group": "crabapple", "scientific_name": "Malus spp", "common_name": null, "subtype_name": "Malus spp", "zip_code": null, "ownership": "public", "ownership_raw": "City of Leduc", "city": "Leduc", "source_dataset": "Trees", "source_department": "City of Leduc", "source_last_edit_at": ""}}, {"type": "Feature", "geometry": {"type": "Point", "coordinates": [-113.54900610665658, 53.23854497093119]}, "properties": {"id": "leduc-20496", "species_group": "crabapple", "scientific_name": "Malus spp", "common_name": null, "subtype_name": "Malus spp", "zip_code": null, "ownership": "public", "ownership_raw": "City of Leduc", "city": "Leduc", "source_dataset": "Trees", "source_department": "City of Leduc", "source_last_edit_at": ""}}, {"type": "Feature", "geometry": {"type": "Point", "coordinates": [-113.54840075152383, 53.238572737073305]}, "properties": {"id": "leduc-20498", "species_group": "crabapple", "scientific_name": "Malus spp", "common_name": null, "subtype_name": "Malus spp", "zip_code": null, "ownership": "public", "ownership_raw": "City of Leduc", "city": "Leduc", "source_dataset": "Trees", "source_department": "City of Leduc", "source_last_edit_at": ""}}, {"type": "Feature", "geometry": {"type": "Point", "coordinates": [-113.54831655603768, 53.23857662374367]}, "properties": {"id": "leduc-20499", "species_group": "cherry", "scientific_name": "Prunus cerasus", "common_name": null, "subtype_name": "Prunus cerasus", "zip_code": null, "ownership": "public", "ownership_raw": "City of Leduc", "city": "Leduc", "source_dataset": "Trees", "source_department": "City of Leduc", "source_last_edit_at": ""}}, {"type": "Feature", "geometry": {"type": "Point", "coordinates": [-113.54770452278765, 53.23860391442125]}, "properties": {"id": "leduc-20503", "species_group": "crabapple", "scientific_name": "Malus spp", "common_name": null, "subtype_name": "Malus spp", "zip_code": null, "ownership": "public", "ownership_raw": "City of Leduc", "city": "Leduc", "source_dataset": "Trees", "source_department": "City of Leduc", "source_last_edit_at": ""}}, {"type": "Feature", "geometry": {"type": "Point", "coordinates": [-113.5475968003253, 53.238608418549894]}, "properties": {"id": "leduc-20504", "species_group": "crabapple", "scientific_name": "Malus spp", "common_name": null, "subtype_name": "Malus spp", "zip_code": null, "ownership": "public", "ownership_raw": "City of Leduc", "city": "Leduc", "source_dataset": "Trees", "source_department": "City of Leduc", "source_last_edit_at": ""}}, {"type": "Feature", "geometry": {"type": "Point", "coordinates": [-113.5470677158889, 53.238634917189444]}, "properties": {"id": "leduc-20508", "species_group": "crabapple", "scientific_name": "Malus spp", "common_name": null, "subtype_name": "Malus spp", "zip_code": null, "ownership": "public", "ownership_raw": "City of Leduc", "city": "Leduc", "source_dataset": "Trees", "source_department": "City of Leduc", "source_last_edit_at": ""}}, {"type": "Feature", "geometry": {"type": "Point", "coordinates": [-113.54713399405543, 53.23863083393052]}, "properties": {"id": "leduc-20509", "species_group": "crabapple", "scientific_name": "Malus spp", "common_name": null, "subtype_name": "Malus spp", "zip_code": null, "ownership": "public", "ownership_raw": "City of Leduc", "city": "Leduc", "source_dataset": "Trees", "source_department": "City of Leduc", "source_last_edit_at": ""}}, {"type": "Feature", "geometry": {"type": "Point", "coordinates": [-113.54690856025213, 53.23864144581737]}, "properties": {"id": "leduc-20510", "species_group": "crabapple", "scientific_name": "Malus spp", "common_name": null, "subtype_name": "Malus spp", "zip_code": null, "ownership": "public", "ownership_raw": "City of Leduc", "city": "Leduc", "source_dataset": "Trees", "source_department": "City of Leduc", "source_last_edit_at": ""}}, {"type": "Feature", "geometry": {"type": "Point", "coordinates": [-113.546796480832, 53.238648013026285]}, "properties": {"id": "leduc-20511", "species_group": "crabapple", "scientific_name": "Malus spp", "common_name": null, "subtype_name": "Malus spp", "zip_code": null, "ownership": "public", "ownership_raw": "City of Leduc", "city": "Leduc", "source_dataset": "Trees", "source_department": "City of Leduc", "source_last_edit_at": ""}}, {"type": "Feature", "geometry": {"type": "Point", "coordinates": [-113.54644722753363, 53.238661421616136]}, "properties": {"id": "leduc-20514", "species_group": "crabapple", "scientific_name": "Malus spp", "common_name": null, "subtype_name": "Malus spp", "zip_code": null, "ownership": "public", "ownership_raw": "City of Leduc", "city": "Leduc", "source_dataset": "Trees", "source_department": "City of Leduc", "source_last_edit_at": ""}}, {"type": "Feature", "geometry": {"type": "Point", "coordinates": [-113.54636155276727, 53.23866521141347]}, "properties": {"id": "leduc-20516", "species_group": "crabapple", "scientific_name": "Malus spp", "common_name": null, "subtype_name": "Malus spp", "zip_code": null, "ownership": "public", "ownership_raw": "City of Leduc", "city": "Leduc", "source_dataset": "Trees", "source_department": "City of Leduc", "source_last_edit_at": ""}}, {"type": "Feature", "geometry": {"type": "Point", "coordinates": [-113.54598856049242, 53.23868240597452]}, "properties": {"id": "leduc-20519", "species_group": "crabapple", "scientific_name": "Malus spp", "common_name": null, "subtype_name": "Malus spp", "zip_code": null, "ownership": "public", "ownership_raw": "City of Leduc", "city": "Leduc", "source_dataset": "Trees", "source_department": "City of Leduc", "source_last_edit_at": ""}}, {"type": "Feature", "geometry": {"type": "Point", "coordinates": [-113.54587163383192, 53.23868540779967]}, "properties": {"id": "leduc-20520", "species_group": "crabapple", "scientific_name": "Malus spp", "common_name": null, "subtype_name": "Malus spp", "zip_code": null, "ownership": "public", "ownership_raw": "City of Leduc", "city": "Leduc", "source_dataset": "Trees", "source_department": "City of Leduc", "source_last_edit_at": ""}}, {"type": "Feature", "geometry": {"type": "Point", "coordinates": [-113.5455698158181, 53.23870945564384]}, "properties": {"id": "leduc-20522", "species_group": "crabapple", "scientific_name": "Malus spp", "common_name": null, "subtype_name": "Malus spp", "zip_code": null, "ownership": "public", "ownership_raw": "City of Leduc", "city": "Leduc", "source_dataset": "Trees", "source_department": "City of Leduc", "source_last_edit_at": ""}}, {"type": "Feature", "geometry": {"type": "Point", "coordinates": [-113.54542435557242, 53.23872443053902]}, "properties": {"id": "leduc-20523", "species_group": "crabapple", "scientific_name": "Malus spp", "common_name": null, "subtype_name": "Malus spp", "zip_code": null, "ownership": "public", "ownership_raw": "City of Leduc", "city": "Leduc", "source_dataset": "Trees", "source_department": "City of Leduc", "source_last_edit_at": ""}}, {"type": "Feature", "geometry": {"type": "Point", "coordinates": [-113.54576122852897, 53.238693699521306]}, "properties": {"id": "leduc-20532", "species_group": "crabapple", "scientific_name": "Malus spp", "common_name": null, "subtype_name": "Malus spp", "zip_code": null, "ownership": "public", "ownership_raw": "City of Leduc", "city": "Leduc", "source_dataset": "Trees", "source_department": "City of Leduc", "source_last_edit_at": ""}}, {"type": "Feature", "geometry": {"type": "Point", "coordinates": [-113.54718989052085, 53.23679932066953]}, "properties": {"id": "leduc-20540", "species_group": "crabapple", "scientific_name": "Malus spp", "common_name": null, "subtype_name": "Malus spp", "zip_code": null, "ownership": "public", "ownership_raw": "City of Leduc", "city": "Leduc", "source_dataset": "Trees", "source_department": "City of Leduc", "source_last_edit_at": ""}}, {"type": "Feature", "geometry": {"type": "Point", "coordinates": [-113.54709833985946, 53.236801321934564]}, "properties": {"id": "leduc-20541", "species_group": "crabapple", "scientific_name": "Malus spp", "common_name": null, "subtype_name": "Malus spp", "zip_code": null, "ownership": "public", "ownership_raw": "City of Leduc", "city": "Leduc", "source_dataset": "Trees", "source_department": "City of Leduc", "source_last_edit_at": ""}}, {"type": "Feature", "geometry": {"type": "Point", "coordinates": [-113.54701055288338, 53.23680393053741]}, "properties": {"id": "leduc-20542", "species_group": "crabapple", "scientific_name": "Malus spp", "common_name": null, "subtype_name": "Malus spp", "zip_code": null, "ownership": "public", "ownership_raw": "City of Leduc", "city": "Leduc", "source_dataset": "Trees", "source_department": "City of Leduc", "source_last_edit_at": ""}}, {"type": "Feature", "geometry": {"type": "Point", "coordinates": [-113.54691898753424, 53.2368036328741]}, "properties": {"id": "leduc-20543", "species_group": "crabapple", "scientific_name": "Malus spp", "common_name": null, "subtype_name": "Malus spp", "zip_code": null, "ownership": "public", "ownership_raw": "City of Leduc", "city": "Leduc", "source_dataset": "Trees", "source_department": "City of Leduc", "source_last_edit_at": ""}}, {"type": "Feature", "geometry": {"type": "Point", "coordinates": [-113.54727883822173, 53.23679714679394]}, "properties": {"id": "leduc-20544", "species_group": "crabapple", "scientific_name": "Malus spp", "common_name": null, "subtype_name": "Malus spp", "zip_code": null, "ownership": "public", "ownership_raw": "City of Leduc", "city": "Leduc", "source_dataset": "Trees", "source_department": "City of Leduc", "source_last_edit_at": ""}}, {"type": "Feature", "geometry": {"type": "Point", "coordinates": [-113.59644317200576, 53.25880208035596]}, "properties": {"id": "leduc-20583", "species_group": "crabapple", "scientific_name": "Malus spp", "common_name": null, "subtype_name": "Malus spp", "zip_code": null, "ownership": "public", "ownership_raw": "City of Leduc", "city": "Leduc", "source_dataset": "Trees", "source_department": "City of Leduc", "source_last_edit_at": ""}}, {"type": "Feature", "geometry": {"type": "Point", "coordinates": [-113.59647962690737, 53.258802143525664]}, "properties": {"id": "leduc-20584", "species_group": "crabapple", "scientific_name": "Malus spp", "common_name": null, "subtype_name": "Malus spp", "zip_code": null, "ownership": "public", "ownership_raw": "City of Leduc", "city": "Leduc", "source_dataset": "Trees", "source_department": "City of Leduc", "source_last_edit_at": ""}}, {"type": "Feature", "geometry": {"type": "Point", "coordinates": [-113.5965172665392, 53.25880227898994]}, "properties": {"id": "leduc-20585", "species_group": "crabapple", "scientific_name": "Malus spp", "common_name": null, "subtype_name": "Malus spp", "zip_code": null, "ownership": "public", "ownership_raw": "City of Leduc", "city": "Leduc", "source_dataset": "Trees", "source_department": "City of Leduc", "source_last_edit_at": ""}}, {"type": "Feature", "geometry": {"type": "Point", "coordinates": [-113.59658656907118, 53.25888730469899]}, "properties": {"id": "leduc-20587", "species_group": "crabapple", "scientific_name": "Malus spp", "common_name": null, "subtype_name": "Malus spp", "zip_code": null, "ownership": "public", "ownership_raw": "City of Leduc", "city": "Leduc", "source_dataset": "Trees", "source_department": "City of Leduc", "source_last_edit_at": ""}}, {"type": "Feature", "geometry": {"type": "Point", "coordinates": [-113.5965858739308, 53.2589110120746]}, "properties": {"id": "leduc-20588", "species_group": "crabapple", "scientific_name": "Malus spp", "common_name": null, "subtype_name": "Malus spp", "zip_code": null, "ownership": "public", "ownership_raw": "City of Leduc", "city": "Leduc", "source_dataset": "Trees", "source_department": "City of Leduc", "source_last_edit_at": ""}}, {"type": "Feature", "geometry": {"type": "Point", "coordinates": [-113.59658801569384, 53.25893471916334]}, "properties": {"id": "leduc-20589", "species_group": "crabapple", "scientific_name": "Malus spp", "common_name": null, "subtype_name": "Malus spp", "zip_code": null, "ownership": "public", "ownership_raw": "City of Leduc", "city": "Leduc", "source_dataset": "Trees", "source_department": "City of Leduc", "source_last_edit_at": ""}}, {"type": "Feature", "geometry": {"type": "Point", "coordinates": [-113.59640926411842, 53.25897210966346]}, "properties": {"id": "leduc-20590", "species_group": "crabapple", "scientific_name": "Malus spp", "common_name": null, "subtype_name": "Malus spp", "zip_code": null, "ownership": "public", "ownership_raw": "City of Leduc", "city": "Leduc", "source_dataset": "Trees", "source_department": "City of Leduc", "source_last_edit_at": ""}}, {"type": "Feature", "geometry": {"type": "Point", "coordinates": [-113.59658727526217, 53.25886927137597]}, "properties": {"id": "leduc-20594", "species_group": "crabapple", "scientific_name": "Malus spp", "common_name": null, "subtype_name": "Malus spp", "zip_code": null, "ownership": "public", "ownership_raw": "City of Leduc", "city": "Leduc", "source_dataset": "Trees", "source_department": "City of Leduc", "source_last_edit_at": ""}}, {"type": "Feature", "geometry": {"type": "Point", "coordinates": [-113.59658725456316, 53.25905749692138]}, "properties": {"id": "leduc-20595", "species_group": "crabapple", "scientific_name": "Malus spp", "common_name": null, "subtype_name": "Malus spp", "zip_code": null, "ownership": "public", "ownership_raw": "City of Leduc", "city": "Leduc", "source_dataset": "Trees", "source_department": "City of Leduc", "source_last_edit_at": ""}}, {"type": "Feature", "geometry": {"type": "Point", "coordinates": [-113.59658762484797, 53.259081374149496]}, "properties": {"id": "leduc-20596", "species_group": "crabapple", "scientific_name": "Malus spp", "common_name": null, "subtype_name": "Malus spp", "zip_code": null, "ownership": "public", "ownership_raw": "City of Leduc", "city": "Leduc", "source_dataset": "Trees", "source_department": "City of Leduc", "source_last_edit_at": ""}}, {"type": "Feature", "geometry": {"type": "Point", "coordinates": [-113.59658533356304, 53.25910270281487]}, "properties": {"id": "leduc-20597", "species_group": "crabapple", "scientific_name": "Malus spp", "common_name": null, "subtype_name": "Malus spp", "zip_code": null, "ownership": "public", "ownership_raw": "City of Leduc", "city": "Leduc", "source_dataset": "Trees", "source_department": "City of Leduc", "source_last_edit_at": ""}}, {"type": "Feature", "geometry": {"type": "Point", "coordinates": [-113.59658376688452, 53.259127135139586]}, "properties": {"id": "leduc-20598", "species_group": "crabapple", "scientific_name": "Malus spp", "common_name": null, "subtype_name": "Malus spp", "zip_code": null, "ownership": "public", "ownership_raw": "City of Leduc", "city": "Leduc", "source_dataset": "Trees", "source_department": "City of Leduc", "source_last_edit_at": ""}}, {"type": "Feature", "geometry": {"type": "Point", "coordinates": [-113.59646964703784, 53.2591418218686]}, "properties": {"id": "leduc-20599", "species_group": "crabapple", "scientific_name": "Malus spp", "common_name": null, "subtype_name": "Malus spp", "zip_code": null, "ownership": "public", "ownership_raw": "City of Leduc", "city": "Leduc", "source_dataset": "Trees", "source_department": "City of Leduc", "source_last_edit_at": ""}}, {"type": "Feature", "geometry": {"type": "Point", "coordinates": [-113.58479128147385, 53.26298538072104]}, "properties": {"id": "leduc-2070", "species_group": "crabapple", "scientific_name": "Malus x adstringens Thunderchild", "common_name": null, "subtype_name": "Malus x adstringens Thunderchild", "zip_code": null, "ownership": "public", "ownership_raw": "City of Leduc", "city": "Leduc", "source_dataset": "Trees", "source_department": "City of Leduc", "source_last_edit_at": ""}}, {"type": "Feature", "geometry": {"type": "Point", "coordinates": [-113.55602413164928, 53.25756323087443]}, "properties": {"id": "leduc-20710", "species_group": "cherry", "scientific_name": "Prunus cerasus", "common_name": null, "subtype_name": "Prunus cerasus", "zip_code": null, "ownership": "public", "ownership_raw": "City of Leduc", "city": "Leduc", "source_dataset": "Trees", "source_department": "City of Leduc", "source_last_edit_at": ""}}, {"type": "Feature", "geometry": {"type": "Point", "coordinates": [-113.55622339971225, 53.25755988478434]}, "properties": {"id": "leduc-20711", "species_group": "crabapple", "scientific_name": "Malus spp", "common_name": null, "subtype_name": "Malus spp", "zip_code": null, "ownership": "public", "ownership_raw": "City of Leduc", "city": "Leduc", "source_dataset": "Trees", "source_department": "City of Leduc", "source_last_edit_at": ""}}, {"type": "Feature", "geometry": {"type": "Point", "coordinates": [-113.58479291670218, 53.262912183189805]}, "properties": {"id": "leduc-2073", "species_group": "crabapple", "scientific_name": "Malus x adstringens Thunderchild", "common_name": null, "subtype_name": "Malus x adstringens Thunderchild", "zip_code": null, "ownership": "public", "ownership_raw": "City of Leduc", "city": "Leduc", "source_dataset": "Trees", "source_department": "City of Leduc", "source_last_edit_at": ""}}, {"type": "Feature", "geometry": {"type": "Point", "coordinates": [-113.5366214659172, 53.26241372611542]}, "properties": {"id": "leduc-20749", "species_group": "crabapple", "scientific_name": "Malus x adstringens Spring Snow", "common_name": null, "subtype_name": "Malus x adstringens Spring Snow", "zip_code": null, "ownership": "public", "ownership_raw": "City of Leduc", "city": "Leduc", "source_dataset": "Trees", "source_department": "City of Leduc", "source_last_edit_at": ""}}, {"type": "Feature", "geometry": {"type": "Point", "coordinates": [-113.58479703582455, 53.262820370888335]}, "properties": {"id": "leduc-2075", "species_group": "crabapple", "scientific_name": "Malus x adstringens Thunderchild", "common_name": null, "subtype_name": "Malus x adstringens Thunderchild", "zip_code": null, "ownership": "public", "ownership_raw": "City of Leduc", "city": "Leduc", "source_dataset": "Trees", "source_department": "City of Leduc", "source_last_edit_at": ""}}, {"type": "Feature", "geometry": {"type": "Point", "coordinates": [-113.53648176024281, 53.262462606620126]}, "properties": {"id": "leduc-20750", "species_group": "crabapple", "scientific_name": "Malus x adstringens Spring Snow", "common_name": null, "subtype_name": "Malus x adstringens Spring Snow", "zip_code": null, "ownership": "public", "ownership_raw": "City of Leduc", "city": "Leduc", "source_dataset": "Trees", "source_department": "City of Leduc", "source_last_edit_at": ""}}, {"type": "Feature", "geometry": {"type": "Point", "coordinates": [-113.53647032444015, 53.26254482833298]}, "properties": {"id": "leduc-20751", "species_group": "crabapple", "scientific_name": "Malus x adstringens Spring Snow", "common_name": null, "subtype_name": "Malus x adstringens Spring Snow", "zip_code": null, "ownership": "public", "ownership_raw": "City of Leduc", "city": "Leduc", "source_dataset": "Trees", "source_department": "City of Leduc", "source_last_edit_at": ""}}, {"type": "Feature", "geometry": {"type": "Point", "coordinates": [-113.53583599462691, 53.26243607207356]}, "properties": {"id": "leduc-20752", "species_group": "crabapple", "scientific_name": "Malus x adstringens Spring Snow", "common_name": null, "subtype_name": "Malus x adstringens Spring Snow", "zip_code": null, "ownership": "public", "ownership_raw": "City of Leduc", "city": "Leduc", "source_dataset": "Trees", "source_department": "City of Leduc", "source_last_edit_at": ""}}, {"type": "Feature", "geometry": {"type": "Point", "coordinates": [-113.52955751515361, 53.24311109164631]}, "properties": {"id": "leduc-20768", "species_group": "crabapple", "scientific_name": "Malus x adstringens Dolgo", "common_name": null, "subtype_name": "Malus x adstringens Dolgo", "zip_code": null, "ownership": "public", "ownership_raw": "City of Leduc", "city": "Leduc", "source_dataset": "Trees", "source_department": "City of Leduc", "source_last_edit_at": ""}}, {"type": "Feature", "geometry": {"type": "Point", "coordinates": [-113.51329096556593, 53.25064097616064]}, "properties": {"id": "leduc-20784", "species_group": "crabapple", "scientific_name": "Malus x adstringens Dolgo", "common_name": null, "subtype_name": "Malus x adstringens Dolgo", "zip_code": null, "ownership": "public", "ownership_raw": "City of Leduc", "city": "Leduc", "source_dataset": "Trees", "source_department": "City of Leduc", "source_last_edit_at": ""}}, {"type": "Feature", "geometry": {"type": "Point", "coordinates": [-113.51333346268808, 53.250632293499045]}, "properties": {"id": "leduc-20785", "species_group": "crabapple", "scientific_name": "Malus x adstringens Dolgo", "common_name": null, "subtype_name": "Malus x adstringens Dolgo", "zip_code": null, "ownership": "public", "ownership_raw": "City of Leduc", "city": "Leduc", "source_dataset": "Trees", "source_department": "City of Leduc", "source_last_edit_at": ""}}, {"type": "Feature", "geometry": {"type": "Point", "coordinates": [-113.57617224874417, 53.27202501021077]}, "properties": {"id": "leduc-20806", "species_group": "cherry", "scientific_name": "Prunus cerasus", "common_name": null, "subtype_name": "Prunus cerasus", "zip_code": null, "ownership": "public", "ownership_raw": "City of Leduc", "city": "Leduc", "source_dataset": "Trees", "source_department": "City of Leduc", "source_last_edit_at": ""}}, {"type": "Feature", "geometry": {"type": "Point", "coordinates": [-113.57638716130577, 53.27186147655721]}, "properties": {"id": "leduc-20810", "species_group": "cherry", "scientific_name": "Prunus cerasus", "common_name": null, "subtype_name": "Prunus cerasus", "zip_code": null, "ownership": "public", "ownership_raw": "City of Leduc", "city": "Leduc", "source_dataset": "Trees", "source_department": "City of Leduc", "source_last_edit_at": ""}}, {"type": "Feature", "geometry": {"type": "Point", "coordinates": [-113.577095842624, 53.27134059933591]}, "properties": {"id": "leduc-20815", "species_group": "cherry", "scientific_name": "Prunus cerasus", "common_name": null, "subtype_name": "Prunus cerasus", "zip_code": null, "ownership": "public", "ownership_raw": "City of Leduc", "city": "Leduc", "source_dataset": "Trees", "source_department": "City of Leduc", "source_last_edit_at": ""}}, {"type": "Feature", "geometry": {"type": "Point", "coordinates": [-113.57734029607825, 53.271164909481186]}, "properties": {"id": "leduc-20819", "species_group": "cherry", "scientific_name": "Prunus cerasus", "common_name": null, "subtype_name": "Prunus cerasus", "zip_code": null, "ownership": "public", "ownership_raw": "City of Leduc", "city": "Leduc", "source_dataset": "Trees", "source_department": "City of Leduc", "source_last_edit_at": ""}}, {"type": "Feature", "geometry": {"type": "Point", "coordinates": [-113.57770059596452, 53.270899278449896]}, "properties": {"id": "leduc-20823", "species_group": "cherry", "scientific_name": "Prunus cerasus", "common_name": null, "subtype_name": "Prunus cerasus", "zip_code": null, "ownership": "public", "ownership_raw": "City of Leduc", "city": "Leduc", "source_dataset": "Trees", "source_department": "City of Leduc", "source_last_edit_at": ""}}, {"type": "Feature", "geometry": {"type": "Point", "coordinates": [-113.59313158498156, 53.25453467444445]}, "properties": {"id": "leduc-20832", "species_group": "cherry", "scientific_name": "Prunus cerasus", "common_name": null, "subtype_name": "Prunus cerasus", "zip_code": null, "ownership": "public", "ownership_raw": "City of Leduc", "city": "Leduc", "source_dataset": "Trees", "source_department": "City of Leduc", "source_last_edit_at": ""}}, {"type": "Feature", "geometry": {"type": "Point", "coordinates": [-113.54918828919995, 53.260790218788934]}, "properties": {"id": "leduc-20839", "species_group": "cherry", "scientific_name": "Prunus cerasus", "common_name": null, "subtype_name": "Prunus cerasus", "zip_code": null, "ownership": "public", "ownership_raw": "City of Leduc", "city": "Leduc", "source_dataset": "Trees", "source_department": "City of Leduc", "source_last_edit_at": ""}}, {"type": "Feature", "geometry": {"type": "Point", "coordinates": [-113.54966545321084, 53.25995311471664]}, "properties": {"id": "leduc-20841", "species_group": "cherry", "scientific_name": "Prunus cerasus", "common_name": null, "subtype_name": "Prunus cerasus", "zip_code": null, "ownership": "public", "ownership_raw": "City of Leduc", "city": "Leduc", "source_dataset": "Trees", "source_department": "City of Leduc", "source_last_edit_at": ""}}, {"type": "Feature", "geometry": {"type": "Point", "coordinates": [-113.5495522025199, 53.26199787033801]}, "properties": {"id": "leduc-20849", "species_group": "cherry", "scientific_name": "Prunus cerasus", "common_name": null, "subtype_name": "Prunus cerasus", "zip_code": null, "ownership": "public", "ownership_raw": "City of Leduc", "city": "Leduc", "source_dataset": "Trees", "source_department": "City of Leduc", "source_last_edit_at": ""}}, {"type": "Feature", "geometry": {"type": "Point", "coordinates": [-113.51951080016762, 53.24496675633291]}, "properties": {"id": "leduc-20898", "species_group": "cherry", "scientific_name": "Prunus cerasus", "common_name": null, "subtype_name": "Prunus cerasus", "zip_code": null, "ownership": "public", "ownership_raw": "City of Leduc", "city": "Leduc", "source_dataset": "Trees", "source_department": "City of Leduc", "source_last_edit_at": ""}}, {"type": "Feature", "geometry": {"type": "Point", "coordinates": [-113.52016033208332, 53.243749925306574]}, "properties": {"id": "leduc-20911", "species_group": "cherry", "scientific_name": "Prunus cerasus", "common_name": null, "subtype_name": "Prunus cerasus", "zip_code": null, "ownership": "public", "ownership_raw": "City of Leduc", "city": "Leduc", "source_dataset": "Trees", "source_department": "City of Leduc", "source_last_edit_at": ""}}, {"type": "Feature", "geometry": {"type": "Point", "coordinates": [-113.52011853048505, 53.243788634239365]}, "properties": {"id": "leduc-20912", "species_group": "crabapple", "scientific_name": "Malus x adstringens Spring Snow", "common_name": null, "subtype_name": "Malus x adstringens Spring Snow", "zip_code": null, "ownership": "public", "ownership_raw": "City of Leduc", "city": "Leduc", "source_dataset": "Trees", "source_department": "City of Leduc", "source_last_edit_at": ""}}, {"type": "Feature", "geometry": {"type": "Point", "coordinates": [-113.51992360403035, 53.24397517832747]}, "properties": {"id": "leduc-20913", "species_group": "crabapple", "scientific_name": "Malus x adstringens Spring Snow", "common_name": null, "subtype_name": "Malus x adstringens Spring Snow", "zip_code": null, "ownership": "public", "ownership_raw": "City of Leduc", "city": "Leduc", "source_dataset": "Trees", "source_department": "City of Leduc", "source_last_edit_at": ""}}, {"type": "Feature", "geometry": {"type": "Point", "coordinates": [-113.51999843557275, 53.24396491427692]}, "properties": {"id": "leduc-20914", "species_group": "cherry", "scientific_name": "Prunus cerasus", "common_name": null, "subtype_name": "Prunus cerasus", "zip_code": null, "ownership": "public", "ownership_raw": "City of Leduc", "city": "Leduc", "source_dataset": "Trees", "source_department": "City of Leduc", "source_last_edit_at": ""}}, {"type": "Feature", "geometry": {"type": "Point", "coordinates": [-113.54678783309244, 53.24006451960957]}, "properties": {"id": "leduc-20924", "species_group": "crabapple", "scientific_name": "Malus x adstringens Spring Snow", "common_name": null, "subtype_name": "Malus x adstringens Spring Snow", "zip_code": null, "ownership": "public", "ownership_raw": "City of Leduc", "city": "Leduc", "source_dataset": "Trees", "source_department": "City of Leduc", "source_last_edit_at": ""}}, {"type": "Feature", "geometry": {"type": "Point", "coordinates": [-113.54714387001127, 53.239965680041436]}, "properties": {"id": "leduc-20925", "species_group": "crabapple", "scientific_name": "Malus x adstringens Spring Snow", "common_name": null, "subtype_name": "Malus x adstringens Spring Snow", "zip_code": null, "ownership": "public", "ownership_raw": "City of Leduc", "city": "Leduc", "source_dataset": "Trees", "source_department": "City of Leduc", "source_last_edit_at": ""}}, {"type": "Feature", "geometry": {"type": "Point", "coordinates": [-113.54844354633669, 53.23999462734756]}, "properties": {"id": "leduc-20929", "species_group": "crabapple", "scientific_name": "Malus x adstringens Spring Snow", "common_name": null, "subtype_name": "Malus x adstringens Spring Snow", "zip_code": null, "ownership": "public", "ownership_raw": "City of Leduc", "city": "Leduc", "source_dataset": "Trees", "source_department": "City of Leduc", "source_last_edit_at": ""}}, {"type": "Feature", "geometry": {"type": "Point", "coordinates": [-113.52758963673364, 53.24241633508729]}, "properties": {"id": "leduc-21003", "species_group": "crabapple", "scientific_name": "Malus x adstringens Spring Snow", "common_name": null, "subtype_name": "Malus x adstringens Spring Snow", "zip_code": null, "ownership": "public", "ownership_raw": "City of Leduc", "city": "Leduc", "source_dataset": "Trees", "source_department": "City of Leduc", "source_last_edit_at": ""}}, {"type": "Feature", "geometry": {"type": "Point", "coordinates": [-113.53865714277173, 53.25586423239269]}, "properties": {"id": "leduc-2102", "species_group": "cherry", "scientific_name": "Prunus padus commutata", "common_name": null, "subtype_name": "Prunus padus commutata", "zip_code": null, "ownership": "public", "ownership_raw": "City of Leduc", "city": "Leduc", "source_dataset": "Trees", "source_department": "City of Leduc", "source_last_edit_at": ""}}, {"type": "Feature", "geometry": {"type": "Point", "coordinates": [-113.54029221263107, 53.25615106724344]}, "properties": {"id": "leduc-2104", "species_group": "cherry", "scientific_name": "Prunus padus commutata", "common_name": null, "subtype_name": "Prunus padus commutata", "zip_code": null, "ownership": "public", "ownership_raw": "City of Leduc", "city": "Leduc", "source_dataset": "Trees", "source_department": "City of Leduc", "source_last_edit_at": ""}}, {"type": "Feature", "geometry": {"type": "Point", "coordinates": [-113.60542337086007, 53.2663354214851]}, "properties": {"id": "leduc-21063", "species_group": "crabapple", "scientific_name": "Malus spp", "common_name": null, "subtype_name": "Malus spp", "zip_code": null, "ownership": "public", "ownership_raw": "City of Leduc", "city": "Leduc", "source_dataset": "Trees", "source_department": "City of Leduc", "source_last_edit_at": ""}}, {"type": "Feature", "geometry": {"type": "Point", "coordinates": [-113.60541073113329, 53.266415485236]}, "properties": {"id": "leduc-21064", "species_group": "crabapple", "scientific_name": "Malus spp", "common_name": null, "subtype_name": "Malus spp", "zip_code": null, "ownership": "public", "ownership_raw": "City of Leduc", "city": "Leduc", "source_dataset": "Trees", "source_department": "City of Leduc", "source_last_edit_at": ""}}, {"type": "Feature", "geometry": {"type": "Point", "coordinates": [-113.52647275565246, 53.25255758480346]}, "properties": {"id": "leduc-2108", "species_group": "cherry", "scientific_name": "Prunus padus commutata", "common_name": null, "subtype_name": "Prunus padus commutata", "zip_code": null, "ownership": "public", "ownership_raw": "City of Leduc", "city": "Leduc", "source_dataset": "Trees", "source_department": "City of Leduc", "source_last_edit_at": ""}}, {"type": "Feature", "geometry": {"type": "Point", "coordinates": [-113.56358898925173, 53.25933209503557]}, "properties": {"id": "leduc-21082", "species_group": "crabapple", "scientific_name": "Malus x adstringens Thunderchild", "common_name": null, "subtype_name": "Malus x adstringens Thunderchild", "zip_code": null, "ownership": "public", "ownership_raw": "City of Leduc", "city": "Leduc", "source_dataset": "Trees", "source_department": "City of Leduc", "source_last_edit_at": ""}}, {"type": "Feature", "geometry": {"type": "Point", "coordinates": [-113.52647337144711, 53.25259368486832]}, "properties": {"id": "leduc-2109", "species_group": "cherry", "scientific_name": "Prunus padus commutata", "common_name": null, "subtype_name": "Prunus padus commutata", "zip_code": null, "ownership": "public", "ownership_raw": "City of Leduc", "city": "Leduc", "source_dataset": "Trees", "source_department": "City of Leduc", "source_last_edit_at": ""}}, {"type": "Feature", "geometry": {"type": "Point", "coordinates": [-113.5274907763388, 53.254595174920446]}, "properties": {"id": "leduc-2110", "species_group": "crabapple", "scientific_name": "Malus x adstringens Makamic", "common_name": null, "subtype_name": "Malus x adstringens Makamic", "zip_code": null, "ownership": "public", "ownership_raw": "City of Leduc", "city": "Leduc", "source_dataset": "Trees", "source_department": "City of Leduc", "source_last_edit_at": ""}}, {"type": "Feature", "geometry": {"type": "Point", "coordinates": [-113.53156217510335, 53.25409299393799]}, "properties": {"id": "leduc-2123", "species_group": "cherry", "scientific_name": "Prunus padus commutata", "common_name": null, "subtype_name": "Prunus padus commutata", "zip_code": null, "ownership": "public", "ownership_raw": "City of Leduc", "city": "Leduc", "source_dataset": "Trees", "source_department": "City of Leduc", "source_last_edit_at": ""}}, {"type": "Feature", "geometry": {"type": "Point", "coordinates": [-113.54158729440552, 53.25737918152988]}, "properties": {"id": "leduc-2126", "species_group": "cherry", "scientific_name": "Prunus padus commutata", "common_name": null, "subtype_name": "Prunus padus commutata", "zip_code": null, "ownership": "public", "ownership_raw": "City of Leduc", "city": "Leduc", "source_dataset": "Trees", "source_department": "City of Leduc", "source_last_edit_at": ""}}, {"type": "Feature", "geometry": {"type": "Point", "coordinates": [-113.54266467548085, 53.248144954229616]}, "properties": {"id": "leduc-21619", "species_group": "crabapple", "scientific_name": "Malus spp", "common_name": null, "subtype_name": "Malus spp", "zip_code": null, "ownership": "public", "ownership_raw": "City of Leduc", "city": "Leduc", "source_dataset": "Trees", "source_department": "City of Leduc", "source_last_edit_at": ""}}, {"type": "Feature", "geometry": {"type": "Point", "coordinates": [-113.58508228127062, 53.25264014239103]}, "properties": {"id": "leduc-2203", "species_group": "crabapple", "scientific_name": "Malus x adstringens Royalty", "common_name": null, "subtype_name": "Malus x adstringens Royalty", "zip_code": null, "ownership": "public", "ownership_raw": "City of Leduc", "city": "Leduc", "source_dataset": "Trees", "source_department": "City of Leduc", "source_last_edit_at": ""}}, {"type": "Feature", "geometry": {"type": "Point", "coordinates": [-113.54359679867237, 53.247832676329345]}, "properties": {"id": "leduc-22085", "species_group": "crabapple", "scientific_name": "Malus spp", "common_name": null, "subtype_name": "Malus spp", "zip_code": null, "ownership": "public", "ownership_raw": "City of Leduc", "city": "Leduc", "source_dataset": "Trees", "source_department": "City of Leduc", "source_last_edit_at": ""}}, {"type": "Feature", "geometry": {"type": "Point", "coordinates": [-113.58978551662598, 53.25156026680013]}, "properties": {"id": "leduc-22175", "species_group": "crabapple", "scientific_name": "Malus x adstringens Thunderchild", "common_name": null, "subtype_name": "Malus x adstringens Thunderchild", "zip_code": null, "ownership": "public", "ownership_raw": "City of Leduc", "city": "Leduc", "source_dataset": "Trees", "source_department": "City of Leduc", "source_last_edit_at": ""}}, {"type": "Feature", "geometry": {"type": "Point", "coordinates": [-113.58781919009563, 53.25165807082868]}, "properties": {"id": "leduc-22200", "species_group": "crabapple", "scientific_name": "Malus x adstringens Thunderchild", "common_name": null, "subtype_name": "Malus x adstringens Thunderchild", "zip_code": null, "ownership": "public", "ownership_raw": "City of Leduc", "city": "Leduc", "source_dataset": "Trees", "source_department": "City of Leduc", "source_last_edit_at": ""}}, {"type": "Feature", "geometry": {"type": "Point", "coordinates": [-113.5882861065238, 53.25304421227772]}, "properties": {"id": "leduc-22208", "species_group": "crabapple", "scientific_name": "Malus spp", "common_name": null, "subtype_name": "Malus spp", "zip_code": null, "ownership": "public", "ownership_raw": "City of Leduc", "city": "Leduc", "source_dataset": "Trees", "source_department": "City of Leduc", "source_last_edit_at": ""}}, {"type": "Feature", "geometry": {"type": "Point", "coordinates": [-113.58258265928548, 53.268403291742835]}, "properties": {"id": "leduc-22221", "species_group": "crabapple", "scientific_name": "Malus spp", "common_name": null, "subtype_name": "Malus spp", "zip_code": null, "ownership": "public", "ownership_raw": "City of Leduc", "city": "Leduc", "source_dataset": "Trees", "source_department": "City of Leduc", "source_last_edit_at": ""}}, {"type": "Feature", "geometry": {"type": "Point", "coordinates": [-113.5826439469471, 53.26843964774112]}, "properties": {"id": "leduc-22222", "species_group": "crabapple", "scientific_name": "Malus spp", "common_name": null, "subtype_name": "Malus spp", "zip_code": null, "ownership": "public", "ownership_raw": "City of Leduc", "city": "Leduc", "source_dataset": "Trees", "source_department": "City of Leduc", "source_last_edit_at": ""}}, {"type": "Feature", "geometry": {"type": "Point", "coordinates": [-113.582728565601, 53.26845680504294]}, "properties": {"id": "leduc-22223", "species_group": "crabapple", "scientific_name": "Malus spp", "common_name": null, "subtype_name": "Malus spp", "zip_code": null, "ownership": "public", "ownership_raw": "City of Leduc", "city": "Leduc", "source_dataset": "Trees", "source_department": "City of Leduc", "source_last_edit_at": ""}}, {"type": "Feature", "geometry": {"type": "Point", "coordinates": [-113.58280044349797, 53.268487939179906]}, "properties": {"id": "leduc-22224", "species_group": "crabapple", "scientific_name": "Malus spp", "common_name": null, "subtype_name": "Malus spp", "zip_code": null, "ownership": "public", "ownership_raw": "City of Leduc", "city": "Leduc", "source_dataset": "Trees", "source_department": "City of Leduc", "source_last_edit_at": ""}}, {"type": "Feature", "geometry": {"type": "Point", "coordinates": [-113.5828617096483, 53.26851822018797]}, "properties": {"id": "leduc-22225", "species_group": "crabapple", "scientific_name": "Malus spp", "common_name": null, "subtype_name": "Malus spp", "zip_code": null, "ownership": "public", "ownership_raw": "City of Leduc", "city": "Leduc", "source_dataset": "Trees", "source_department": "City of Leduc", "source_last_edit_at": ""}}, {"type": "Feature", "geometry": {"type": "Point", "coordinates": [-113.60716594728488, 53.26763502072149]}, "properties": {"id": "leduc-22243", "species_group": "crabapple", "scientific_name": "Malus x adstringens Royalty", "common_name": null, "subtype_name": "Malus x adstringens Royalty", "zip_code": null, "ownership": "public", "ownership_raw": "City of Leduc", "city": "Leduc", "source_dataset": "Trees", "source_department": "City of Leduc", "source_last_edit_at": ""}}, {"type": "Feature", "geometry": {"type": "Point", "coordinates": [-113.60697881859527, 53.26763721595109]}, "properties": {"id": "leduc-22244", "species_group": "crabapple", "scientific_name": "Malus x adstringens Royalty", "common_name": null, "subtype_name": "Malus x adstringens Royalty", "zip_code": null, "ownership": "public", "ownership_raw": "City of Leduc", "city": "Leduc", "source_dataset": "Trees", "source_department": "City of Leduc", "source_last_edit_at": ""}}, {"type": "Feature", "geometry": {"type": "Point", "coordinates": [-113.60687544100973, 53.26764155259848]}, "properties": {"id": "leduc-22245", "species_group": "crabapple", "scientific_name": "Malus x adstringens Royalty", "common_name": null, "subtype_name": "Malus x adstringens Royalty", "zip_code": null, "ownership": "public", "ownership_raw": "City of Leduc", "city": "Leduc", "source_dataset": "Trees", "source_department": "City of Leduc", "source_last_edit_at": ""}}, {"type": "Feature", "geometry": {"type": "Point", "coordinates": [-113.60604739516515, 53.26773697725989]}, "properties": {"id": "leduc-22249", "species_group": "crabapple", "scientific_name": "Malus x adstringens Royalty", "common_name": null, "subtype_name": "Malus x adstringens Royalty", "zip_code": null, "ownership": "public", "ownership_raw": "City of Leduc", "city": "Leduc", "source_dataset": "Trees", "source_department": "City of Leduc", "source_last_edit_at": ""}}, {"type": "Feature", "geometry": {"type": "Point", "coordinates": [-113.60596608968629, 53.26775053867274]}, "properties": {"id": "leduc-22250", "species_group": "crabapple", "scientific_name": "Malus x adstringens Royalty", "common_name": null, "subtype_name": "Malus x adstringens Royalty", "zip_code": null, "ownership": "public", "ownership_raw": "City of Leduc", "city": "Leduc", "source_dataset": "Trees", "source_department": "City of Leduc", "source_last_edit_at": ""}}, {"type": "Feature", "geometry": {"type": "Point", "coordinates": [-113.60588438522991, 53.26776917602049]}, "properties": {"id": "leduc-22251", "species_group": "crabapple", "scientific_name": "Malus x adstringens Royalty", "common_name": null, "subtype_name": "Malus x adstringens Royalty", "zip_code": null, "ownership": "public", "ownership_raw": "City of Leduc", "city": "Leduc", "source_dataset": "Trees", "source_department": "City of Leduc", "source_last_edit_at": ""}}, {"type": "Feature", "geometry": {"type": "Point", "coordinates": [-113.60512811562099, 53.26821686154583]}, "properties": {"id": "leduc-22258", "species_group": "crabapple", "scientific_name": "Malus x adstringens Spring Snow", "common_name": null, "subtype_name": "Malus x adstringens Spring Snow", "zip_code": null, "ownership": "public", "ownership_raw": "City of Leduc", "city": "Leduc", "source_dataset": "Trees", "source_department": "City of Leduc", "source_last_edit_at": ""}}, {"type": "Feature", "geometry": {"type": "Point", "coordinates": [-113.60537054376262, 53.26874759668156]}, "properties": {"id": "leduc-22259", "species_group": "crabapple", "scientific_name": "Malus x adstringens Spring Snow", "common_name": null, "subtype_name": "Malus x adstringens Spring Snow", "zip_code": null, "ownership": "public", "ownership_raw": "City of Leduc", "city": "Leduc", "source_dataset": "Trees", "source_department": "City of Leduc", "source_last_edit_at": ""}}, {"type": "Feature", "geometry": {"type": "Point", "coordinates": [-113.58087737222351, 53.24898555691224]}, "properties": {"id": "leduc-22296", "species_group": "crabapple", "scientific_name": "Malus x adstringens Royalty", "common_name": null, "subtype_name": "Malus x adstringens Royalty", "zip_code": null, "ownership": "public", "ownership_raw": "City of Leduc", "city": "Leduc", "source_dataset": "Trees", "source_department": "City of Leduc", "source_last_edit_at": ""}}, {"type": "Feature", "geometry": {"type": "Point", "coordinates": [-113.58087411002542, 53.249279664793136]}, "properties": {"id": "leduc-22297", "species_group": "crabapple", "scientific_name": "Malus x adstringens Royalty", "common_name": null, "subtype_name": "Malus x adstringens Royalty", "zip_code": null, "ownership": "public", "ownership_raw": "City of Leduc", "city": "Leduc", "source_dataset": "Trees", "source_department": "City of Leduc", "source_last_edit_at": ""}}, {"type": "Feature", "geometry": {"type": "Point", "coordinates": [-113.58087603966212, 53.24923475923056]}, "properties": {"id": "leduc-22298", "species_group": "crabapple", "scientific_name": "Malus x adstringens Royalty", "common_name": null, "subtype_name": "Malus x adstringens Royalty", "zip_code": null, "ownership": "public", "ownership_raw": "City of Leduc", "city": "Leduc", "source_dataset": "Trees", "source_department": "City of Leduc", "source_last_edit_at": ""}}, {"type": "Feature", "geometry": {"type": "Point", "coordinates": [-113.58087478950513, 53.24902646032363]}, "properties": {"id": "leduc-22299", "species_group": "crabapple", "scientific_name": "Malus x adstringens Royalty", "common_name": null, "subtype_name": "Malus x adstringens Royalty", "zip_code": null, "ownership": "public", "ownership_raw": "City of Leduc", "city": "Leduc", "source_dataset": "Trees", "source_department": "City of Leduc", "source_last_edit_at": ""}}, {"type": "Feature", "geometry": {"type": "Point", "coordinates": [-113.58087827541571, 53.24908447544922]}, "properties": {"id": "leduc-22300", "species_group": "crabapple", "scientific_name": "Malus x adstringens Royalty", "common_name": null, "subtype_name": "Malus x adstringens Royalty", "zip_code": null, "ownership": "public", "ownership_raw": "City of Leduc", "city": "Leduc", "source_dataset": "Trees", "source_department": "City of Leduc", "source_last_edit_at": ""}}, {"type": "Feature", "geometry": {"type": "Point", "coordinates": [-113.58087712661448, 53.24919206585856]}, "properties": {"id": "leduc-22301", "species_group": "crabapple", "scientific_name": "Malus x adstringens Royalty", "common_name": null, "subtype_name": "Malus x adstringens Royalty", "zip_code": null, "ownership": "public", "ownership_raw": "City of Leduc", "city": "Leduc", "source_dataset": "Trees", "source_department": "City of Leduc", "source_last_edit_at": ""}}, {"type": "Feature", "geometry": {"type": "Point", "coordinates": [-113.58087129878602, 53.24937124004186]}, "properties": {"id": "leduc-22302", "species_group": "crabapple", "scientific_name": "Malus x adstringens Royalty", "common_name": null, "subtype_name": "Malus x adstringens Royalty", "zip_code": null, "ownership": "public", "ownership_raw": "City of Leduc", "city": "Leduc", "source_dataset": "Trees", "source_department": "City of Leduc", "source_last_edit_at": ""}}, {"type": "Feature", "geometry": {"type": "Point", "coordinates": [-113.58106720034243, 53.24980689839486]}, "properties": {"id": "leduc-22303", "species_group": "crabapple", "scientific_name": "Malus x adstringens Royalty", "common_name": null, "subtype_name": "Malus x adstringens Royalty", "zip_code": null, "ownership": "public", "ownership_raw": "City of Leduc", "city": "Leduc", "source_dataset": "Trees", "source_department": "City of Leduc", "source_last_edit_at": ""}}, {"type": "Feature", "geometry": {"type": "Point", "coordinates": [-113.58106858072058, 53.24904942417566]}, "properties": {"id": "leduc-22304", "species_group": "crabapple", "scientific_name": "Malus x adstringens Royalty", "common_name": null, "subtype_name": "Malus x adstringens Royalty", "zip_code": null, "ownership": "public", "ownership_raw": "City of Leduc", "city": "Leduc", "source_dataset": "Trees", "source_department": "City of Leduc", "source_last_edit_at": ""}}, {"type": "Feature", "geometry": {"type": "Point", "coordinates": [-113.52636365408104, 53.25558187039013]}, "properties": {"id": "leduc-22522", "species_group": "crabapple", "scientific_name": "Malus x adstringens Spring Snow", "common_name": null, "subtype_name": "Malus x adstringens Spring Snow", "zip_code": null, "ownership": "public", "ownership_raw": "City of Leduc", "city": "Leduc", "source_dataset": "Trees", "source_department": "City of Leduc", "source_last_edit_at": ""}}, {"type": "Feature", "geometry": {"type": "Point", "coordinates": [-113.52647849397675, 53.255639018341526]}, "properties": {"id": "leduc-22523", "species_group": "crabapple", "scientific_name": "Malus x adstringens Spring Snow", "common_name": null, "subtype_name": "Malus x adstringens Spring Snow", "zip_code": null, "ownership": "public", "ownership_raw": "City of Leduc", "city": "Leduc", "source_dataset": "Trees", "source_department": "City of Leduc", "source_last_edit_at": ""}}, {"type": "Feature", "geometry": {"type": "Point", "coordinates": [-113.52658381121013, 53.25569357712257]}, "properties": {"id": "leduc-22524", "species_group": "crabapple", "scientific_name": "Malus x adstringens Spring Snow", "common_name": null, "subtype_name": "Malus x adstringens Spring Snow", "zip_code": null, "ownership": "public", "ownership_raw": "City of Leduc", "city": "Leduc", "source_dataset": "Trees", "source_department": "City of Leduc", "source_last_edit_at": ""}}, {"type": "Feature", "geometry": {"type": "Point", "coordinates": [-113.526927535859, 53.25586398070906]}, "properties": {"id": "leduc-22525", "species_group": "crabapple", "scientific_name": "Malus x adstringens Spring Snow", "common_name": null, "subtype_name": "Malus x adstringens Spring Snow", "zip_code": null, "ownership": "public", "ownership_raw": "City of Leduc", "city": "Leduc", "source_dataset": "Trees", "source_department": "City of Leduc", "source_last_edit_at": ""}}, {"type": "Feature", "geometry": {"type": "Point", "coordinates": [-113.58155958222854, 53.263157462004635]}, "properties": {"id": "leduc-22527", "species_group": "crabapple", "scientific_name": "Malus spp", "common_name": null, "subtype_name": "Malus spp", "zip_code": null, "ownership": "public", "ownership_raw": "City of Leduc", "city": "Leduc", "source_dataset": "Trees", "source_department": "City of Leduc", "source_last_edit_at": ""}}, {"type": "Feature", "geometry": {"type": "Point", "coordinates": [-113.58149594689849, 53.26315718655483]}, "properties": {"id": "leduc-22528", "species_group": "crabapple", "scientific_name": "Malus spp", "common_name": null, "subtype_name": "Malus spp", "zip_code": null, "ownership": "public", "ownership_raw": "City of Leduc", "city": "Leduc", "source_dataset": "Trees", "source_department": "City of Leduc", "source_last_edit_at": ""}}, {"type": "Feature", "geometry": {"type": "Point", "coordinates": [-113.58141665967644, 53.263154933935645]}, "properties": {"id": "leduc-22529", "species_group": "crabapple", "scientific_name": "Malus spp", "common_name": null, "subtype_name": "Malus spp", "zip_code": null, "ownership": "public", "ownership_raw": "City of Leduc", "city": "Leduc", "source_dataset": "Trees", "source_department": "City of Leduc", "source_last_edit_at": ""}}, {"type": "Feature", "geometry": {"type": "Point", "coordinates": [-113.58136683921258, 53.263153518011364]}, "properties": {"id": "leduc-22530", "species_group": "crabapple", "scientific_name": "Malus spp", "common_name": null, "subtype_name": "Malus spp", "zip_code": null, "ownership": "public", "ownership_raw": "City of Leduc", "city": "Leduc", "source_dataset": "Trees", "source_department": "City of Leduc", "source_last_edit_at": ""}}, {"type": "Feature", "geometry": {"type": "Point", "coordinates": [-113.58133030189921, 53.2631242243602]}, "properties": {"id": "leduc-22531", "species_group": "crabapple", "scientific_name": "Malus spp", "common_name": null, "subtype_name": "Malus spp", "zip_code": null, "ownership": "public", "ownership_raw": "City of Leduc", "city": "Leduc", "source_dataset": "Trees", "source_department": "City of Leduc", "source_last_edit_at": ""}}, {"type": "Feature", "geometry": {"type": "Point", "coordinates": [-113.58138311531012, 53.26312518710888]}, "properties": {"id": "leduc-22532", "species_group": "crabapple", "scientific_name": "Malus spp", "common_name": null, "subtype_name": "Malus spp", "zip_code": null, "ownership": "public", "ownership_raw": "City of Leduc", "city": "Leduc", "source_dataset": "Trees", "source_department": "City of Leduc", "source_last_edit_at": ""}}, {"type": "Feature", "geometry": {"type": "Point", "coordinates": [-113.58142829691684, 53.2631246196191]}, "properties": {"id": "leduc-22533", "species_group": "crabapple", "scientific_name": "Malus spp", "common_name": null, "subtype_name": "Malus spp", "zip_code": null, "ownership": "public", "ownership_raw": "City of Leduc", "city": "Leduc", "source_dataset": "Trees", "source_department": "City of Leduc", "source_last_edit_at": ""}}, {"type": "Feature", "geometry": {"type": "Point", "coordinates": [-113.58147946033851, 53.26312587308434]}, "properties": {"id": "leduc-22534", "species_group": "crabapple", "scientific_name": "Malus spp", "common_name": null, "subtype_name": "Malus spp", "zip_code": null, "ownership": "public", "ownership_raw": "City of Leduc", "city": "Leduc", "source_dataset": "Trees", "source_department": "City of Leduc", "source_last_edit_at": ""}}, {"type": "Feature", "geometry": {"type": "Point", "coordinates": [-113.53991011351575, 53.256545319679326]}, "properties": {"id": "leduc-22547", "species_group": "crabapple", "scientific_name": "Malus spp", "common_name": null, "subtype_name": "Malus spp", "zip_code": null, "ownership": "public", "ownership_raw": "City of Leduc", "city": "Leduc", "source_dataset": "Trees", "source_department": "City of Leduc", "source_last_edit_at": ""}}, {"type": "Feature", "geometry": {"type": "Point", "coordinates": [-113.56055031782421, 53.26542664666735]}, "properties": {"id": "leduc-22554", "species_group": "crabapple", "scientific_name": "Malus spp", "common_name": null, "subtype_name": "Malus spp", "zip_code": null, "ownership": "public", "ownership_raw": "City of Leduc", "city": "Leduc", "source_dataset": "Trees", "source_department": "City of Leduc", "source_last_edit_at": ""}}, {"type": "Feature", "geometry": {"type": "Point", "coordinates": [-113.56094117698544, 53.26548464871427]}, "properties": {"id": "leduc-22559", "species_group": "crabapple", "scientific_name": "Malus spp", "common_name": null, "subtype_name": "Malus spp", "zip_code": null, "ownership": "public", "ownership_raw": "City of Leduc", "city": "Leduc", "source_dataset": "Trees", "source_department": "City of Leduc", "source_last_edit_at": ""}}, {"type": "Feature", "geometry": {"type": "Point", "coordinates": [-113.56080566636919, 53.265679233753254]}, "properties": {"id": "leduc-22568", "species_group": "crabapple", "scientific_name": "Malus spp", "common_name": null, "subtype_name": "Malus spp", "zip_code": null, "ownership": "public", "ownership_raw": "City of Leduc", "city": "Leduc", "source_dataset": "Trees", "source_department": "City of Leduc", "source_last_edit_at": ""}}, {"type": "Feature", "geometry": {"type": "Point", "coordinates": [-113.52621106667102, 53.26274138338939]}, "properties": {"id": "leduc-22587", "species_group": "crabapple", "scientific_name": "Malus x adstringens Thunderchild", "common_name": null, "subtype_name": "Malus x adstringens Thunderchild", "zip_code": null, "ownership": "public", "ownership_raw": "City of Leduc", "city": "Leduc", "source_dataset": "Trees", "source_department": "City of Leduc", "source_last_edit_at": ""}}, {"type": "Feature", "geometry": {"type": "Point", "coordinates": [-113.52607053327316, 53.262733001324285]}, "properties": {"id": "leduc-22588", "species_group": "crabapple", "scientific_name": "Malus x adstringens Thunderchild", "common_name": null, "subtype_name": "Malus x adstringens Thunderchild", "zip_code": null, "ownership": "public", "ownership_raw": "City of Leduc", "city": "Leduc", "source_dataset": "Trees", "source_department": "City of Leduc", "source_last_edit_at": ""}}, {"type": "Feature", "geometry": {"type": "Point", "coordinates": [-113.5266655835889, 53.262686399732665]}, "properties": {"id": "leduc-22591", "species_group": "crabapple", "scientific_name": "Malus x adstringens Thunderchild", "common_name": null, "subtype_name": "Malus x adstringens Thunderchild", "zip_code": null, "ownership": "public", "ownership_raw": "City of Leduc", "city": "Leduc", "source_dataset": "Trees", "source_department": "City of Leduc", "source_last_edit_at": ""}}, {"type": "Feature", "geometry": {"type": "Point", "coordinates": [-113.54033830913478, 53.24760475885166]}, "properties": {"id": "leduc-22600", "species_group": "crabapple", "scientific_name": "Malus x adstringens Royalty", "common_name": null, "subtype_name": "Malus x adstringens Royalty", "zip_code": null, "ownership": "public", "ownership_raw": "City of Leduc", "city": "Leduc", "source_dataset": "Trees", "source_department": "City of Leduc", "source_last_edit_at": ""}}, {"type": "Feature", "geometry": {"type": "Point", "coordinates": [-113.58245201209229, 53.2683438422634]}, "properties": {"id": "leduc-22601", "species_group": "crabapple", "scientific_name": "Malus spp", "common_name": null, "subtype_name": "Malus spp", "zip_code": null, "ownership": "public", "ownership_raw": "City of Leduc", "city": "Leduc", "source_dataset": "Trees", "source_department": "City of Leduc", "source_last_edit_at": ""}}, {"type": "Feature", "geometry": {"type": "Point", "coordinates": [-113.58251990778915, 53.268372881377836]}, "properties": {"id": "leduc-22602", "species_group": "crabapple", "scientific_name": "Malus spp", "common_name": null, "subtype_name": "Malus spp", "zip_code": null, "ownership": "public", "ownership_raw": "City of Leduc", "city": "Leduc", "source_dataset": "Trees", "source_department": "City of Leduc", "source_last_edit_at": ""}}, {"type": "Feature", "geometry": {"type": "Point", "coordinates": [-113.58291552734262, 53.26854405380665]}, "properties": {"id": "leduc-22603", "species_group": "crabapple", "scientific_name": "Malus spp", "common_name": null, "subtype_name": "Malus spp", "zip_code": null, "ownership": "public", "ownership_raw": "City of Leduc", "city": "Leduc", "source_dataset": "Trees", "source_department": "City of Leduc", "source_last_edit_at": ""}}, {"type": "Feature", "geometry": {"type": "Point", "coordinates": [-113.60870688496557, 53.26784592121029]}, "properties": {"id": "leduc-22606", "species_group": "crabapple", "scientific_name": "Malus x adstringens Thunderchild", "common_name": null, "subtype_name": "Malus x adstringens Thunderchild", "zip_code": null, "ownership": "public", "ownership_raw": "City of Leduc", "city": "Leduc", "source_dataset": "Trees", "source_department": "City of Leduc", "source_last_edit_at": ""}}, {"type": "Feature", "geometry": {"type": "Point", "coordinates": [-113.60848178187152, 53.26780014437173]}, "properties": {"id": "leduc-22607", "species_group": "crabapple", "scientific_name": "Malus x adstringens Thunderchild", "common_name": null, "subtype_name": "Malus x adstringens Thunderchild", "zip_code": null, "ownership": "public", "ownership_raw": "City of Leduc", "city": "Leduc", "source_dataset": "Trees", "source_department": "City of Leduc", "source_last_edit_at": ""}}, {"type": "Feature", "geometry": {"type": "Point", "coordinates": [-113.60863400659164, 53.26783377328536]}, "properties": {"id": "leduc-22608", "species_group": "crabapple", "scientific_name": "Malus x adstringens Thunderchild", "common_name": null, "subtype_name": "Malus x adstringens Thunderchild", "zip_code": null, "ownership": "public", "ownership_raw": "City of Leduc", "city": "Leduc", "source_dataset": "Trees", "source_department": "City of Leduc", "source_last_edit_at": ""}}, {"type": "Feature", "geometry": {"type": "Point", "coordinates": [-113.60842066130985, 53.26778471355135]}, "properties": {"id": "leduc-22609", "species_group": "crabapple", "scientific_name": "Malus x adstringens Thunderchild", "common_name": null, "subtype_name": "Malus x adstringens Thunderchild", "zip_code": null, "ownership": "public", "ownership_raw": "City of Leduc", "city": "Leduc", "source_dataset": "Trees", "source_department": "City of Leduc", "source_last_edit_at": ""}}, {"type": "Feature", "geometry": {"type": "Point", "coordinates": [-113.60823401488692, 53.2677422841414]}, "properties": {"id": "leduc-22610", "species_group": "crabapple", "scientific_name": "Malus x adstringens Thunderchild", "common_name": null, "subtype_name": "Malus x adstringens Thunderchild", "zip_code": null, "ownership": "public", "ownership_raw": "City of Leduc", "city": "Leduc", "source_dataset": "Trees", "source_department": "City of Leduc", "source_last_edit_at": ""}}, {"type": "Feature", "geometry": {"type": "Point", "coordinates": [-113.60813105214321, 53.26772484293468]}, "properties": {"id": "leduc-22611", "species_group": "crabapple", "scientific_name": "Malus x adstringens Thunderchild", "common_name": null, "subtype_name": "Malus x adstringens Thunderchild", "zip_code": null, "ownership": "public", "ownership_raw": "City of Leduc", "city": "Leduc", "source_dataset": "Trees", "source_department": "City of Leduc", "source_last_edit_at": ""}}, {"type": "Feature", "geometry": {"type": "Point", "coordinates": [-113.60517260726431, 53.26825121914377]}, "properties": {"id": "leduc-22616", "species_group": "crabapple", "scientific_name": "Malus x adstringens Spring Snow", "common_name": null, "subtype_name": "Malus x adstringens Spring Snow", "zip_code": null, "ownership": "public", "ownership_raw": "City of Leduc", "city": "Leduc", "source_dataset": "Trees", "source_department": "City of Leduc", "source_last_edit_at": ""}}, {"type": "Feature", "geometry": {"type": "Point", "coordinates": [-113.60520205661943, 53.26828642915731]}, "properties": {"id": "leduc-22617", "species_group": "crabapple", "scientific_name": "Malus x adstringens Spring Snow", "common_name": null, "subtype_name": "Malus x adstringens Spring Snow", "zip_code": null, "ownership": "public", "ownership_raw": "City of Leduc", "city": "Leduc", "source_dataset": "Trees", "source_department": "City of Leduc", "source_last_edit_at": ""}}, {"type": "Feature", "geometry": {"type": "Point", "coordinates": [-113.6053550484203, 53.26870548821516]}, "properties": {"id": "leduc-22623", "species_group": "crabapple", "scientific_name": "Malus x adstringens Spring Snow", "common_name": null, "subtype_name": "Malus x adstringens Spring Snow", "zip_code": null, "ownership": "public", "ownership_raw": "City of Leduc", "city": "Leduc", "source_dataset": "Trees", "source_department": "City of Leduc", "source_last_edit_at": ""}}, {"type": "Feature", "geometry": {"type": "Point", "coordinates": [-113.60536064079938, 53.26879521422099]}, "properties": {"id": "leduc-22624", "species_group": "crabapple", "scientific_name": "Malus x adstringens Spring Snow", "common_name": null, "subtype_name": "Malus x adstringens Spring Snow", "zip_code": null, "ownership": "public", "ownership_raw": "City of Leduc", "city": "Leduc", "source_dataset": "Trees", "source_department": "City of Leduc", "source_last_edit_at": ""}}, {"type": "Feature", "geometry": {"type": "Point", "coordinates": [-113.60856722789268, 53.26829326616256]}, "properties": {"id": "leduc-22659", "species_group": "crabapple", "scientific_name": "Malus x adstringens Spring Snow", "common_name": null, "subtype_name": "Malus x adstringens Spring Snow", "zip_code": null, "ownership": "public", "ownership_raw": "City of Leduc", "city": "Leduc", "source_dataset": "Trees", "source_department": "City of Leduc", "source_last_edit_at": ""}}, {"type": "Feature", "geometry": {"type": "Point", "coordinates": [-113.60859582994433, 53.268360997876826]}, "properties": {"id": "leduc-22660", "species_group": "crabapple", "scientific_name": "Malus x adstringens Spring Snow", "common_name": null, "subtype_name": "Malus x adstringens Spring Snow", "zip_code": null, "ownership": "public", "ownership_raw": "City of Leduc", "city": "Leduc", "source_dataset": "Trees", "source_department": "City of Leduc", "source_last_edit_at": ""}}, {"type": "Feature", "geometry": {"type": "Point", "coordinates": [-113.60862857710423, 53.26839864688369]}, "properties": {"id": "leduc-22661", "species_group": "crabapple", "scientific_name": "Malus x adstringens Spring Snow", "common_name": null, "subtype_name": "Malus x adstringens Spring Snow", "zip_code": null, "ownership": "public", "ownership_raw": "City of Leduc", "city": "Leduc", "source_dataset": "Trees", "source_department": "City of Leduc", "source_last_edit_at": ""}}, {"type": "Feature", "geometry": {"type": "Point", "coordinates": [-113.60867260287239, 53.26843264218588]}, "properties": {"id": "leduc-22662", "species_group": "crabapple", "scientific_name": "Malus x adstringens Spring Snow", "common_name": null, "subtype_name": "Malus x adstringens Spring Snow", "zip_code": null, "ownership": "public", "ownership_raw": "City of Leduc", "city": "Leduc", "source_dataset": "Trees", "source_department": "City of Leduc", "source_last_edit_at": ""}}, {"type": "Feature", "geometry": {"type": "Point", "coordinates": [-113.60522068029377, 53.2697182188719]}, "properties": {"id": "leduc-22702", "species_group": "crabapple", "scientific_name": "Malus x adstringens Spring Snow", "common_name": null, "subtype_name": "Malus x adstringens Spring Snow", "zip_code": null, "ownership": "public", "ownership_raw": "City of Leduc", "city": "Leduc", "source_dataset": "Trees", "source_department": "City of Leduc", "source_last_edit_at": ""}}, {"type": "Feature", "geometry": {"type": "Point", "coordinates": [-113.60531973301988, 53.269657826649244]}, "properties": {"id": "leduc-22703", "species_group": "crabapple", "scientific_name": "Malus x adstringens Spring Snow", "common_name": null, "subtype_name": "Malus x adstringens Spring Snow", "zip_code": null, "ownership": "public", "ownership_raw": "City of Leduc", "city": "Leduc", "source_dataset": "Trees", "source_department": "City of Leduc", "source_last_edit_at": ""}}, {"type": "Feature", "geometry": {"type": "Point", "coordinates": [-113.60528099331056, 53.26969292774851]}, "properties": {"id": "leduc-22704", "species_group": "crabapple", "scientific_name": "Malus x adstringens Spring Snow", "common_name": null, "subtype_name": "Malus x adstringens Spring Snow", "zip_code": null, "ownership": "public", "ownership_raw": "City of Leduc", "city": "Leduc", "source_dataset": "Trees", "source_department": "City of Leduc", "source_last_edit_at": ""}}, {"type": "Feature", "geometry": {"type": "Point", "coordinates": [-113.60536273348109, 53.26936186847582]}, "properties": {"id": "leduc-22708", "species_group": "crabapple", "scientific_name": "Malus x adstringens Spring Snow", "common_name": null, "subtype_name": "Malus x adstringens Spring Snow", "zip_code": null, "ownership": "public", "ownership_raw": "City of Leduc", "city": "Leduc", "source_dataset": "Trees", "source_department": "City of Leduc", "source_last_edit_at": ""}}, {"type": "Feature", "geometry": {"type": "Point", "coordinates": [-113.60533009134477, 53.26932558036002]}, "properties": {"id": "leduc-22709", "species_group": "crabapple", "scientific_name": "Malus x adstringens Spring Snow", "common_name": null, "subtype_name": "Malus x adstringens Spring Snow", "zip_code": null, "ownership": "public", "ownership_raw": "City of Leduc", "city": "Leduc", "source_dataset": "Trees", "source_department": "City of Leduc", "source_last_edit_at": ""}}, {"type": "Feature", "geometry": {"type": "Point", "coordinates": [-113.60531683847974, 53.269284919832415]}, "properties": {"id": "leduc-22710", "species_group": "crabapple", "scientific_name": "Malus x adstringens Spring Snow", "common_name": null, "subtype_name": "Malus x adstringens Spring Snow", "zip_code": null, "ownership": "public", "ownership_raw": "City of Leduc", "city": "Leduc", "source_dataset": "Trees", "source_department": "City of Leduc", "source_last_edit_at": ""}}, {"type": "Feature", "geometry": {"type": "Point", "coordinates": [-113.60843760188799, 53.26765497789743]}, "properties": {"id": "leduc-22736", "species_group": "crabapple", "scientific_name": "Malus x adstringens Thunderchild", "common_name": null, "subtype_name": "Malus x adstringens Thunderchild", "zip_code": null, "ownership": "public", "ownership_raw": "City of Leduc", "city": "Leduc", "source_dataset": "Trees", "source_department": "City of Leduc", "source_last_edit_at": ""}}, {"type": "Feature", "geometry": {"type": "Point", "coordinates": [-113.60851326456918, 53.26766896920583]}, "properties": {"id": "leduc-22737", "species_group": "crabapple", "scientific_name": "Malus x adstringens Thunderchild", "common_name": null, "subtype_name": "Malus x adstringens Thunderchild", "zip_code": null, "ownership": "public", "ownership_raw": "City of Leduc", "city": "Leduc", "source_dataset": "Trees", "source_department": "City of Leduc", "source_last_edit_at": ""}}, {"type": "Feature", "geometry": {"type": "Point", "coordinates": [-113.60873913218121, 53.26772041441221]}, "properties": {"id": "leduc-22738", "species_group": "crabapple", "scientific_name": "Malus x adstringens Thunderchild", "common_name": null, "subtype_name": "Malus x adstringens Thunderchild", "zip_code": null, "ownership": "public", "ownership_raw": "City of Leduc", "city": "Leduc", "source_dataset": "Trees", "source_department": "City of Leduc", "source_last_edit_at": ""}}, {"type": "Feature", "geometry": {"type": "Point", "coordinates": [-113.58087736810866, 53.24942308877618]}, "properties": {"id": "leduc-22786", "species_group": "crabapple", "scientific_name": "Malus x adstringens Royalty", "common_name": null, "subtype_name": "Malus x adstringens Royalty", "zip_code": null, "ownership": "public", "ownership_raw": "City of Leduc", "city": "Leduc", "source_dataset": "Trees", "source_department": "City of Leduc", "source_last_edit_at": ""}}, {"type": "Feature", "geometry": {"type": "Point", "coordinates": [-113.58087680701409, 53.249468239085964]}, "properties": {"id": "leduc-22787", "species_group": "crabapple", "scientific_name": "Malus x adstringens Royalty", "common_name": null, "subtype_name": "Malus x adstringens Royalty", "zip_code": null, "ownership": "public", "ownership_raw": "City of Leduc", "city": "Leduc", "source_dataset": "Trees", "source_department": "City of Leduc", "source_last_edit_at": ""}}, {"type": "Feature", "geometry": {"type": "Point", "coordinates": [-113.58087745887588, 53.24956773186245]}, "properties": {"id": "leduc-22788", "species_group": "crabapple", "scientific_name": "Malus x adstringens Royalty", "common_name": null, "subtype_name": "Malus x adstringens Royalty", "zip_code": null, "ownership": "public", "ownership_raw": "City of Leduc", "city": "Leduc", "source_dataset": "Trees", "source_department": "City of Leduc", "source_last_edit_at": ""}}, {"type": "Feature", "geometry": {"type": "Point", "coordinates": [-113.5808778181205, 53.24962372842417]}, "properties": {"id": "leduc-22789", "species_group": "crabapple", "scientific_name": "Malus x adstringens Royalty", "common_name": null, "subtype_name": "Malus x adstringens Royalty", "zip_code": null, "ownership": "public", "ownership_raw": "City of Leduc", "city": "Leduc", "source_dataset": "Trees", "source_department": "City of Leduc", "source_last_edit_at": ""}}, {"type": "Feature", "geometry": {"type": "Point", "coordinates": [-113.58087897759403, 53.249670512222146]}, "properties": {"id": "leduc-22790", "species_group": "crabapple", "scientific_name": "Malus x adstringens Royalty", "common_name": null, "subtype_name": "Malus x adstringens Royalty", "zip_code": null, "ownership": "public", "ownership_raw": "City of Leduc", "city": "Leduc", "source_dataset": "Trees", "source_department": "City of Leduc", "source_last_edit_at": ""}}, {"type": "Feature", "geometry": {"type": "Point", "coordinates": [-113.58087618206403, 53.249723528578414]}, "properties": {"id": "leduc-22791", "species_group": "crabapple", "scientific_name": "Malus x adstringens Royalty", "common_name": null, "subtype_name": "Malus x adstringens Royalty", "zip_code": null, "ownership": "public", "ownership_raw": "City of Leduc", "city": "Leduc", "source_dataset": "Trees", "source_department": "City of Leduc", "source_last_edit_at": ""}}, {"type": "Feature", "geometry": {"type": "Point", "coordinates": [-113.58087274562426, 53.249784325821565]}, "properties": {"id": "leduc-22792", "species_group": "crabapple", "scientific_name": "Malus x adstringens Royalty", "common_name": null, "subtype_name": "Malus x adstringens Royalty", "zip_code": null, "ownership": "public", "ownership_raw": "City of Leduc", "city": "Leduc", "source_dataset": "Trees", "source_department": "City of Leduc", "source_last_edit_at": ""}}, {"type": "Feature", "geometry": {"type": "Point", "coordinates": [-113.58087719001723, 53.24982353303126]}, "properties": {"id": "leduc-22793", "species_group": "crabapple", "scientific_name": "Malus x adstringens Royalty", "common_name": null, "subtype_name": "Malus x adstringens Royalty", "zip_code": null, "ownership": "public", "ownership_raw": "City of Leduc", "city": "Leduc", "source_dataset": "Trees", "source_department": "City of Leduc", "source_last_edit_at": ""}}, {"type": "Feature", "geometry": {"type": "Point", "coordinates": [-113.5810700775147, 53.24985854718346]}, "properties": {"id": "leduc-22794", "species_group": "crabapple", "scientific_name": "Malus x adstringens Royalty", "common_name": null, "subtype_name": "Malus x adstringens Royalty", "zip_code": null, "ownership": "public", "ownership_raw": "City of Leduc", "city": "Leduc", "source_dataset": "Trees", "source_department": "City of Leduc", "source_last_edit_at": ""}}, {"type": "Feature", "geometry": {"type": "Point", "coordinates": [-113.58107099132742, 53.24923626578003]}, "properties": {"id": "leduc-22795", "species_group": "crabapple", "scientific_name": "Malus x adstringens Royalty", "common_name": null, "subtype_name": "Malus x adstringens Royalty", "zip_code": null, "ownership": "public", "ownership_raw": "City of Leduc", "city": "Leduc", "source_dataset": "Trees", "source_department": "City of Leduc", "source_last_edit_at": ""}}, {"type": "Feature", "geometry": {"type": "Point", "coordinates": [-113.58106701824133, 53.24972338513399]}, "properties": {"id": "leduc-22796", "species_group": "crabapple", "scientific_name": "Malus x adstringens Royalty", "common_name": null, "subtype_name": "Malus x adstringens Royalty", "zip_code": null, "ownership": "public", "ownership_raw": "City of Leduc", "city": "Leduc", "source_dataset": "Trees", "source_department": "City of Leduc", "source_last_edit_at": ""}}, {"type": "Feature", "geometry": {"type": "Point", "coordinates": [-113.58065539483219, 53.24995458932232]}, "properties": {"id": "leduc-22797", "species_group": "crabapple", "scientific_name": "Malus x adstringens Royalty", "common_name": null, "subtype_name": "Malus x adstringens Royalty", "zip_code": null, "ownership": "public", "ownership_raw": "City of Leduc", "city": "Leduc", "source_dataset": "Trees", "source_department": "City of Leduc", "source_last_edit_at": ""}}, {"type": "Feature", "geometry": {"type": "Point", "coordinates": [-113.58058889023228, 53.24995279354628]}, "properties": {"id": "leduc-22798", "species_group": "crabapple", "scientific_name": "Malus x adstringens Royalty", "common_name": null, "subtype_name": "Malus x adstringens Royalty", "zip_code": null, "ownership": "public", "ownership_raw": "City of Leduc", "city": "Leduc", "source_dataset": "Trees", "source_department": "City of Leduc", "source_last_edit_at": ""}}, {"type": "Feature", "geometry": {"type": "Point", "coordinates": [-113.58048074353069, 53.24995553763048]}, "properties": {"id": "leduc-22799", "species_group": "crabapple", "scientific_name": "Malus x adstringens Royalty", "common_name": null, "subtype_name": "Malus x adstringens Royalty", "zip_code": null, "ownership": "public", "ownership_raw": "City of Leduc", "city": "Leduc", "source_dataset": "Trees", "source_department": "City of Leduc", "source_last_edit_at": ""}}, {"type": "Feature", "geometry": {"type": "Point", "coordinates": [-113.57966602936328, 53.249379624522305]}, "properties": {"id": "leduc-22800", "species_group": "crabapple", "scientific_name": "Malus x adstringens Royalty", "common_name": null, "subtype_name": "Malus x adstringens Royalty", "zip_code": null, "ownership": "public", "ownership_raw": "City of Leduc", "city": "Leduc", "source_dataset": "Trees", "source_department": "City of Leduc", "source_last_edit_at": ""}}, {"type": "Feature", "geometry": {"type": "Point", "coordinates": [-113.57966200851425, 53.24933049325123]}, "properties": {"id": "leduc-22801", "species_group": "crabapple", "scientific_name": "Malus x adstringens Royalty", "common_name": null, "subtype_name": "Malus x adstringens Royalty", "zip_code": null, "ownership": "public", "ownership_raw": "City of Leduc", "city": "Leduc", "source_dataset": "Trees", "source_department": "City of Leduc", "source_last_edit_at": ""}}, {"type": "Feature", "geometry": {"type": "Point", "coordinates": [-113.57935815796452, 53.25011827496641]}, "properties": {"id": "leduc-22802", "species_group": "crabapple", "scientific_name": "Malus x adstringens Royalty", "common_name": null, "subtype_name": "Malus x adstringens Royalty", "zip_code": null, "ownership": "public", "ownership_raw": "City of Leduc", "city": "Leduc", "source_dataset": "Trees", "source_department": "City of Leduc", "source_last_edit_at": ""}}, {"type": "Feature", "geometry": {"type": "Point", "coordinates": [-113.57933341050806, 53.25013077043894]}, "properties": {"id": "leduc-22803", "species_group": "crabapple", "scientific_name": "Malus x adstringens Royalty", "common_name": null, "subtype_name": "Malus x adstringens Royalty", "zip_code": null, "ownership": "public", "ownership_raw": "City of Leduc", "city": "Leduc", "source_dataset": "Trees", "source_department": "City of Leduc", "source_last_edit_at": ""}}, {"type": "Feature", "geometry": {"type": "Point", "coordinates": [-113.57930848958787, 53.25014490980959]}, "properties": {"id": "leduc-22804", "species_group": "crabapple", "scientific_name": "Malus x adstringens Royalty", "common_name": null, "subtype_name": "Malus x adstringens Royalty", "zip_code": null, "ownership": "public", "ownership_raw": "City of Leduc", "city": "Leduc", "source_dataset": "Trees", "source_department": "City of Leduc", "source_last_edit_at": ""}}, {"type": "Feature", "geometry": {"type": "Point", "coordinates": [-113.57910215010467, 53.250266861484235]}, "properties": {"id": "leduc-22805", "species_group": "crabapple", "scientific_name": "Malus x adstringens Royalty", "common_name": null, "subtype_name": "Malus x adstringens Royalty", "zip_code": null, "ownership": "public", "ownership_raw": "City of Leduc", "city": "Leduc", "source_dataset": "Trees", "source_department": "City of Leduc", "source_last_edit_at": ""}}, {"type": "Feature", "geometry": {"type": "Point", "coordinates": [-113.57907788926639, 53.250280901590315]}, "properties": {"id": "leduc-22806", "species_group": "crabapple", "scientific_name": "Malus x adstringens Royalty", "common_name": null, "subtype_name": "Malus x adstringens Royalty", "zip_code": null, "ownership": "public", "ownership_raw": "City of Leduc", "city": "Leduc", "source_dataset": "Trees", "source_department": "City of Leduc", "source_last_edit_at": ""}}, {"type": "Feature", "geometry": {"type": "Point", "coordinates": [-113.57905558619167, 53.250294690693465]}, "properties": {"id": "leduc-22807", "species_group": "crabapple", "scientific_name": "Malus x adstringens Royalty", "common_name": null, "subtype_name": "Malus x adstringens Royalty", "zip_code": null, "ownership": "public", "ownership_raw": "City of Leduc", "city": "Leduc", "source_dataset": "Trees", "source_department": "City of Leduc", "source_last_edit_at": ""}}, {"type": "Feature", "geometry": {"type": "Point", "coordinates": [-113.57946787172378, 53.24811217686421]}, "properties": {"id": "leduc-22808", "species_group": "crabapple", "scientific_name": "Malus x adstringens Spring Snow", "common_name": null, "subtype_name": "Malus x adstringens Spring Snow", "zip_code": null, "ownership": "public", "ownership_raw": "City of Leduc", "city": "Leduc", "source_dataset": "Trees", "source_department": "City of Leduc", "source_last_edit_at": ""}}, {"type": "Feature", "geometry": {"type": "Point", "coordinates": [-113.57947070648133, 53.24814746846819]}, "properties": {"id": "leduc-22809", "species_group": "crabapple", "scientific_name": "Malus x adstringens Spring Snow", "common_name": null, "subtype_name": "Malus x adstringens Spring Snow", "zip_code": null, "ownership": "public", "ownership_raw": "City of Leduc", "city": "Leduc", "source_dataset": "Trees", "source_department": "City of Leduc", "source_last_edit_at": ""}}, {"type": "Feature", "geometry": {"type": "Point", "coordinates": [-113.57946938809326, 53.24804691380457]}, "properties": {"id": "leduc-22810", "species_group": "crabapple", "scientific_name": "Malus x adstringens Spring Snow", "common_name": null, "subtype_name": "Malus x adstringens Spring Snow", "zip_code": null, "ownership": "public", "ownership_raw": "City of Leduc", "city": "Leduc", "source_dataset": "Trees", "source_department": "City of Leduc", "source_last_edit_at": ""}}, {"type": "Feature", "geometry": {"type": "Point", "coordinates": [-113.57947003924177, 53.24818572312471]}, "properties": {"id": "leduc-22811", "species_group": "crabapple", "scientific_name": "Malus x adstringens Spring Snow", "common_name": null, "subtype_name": "Malus x adstringens Spring Snow", "zip_code": null, "ownership": "public", "ownership_raw": "City of Leduc", "city": "Leduc", "source_dataset": "Trees", "source_department": "City of Leduc", "source_last_edit_at": ""}}, {"type": "Feature", "geometry": {"type": "Point", "coordinates": [-113.57947052390587, 53.2482200305129]}, "properties": {"id": "leduc-22812", "species_group": "crabapple", "scientific_name": "Malus x adstringens Spring Snow", "common_name": null, "subtype_name": "Malus x adstringens Spring Snow", "zip_code": null, "ownership": "public", "ownership_raw": "City of Leduc", "city": "Leduc", "source_dataset": "Trees", "source_department": "City of Leduc", "source_last_edit_at": ""}}, {"type": "Feature", "geometry": {"type": "Point", "coordinates": [-113.57947017689919, 53.247748099957114]}, "properties": {"id": "leduc-22813", "species_group": "crabapple", "scientific_name": "Malus x adstringens Spring Snow", "common_name": null, "subtype_name": "Malus x adstringens Spring Snow", "zip_code": null, "ownership": "public", "ownership_raw": "City of Leduc", "city": "Leduc", "source_dataset": "Trees", "source_department": "City of Leduc", "source_last_edit_at": ""}}, {"type": "Feature", "geometry": {"type": "Point", "coordinates": [-113.57947163179104, 53.24792733396098]}, "properties": {"id": "leduc-22814", "species_group": "crabapple", "scientific_name": "Malus x adstringens Spring Snow", "common_name": null, "subtype_name": "Malus x adstringens Spring Snow", "zip_code": null, "ownership": "public", "ownership_raw": "City of Leduc", "city": "Leduc", "source_dataset": "Trees", "source_department": "City of Leduc", "source_last_edit_at": ""}}, {"type": "Feature", "geometry": {"type": "Point", "coordinates": [-113.58106565797446, 53.24928897397874]}, "properties": {"id": "leduc-22902", "species_group": "crabapple", "scientific_name": "Malus x adstringens Royalty", "common_name": null, "subtype_name": "Malus x adstringens Royalty", "zip_code": null, "ownership": "public", "ownership_raw": "City of Leduc", "city": "Leduc", "source_dataset": "Trees", "source_department": "City of Leduc", "source_last_edit_at": ""}}, {"type": "Feature", "geometry": {"type": "Point", "coordinates": [-113.58106467543173, 53.249191078722035]}, "properties": {"id": "leduc-22903", "species_group": "crabapple", "scientific_name": "Malus x adstringens Royalty", "common_name": null, "subtype_name": "Malus x adstringens Royalty", "zip_code": null, "ownership": "public", "ownership_raw": "City of Leduc", "city": "Leduc", "source_dataset": "Trees", "source_department": "City of Leduc", "source_last_edit_at": ""}}, {"type": "Feature", "geometry": {"type": "Point", "coordinates": [-113.58106621835024, 53.249099692217996]}, "properties": {"id": "leduc-22904", "species_group": "crabapple", "scientific_name": "Malus x adstringens Royalty", "common_name": null, "subtype_name": "Malus x adstringens Royalty", "zip_code": null, "ownership": "public", "ownership_raw": "City of Leduc", "city": "Leduc", "source_dataset": "Trees", "source_department": "City of Leduc", "source_last_edit_at": ""}}, {"type": "Feature", "geometry": {"type": "Point", "coordinates": [-113.58106614662103, 53.24900211827806]}, "properties": {"id": "leduc-22905", "species_group": "crabapple", "scientific_name": "Malus x adstringens Royalty", "common_name": null, "subtype_name": "Malus x adstringens Royalty", "zip_code": null, "ownership": "public", "ownership_raw": "City of Leduc", "city": "Leduc", "source_dataset": "Trees", "source_department": "City of Leduc", "source_last_edit_at": ""}}, {"type": "Feature", "geometry": {"type": "Point", "coordinates": [-113.58106619001937, 53.24933497465234]}, "properties": {"id": "leduc-22906", "species_group": "crabapple", "scientific_name": "Malus x adstringens Royalty", "common_name": null, "subtype_name": "Malus x adstringens Royalty", "zip_code": null, "ownership": "public", "ownership_raw": "City of Leduc", "city": "Leduc", "source_dataset": "Trees", "source_department": "City of Leduc", "source_last_edit_at": ""}}, {"type": "Feature", "geometry": {"type": "Point", "coordinates": [-113.58106562681284, 53.24937959475696]}, "properties": {"id": "leduc-22907", "species_group": "crabapple", "scientific_name": "Malus x adstringens Royalty", "common_name": null, "subtype_name": "Malus x adstringens Royalty", "zip_code": null, "ownership": "public", "ownership_raw": "City of Leduc", "city": "Leduc", "source_dataset": "Trees", "source_department": "City of Leduc", "source_last_edit_at": ""}}, {"type": "Feature", "geometry": {"type": "Point", "coordinates": [-113.58106485925764, 53.24942856896374]}, "properties": {"id": "leduc-22908", "species_group": "crabapple", "scientific_name": "Malus x adstringens Royalty", "common_name": null, "subtype_name": "Malus x adstringens Royalty", "zip_code": null, "ownership": "public", "ownership_raw": "City of Leduc", "city": "Leduc", "source_dataset": "Trees", "source_department": "City of Leduc", "source_last_edit_at": ""}}, {"type": "Feature", "geometry": {"type": "Point", "coordinates": [-113.58106770268537, 53.249471091924725]}, "properties": {"id": "leduc-22909", "species_group": "crabapple", "scientific_name": "Malus x adstringens Royalty", "common_name": null, "subtype_name": "Malus x adstringens Royalty", "zip_code": null, "ownership": "public", "ownership_raw": "City of Leduc", "city": "Leduc", "source_dataset": "Trees", "source_department": "City of Leduc", "source_last_edit_at": ""}}, {"type": "Feature", "geometry": {"type": "Point", "coordinates": [-113.58107014032268, 53.249518958583735]}, "properties": {"id": "leduc-22910", "species_group": "crabapple", "scientific_name": "Malus x adstringens Royalty", "common_name": null, "subtype_name": "Malus x adstringens Royalty", "zip_code": null, "ownership": "public", "ownership_raw": "City of Leduc", "city": "Leduc", "source_dataset": "Trees", "source_department": "City of Leduc", "source_last_edit_at": ""}}, {"type": "Feature", "geometry": {"type": "Point", "coordinates": [-113.58106633872835, 53.24962422386365]}, "properties": {"id": "leduc-22911", "species_group": "crabapple", "scientific_name": "Malus x adstringens Royalty", "common_name": null, "subtype_name": "Malus x adstringens Royalty", "zip_code": null, "ownership": "public", "ownership_raw": "City of Leduc", "city": "Leduc", "source_dataset": "Trees", "source_department": "City of Leduc", "source_last_edit_at": ""}}, {"type": "Feature", "geometry": {"type": "Point", "coordinates": [-113.58106561156261, 53.249675965129875]}, "properties": {"id": "leduc-22912", "species_group": "crabapple", "scientific_name": "Malus x adstringens Royalty", "common_name": null, "subtype_name": "Malus x adstringens Royalty", "zip_code": null, "ownership": "public", "ownership_raw": "City of Leduc", "city": "Leduc", "source_dataset": "Trees", "source_department": "City of Leduc", "source_last_edit_at": ""}}, {"type": "Feature", "geometry": {"type": "Point", "coordinates": [-113.58040639841393, 53.24995556356908]}, "properties": {"id": "leduc-22913", "species_group": "crabapple", "scientific_name": "Malus x adstringens Royalty", "common_name": null, "subtype_name": "Malus x adstringens Royalty", "zip_code": null, "ownership": "public", "ownership_raw": "City of Leduc", "city": "Leduc", "source_dataset": "Trees", "source_department": "City of Leduc", "source_last_edit_at": ""}}, {"type": "Feature", "geometry": {"type": "Point", "coordinates": [-113.58018785951855, 53.24995518065949]}, "properties": {"id": "leduc-22914", "species_group": "crabapple", "scientific_name": "Malus x adstringens Royalty", "common_name": null, "subtype_name": "Malus x adstringens Royalty", "zip_code": null, "ownership": "public", "ownership_raw": "City of Leduc", "city": "Leduc", "source_dataset": "Trees", "source_department": "City of Leduc", "source_last_edit_at": ""}}, {"type": "Feature", "geometry": {"type": "Point", "coordinates": [-113.58011760844191, 53.24995575283022]}, "properties": {"id": "leduc-22915", "species_group": "crabapple", "scientific_name": "Malus x adstringens Royalty", "common_name": null, "subtype_name": "Malus x adstringens Royalty", "zip_code": null, "ownership": "public", "ownership_raw": "City of Leduc", "city": "Leduc", "source_dataset": "Trees", "source_department": "City of Leduc", "source_last_edit_at": ""}}, {"type": "Feature", "geometry": {"type": "Point", "coordinates": [-113.5800420740662, 53.24995405435201]}, "properties": {"id": "leduc-22916", "species_group": "crabapple", "scientific_name": "Malus x adstringens Royalty", "common_name": null, "subtype_name": "Malus x adstringens Royalty", "zip_code": null, "ownership": "public", "ownership_raw": "City of Leduc", "city": "Leduc", "source_dataset": "Trees", "source_department": "City of Leduc", "source_last_edit_at": ""}}, {"type": "Feature", "geometry": {"type": "Point", "coordinates": [-113.57996556760303, 53.249953394826186]}, "properties": {"id": "leduc-22917", "species_group": "crabapple", "scientific_name": "Malus x adstringens Royalty", "common_name": null, "subtype_name": "Malus x adstringens Royalty", "zip_code": null, "ownership": "public", "ownership_raw": "City of Leduc", "city": "Leduc", "source_dataset": "Trees", "source_department": "City of Leduc", "source_last_edit_at": ""}}, {"type": "Feature", "geometry": {"type": "Point", "coordinates": [-113.57984485491718, 53.24995380162539]}, "properties": {"id": "leduc-22918", "species_group": "crabapple", "scientific_name": "Malus x adstringens Royalty", "common_name": null, "subtype_name": "Malus x adstringens Royalty", "zip_code": null, "ownership": "public", "ownership_raw": "City of Leduc", "city": "Leduc", "source_dataset": "Trees", "source_department": "City of Leduc", "source_last_edit_at": ""}}, {"type": "Feature", "geometry": {"type": "Point", "coordinates": [-113.57966009751208, 53.249815019174854]}, "properties": {"id": "leduc-22919", "species_group": "crabapple", "scientific_name": "Malus x adstringens Royalty", "common_name": null, "subtype_name": "Malus x adstringens Royalty", "zip_code": null, "ownership": "public", "ownership_raw": "City of Leduc", "city": "Leduc", "source_dataset": "Trees", "source_department": "City of Leduc", "source_last_edit_at": ""}}, {"type": "Feature", "geometry": {"type": "Point", "coordinates": [-113.57966351606737, 53.249646611283225]}, "properties": {"id": "leduc-22920", "species_group": "crabapple", "scientific_name": "Malus x adstringens Royalty", "common_name": null, "subtype_name": "Malus x adstringens Royalty", "zip_code": null, "ownership": "public", "ownership_raw": "City of Leduc", "city": "Leduc", "source_dataset": "Trees", "source_department": "City of Leduc", "source_last_edit_at": ""}}, {"type": "Feature", "geometry": {"type": "Point", "coordinates": [-113.57966518150918, 53.24960173446476]}, "properties": {"id": "leduc-22921", "species_group": "crabapple", "scientific_name": "Malus x adstringens Royalty", "common_name": null, "subtype_name": "Malus x adstringens Royalty", "zip_code": null, "ownership": "public", "ownership_raw": "City of Leduc", "city": "Leduc", "source_dataset": "Trees", "source_department": "City of Leduc", "source_last_edit_at": ""}}, {"type": "Feature", "geometry": {"type": "Point", "coordinates": [-113.57966331921021, 53.24955616853075]}, "properties": {"id": "leduc-22922", "species_group": "crabapple", "scientific_name": "Malus x adstringens Royalty", "common_name": null, "subtype_name": "Malus x adstringens Royalty", "zip_code": null, "ownership": "public", "ownership_raw": "City of Leduc", "city": "Leduc", "source_dataset": "Trees", "source_department": "City of Leduc", "source_last_edit_at": ""}}, {"type": "Feature", "geometry": {"type": "Point", "coordinates": [-113.57966147326809, 53.249486461526494]}, "properties": {"id": "leduc-22923", "species_group": "crabapple", "scientific_name": "Malus x adstringens Royalty", "common_name": null, "subtype_name": "Malus x adstringens Royalty", "zip_code": null, "ownership": "public", "ownership_raw": "City of Leduc", "city": "Leduc", "source_dataset": "Trees", "source_department": "City of Leduc", "source_last_edit_at": ""}}, {"type": "Feature", "geometry": {"type": "Point", "coordinates": [-113.57966634846034, 53.24943833305294]}, "properties": {"id": "leduc-22924", "species_group": "crabapple", "scientific_name": "Malus x adstringens Royalty", "common_name": null, "subtype_name": "Malus x adstringens Royalty", "zip_code": null, "ownership": "public", "ownership_raw": "City of Leduc", "city": "Leduc", "source_dataset": "Trees", "source_department": "City of Leduc", "source_last_edit_at": ""}}, {"type": "Feature", "geometry": {"type": "Point", "coordinates": [-113.57966097945734, 53.24904107375789]}, "properties": {"id": "leduc-22925", "species_group": "crabapple", "scientific_name": "Malus x adstringens Royalty", "common_name": null, "subtype_name": "Malus x adstringens Royalty", "zip_code": null, "ownership": "public", "ownership_raw": "City of Leduc", "city": "Leduc", "source_dataset": "Trees", "source_department": "City of Leduc", "source_last_edit_at": ""}}, {"type": "Feature", "geometry": {"type": "Point", "coordinates": [-113.57966499522742, 53.249191160296164]}, "properties": {"id": "leduc-22926", "species_group": "crabapple", "scientific_name": "Malus x adstringens Royalty", "common_name": null, "subtype_name": "Malus x adstringens Royalty", "zip_code": null, "ownership": "public", "ownership_raw": "City of Leduc", "city": "Leduc", "source_dataset": "Trees", "source_department": "City of Leduc", "source_last_edit_at": ""}}, {"type": "Feature", "geometry": {"type": "Point", "coordinates": [-113.5796587228284, 53.249279273430766]}, "properties": {"id": "leduc-22927", "species_group": "crabapple", "scientific_name": "Malus x adstringens Royalty", "common_name": null, "subtype_name": "Malus x adstringens Royalty", "zip_code": null, "ownership": "public", "ownership_raw": "City of Leduc", "city": "Leduc", "source_dataset": "Trees", "source_department": "City of Leduc", "source_last_edit_at": ""}}, {"type": "Feature", "geometry": {"type": "Point", "coordinates": [-113.57946917697788, 53.24788461821227]}, "properties": {"id": "leduc-22928", "species_group": "crabapple", "scientific_name": "Malus x adstringens Spring Snow", "common_name": null, "subtype_name": "Malus x adstringens Spring Snow", "zip_code": null, "ownership": "public", "ownership_raw": "City of Leduc", "city": "Leduc", "source_dataset": "Trees", "source_department": "City of Leduc", "source_last_edit_at": ""}}, {"type": "Feature", "geometry": {"type": "Point", "coordinates": [-113.57947183416186, 53.24783686023853]}, "properties": {"id": "leduc-22929", "species_group": "crabapple", "scientific_name": "Malus x adstringens Spring Snow", "common_name": null, "subtype_name": "Malus x adstringens Spring Snow", "zip_code": null, "ownership": "public", "ownership_raw": "City of Leduc", "city": "Leduc", "source_dataset": "Trees", "source_department": "City of Leduc", "source_last_edit_at": ""}}, {"type": "Feature", "geometry": {"type": "Point", "coordinates": [-113.57946839847928, 53.247793332250986]}, "properties": {"id": "leduc-22930", "species_group": "crabapple", "scientific_name": "Malus x adstringens Spring Snow", "common_name": null, "subtype_name": "Malus x adstringens Spring Snow", "zip_code": null, "ownership": "public", "ownership_raw": "City of Leduc", "city": "Leduc", "source_dataset": "Trees", "source_department": "City of Leduc", "source_last_edit_at": ""}}, {"type": "Feature", "geometry": {"type": "Point", "coordinates": [-113.60751008760158, 53.26589268404354]}, "properties": {"id": "leduc-22972", "species_group": "crabapple", "scientific_name": "Malus x adstringens Spring Snow", "common_name": null, "subtype_name": "Malus x adstringens Spring Snow", "zip_code": null, "ownership": "public", "ownership_raw": "City of Leduc", "city": "Leduc", "source_dataset": "Trees", "source_department": "City of Leduc", "source_last_edit_at": ""}}, {"type": "Feature", "geometry": {"type": "Point", "coordinates": [-113.60764511954343, 53.26577623706137]}, "properties": {"id": "leduc-22973", "species_group": "crabapple", "scientific_name": "Malus x adstringens Spring Snow", "common_name": null, "subtype_name": "Malus x adstringens Spring Snow", "zip_code": null, "ownership": "public", "ownership_raw": "City of Leduc", "city": "Leduc", "source_dataset": "Trees", "source_department": "City of Leduc", "source_last_edit_at": ""}}, {"type": "Feature", "geometry": {"type": "Point", "coordinates": [-113.6077557217937, 53.26589258916496]}, "properties": {"id": "leduc-22974", "species_group": "crabapple", "scientific_name": "Malus x adstringens Spring Snow", "common_name": null, "subtype_name": "Malus x adstringens Spring Snow", "zip_code": null, "ownership": "public", "ownership_raw": "City of Leduc", "city": "Leduc", "source_dataset": "Trees", "source_department": "City of Leduc", "source_last_edit_at": ""}}, {"type": "Feature", "geometry": {"type": "Point", "coordinates": [-113.6080035284085, 53.2657767247701]}, "properties": {"id": "leduc-22976", "species_group": "crabapple", "scientific_name": "Malus x adstringens Spring Snow", "common_name": null, "subtype_name": "Malus x adstringens Spring Snow", "zip_code": null, "ownership": "public", "ownership_raw": "City of Leduc", "city": "Leduc", "source_dataset": "Trees", "source_department": "City of Leduc", "source_last_edit_at": ""}}, {"type": "Feature", "geometry": {"type": "Point", "coordinates": [-113.60825819466038, 53.2657783722533]}, "properties": {"id": "leduc-22978", "species_group": "crabapple", "scientific_name": "Malus x adstringens Spring Snow", "common_name": null, "subtype_name": "Malus x adstringens Spring Snow", "zip_code": null, "ownership": "public", "ownership_raw": "City of Leduc", "city": "Leduc", "source_dataset": "Trees", "source_department": "City of Leduc", "source_last_edit_at": ""}}, {"type": "Feature", "geometry": {"type": "Point", "coordinates": [-113.60843177830783, 53.26589519392047]}, "properties": {"id": "leduc-22979", "species_group": "crabapple", "scientific_name": "Malus x adstringens Spring Snow", "common_name": null, "subtype_name": "Malus x adstringens Spring Snow", "zip_code": null, "ownership": "public", "ownership_raw": "City of Leduc", "city": "Leduc", "source_dataset": "Trees", "source_department": "City of Leduc", "source_last_edit_at": ""}}, {"type": "Feature", "geometry": {"type": "Point", "coordinates": [-113.60856537106764, 53.26589421268493]}, "properties": {"id": "leduc-22980", "species_group": "crabapple", "scientific_name": "Malus x adstringens Spring Snow", "common_name": null, "subtype_name": "Malus x adstringens Spring Snow", "zip_code": null, "ownership": "public", "ownership_raw": "City of Leduc", "city": "Leduc", "source_dataset": "Trees", "source_department": "City of Leduc", "source_last_edit_at": ""}}, {"type": "Feature", "geometry": {"type": "Point", "coordinates": [-113.60853920993632, 53.265775868613474]}, "properties": {"id": "leduc-22981", "species_group": "crabapple", "scientific_name": "Malus x adstringens Spring Snow", "common_name": null, "subtype_name": "Malus x adstringens Spring Snow", "zip_code": null, "ownership": "public", "ownership_raw": "City of Leduc", "city": "Leduc", "source_dataset": "Trees", "source_department": "City of Leduc", "source_last_edit_at": ""}}, {"type": "Feature", "geometry": {"type": "Point", "coordinates": [-113.60877200174366, 53.26589148136729]}, "properties": {"id": "leduc-22982", "species_group": "crabapple", "scientific_name": "Malus x adstringens Spring Snow", "common_name": null, "subtype_name": "Malus x adstringens Spring Snow", "zip_code": null, "ownership": "public", "ownership_raw": "City of Leduc", "city": "Leduc", "source_dataset": "Trees", "source_department": "City of Leduc", "source_last_edit_at": ""}}, {"type": "Feature", "geometry": {"type": "Point", "coordinates": [-113.60890686402757, 53.2657786314536]}, "properties": {"id": "leduc-22983", "species_group": "crabapple", "scientific_name": "Malus x adstringens Spring Snow", "common_name": null, "subtype_name": "Malus x adstringens Spring Snow", "zip_code": null, "ownership": "public", "ownership_raw": "City of Leduc", "city": "Leduc", "source_dataset": "Trees", "source_department": "City of Leduc", "source_last_edit_at": ""}}, {"type": "Feature", "geometry": {"type": "Point", "coordinates": [-113.60893042196015, 53.2658929428003]}, "properties": {"id": "leduc-22984", "species_group": "crabapple", "scientific_name": "Malus x adstringens Spring Snow", "common_name": null, "subtype_name": "Malus x adstringens Spring Snow", "zip_code": null, "ownership": "public", "ownership_raw": "City of Leduc", "city": "Leduc", "source_dataset": "Trees", "source_department": "City of Leduc", "source_last_edit_at": ""}}, {"type": "Feature", "geometry": {"type": "Point", "coordinates": [-113.60926274019174, 53.26576000649989]}, "properties": {"id": "leduc-22985", "species_group": "crabapple", "scientific_name": "Malus x adstringens Spring Snow", "common_name": null, "subtype_name": "Malus x adstringens Spring Snow", "zip_code": null, "ownership": "public", "ownership_raw": "City of Leduc", "city": "Leduc", "source_dataset": "Trees", "source_department": "City of Leduc", "source_last_edit_at": ""}}, {"type": "Feature", "geometry": {"type": "Point", "coordinates": [-113.60946087457032, 53.266146329836985]}, "properties": {"id": "leduc-22987", "species_group": "crabapple", "scientific_name": "Malus x adstringens Spring Snow", "common_name": null, "subtype_name": "Malus x adstringens Spring Snow", "zip_code": null, "ownership": "public", "ownership_raw": "City of Leduc", "city": "Leduc", "source_dataset": "Trees", "source_department": "City of Leduc", "source_last_edit_at": ""}}, {"type": "Feature", "geometry": {"type": "Point", "coordinates": [-113.60945800055038, 53.266291000383475]}, "properties": {"id": "leduc-22988", "species_group": "crabapple", "scientific_name": "Malus x adstringens Spring Snow", "common_name": null, "subtype_name": "Malus x adstringens Spring Snow", "zip_code": null, "ownership": "public", "ownership_raw": "City of Leduc", "city": "Leduc", "source_dataset": "Trees", "source_department": "City of Leduc", "source_last_edit_at": ""}}, {"type": "Feature", "geometry": {"type": "Point", "coordinates": [-113.60945828852873, 53.266517497854736]}, "properties": {"id": "leduc-22989", "species_group": "crabapple", "scientific_name": "Malus x adstringens Spring Snow", "common_name": null, "subtype_name": "Malus x adstringens Spring Snow", "zip_code": null, "ownership": "public", "ownership_raw": "City of Leduc", "city": "Leduc", "source_dataset": "Trees", "source_department": "City of Leduc", "source_last_edit_at": ""}}, {"type": "Feature", "geometry": {"type": "Point", "coordinates": [-113.60945865717929, 53.266667037952395]}, "properties": {"id": "leduc-22990", "species_group": "crabapple", "scientific_name": "Malus x adstringens Spring Snow", "common_name": null, "subtype_name": "Malus x adstringens Spring Snow", "zip_code": null, "ownership": "public", "ownership_raw": "City of Leduc", "city": "Leduc", "source_dataset": "Trees", "source_department": "City of Leduc", "source_last_edit_at": ""}}, {"type": "Feature", "geometry": {"type": "Point", "coordinates": [-113.60904564867877, 53.267543819084786]}, "properties": {"id": "leduc-22999", "species_group": "crabapple", "scientific_name": "Malus x adstringens Spring Snow", "common_name": null, "subtype_name": "Malus x adstringens Spring Snow", "zip_code": null, "ownership": "public", "ownership_raw": "City of Leduc", "city": "Leduc", "source_dataset": "Trees", "source_department": "City of Leduc", "source_last_edit_at": ""}}, {"type": "Feature", "geometry": {"type": "Point", "coordinates": [-113.60909445572955, 53.26742560321501]}, "properties": {"id": "leduc-23000", "species_group": "crabapple", "scientific_name": "Malus x adstringens Spring Snow", "common_name": null, "subtype_name": "Malus x adstringens Spring Snow", "zip_code": null, "ownership": "public", "ownership_raw": "City of Leduc", "city": "Leduc", "source_dataset": "Trees", "source_department": "City of Leduc", "source_last_edit_at": ""}}, {"type": "Feature", "geometry": {"type": "Point", "coordinates": [-113.60919148206416, 53.2671388007822]}, "properties": {"id": "leduc-23001", "species_group": "crabapple", "scientific_name": "Malus x adstringens Spring Snow", "common_name": null, "subtype_name": "Malus x adstringens Spring Snow", "zip_code": null, "ownership": "public", "ownership_raw": "City of Leduc", "city": "Leduc", "source_dataset": "Trees", "source_department": "City of Leduc", "source_last_edit_at": ""}}, {"type": "Feature", "geometry": {"type": "Point", "coordinates": [-113.60923322988398, 53.26693739539144]}, "properties": {"id": "leduc-23002", "species_group": "crabapple", "scientific_name": "Malus x adstringens Spring Snow", "common_name": null, "subtype_name": "Malus x adstringens Spring Snow", "zip_code": null, "ownership": "public", "ownership_raw": "City of Leduc", "city": "Leduc", "source_dataset": "Trees", "source_department": "City of Leduc", "source_last_edit_at": ""}}, {"type": "Feature", "geometry": {"type": "Point", "coordinates": [-113.60925180686607, 53.26681873979437]}, "properties": {"id": "leduc-23003", "species_group": "crabapple", "scientific_name": "Malus x adstringens Spring Snow", "common_name": null, "subtype_name": "Malus x adstringens Spring Snow", "zip_code": null, "ownership": "public", "ownership_raw": "City of Leduc", "city": "Leduc", "source_dataset": "Trees", "source_department": "City of Leduc", "source_last_edit_at": ""}}, {"type": "Feature", "geometry": {"type": "Point", "coordinates": [-113.60926702672035, 53.26669591788593]}, "properties": {"id": "leduc-23005", "species_group": "crabapple", "scientific_name": "Malus x adstringens Spring Snow", "common_name": null, "subtype_name": "Malus x adstringens Spring Snow", "zip_code": null, "ownership": "public", "ownership_raw": "City of Leduc", "city": "Leduc", "source_dataset": "Trees", "source_department": "City of Leduc", "source_last_edit_at": ""}}, {"type": "Feature", "geometry": {"type": "Point", "coordinates": [-113.60927104108114, 53.26641258392812]}, "properties": {"id": "leduc-23009", "species_group": "crabapple", "scientific_name": "Malus x adstringens Spring Snow", "common_name": null, "subtype_name": "Malus x adstringens Spring Snow", "zip_code": null, "ownership": "public", "ownership_raw": "City of Leduc", "city": "Leduc", "source_dataset": "Trees", "source_department": "City of Leduc", "source_last_edit_at": ""}}, {"type": "Feature", "geometry": {"type": "Point", "coordinates": [-113.609268623042, 53.266298018422354]}, "properties": {"id": "leduc-23010", "species_group": "crabapple", "scientific_name": "Malus x adstringens Spring Snow", "common_name": null, "subtype_name": "Malus x adstringens Spring Snow", "zip_code": null, "ownership": "public", "ownership_raw": "City of Leduc", "city": "Leduc", "source_dataset": "Trees", "source_department": "City of Leduc", "source_last_edit_at": ""}}, {"type": "Feature", "geometry": {"type": "Point", "coordinates": [-113.60926967670703, 53.2661331081617]}, "properties": {"id": "leduc-23013", "species_group": "crabapple", "scientific_name": "Malus x adstringens Spring Snow", "common_name": null, "subtype_name": "Malus x adstringens Spring Snow", "zip_code": null, "ownership": "public", "ownership_raw": "City of Leduc", "city": "Leduc", "source_dataset": "Trees", "source_department": "City of Leduc", "source_last_edit_at": ""}}, {"type": "Feature", "geometry": {"type": "Point", "coordinates": [-113.60926819315554, 53.26602570337149]}, "properties": {"id": "leduc-23014", "species_group": "crabapple", "scientific_name": "Malus x adstringens Spring Snow", "common_name": null, "subtype_name": "Malus x adstringens Spring Snow", "zip_code": null, "ownership": "public", "ownership_raw": "City of Leduc", "city": "Leduc", "source_dataset": "Trees", "source_department": "City of Leduc", "source_last_edit_at": ""}}, {"type": "Feature", "geometry": {"type": "Point", "coordinates": [-113.58988703595823, 53.26642772740164]}, "properties": {"id": "leduc-2384", "species_group": "crabapple", "scientific_name": "Malus x adstringens Spring Snow", "common_name": null, "subtype_name": "Malus x adstringens Spring Snow", "zip_code": null, "ownership": "public", "ownership_raw": "City of Leduc", "city": "Leduc", "source_dataset": "Trees", "source_department": "City of Leduc", "source_last_edit_at": ""}}, {"type": "Feature", "geometry": {"type": "Point", "coordinates": [-113.58957530116837, 53.266351205080774]}, "properties": {"id": "leduc-2385", "species_group": "crabapple", "scientific_name": "Malus x adstringens Spring Snow", "common_name": null, "subtype_name": "Malus x adstringens Spring Snow", "zip_code": null, "ownership": "public", "ownership_raw": "City of Leduc", "city": "Leduc", "source_dataset": "Trees", "source_department": "City of Leduc", "source_last_edit_at": ""}}, {"type": "Feature", "geometry": {"type": "Point", "coordinates": [-113.58963499475992, 53.26613276704597]}, "properties": {"id": "leduc-2387", "species_group": "crabapple", "scientific_name": "Malus x adstringens Spring Snow", "common_name": null, "subtype_name": "Malus x adstringens Spring Snow", "zip_code": null, "ownership": "public", "ownership_raw": "City of Leduc", "city": "Leduc", "source_dataset": "Trees", "source_department": "City of Leduc", "source_last_edit_at": ""}}, {"type": "Feature", "geometry": {"type": "Point", "coordinates": [-113.58967932638353, 53.26697785993648]}, "properties": {"id": "leduc-2826", "species_group": "crabapple", "scientific_name": "Malus x adstringens Spring Snow", "common_name": null, "subtype_name": "Malus x adstringens Spring Snow", "zip_code": null, "ownership": "public", "ownership_raw": "City of Leduc", "city": "Leduc", "source_dataset": "Trees", "source_department": "City of Leduc", "source_last_edit_at": ""}}, {"type": "Feature", "geometry": {"type": "Point", "coordinates": [-113.58944954375286, 53.26699725247229]}, "properties": {"id": "leduc-2827", "species_group": "crabapple", "scientific_name": "Malus x adstringens Spring Snow", "common_name": null, "subtype_name": "Malus x adstringens Spring Snow", "zip_code": null, "ownership": "public", "ownership_raw": "City of Leduc", "city": "Leduc", "source_dataset": "Trees", "source_department": "City of Leduc", "source_last_edit_at": ""}}, {"type": "Feature", "geometry": {"type": "Point", "coordinates": [-113.58922589939061, 53.266936054163494]}, "properties": {"id": "leduc-2828", "species_group": "crabapple", "scientific_name": "Malus x adstringens Spring Snow", "common_name": null, "subtype_name": "Malus x adstringens Spring Snow", "zip_code": null, "ownership": "public", "ownership_raw": "City of Leduc", "city": "Leduc", "source_dataset": "Trees", "source_department": "City of Leduc", "source_last_edit_at": ""}}, {"type": "Feature", "geometry": {"type": "Point", "coordinates": [-113.58904974957191, 53.26709829506549]}, "properties": {"id": "leduc-2829", "species_group": "crabapple", "scientific_name": "Malus x adstringens Spring Snow", "common_name": null, "subtype_name": "Malus x adstringens Spring Snow", "zip_code": null, "ownership": "public", "ownership_raw": "City of Leduc", "city": "Leduc", "source_dataset": "Trees", "source_department": "City of Leduc", "source_last_edit_at": ""}}, {"type": "Feature", "geometry": {"type": "Point", "coordinates": [-113.58933948297108, 53.26718063715194]}, "properties": {"id": "leduc-2830", "species_group": "crabapple", "scientific_name": "Malus x adstringens Spring Snow", "common_name": null, "subtype_name": "Malus x adstringens Spring Snow", "zip_code": null, "ownership": "public", "ownership_raw": "City of Leduc", "city": "Leduc", "source_dataset": "Trees", "source_department": "City of Leduc", "source_last_edit_at": ""}}, {"type": "Feature", "geometry": {"type": "Point", "coordinates": [-113.58947443720696, 53.267202928888445]}, "properties": {"id": "leduc-2831", "species_group": "crabapple", "scientific_name": "Malus x adstringens Spring Snow", "common_name": null, "subtype_name": "Malus x adstringens Spring Snow", "zip_code": null, "ownership": "public", "ownership_raw": "City of Leduc", "city": "Leduc", "source_dataset": "Trees", "source_department": "City of Leduc", "source_last_edit_at": ""}}, {"type": "Feature", "geometry": {"type": "Point", "coordinates": [-113.5895195081607, 53.26728822383286]}, "properties": {"id": "leduc-2832", "species_group": "crabapple", "scientific_name": "Malus x adstringens Spring Snow", "common_name": null, "subtype_name": "Malus x adstringens Spring Snow", "zip_code": null, "ownership": "public", "ownership_raw": "City of Leduc", "city": "Leduc", "source_dataset": "Trees", "source_department": "City of Leduc", "source_last_edit_at": ""}}, {"type": "Feature", "geometry": {"type": "Point", "coordinates": [-113.58104594950524, 53.25204561609933]}, "properties": {"id": "leduc-3386", "species_group": "crabapple", "scientific_name": "Malus x adstringens Spring Snow", "common_name": null, "subtype_name": "Malus x adstringens Spring Snow", "zip_code": null, "ownership": "public", "ownership_raw": "City of Leduc", "city": "Leduc", "source_dataset": "Trees", "source_department": "City of Leduc", "source_last_edit_at": ""}}, {"type": "Feature", "geometry": {"type": "Point", "coordinates": [-113.58098075777019, 53.25203824459469]}, "properties": {"id": "leduc-3387", "species_group": "crabapple", "scientific_name": "Malus x adstringens Spring Snow", "common_name": null, "subtype_name": "Malus x adstringens Spring Snow", "zip_code": null, "ownership": "public", "ownership_raw": "City of Leduc", "city": "Leduc", "source_dataset": "Trees", "source_department": "City of Leduc", "source_last_edit_at": ""}}, {"type": "Feature", "geometry": {"type": "Point", "coordinates": [-113.5807968352964, 53.252019691717805]}, "properties": {"id": "leduc-3388", "species_group": "crabapple", "scientific_name": "Malus x adstringens Spring Snow", "common_name": null, "subtype_name": "Malus x adstringens Spring Snow", "zip_code": null, "ownership": "public", "ownership_raw": "City of Leduc", "city": "Leduc", "source_dataset": "Trees", "source_department": "City of Leduc", "source_last_edit_at": ""}}, {"type": "Feature", "geometry": {"type": "Point", "coordinates": [-113.58070782076109, 53.25201324367687]}, "properties": {"id": "leduc-3389", "species_group": "crabapple", "scientific_name": "Malus x adstringens Spring Snow", "common_name": null, "subtype_name": "Malus x adstringens Spring Snow", "zip_code": null, "ownership": "public", "ownership_raw": "City of Leduc", "city": "Leduc", "source_dataset": "Trees", "source_department": "City of Leduc", "source_last_edit_at": ""}}, {"type": "Feature", "geometry": {"type": "Point", "coordinates": [-113.58053306867973, 53.25200785988896]}, "properties": {"id": "leduc-3390", "species_group": "crabapple", "scientific_name": "Malus x adstringens Spring Snow", "common_name": null, "subtype_name": "Malus x adstringens Spring Snow", "zip_code": null, "ownership": "public", "ownership_raw": "City of Leduc", "city": "Leduc", "source_dataset": "Trees", "source_department": "City of Leduc", "source_last_edit_at": ""}}, {"type": "Feature", "geometry": {"type": "Point", "coordinates": [-113.58042424005387, 53.252008711685825]}, "properties": {"id": "leduc-3391", "species_group": "crabapple", "scientific_name": "Malus x adstringens Spring Snow", "common_name": null, "subtype_name": "Malus x adstringens Spring Snow", "zip_code": null, "ownership": "public", "ownership_raw": "City of Leduc", "city": "Leduc", "source_dataset": "Trees", "source_department": "City of Leduc", "source_last_edit_at": ""}}, {"type": "Feature", "geometry": {"type": "Point", "coordinates": [-113.58022359194172, 53.25172483253806]}, "properties": {"id": "leduc-3392", "species_group": "crabapple", "scientific_name": "Malus x adstringens Spring Snow", "common_name": null, "subtype_name": "Malus x adstringens Spring Snow", "zip_code": null, "ownership": "public", "ownership_raw": "City of Leduc", "city": "Leduc", "source_dataset": "Trees", "source_department": "City of Leduc", "source_last_edit_at": ""}}, {"type": "Feature", "geometry": {"type": "Point", "coordinates": [-113.58022272126166, 53.251672799899175]}, "properties": {"id": "leduc-3393", "species_group": "crabapple", "scientific_name": "Malus x adstringens Spring Snow", "common_name": null, "subtype_name": "Malus x adstringens Spring Snow", "zip_code": null, "ownership": "public", "ownership_raw": "City of Leduc", "city": "Leduc", "source_dataset": "Trees", "source_department": "City of Leduc", "source_last_edit_at": ""}}, {"type": "Feature", "geometry": {"type": "Point", "coordinates": [-113.58004140538563, 53.25137831801381]}, "properties": {"id": "leduc-3394", "species_group": "crabapple", "scientific_name": "Malus x adstringens Spring Snow", "common_name": null, "subtype_name": "Malus x adstringens Spring Snow", "zip_code": null, "ownership": "public", "ownership_raw": "City of Leduc", "city": "Leduc", "source_dataset": "Trees", "source_department": "City of Leduc", "source_last_edit_at": ""}}, {"type": "Feature", "geometry": {"type": "Point", "coordinates": [-113.5800325899491, 53.25127769746502]}, "properties": {"id": "leduc-3395", "species_group": "crabapple", "scientific_name": "Malus x adstringens Spring Snow", "common_name": null, "subtype_name": "Malus x adstringens Spring Snow", "zip_code": null, "ownership": "public", "ownership_raw": "City of Leduc", "city": "Leduc", "source_dataset": "Trees", "source_department": "City of Leduc", "source_last_edit_at": ""}}, {"type": "Feature", "geometry": {"type": "Point", "coordinates": [-113.58022103201692, 53.25146605596781]}, "properties": {"id": "leduc-3396", "species_group": "crabapple", "scientific_name": "Malus x adstringens Spring Snow", "common_name": null, "subtype_name": "Malus x adstringens Spring Snow", "zip_code": null, "ownership": "public", "ownership_raw": "City of Leduc", "city": "Leduc", "source_dataset": "Trees", "source_department": "City of Leduc", "source_last_edit_at": ""}}, {"type": "Feature", "geometry": {"type": "Point", "coordinates": [-113.58022075910972, 53.25140729639989]}, "properties": {"id": "leduc-3397", "species_group": "crabapple", "scientific_name": "Malus x adstringens Spring Snow", "common_name": null, "subtype_name": "Malus x adstringens Spring Snow", "zip_code": null, "ownership": "public", "ownership_raw": "City of Leduc", "city": "Leduc", "source_dataset": "Trees", "source_department": "City of Leduc", "source_last_edit_at": ""}}, {"type": "Feature", "geometry": {"type": "Point", "coordinates": [-113.58148029710739, 53.25217478288184]}, "properties": {"id": "leduc-3466", "species_group": "crabapple", "scientific_name": "Malus x adstringens Spring Snow", "common_name": null, "subtype_name": "Malus x adstringens Spring Snow", "zip_code": null, "ownership": "public", "ownership_raw": "City of Leduc", "city": "Leduc", "source_dataset": "Trees", "source_department": "City of Leduc", "source_last_edit_at": ""}}, {"type": "Feature", "geometry": {"type": "Point", "coordinates": [-113.58132368916533, 53.251949379356454]}, "properties": {"id": "leduc-3467", "species_group": "crabapple", "scientific_name": "Malus x adstringens Spring Snow", "common_name": null, "subtype_name": "Malus x adstringens Spring Snow", "zip_code": null, "ownership": "public", "ownership_raw": "City of Leduc", "city": "Leduc", "source_dataset": "Trees", "source_department": "City of Leduc", "source_last_edit_at": ""}}, {"type": "Feature", "geometry": {"type": "Point", "coordinates": [-113.58132521751033, 53.25173804211626]}, "properties": {"id": "leduc-3468", "species_group": "crabapple", "scientific_name": "Malus x adstringens Spring Snow", "common_name": null, "subtype_name": "Malus x adstringens Spring Snow", "zip_code": null, "ownership": "public", "ownership_raw": "City of Leduc", "city": "Leduc", "source_dataset": "Trees", "source_department": "City of Leduc", "source_last_edit_at": ""}}, {"type": "Feature", "geometry": {"type": "Point", "coordinates": [-113.5813241888872, 53.25169330231101]}, "properties": {"id": "leduc-3469", "species_group": "crabapple", "scientific_name": "Malus x adstringens Spring Snow", "common_name": null, "subtype_name": "Malus x adstringens Spring Snow", "zip_code": null, "ownership": "public", "ownership_raw": "City of Leduc", "city": "Leduc", "source_dataset": "Trees", "source_department": "City of Leduc", "source_last_edit_at": ""}}, {"type": "Feature", "geometry": {"type": "Point", "coordinates": [-113.58132547034914, 53.25147701627206]}, "properties": {"id": "leduc-3470", "species_group": "crabapple", "scientific_name": "Malus x adstringens Spring Snow", "common_name": null, "subtype_name": "Malus x adstringens Spring Snow", "zip_code": null, "ownership": "public", "ownership_raw": "City of Leduc", "city": "Leduc", "source_dataset": "Trees", "source_department": "City of Leduc", "source_last_edit_at": ""}}, {"type": "Feature", "geometry": {"type": "Point", "coordinates": [-113.58132384194785, 53.251409913450104]}, "properties": {"id": "leduc-3471", "species_group": "crabapple", "scientific_name": "Malus x adstringens Spring Snow", "common_name": null, "subtype_name": "Malus x adstringens Spring Snow", "zip_code": null, "ownership": "public", "ownership_raw": "City of Leduc", "city": "Leduc", "source_dataset": "Trees", "source_department": "City of Leduc", "source_last_edit_at": ""}}, {"type": "Feature", "geometry": {"type": "Point", "coordinates": [-113.58566939022725, 53.25349483414984]}, "properties": {"id": "leduc-3516", "species_group": "crabapple", "scientific_name": "Malus spp", "common_name": null, "subtype_name": "Malus spp", "zip_code": null, "ownership": "public", "ownership_raw": "City of Leduc", "city": "Leduc", "source_dataset": "Trees", "source_department": "City of Leduc", "source_last_edit_at": ""}}, {"type": "Feature", "geometry": {"type": "Point", "coordinates": [-113.58562649716741, 53.25349656863605]}, "properties": {"id": "leduc-3517", "species_group": "crabapple", "scientific_name": "Malus spp", "common_name": null, "subtype_name": "Malus spp", "zip_code": null, "ownership": "public", "ownership_raw": "City of Leduc", "city": "Leduc", "source_dataset": "Trees", "source_department": "City of Leduc", "source_last_edit_at": ""}}, {"type": "Feature", "geometry": {"type": "Point", "coordinates": [-113.58538589201659, 53.253492640847]}, "properties": {"id": "leduc-3521", "species_group": "crabapple", "scientific_name": "Malus spp", "common_name": null, "subtype_name": "Malus spp", "zip_code": null, "ownership": "public", "ownership_raw": "City of Leduc", "city": "Leduc", "source_dataset": "Trees", "source_department": "City of Leduc", "source_last_edit_at": ""}}, {"type": "Feature", "geometry": {"type": "Point", "coordinates": [-113.58533562408886, 53.25349448347985]}, "properties": {"id": "leduc-3522", "species_group": "crabapple", "scientific_name": "Malus spp", "common_name": null, "subtype_name": "Malus spp", "zip_code": null, "ownership": "public", "ownership_raw": "City of Leduc", "city": "Leduc", "source_dataset": "Trees", "source_department": "City of Leduc", "source_last_edit_at": ""}}, {"type": "Feature", "geometry": {"type": "Point", "coordinates": [-113.58531909181059, 53.25348704723497]}, "properties": {"id": "leduc-3523", "species_group": "crabapple", "scientific_name": "Malus spp", "common_name": null, "subtype_name": "Malus spp", "zip_code": null, "ownership": "public", "ownership_raw": "City of Leduc", "city": "Leduc", "source_dataset": "Trees", "source_department": "City of Leduc", "source_last_edit_at": ""}}, {"type": "Feature", "geometry": {"type": "Point", "coordinates": [-113.58528777689106, 53.25348338778288]}, "properties": {"id": "leduc-3524", "species_group": "crabapple", "scientific_name": "Malus spp", "common_name": null, "subtype_name": "Malus spp", "zip_code": null, "ownership": "public", "ownership_raw": "City of Leduc", "city": "Leduc", "source_dataset": "Trees", "source_department": "City of Leduc", "source_last_edit_at": ""}}, {"type": "Feature", "geometry": {"type": "Point", "coordinates": [-113.58525243244999, 53.25348517445143]}, "properties": {"id": "leduc-3525", "species_group": "crabapple", "scientific_name": "Malus spp", "common_name": null, "subtype_name": "Malus spp", "zip_code": null, "ownership": "public", "ownership_raw": "City of Leduc", "city": "Leduc", "source_dataset": "Trees", "source_department": "City of Leduc", "source_last_edit_at": ""}}, {"type": "Feature", "geometry": {"type": "Point", "coordinates": [-113.58503367676936, 53.253485514118324]}, "properties": {"id": "leduc-3529", "species_group": "crabapple", "scientific_name": "Malus spp", "common_name": null, "subtype_name": "Malus spp", "zip_code": null, "ownership": "public", "ownership_raw": "City of Leduc", "city": "Leduc", "source_dataset": "Trees", "source_department": "City of Leduc", "source_last_edit_at": ""}}, {"type": "Feature", "geometry": {"type": "Point", "coordinates": [-113.58497905094603, 53.25348972373206]}, "properties": {"id": "leduc-3530", "species_group": "crabapple", "scientific_name": "Malus spp", "common_name": null, "subtype_name": "Malus spp", "zip_code": null, "ownership": "public", "ownership_raw": "City of Leduc", "city": "Leduc", "source_dataset": "Trees", "source_department": "City of Leduc", "source_last_edit_at": ""}}, {"type": "Feature", "geometry": {"type": "Point", "coordinates": [-113.58494568121819, 53.25348502989011]}, "properties": {"id": "leduc-3531", "species_group": "crabapple", "scientific_name": "Malus spp", "common_name": null, "subtype_name": "Malus spp", "zip_code": null, "ownership": "public", "ownership_raw": "City of Leduc", "city": "Leduc", "source_dataset": "Trees", "source_department": "City of Leduc", "source_last_edit_at": ""}}, {"type": "Feature", "geometry": {"type": "Point", "coordinates": [-113.58490007681104, 53.253482652377535]}, "properties": {"id": "leduc-3532", "species_group": "crabapple", "scientific_name": "Malus spp", "common_name": null, "subtype_name": "Malus spp", "zip_code": null, "ownership": "public", "ownership_raw": "City of Leduc", "city": "Leduc", "source_dataset": "Trees", "source_department": "City of Leduc", "source_last_edit_at": ""}}, {"type": "Feature", "geometry": {"type": "Point", "coordinates": [-113.5846401809323, 53.253481198176644]}, "properties": {"id": "leduc-3536", "species_group": "crabapple", "scientific_name": "Malus spp", "common_name": null, "subtype_name": "Malus spp", "zip_code": null, "ownership": "public", "ownership_raw": "City of Leduc", "city": "Leduc", "source_dataset": "Trees", "source_department": "City of Leduc", "source_last_edit_at": ""}}, {"type": "Feature", "geometry": {"type": "Point", "coordinates": [-113.58460552953845, 53.25347919030726]}, "properties": {"id": "leduc-3537", "species_group": "crabapple", "scientific_name": "Malus spp", "common_name": null, "subtype_name": "Malus spp", "zip_code": null, "ownership": "public", "ownership_raw": "City of Leduc", "city": "Leduc", "source_dataset": "Trees", "source_department": "City of Leduc", "source_last_edit_at": ""}}, {"type": "Feature", "geometry": {"type": "Point", "coordinates": [-113.58452735571218, 53.25347536019828]}, "properties": {"id": "leduc-3538", "species_group": "crabapple", "scientific_name": "Malus spp", "common_name": null, "subtype_name": "Malus spp", "zip_code": null, "ownership": "public", "ownership_raw": "City of Leduc", "city": "Leduc", "source_dataset": "Trees", "source_department": "City of Leduc", "source_last_edit_at": ""}}, {"type": "Feature", "geometry": {"type": "Point", "coordinates": [-113.58448887341406, 53.253471126489785]}, "properties": {"id": "leduc-3539", "species_group": "crabapple", "scientific_name": "Malus spp", "common_name": null, "subtype_name": "Malus spp", "zip_code": null, "ownership": "public", "ownership_raw": "City of Leduc", "city": "Leduc", "source_dataset": "Trees", "source_department": "City of Leduc", "source_last_edit_at": ""}}, {"type": "Feature", "geometry": {"type": "Point", "coordinates": [-113.55272310295601, 53.254477036351524]}, "properties": {"id": "leduc-370", "species_group": "crabapple", "scientific_name": "Malus x adstringens Thunderchild", "common_name": null, "subtype_name": "Malus x adstringens Thunderchild", "zip_code": null, "ownership": "public", "ownership_raw": "City of Leduc", "city": "Leduc", "source_dataset": "Trees", "source_department": "City of Leduc", "source_last_edit_at": ""}}, {"type": "Feature", "geometry": {"type": "Point", "coordinates": [-113.54385213447718, 53.2635038482914]}, "properties": {"id": "leduc-4071", "species_group": "crabapple", "scientific_name": "Malus spp", "common_name": null, "subtype_name": "Malus spp", "zip_code": null, "ownership": "public", "ownership_raw": "City of Leduc", "city": "Leduc", "source_dataset": "Trees", "source_department": "City of Leduc", "source_last_edit_at": ""}}, {"type": "Feature", "geometry": {"type": "Point", "coordinates": [-113.54380515696595, 53.26349788042151]}, "properties": {"id": "leduc-4074", "species_group": "cherry", "scientific_name": "Prunus padus commutata", "common_name": null, "subtype_name": "Prunus padus commutata", "zip_code": null, "ownership": "public", "ownership_raw": "City of Leduc", "city": "Leduc", "source_dataset": "Trees", "source_department": "City of Leduc", "source_last_edit_at": ""}}, {"type": "Feature", "geometry": {"type": "Point", "coordinates": [-113.5437708703236, 53.263510866709545]}, "properties": {"id": "leduc-4075", "species_group": "crabapple", "scientific_name": "Malus spp", "common_name": null, "subtype_name": "Malus spp", "zip_code": null, "ownership": "public", "ownership_raw": "City of Leduc", "city": "Leduc", "source_dataset": "Trees", "source_department": "City of Leduc", "source_last_edit_at": ""}}, {"type": "Feature", "geometry": {"type": "Point", "coordinates": [-113.54333989270353, 53.263616849925945]}, "properties": {"id": "leduc-4117", "species_group": "cherry", "scientific_name": "Prunus padus commutata", "common_name": null, "subtype_name": "Prunus padus commutata", "zip_code": null, "ownership": "public", "ownership_raw": "City of Leduc", "city": "Leduc", "source_dataset": "Trees", "source_department": "City of Leduc", "source_last_edit_at": ""}}, {"type": "Feature", "geometry": {"type": "Point", "coordinates": [-113.54006055707067, 53.26335211118657]}, "properties": {"id": "leduc-4233", "species_group": "crabapple", "scientific_name": "Malus spp", "common_name": null, "subtype_name": "Malus spp", "zip_code": null, "ownership": "public", "ownership_raw": "City of Leduc", "city": "Leduc", "source_dataset": "Trees", "source_department": "City of Leduc", "source_last_edit_at": ""}}, {"type": "Feature", "geometry": {"type": "Point", "coordinates": [-113.54000942682778, 53.263355667578004]}, "properties": {"id": "leduc-4234", "species_group": "crabapple", "scientific_name": "Malus spp", "common_name": null, "subtype_name": "Malus spp", "zip_code": null, "ownership": "public", "ownership_raw": "City of Leduc", "city": "Leduc", "source_dataset": "Trees", "source_department": "City of Leduc", "source_last_edit_at": ""}}, {"type": "Feature", "geometry": {"type": "Point", "coordinates": [-113.5398136541058, 53.26336110472292]}, "properties": {"id": "leduc-4235", "species_group": "crabapple", "scientific_name": "Malus spp", "common_name": null, "subtype_name": "Malus spp", "zip_code": null, "ownership": "public", "ownership_raw": "City of Leduc", "city": "Leduc", "source_dataset": "Trees", "source_department": "City of Leduc", "source_last_edit_at": ""}}, {"type": "Feature", "geometry": {"type": "Point", "coordinates": [-113.53975514360238, 53.26336858924116]}, "properties": {"id": "leduc-4236", "species_group": "crabapple", "scientific_name": "Malus spp", "common_name": null, "subtype_name": "Malus spp", "zip_code": null, "ownership": "public", "ownership_raw": "City of Leduc", "city": "Leduc", "source_dataset": "Trees", "source_department": "City of Leduc", "source_last_edit_at": ""}}, {"type": "Feature", "geometry": {"type": "Point", "coordinates": [-113.5398120061693, 53.263287322583004]}, "properties": {"id": "leduc-4237", "species_group": "crabapple", "scientific_name": "Malus spp", "common_name": null, "subtype_name": "Malus spp", "zip_code": null, "ownership": "public", "ownership_raw": "City of Leduc", "city": "Leduc", "source_dataset": "Trees", "source_department": "City of Leduc", "source_last_edit_at": ""}}, {"type": "Feature", "geometry": {"type": "Point", "coordinates": [-113.53976199163236, 53.26328887291292]}, "properties": {"id": "leduc-4238", "species_group": "crabapple", "scientific_name": "Malus spp", "common_name": null, "subtype_name": "Malus spp", "zip_code": null, "ownership": "public", "ownership_raw": "City of Leduc", "city": "Leduc", "source_dataset": "Trees", "source_department": "City of Leduc", "source_last_edit_at": ""}}, {"type": "Feature", "geometry": {"type": "Point", "coordinates": [-113.5380281786053, 53.263476351146565]}, "properties": {"id": "leduc-4264", "species_group": "crabapple", "scientific_name": "Malus spp", "common_name": null, "subtype_name": "Malus spp", "zip_code": null, "ownership": "public", "ownership_raw": "City of Leduc", "city": "Leduc", "source_dataset": "Trees", "source_department": "City of Leduc", "source_last_edit_at": ""}}, {"type": "Feature", "geometry": {"type": "Point", "coordinates": [-113.53712063422176, 53.26264720178053]}, "properties": {"id": "leduc-4501", "species_group": "cherry", "scientific_name": "Prunus padus commutata", "common_name": null, "subtype_name": "Prunus padus commutata", "zip_code": null, "ownership": "public", "ownership_raw": "City of Leduc", "city": "Leduc", "source_dataset": "Trees", "source_department": "City of Leduc", "source_last_edit_at": ""}}, {"type": "Feature", "geometry": {"type": "Point", "coordinates": [-113.5367862737566, 53.26261354324493]}, "properties": {"id": "leduc-4535", "species_group": "crabapple", "scientific_name": "Malus spp", "common_name": null, "subtype_name": "Malus spp", "zip_code": null, "ownership": "public", "ownership_raw": "City of Leduc", "city": "Leduc", "source_dataset": "Trees", "source_department": "City of Leduc", "source_last_edit_at": ""}}, {"type": "Feature", "geometry": {"type": "Point", "coordinates": [-113.5351650348342, 53.261984744821326]}, "properties": {"id": "leduc-4575", "species_group": "crabapple", "scientific_name": "Malus spp", "common_name": null, "subtype_name": "Malus spp", "zip_code": null, "ownership": "public", "ownership_raw": "City of Leduc", "city": "Leduc", "source_dataset": "Trees", "source_department": "City of Leduc", "source_last_edit_at": ""}}, {"type": "Feature", "geometry": {"type": "Point", "coordinates": [-113.53148211532782, 53.25771956755998]}, "properties": {"id": "leduc-4793", "species_group": "crabapple", "scientific_name": "Malus spp", "common_name": null, "subtype_name": "Malus spp", "zip_code": null, "ownership": "public", "ownership_raw": "City of Leduc", "city": "Leduc", "source_dataset": "Trees", "source_department": "City of Leduc", "source_last_edit_at": ""}}, {"type": "Feature", "geometry": {"type": "Point", "coordinates": [-113.5289452948062, 53.25701089536879]}, "properties": {"id": "leduc-4848", "species_group": "cherry", "scientific_name": "Prunus padus commutata", "common_name": null, "subtype_name": "Prunus padus commutata", "zip_code": null, "ownership": "public", "ownership_raw": "City of Leduc", "city": "Leduc", "source_dataset": "Trees", "source_department": "City of Leduc", "source_last_edit_at": ""}}, {"type": "Feature", "geometry": {"type": "Point", "coordinates": [-113.52848053204941, 53.260745569652386]}, "properties": {"id": "leduc-4886", "species_group": "cherry", "scientific_name": "Prunus padus commutata", "common_name": null, "subtype_name": "Prunus padus commutata", "zip_code": null, "ownership": "public", "ownership_raw": "City of Leduc", "city": "Leduc", "source_dataset": "Trees", "source_department": "City of Leduc", "source_last_edit_at": ""}}, {"type": "Feature", "geometry": {"type": "Point", "coordinates": [-113.52847809304329, 53.260834059209294]}, "properties": {"id": "leduc-4887", "species_group": "cherry", "scientific_name": "Prunus padus commutata", "common_name": null, "subtype_name": "Prunus padus commutata", "zip_code": null, "ownership": "public", "ownership_raw": "City of Leduc", "city": "Leduc", "source_dataset": "Trees", "source_department": "City of Leduc", "source_last_edit_at": ""}}, {"type": "Feature", "geometry": {"type": "Point", "coordinates": [-113.52848199180465, 53.26092147928123]}, "properties": {"id": "leduc-4888", "species_group": "cherry", "scientific_name": "Prunus padus commutata", "common_name": null, "subtype_name": "Prunus padus commutata", "zip_code": null, "ownership": "public", "ownership_raw": "City of Leduc", "city": "Leduc", "source_dataset": "Trees", "source_department": "City of Leduc", "source_last_edit_at": ""}}, {"type": "Feature", "geometry": {"type": "Point", "coordinates": [-113.52848092221765, 53.261010412788416]}, "properties": {"id": "leduc-4889", "species_group": "cherry", "scientific_name": "Prunus padus commutata", "common_name": null, "subtype_name": "Prunus padus commutata", "zip_code": null, "ownership": "public", "ownership_raw": "City of Leduc", "city": "Leduc", "source_dataset": "Trees", "source_department": "City of Leduc", "source_last_edit_at": ""}}, {"type": "Feature", "geometry": {"type": "Point", "coordinates": [-113.52848007516235, 53.26110268652925]}, "properties": {"id": "leduc-4890", "species_group": "cherry", "scientific_name": "Prunus padus commutata", "common_name": null, "subtype_name": "Prunus padus commutata", "zip_code": null, "ownership": "public", "ownership_raw": "City of Leduc", "city": "Leduc", "source_dataset": "Trees", "source_department": "City of Leduc", "source_last_edit_at": ""}}, {"type": "Feature", "geometry": {"type": "Point", "coordinates": [-113.52723661892716, 53.260663453411404]}, "properties": {"id": "leduc-4891", "species_group": "cherry", "scientific_name": "Prunus padus commutata", "common_name": null, "subtype_name": "Prunus padus commutata", "zip_code": null, "ownership": "public", "ownership_raw": "City of Leduc", "city": "Leduc", "source_dataset": "Trees", "source_department": "City of Leduc", "source_last_edit_at": ""}}, {"type": "Feature", "geometry": {"type": "Point", "coordinates": [-113.52724406461523, 53.260756938153655]}, "properties": {"id": "leduc-4892", "species_group": "cherry", "scientific_name": "Prunus padus commutata", "common_name": null, "subtype_name": "Prunus padus commutata", "zip_code": null, "ownership": "public", "ownership_raw": "City of Leduc", "city": "Leduc", "source_dataset": "Trees", "source_department": "City of Leduc", "source_last_edit_at": ""}}, {"type": "Feature", "geometry": {"type": "Point", "coordinates": [-113.5272334268268, 53.26085492708233]}, "properties": {"id": "leduc-4893", "species_group": "cherry", "scientific_name": "Prunus padus commutata", "common_name": null, "subtype_name": "Prunus padus commutata", "zip_code": null, "ownership": "public", "ownership_raw": "City of Leduc", "city": "Leduc", "source_dataset": "Trees", "source_department": "City of Leduc", "source_last_edit_at": ""}}, {"type": "Feature", "geometry": {"type": "Point", "coordinates": [-113.52722724882616, 53.26094845845244]}, "properties": {"id": "leduc-4894", "species_group": "cherry", "scientific_name": "Prunus padus commutata", "common_name": null, "subtype_name": "Prunus padus commutata", "zip_code": null, "ownership": "public", "ownership_raw": "City of Leduc", "city": "Leduc", "source_dataset": "Trees", "source_department": "City of Leduc", "source_last_edit_at": ""}}, {"type": "Feature", "geometry": {"type": "Point", "coordinates": [-113.52723026164337, 53.26104490820873]}, "properties": {"id": "leduc-4895", "species_group": "cherry", "scientific_name": "Prunus padus commutata", "common_name": null, "subtype_name": "Prunus padus commutata", "zip_code": null, "ownership": "public", "ownership_raw": "City of Leduc", "city": "Leduc", "source_dataset": "Trees", "source_department": "City of Leduc", "source_last_edit_at": ""}}, {"type": "Feature", "geometry": {"type": "Point", "coordinates": [-113.52753232093782, 53.26221222238309]}, "properties": {"id": "leduc-4896", "species_group": "cherry", "scientific_name": "Prunus padus commutata", "common_name": null, "subtype_name": "Prunus padus commutata", "zip_code": null, "ownership": "public", "ownership_raw": "City of Leduc", "city": "Leduc", "source_dataset": "Trees", "source_department": "City of Leduc", "source_last_edit_at": ""}}, {"type": "Feature", "geometry": {"type": "Point", "coordinates": [-113.52752874052385, 53.26231719297092]}, "properties": {"id": "leduc-4897", "species_group": "cherry", "scientific_name": "Prunus padus commutata", "common_name": null, "subtype_name": "Prunus padus commutata", "zip_code": null, "ownership": "public", "ownership_raw": "City of Leduc", "city": "Leduc", "source_dataset": "Trees", "source_department": "City of Leduc", "source_last_edit_at": ""}}, {"type": "Feature", "geometry": {"type": "Point", "coordinates": [-113.52752572395592, 53.26240431965581]}, "properties": {"id": "leduc-4898", "species_group": "cherry", "scientific_name": "Prunus padus commutata", "common_name": null, "subtype_name": "Prunus padus commutata", "zip_code": null, "ownership": "public", "ownership_raw": "City of Leduc", "city": "Leduc", "source_dataset": "Trees", "source_department": "City of Leduc", "source_last_edit_at": ""}}, {"type": "Feature", "geometry": {"type": "Point", "coordinates": [-113.52751811883422, 53.26250226578195]}, "properties": {"id": "leduc-4899", "species_group": "cherry", "scientific_name": "Prunus padus commutata", "common_name": null, "subtype_name": "Prunus padus commutata", "zip_code": null, "ownership": "public", "ownership_raw": "City of Leduc", "city": "Leduc", "source_dataset": "Trees", "source_department": "City of Leduc", "source_last_edit_at": ""}}, {"type": "Feature", "geometry": {"type": "Point", "coordinates": [-113.52752362780039, 53.26260266144802]}, "properties": {"id": "leduc-4900", "species_group": "cherry", "scientific_name": "Prunus padus commutata", "common_name": null, "subtype_name": "Prunus padus commutata", "zip_code": null, "ownership": "public", "ownership_raw": "City of Leduc", "city": "Leduc", "source_dataset": "Trees", "source_department": "City of Leduc", "source_last_edit_at": ""}}, {"type": "Feature", "geometry": {"type": "Point", "coordinates": [-113.54976167452594, 53.25906126874028]}, "properties": {"id": "leduc-5071", "species_group": "cherry", "scientific_name": "Prunus padus commutata", "common_name": null, "subtype_name": "Prunus padus commutata", "zip_code": null, "ownership": "public", "ownership_raw": "City of Leduc", "city": "Leduc", "source_dataset": "Trees", "source_department": "City of Leduc", "source_last_edit_at": ""}}, {"type": "Feature", "geometry": {"type": "Point", "coordinates": [-113.54995652560847, 53.25901813984729]}, "properties": {"id": "leduc-5075", "species_group": "cherry", "scientific_name": "Prunus padus commutata", "common_name": null, "subtype_name": "Prunus padus commutata", "zip_code": null, "ownership": "public", "ownership_raw": "City of Leduc", "city": "Leduc", "source_dataset": "Trees", "source_department": "City of Leduc", "source_last_edit_at": ""}}, {"type": "Feature", "geometry": {"type": "Point", "coordinates": [-113.54966036639345, 53.25901323116891]}, "properties": {"id": "leduc-5092", "species_group": "cherry", "scientific_name": "Prunus padus commutata", "common_name": null, "subtype_name": "Prunus padus commutata", "zip_code": null, "ownership": "public", "ownership_raw": "City of Leduc", "city": "Leduc", "source_dataset": "Trees", "source_department": "City of Leduc", "source_last_edit_at": ""}}, {"type": "Feature", "geometry": {"type": "Point", "coordinates": [-113.5500838739917, 53.258907268833184]}, "properties": {"id": "leduc-5099", "species_group": "crabapple", "scientific_name": "Malus spp", "common_name": null, "subtype_name": "Malus spp", "zip_code": null, "ownership": "public", "ownership_raw": "City of Leduc", "city": "Leduc", "source_dataset": "Trees", "source_department": "City of Leduc", "source_last_edit_at": ""}}, {"type": "Feature", "geometry": {"type": "Point", "coordinates": [-113.5501612303844, 53.258778562454104]}, "properties": {"id": "leduc-5100", "species_group": "cherry", "scientific_name": "Prunus padus commutata", "common_name": null, "subtype_name": "Prunus padus commutata", "zip_code": null, "ownership": "public", "ownership_raw": "City of Leduc", "city": "Leduc", "source_dataset": "Trees", "source_department": "City of Leduc", "source_last_edit_at": ""}}, {"type": "Feature", "geometry": {"type": "Point", "coordinates": [-113.55026015485967, 53.25848466723744]}, "properties": {"id": "leduc-5125", "species_group": "cherry", "scientific_name": "Prunus padus commutata", "common_name": null, "subtype_name": "Prunus padus commutata", "zip_code": null, "ownership": "public", "ownership_raw": "City of Leduc", "city": "Leduc", "source_dataset": "Trees", "source_department": "City of Leduc", "source_last_edit_at": ""}}, {"type": "Feature", "geometry": {"type": "Point", "coordinates": [-113.55059910274883, 53.25879073582912]}, "properties": {"id": "leduc-5132", "species_group": "cherry", "scientific_name": "Prunus padus commutata", "common_name": null, "subtype_name": "Prunus padus commutata", "zip_code": null, "ownership": "public", "ownership_raw": "City of Leduc", "city": "Leduc", "source_dataset": "Trees", "source_department": "City of Leduc", "source_last_edit_at": ""}}, {"type": "Feature", "geometry": {"type": "Point", "coordinates": [-113.55074827425652, 53.258936767427635]}, "properties": {"id": "leduc-5136", "species_group": "crabapple", "scientific_name": "Malus spp", "common_name": null, "subtype_name": "Malus spp", "zip_code": null, "ownership": "public", "ownership_raw": "City of Leduc", "city": "Leduc", "source_dataset": "Trees", "source_department": "City of Leduc", "source_last_edit_at": ""}}, {"type": "Feature", "geometry": {"type": "Point", "coordinates": [-113.55085439922313, 53.259038668838926]}, "properties": {"id": "leduc-5156", "species_group": "crabapple", "scientific_name": "Malus spp", "common_name": null, "subtype_name": "Malus spp", "zip_code": null, "ownership": "public", "ownership_raw": "City of Leduc", "city": "Leduc", "source_dataset": "Trees", "source_department": "City of Leduc", "source_last_edit_at": ""}}, {"type": "Feature", "geometry": {"type": "Point", "coordinates": [-113.55092046498142, 53.25910076221764]}, "properties": {"id": "leduc-5166", "species_group": "cherry", "scientific_name": "Prunus padus commutata", "common_name": null, "subtype_name": "Prunus padus commutata", "zip_code": null, "ownership": "public", "ownership_raw": "City of Leduc", "city": "Leduc", "source_dataset": "Trees", "source_department": "City of Leduc", "source_last_edit_at": ""}}, {"type": "Feature", "geometry": {"type": "Point", "coordinates": [-113.55123670436757, 53.25936531782926]}, "properties": {"id": "leduc-5175", "species_group": "cherry", "scientific_name": "Prunus padus commutata", "common_name": null, "subtype_name": "Prunus padus commutata", "zip_code": null, "ownership": "public", "ownership_raw": "City of Leduc", "city": "Leduc", "source_dataset": "Trees", "source_department": "City of Leduc", "source_last_edit_at": ""}}, {"type": "Feature", "geometry": {"type": "Point", "coordinates": [-113.5518430486566, 53.2600913141072]}, "properties": {"id": "leduc-5195", "species_group": "cherry", "scientific_name": "Prunus padus commutata", "common_name": null, "subtype_name": "Prunus padus commutata", "zip_code": null, "ownership": "public", "ownership_raw": "City of Leduc", "city": "Leduc", "source_dataset": "Trees", "source_department": "City of Leduc", "source_last_edit_at": ""}}, {"type": "Feature", "geometry": {"type": "Point", "coordinates": [-113.54959208595531, 53.25991517821571]}, "properties": {"id": "leduc-5243", "species_group": "crabapple", "scientific_name": "Malus spp", "common_name": null, "subtype_name": "Malus spp", "zip_code": null, "ownership": "public", "ownership_raw": "City of Leduc", "city": "Leduc", "source_dataset": "Trees", "source_department": "City of Leduc", "source_last_edit_at": ""}}, {"type": "Feature", "geometry": {"type": "Point", "coordinates": [-113.54977016849944, 53.25960143848802]}, "properties": {"id": "leduc-5249", "species_group": "cherry", "scientific_name": "Prunus cerasus", "common_name": null, "subtype_name": "Prunus cerasus", "zip_code": null, "ownership": "public", "ownership_raw": "City of Leduc", "city": "Leduc", "source_dataset": "Trees", "source_department": "City of Leduc", "source_last_edit_at": ""}}, {"type": "Feature", "geometry": {"type": "Point", "coordinates": [-113.54970151389351, 53.25940694139141]}, "properties": {"id": "leduc-5253", "species_group": "crabapple", "scientific_name": "Malus spp", "common_name": null, "subtype_name": "Malus spp", "zip_code": null, "ownership": "public", "ownership_raw": "City of Leduc", "city": "Leduc", "source_dataset": "Trees", "source_department": "City of Leduc", "source_last_edit_at": ""}}, {"type": "Feature", "geometry": {"type": "Point", "coordinates": [-113.54969217138995, 53.25938738850604]}, "properties": {"id": "leduc-5254", "species_group": "crabapple", "scientific_name": "Malus spp", "common_name": null, "subtype_name": "Malus spp", "zip_code": null, "ownership": "public", "ownership_raw": "City of Leduc", "city": "Leduc", "source_dataset": "Trees", "source_department": "City of Leduc", "source_last_edit_at": ""}}, {"type": "Feature", "geometry": {"type": "Point", "coordinates": [-113.54994093166393, 53.262322473496994]}, "properties": {"id": "leduc-5256", "species_group": "crabapple", "scientific_name": "Malus x adstringens Spring Snow", "common_name": null, "subtype_name": "Malus x adstringens Spring Snow", "zip_code": null, "ownership": "public", "ownership_raw": "City of Leduc", "city": "Leduc", "source_dataset": "Trees", "source_department": "City of Leduc", "source_last_edit_at": ""}}, {"type": "Feature", "geometry": {"type": "Point", "coordinates": [-113.55208862251597, 53.26228723162228]}, "properties": {"id": "leduc-5265", "species_group": "crabapple", "scientific_name": "Malus x adstringens Dolgo", "common_name": null, "subtype_name": "Malus x adstringens Dolgo", "zip_code": null, "ownership": "public", "ownership_raw": "City of Leduc", "city": "Leduc", "source_dataset": "Trees", "source_department": "City of Leduc", "source_last_edit_at": ""}}, {"type": "Feature", "geometry": {"type": "Point", "coordinates": [-113.55213561945126, 53.26174389907053]}, "properties": {"id": "leduc-5286", "species_group": "cherry", "scientific_name": "Prunus padus commutata", "common_name": null, "subtype_name": "Prunus padus commutata", "zip_code": null, "ownership": "public", "ownership_raw": "City of Leduc", "city": "Leduc", "source_dataset": "Trees", "source_department": "City of Leduc", "source_last_edit_at": ""}}, {"type": "Feature", "geometry": {"type": "Point", "coordinates": [-113.5519997189243, 53.26046712888088]}, "properties": {"id": "leduc-5330", "species_group": "cherry", "scientific_name": "Prunus padus commutata", "common_name": null, "subtype_name": "Prunus padus commutata", "zip_code": null, "ownership": "public", "ownership_raw": "City of Leduc", "city": "Leduc", "source_dataset": "Trees", "source_department": "City of Leduc", "source_last_edit_at": ""}}, {"type": "Feature", "geometry": {"type": "Point", "coordinates": [-113.54189150106285, 53.269139079798414]}, "properties": {"id": "leduc-5372", "species_group": "cherry", "scientific_name": "Prunus padus commutata", "common_name": null, "subtype_name": "Prunus padus commutata", "zip_code": null, "ownership": "public", "ownership_raw": "City of Leduc", "city": "Leduc", "source_dataset": "Trees", "source_department": "City of Leduc", "source_last_edit_at": ""}}, {"type": "Feature", "geometry": {"type": "Point", "coordinates": [-113.54414190010115, 53.26466655909403]}, "properties": {"id": "leduc-5392", "species_group": "crabapple", "scientific_name": "Malus spp", "common_name": null, "subtype_name": "Malus spp", "zip_code": null, "ownership": "public", "ownership_raw": "City of Leduc", "city": "Leduc", "source_dataset": "Trees", "source_department": "City of Leduc", "source_last_edit_at": ""}}, {"type": "Feature", "geometry": {"type": "Point", "coordinates": [-113.54360171606389, 53.26377432020875]}, "properties": {"id": "leduc-5393", "species_group": "cherry", "scientific_name": "Prunus padus commutata", "common_name": null, "subtype_name": "Prunus padus commutata", "zip_code": null, "ownership": "public", "ownership_raw": "City of Leduc", "city": "Leduc", "source_dataset": "Trees", "source_department": "City of Leduc", "source_last_edit_at": ""}}, {"type": "Feature", "geometry": {"type": "Point", "coordinates": [-113.54356244181395, 53.26376500283669]}, "properties": {"id": "leduc-5394", "species_group": "cherry", "scientific_name": "Prunus padus commutata", "common_name": null, "subtype_name": "Prunus padus commutata", "zip_code": null, "ownership": "public", "ownership_raw": "City of Leduc", "city": "Leduc", "source_dataset": "Trees", "source_department": "City of Leduc", "source_last_edit_at": ""}}, {"type": "Feature", "geometry": {"type": "Point", "coordinates": [-113.5435431158588, 53.26372478924161]}, "properties": {"id": "leduc-5395", "species_group": "cherry", "scientific_name": "Prunus padus commutata", "common_name": null, "subtype_name": "Prunus padus commutata", "zip_code": null, "ownership": "public", "ownership_raw": "City of Leduc", "city": "Leduc", "source_dataset": "Trees", "source_department": "City of Leduc", "source_last_edit_at": ""}}, {"type": "Feature", "geometry": {"type": "Point", "coordinates": [-113.57384121516213, 53.2629292624576]}, "properties": {"id": "leduc-5415", "species_group": "cherry", "scientific_name": "Prunus padus commutata", "common_name": null, "subtype_name": "Prunus padus commutata", "zip_code": null, "ownership": "public", "ownership_raw": "City of Leduc", "city": "Leduc", "source_dataset": "Trees", "source_department": "City of Leduc", "source_last_edit_at": ""}}, {"type": "Feature", "geometry": {"type": "Point", "coordinates": [-113.57369003041704, 53.26179996205723]}, "properties": {"id": "leduc-5431", "species_group": "cherry", "scientific_name": "Prunus padus commutata", "common_name": null, "subtype_name": "Prunus padus commutata", "zip_code": null, "ownership": "public", "ownership_raw": "City of Leduc", "city": "Leduc", "source_dataset": "Trees", "source_department": "City of Leduc", "source_last_edit_at": ""}}, {"type": "Feature", "geometry": {"type": "Point", "coordinates": [-113.57377251486906, 53.260744146470834]}, "properties": {"id": "leduc-5440", "species_group": "crabapple", "scientific_name": "Malus spp", "common_name": null, "subtype_name": "Malus spp", "zip_code": null, "ownership": "public", "ownership_raw": "City of Leduc", "city": "Leduc", "source_dataset": "Trees", "source_department": "City of Leduc", "source_last_edit_at": ""}}, {"type": "Feature", "geometry": {"type": "Point", "coordinates": [-113.57384232475839, 53.26066234918912]}, "properties": {"id": "leduc-5441", "species_group": "crabapple", "scientific_name": "Malus spp", "common_name": null, "subtype_name": "Malus spp", "zip_code": null, "ownership": "public", "ownership_raw": "City of Leduc", "city": "Leduc", "source_dataset": "Trees", "source_department": "City of Leduc", "source_last_edit_at": ""}}, {"type": "Feature", "geometry": {"type": "Point", "coordinates": [-113.5737165324151, 53.26062978210997]}, "properties": {"id": "leduc-5442", "species_group": "crabapple", "scientific_name": "Malus spp", "common_name": null, "subtype_name": "Malus spp", "zip_code": null, "ownership": "public", "ownership_raw": "City of Leduc", "city": "Leduc", "source_dataset": "Trees", "source_department": "City of Leduc", "source_last_edit_at": ""}}, {"type": "Feature", "geometry": {"type": "Point", "coordinates": [-113.57353676542188, 53.26064297835618]}, "properties": {"id": "leduc-5449", "species_group": "crabapple", "scientific_name": "Malus spp", "common_name": null, "subtype_name": "Malus spp", "zip_code": null, "ownership": "public", "ownership_raw": "City of Leduc", "city": "Leduc", "source_dataset": "Trees", "source_department": "City of Leduc", "source_last_edit_at": ""}}, {"type": "Feature", "geometry": {"type": "Point", "coordinates": [-113.57483021573071, 53.259504176734644]}, "properties": {"id": "leduc-5480", "species_group": "cherry", "scientific_name": "Prunus padus commutata", "common_name": null, "subtype_name": "Prunus padus commutata", "zip_code": null, "ownership": "public", "ownership_raw": "City of Leduc", "city": "Leduc", "source_dataset": "Trees", "source_department": "City of Leduc", "source_last_edit_at": ""}}, {"type": "Feature", "geometry": {"type": "Point", "coordinates": [-113.57559898262774, 53.26058260393733]}, "properties": {"id": "leduc-5515", "species_group": "cherry", "scientific_name": "Prunus padus commutata", "common_name": null, "subtype_name": "Prunus padus commutata", "zip_code": null, "ownership": "public", "ownership_raw": "City of Leduc", "city": "Leduc", "source_dataset": "Trees", "source_department": "City of Leduc", "source_last_edit_at": ""}}, {"type": "Feature", "geometry": {"type": "Point", "coordinates": [-113.57674480914493, 53.2611106984659]}, "properties": {"id": "leduc-5518", "species_group": "cherry", "scientific_name": "Prunus padus commutata", "common_name": null, "subtype_name": "Prunus padus commutata", "zip_code": null, "ownership": "public", "ownership_raw": "City of Leduc", "city": "Leduc", "source_dataset": "Trees", "source_department": "City of Leduc", "source_last_edit_at": ""}}, {"type": "Feature", "geometry": {"type": "Point", "coordinates": [-113.57680338525019, 53.261108649892236]}, "properties": {"id": "leduc-5519", "species_group": "cherry", "scientific_name": "Prunus padus commutata", "common_name": null, "subtype_name": "Prunus padus commutata", "zip_code": null, "ownership": "public", "ownership_raw": "City of Leduc", "city": "Leduc", "source_dataset": "Trees", "source_department": "City of Leduc", "source_last_edit_at": ""}}, {"type": "Feature", "geometry": {"type": "Point", "coordinates": [-113.54157726328462, 53.260845346930225]}, "properties": {"id": "leduc-552", "species_group": "crabapple", "scientific_name": "Malus x adstringens Dolgo", "common_name": null, "subtype_name": "Malus x adstringens Dolgo", "zip_code": null, "ownership": "public", "ownership_raw": "City of Leduc", "city": "Leduc", "source_dataset": "Trees", "source_department": "City of Leduc", "source_last_edit_at": ""}}, {"type": "Feature", "geometry": {"type": "Point", "coordinates": [-113.57732097459872, 53.261019595486324]}, "properties": {"id": "leduc-5526", "species_group": "cherry", "scientific_name": "Prunus padus commutata", "common_name": null, "subtype_name": "Prunus padus commutata", "zip_code": null, "ownership": "public", "ownership_raw": "City of Leduc", "city": "Leduc", "source_dataset": "Trees", "source_department": "City of Leduc", "source_last_edit_at": ""}}, {"type": "Feature", "geometry": {"type": "Point", "coordinates": [-113.57718150606973, 53.26133119171559]}, "properties": {"id": "leduc-5534", "species_group": "cherry", "scientific_name": "Prunus padus commutata", "common_name": null, "subtype_name": "Prunus padus commutata", "zip_code": null, "ownership": "public", "ownership_raw": "City of Leduc", "city": "Leduc", "source_dataset": "Trees", "source_department": "City of Leduc", "source_last_edit_at": ""}}, {"type": "Feature", "geometry": {"type": "Point", "coordinates": [-113.57407676223846, 53.26078734486451]}, "properties": {"id": "leduc-5573", "species_group": "cherry", "scientific_name": "Prunus padus commutata", "common_name": null, "subtype_name": "Prunus padus commutata", "zip_code": null, "ownership": "public", "ownership_raw": "City of Leduc", "city": "Leduc", "source_dataset": "Trees", "source_department": "City of Leduc", "source_last_edit_at": ""}}, {"type": "Feature", "geometry": {"type": "Point", "coordinates": [-113.57968513605101, 53.25954700359681]}, "properties": {"id": "leduc-5623", "species_group": "cherry", "scientific_name": "Prunus padus commutata", "common_name": null, "subtype_name": "Prunus padus commutata", "zip_code": null, "ownership": "public", "ownership_raw": "City of Leduc", "city": "Leduc", "source_dataset": "Trees", "source_department": "City of Leduc", "source_last_edit_at": ""}}, {"type": "Feature", "geometry": {"type": "Point", "coordinates": [-113.57073641604163, 53.25957556708675]}, "properties": {"id": "leduc-5871", "species_group": "cherry", "scientific_name": "Prunus padus commutata", "common_name": null, "subtype_name": "Prunus padus commutata", "zip_code": null, "ownership": "public", "ownership_raw": "City of Leduc", "city": "Leduc", "source_dataset": "Trees", "source_department": "City of Leduc", "source_last_edit_at": ""}}, {"type": "Feature", "geometry": {"type": "Point", "coordinates": [-113.57059288910973, 53.25928285981454]}, "properties": {"id": "leduc-5873", "species_group": "cherry", "scientific_name": "Prunus padus commutata", "common_name": null, "subtype_name": "Prunus padus commutata", "zip_code": null, "ownership": "public", "ownership_raw": "City of Leduc", "city": "Leduc", "source_dataset": "Trees", "source_department": "City of Leduc", "source_last_edit_at": ""}}, {"type": "Feature", "geometry": {"type": "Point", "coordinates": [-113.57053737168472, 53.258761803832726]}, "properties": {"id": "leduc-5878", "species_group": "crabapple", "scientific_name": "Malus spp", "common_name": null, "subtype_name": "Malus spp", "zip_code": null, "ownership": "public", "ownership_raw": "City of Leduc", "city": "Leduc", "source_dataset": "Trees", "source_department": "City of Leduc", "source_last_edit_at": ""}}, {"type": "Feature", "geometry": {"type": "Point", "coordinates": [-113.55939059830234, 53.26555748036045]}, "properties": {"id": "leduc-6068", "species_group": "cherry", "scientific_name": "Prunus padus commutata", "common_name": null, "subtype_name": "Prunus padus commutata", "zip_code": null, "ownership": "public", "ownership_raw": "City of Leduc", "city": "Leduc", "source_dataset": "Trees", "source_department": "City of Leduc", "source_last_edit_at": ""}}, {"type": "Feature", "geometry": {"type": "Point", "coordinates": [-113.55936192834822, 53.2654257972606]}, "properties": {"id": "leduc-6070", "species_group": "cherry", "scientific_name": "Prunus padus commutata", "common_name": null, "subtype_name": "Prunus padus commutata", "zip_code": null, "ownership": "public", "ownership_raw": "City of Leduc", "city": "Leduc", "source_dataset": "Trees", "source_department": "City of Leduc", "source_last_edit_at": ""}}, {"type": "Feature", "geometry": {"type": "Point", "coordinates": [-113.58341046456017, 53.25458630682325]}, "properties": {"id": "leduc-6332", "species_group": "crabapple", "scientific_name": "Malus spp", "common_name": null, "subtype_name": "Malus spp", "zip_code": null, "ownership": "public", "ownership_raw": "City of Leduc", "city": "Leduc", "source_dataset": "Trees", "source_department": "City of Leduc", "source_last_edit_at": ""}}, {"type": "Feature", "geometry": {"type": "Point", "coordinates": [-113.58337028255379, 53.25456552462532]}, "properties": {"id": "leduc-6333", "species_group": "crabapple", "scientific_name": "Malus spp", "common_name": null, "subtype_name": "Malus spp", "zip_code": null, "ownership": "public", "ownership_raw": "City of Leduc", "city": "Leduc", "source_dataset": "Trees", "source_department": "City of Leduc", "source_last_edit_at": ""}}, {"type": "Feature", "geometry": {"type": "Point", "coordinates": [-113.55872802876281, 53.26310200331406]}, "properties": {"id": "leduc-661", "species_group": "cherry", "scientific_name": "Prunus padus commutata", "common_name": null, "subtype_name": "Prunus padus commutata", "zip_code": null, "ownership": "public", "ownership_raw": "City of Leduc", "city": "Leduc", "source_dataset": "Trees", "source_department": "City of Leduc", "source_last_edit_at": ""}}, {"type": "Feature", "geometry": {"type": "Point", "coordinates": [-113.58265007282682, 53.26169029953387]}, "properties": {"id": "leduc-6622", "species_group": "cherry", "scientific_name": "Prunus padus commutata", "common_name": null, "subtype_name": "Prunus padus commutata", "zip_code": null, "ownership": "public", "ownership_raw": "City of Leduc", "city": "Leduc", "source_dataset": "Trees", "source_department": "City of Leduc", "source_last_edit_at": ""}}, {"type": "Feature", "geometry": {"type": "Point", "coordinates": [-113.58304456602082, 53.261693488629334]}, "properties": {"id": "leduc-6623", "species_group": "cherry", "scientific_name": "Prunus padus commutata", "common_name": null, "subtype_name": "Prunus padus commutata", "zip_code": null, "ownership": "public", "ownership_raw": "City of Leduc", "city": "Leduc", "source_dataset": "Trees", "source_department": "City of Leduc", "source_last_edit_at": ""}}, {"type": "Feature", "geometry": {"type": "Point", "coordinates": [-113.58443060890788, 53.25943159832977]}, "properties": {"id": "leduc-6628", "species_group": "cherry", "scientific_name": "Prunus padus commutata", "common_name": null, "subtype_name": "Prunus padus commutata", "zip_code": null, "ownership": "public", "ownership_raw": "City of Leduc", "city": "Leduc", "source_dataset": "Trees", "source_department": "City of Leduc", "source_last_edit_at": ""}}, {"type": "Feature", "geometry": {"type": "Point", "coordinates": [-113.58423857571134, 53.259361724562766]}, "properties": {"id": "leduc-6632", "species_group": "cherry", "scientific_name": "Prunus padus commutata", "common_name": null, "subtype_name": "Prunus padus commutata", "zip_code": null, "ownership": "public", "ownership_raw": "City of Leduc", "city": "Leduc", "source_dataset": "Trees", "source_department": "City of Leduc", "source_last_edit_at": ""}}, {"type": "Feature", "geometry": {"type": "Point", "coordinates": [-113.58364530599465, 53.2593065240727]}, "properties": {"id": "leduc-6637", "species_group": "cherry", "scientific_name": "Prunus padus commutata", "common_name": null, "subtype_name": "Prunus padus commutata", "zip_code": null, "ownership": "public", "ownership_raw": "City of Leduc", "city": "Leduc", "source_dataset": "Trees", "source_department": "City of Leduc", "source_last_edit_at": ""}}, {"type": "Feature", "geometry": {"type": "Point", "coordinates": [-113.54086513543392, 53.26070395454993]}, "properties": {"id": "leduc-692", "species_group": "cherry", "scientific_name": "Prunus padus commutata", "common_name": null, "subtype_name": "Prunus padus commutata", "zip_code": null, "ownership": "public", "ownership_raw": "City of Leduc", "city": "Leduc", "source_dataset": "Trees", "source_department": "City of Leduc", "source_last_edit_at": ""}}, {"type": "Feature", "geometry": {"type": "Point", "coordinates": [-113.58119525187136, 53.257503652385175]}, "properties": {"id": "leduc-7073", "species_group": "crabapple", "scientific_name": "Malus spp", "common_name": null, "subtype_name": "Malus spp", "zip_code": null, "ownership": "public", "ownership_raw": "City of Leduc", "city": "Leduc", "source_dataset": "Trees", "source_department": "City of Leduc", "source_last_edit_at": ""}}, {"type": "Feature", "geometry": {"type": "Point", "coordinates": [-113.58083958944381, 53.257508749690835]}, "properties": {"id": "leduc-7076", "species_group": "crabapple", "scientific_name": "Malus spp", "common_name": null, "subtype_name": "Malus spp", "zip_code": null, "ownership": "public", "ownership_raw": "City of Leduc", "city": "Leduc", "source_dataset": "Trees", "source_department": "City of Leduc", "source_last_edit_at": ""}}, {"type": "Feature", "geometry": {"type": "Point", "coordinates": [-113.58052033942639, 53.257516140669786]}, "properties": {"id": "leduc-7082", "species_group": "crabapple", "scientific_name": "Malus spp", "common_name": null, "subtype_name": "Malus spp", "zip_code": null, "ownership": "public", "ownership_raw": "City of Leduc", "city": "Leduc", "source_dataset": "Trees", "source_department": "City of Leduc", "source_last_edit_at": ""}}, {"type": "Feature", "geometry": {"type": "Point", "coordinates": [-113.58022829044947, 53.25751307741364]}, "properties": {"id": "leduc-7084", "species_group": "crabapple", "scientific_name": "Malus spp", "common_name": null, "subtype_name": "Malus spp", "zip_code": null, "ownership": "public", "ownership_raw": "City of Leduc", "city": "Leduc", "source_dataset": "Trees", "source_department": "City of Leduc", "source_last_edit_at": ""}}, {"type": "Feature", "geometry": {"type": "Point", "coordinates": [-113.57976992274654, 53.25759263345372]}, "properties": {"id": "leduc-7089", "species_group": "crabapple", "scientific_name": "Malus spp", "common_name": null, "subtype_name": "Malus spp", "zip_code": null, "ownership": "public", "ownership_raw": "City of Leduc", "city": "Leduc", "source_dataset": "Trees", "source_department": "City of Leduc", "source_last_edit_at": ""}}, {"type": "Feature", "geometry": {"type": "Point", "coordinates": [-113.57943985311285, 53.25751528737994]}, "properties": {"id": "leduc-7090", "species_group": "crabapple", "scientific_name": "Malus spp", "common_name": null, "subtype_name": "Malus spp", "zip_code": null, "ownership": "public", "ownership_raw": "City of Leduc", "city": "Leduc", "source_dataset": "Trees", "source_department": "City of Leduc", "source_last_edit_at": ""}}, {"type": "Feature", "geometry": {"type": "Point", "coordinates": [-113.57910875737774, 53.25751373714792]}, "properties": {"id": "leduc-7091", "species_group": "crabapple", "scientific_name": "Malus spp", "common_name": null, "subtype_name": "Malus spp", "zip_code": null, "ownership": "public", "ownership_raw": "City of Leduc", "city": "Leduc", "source_dataset": "Trees", "source_department": "City of Leduc", "source_last_edit_at": ""}}, {"type": "Feature", "geometry": {"type": "Point", "coordinates": [-113.57872846609321, 53.257485672118364]}, "properties": {"id": "leduc-7097", "species_group": "crabapple", "scientific_name": "Malus spp", "common_name": null, "subtype_name": "Malus spp", "zip_code": null, "ownership": "public", "ownership_raw": "City of Leduc", "city": "Leduc", "source_dataset": "Trees", "source_department": "City of Leduc", "source_last_edit_at": ""}}, {"type": "Feature", "geometry": {"type": "Point", "coordinates": [-113.5782942594992, 53.2575289137847]}, "properties": {"id": "leduc-7099", "species_group": "crabapple", "scientific_name": "Malus spp", "common_name": null, "subtype_name": "Malus spp", "zip_code": null, "ownership": "public", "ownership_raw": "City of Leduc", "city": "Leduc", "source_dataset": "Trees", "source_department": "City of Leduc", "source_last_edit_at": ""}}, {"type": "Feature", "geometry": {"type": "Point", "coordinates": [-113.57818227583196, 53.257489090681695]}, "properties": {"id": "leduc-7100", "species_group": "crabapple", "scientific_name": "Malus spp", "common_name": null, "subtype_name": "Malus spp", "zip_code": null, "ownership": "public", "ownership_raw": "City of Leduc", "city": "Leduc", "source_dataset": "Trees", "source_department": "City of Leduc", "source_last_edit_at": ""}}, {"type": "Feature", "geometry": {"type": "Point", "coordinates": [-113.57751469447113, 53.257385615546205]}, "properties": {"id": "leduc-7106", "species_group": "crabapple", "scientific_name": "Malus spp", "common_name": null, "subtype_name": "Malus spp", "zip_code": null, "ownership": "public", "ownership_raw": "City of Leduc", "city": "Leduc", "source_dataset": "Trees", "source_department": "City of Leduc", "source_last_edit_at": ""}}, {"type": "Feature", "geometry": {"type": "Point", "coordinates": [-113.57706183509936, 53.25737733402829]}, "properties": {"id": "leduc-7109", "species_group": "crabapple", "scientific_name": "Malus spp", "common_name": null, "subtype_name": "Malus spp", "zip_code": null, "ownership": "public", "ownership_raw": "City of Leduc", "city": "Leduc", "source_dataset": "Trees", "source_department": "City of Leduc", "source_last_edit_at": ""}}, {"type": "Feature", "geometry": {"type": "Point", "coordinates": [-113.57651077547813, 53.257413848880304]}, "properties": {"id": "leduc-7110", "species_group": "crabapple", "scientific_name": "Malus spp", "common_name": null, "subtype_name": "Malus spp", "zip_code": null, "ownership": "public", "ownership_raw": "City of Leduc", "city": "Leduc", "source_dataset": "Trees", "source_department": "City of Leduc", "source_last_edit_at": ""}}, {"type": "Feature", "geometry": {"type": "Point", "coordinates": [-113.5751483714921, 53.257382062644446]}, "properties": {"id": "leduc-7119", "species_group": "crabapple", "scientific_name": "Malus spp", "common_name": null, "subtype_name": "Malus spp", "zip_code": null, "ownership": "public", "ownership_raw": "City of Leduc", "city": "Leduc", "source_dataset": "Trees", "source_department": "City of Leduc", "source_last_edit_at": ""}}, {"type": "Feature", "geometry": {"type": "Point", "coordinates": [-113.5930860910456, 53.254598971527265]}, "properties": {"id": "leduc-7170", "species_group": "plum", "scientific_name": "Prunus cerasifera", "common_name": null, "subtype_name": "Cherry Plum", "zip_code": null, "ownership": "public", "ownership_raw": "City of Leduc", "city": "Leduc", "source_dataset": "Trees", "source_department": "City of Leduc", "source_last_edit_at": ""}}, {"type": "Feature", "geometry": {"type": "Point", "coordinates": [-113.59286901461365, 53.254691424951524]}, "properties": {"id": "leduc-7172", "species_group": "plum", "scientific_name": "Prunus cerasifera", "common_name": null, "subtype_name": "Cherry Plum", "zip_code": null, "ownership": "public", "ownership_raw": "City of Leduc", "city": "Leduc", "source_dataset": "Trees", "source_department": "City of Leduc", "source_last_edit_at": ""}}, {"type": "Feature", "geometry": {"type": "Point", "coordinates": [-113.58174598006957, 53.25758960399316]}, "properties": {"id": "leduc-7333", "species_group": "crabapple", "scientific_name": "Malus spp", "common_name": null, "subtype_name": "Malus spp", "zip_code": null, "ownership": "public", "ownership_raw": "City of Leduc", "city": "Leduc", "source_dataset": "Trees", "source_department": "City of Leduc", "source_last_edit_at": ""}}, {"type": "Feature", "geometry": {"type": "Point", "coordinates": [-113.58175387468623, 53.257561174420395]}, "properties": {"id": "leduc-7334", "species_group": "crabapple", "scientific_name": "Malus spp", "common_name": null, "subtype_name": "Malus spp", "zip_code": null, "ownership": "public", "ownership_raw": "City of Leduc", "city": "Leduc", "source_dataset": "Trees", "source_department": "City of Leduc", "source_last_edit_at": ""}}, {"type": "Feature", "geometry": {"type": "Point", "coordinates": [-113.5818415994273, 53.2573347522752]}, "properties": {"id": "leduc-7337", "species_group": "crabapple", "scientific_name": "Malus spp", "common_name": null, "subtype_name": "Malus spp", "zip_code": null, "ownership": "public", "ownership_raw": "City of Leduc", "city": "Leduc", "source_dataset": "Trees", "source_department": "City of Leduc", "source_last_edit_at": ""}}, {"type": "Feature", "geometry": {"type": "Point", "coordinates": [-113.58190846377458, 53.25725811160585]}, "properties": {"id": "leduc-7338", "species_group": "crabapple", "scientific_name": "Malus spp", "common_name": null, "subtype_name": "Malus spp", "zip_code": null, "ownership": "public", "ownership_raw": "City of Leduc", "city": "Leduc", "source_dataset": "Trees", "source_department": "City of Leduc", "source_last_edit_at": ""}}, {"type": "Feature", "geometry": {"type": "Point", "coordinates": [-113.58238448202013, 53.25690402399371]}, "properties": {"id": "leduc-7339", "species_group": "crabapple", "scientific_name": "Malus spp", "common_name": null, "subtype_name": "Malus spp", "zip_code": null, "ownership": "public", "ownership_raw": "City of Leduc", "city": "Leduc", "source_dataset": "Trees", "source_department": "City of Leduc", "source_last_edit_at": ""}}, {"type": "Feature", "geometry": {"type": "Point", "coordinates": [-113.58243147756865, 53.25686716637172]}, "properties": {"id": "leduc-7340", "species_group": "crabapple", "scientific_name": "Malus spp", "common_name": null, "subtype_name": "Malus spp", "zip_code": null, "ownership": "public", "ownership_raw": "City of Leduc", "city": "Leduc", "source_dataset": "Trees", "source_department": "City of Leduc", "source_last_edit_at": ""}}, {"type": "Feature", "geometry": {"type": "Point", "coordinates": [-113.5827830524278, 53.25638065065213]}, "properties": {"id": "leduc-7344", "species_group": "crabapple", "scientific_name": "Malus spp", "common_name": null, "subtype_name": "Malus spp", "zip_code": null, "ownership": "public", "ownership_raw": "City of Leduc", "city": "Leduc", "source_dataset": "Trees", "source_department": "City of Leduc", "source_last_edit_at": ""}}, {"type": "Feature", "geometry": {"type": "Point", "coordinates": [-113.58279481154173, 53.256342448326116]}, "properties": {"id": "leduc-7345", "species_group": "crabapple", "scientific_name": "Malus spp", "common_name": null, "subtype_name": "Malus spp", "zip_code": null, "ownership": "public", "ownership_raw": "City of Leduc", "city": "Leduc", "source_dataset": "Trees", "source_department": "City of Leduc", "source_last_edit_at": ""}}, {"type": "Feature", "geometry": {"type": "Point", "coordinates": [-113.58528881267578, 53.25632661168178]}, "properties": {"id": "leduc-7346", "species_group": "crabapple", "scientific_name": "Malus spp", "common_name": null, "subtype_name": "Malus spp", "zip_code": null, "ownership": "public", "ownership_raw": "City of Leduc", "city": "Leduc", "source_dataset": "Trees", "source_department": "City of Leduc", "source_last_edit_at": ""}}, {"type": "Feature", "geometry": {"type": "Point", "coordinates": [-113.58521148704502, 53.256326883683606]}, "properties": {"id": "leduc-7347", "species_group": "crabapple", "scientific_name": "Malus spp", "common_name": null, "subtype_name": "Malus spp", "zip_code": null, "ownership": "public", "ownership_raw": "City of Leduc", "city": "Leduc", "source_dataset": "Trees", "source_department": "City of Leduc", "source_last_edit_at": ""}}, {"type": "Feature", "geometry": {"type": "Point", "coordinates": [-113.58514573794874, 53.256324797442275]}, "properties": {"id": "leduc-7348", "species_group": "crabapple", "scientific_name": "Malus spp", "common_name": null, "subtype_name": "Malus spp", "zip_code": null, "ownership": "public", "ownership_raw": "City of Leduc", "city": "Leduc", "source_dataset": "Trees", "source_department": "City of Leduc", "source_last_edit_at": ""}}, {"type": "Feature", "geometry": {"type": "Point", "coordinates": [-113.58507426534457, 53.256324941444255]}, "properties": {"id": "leduc-7349", "species_group": "crabapple", "scientific_name": "Malus spp", "common_name": null, "subtype_name": "Malus spp", "zip_code": null, "ownership": "public", "ownership_raw": "City of Leduc", "city": "Leduc", "source_dataset": "Trees", "source_department": "City of Leduc", "source_last_edit_at": ""}}, {"type": "Feature", "geometry": {"type": "Point", "coordinates": [-113.58500981333705, 53.25632493550281]}, "properties": {"id": "leduc-7350", "species_group": "crabapple", "scientific_name": "Malus spp", "common_name": null, "subtype_name": "Malus spp", "zip_code": null, "ownership": "public", "ownership_raw": "City of Leduc", "city": "Leduc", "source_dataset": "Trees", "source_department": "City of Leduc", "source_last_edit_at": ""}}, {"type": "Feature", "geometry": {"type": "Point", "coordinates": [-113.58459534654436, 53.25631720172052]}, "properties": {"id": "leduc-7351", "species_group": "crabapple", "scientific_name": "Malus spp", "common_name": null, "subtype_name": "Malus spp", "zip_code": null, "ownership": "public", "ownership_raw": "City of Leduc", "city": "Leduc", "source_dataset": "Trees", "source_department": "City of Leduc", "source_last_edit_at": ""}}, {"type": "Feature", "geometry": {"type": "Point", "coordinates": [-113.58452508569127, 53.256318023595945]}, "properties": {"id": "leduc-7352", "species_group": "crabapple", "scientific_name": "Malus spp", "common_name": null, "subtype_name": "Malus spp", "zip_code": null, "ownership": "public", "ownership_raw": "City of Leduc", "city": "Leduc", "source_dataset": "Trees", "source_department": "City of Leduc", "source_last_edit_at": ""}}, {"type": "Feature", "geometry": {"type": "Point", "coordinates": [-113.58422355063068, 53.25629788624022]}, "properties": {"id": "leduc-7353", "species_group": "crabapple", "scientific_name": "Malus spp", "common_name": null, "subtype_name": "Malus spp", "zip_code": null, "ownership": "public", "ownership_raw": "City of Leduc", "city": "Leduc", "source_dataset": "Trees", "source_department": "City of Leduc", "source_last_edit_at": ""}}, {"type": "Feature", "geometry": {"type": "Point", "coordinates": [-113.5556402132708, 53.27076658499227]}, "properties": {"id": "leduc-7359", "species_group": "cherry", "scientific_name": "Prunus padus commutata", "common_name": null, "subtype_name": "Prunus padus commutata", "zip_code": null, "ownership": "public", "ownership_raw": "City of Leduc", "city": "Leduc", "source_dataset": "Trees", "source_department": "City of Leduc", "source_last_edit_at": ""}}, {"type": "Feature", "geometry": {"type": "Point", "coordinates": [-113.55400689831399, 53.27003291531821]}, "properties": {"id": "leduc-7381", "species_group": "cherry", "scientific_name": "Prunus padus commutata", "common_name": null, "subtype_name": "Prunus padus commutata", "zip_code": null, "ownership": "public", "ownership_raw": "City of Leduc", "city": "Leduc", "source_dataset": "Trees", "source_department": "City of Leduc", "source_last_edit_at": ""}}, {"type": "Feature", "geometry": {"type": "Point", "coordinates": [-113.5552191331229, 53.2706546855462]}, "properties": {"id": "leduc-7390", "species_group": "cherry", "scientific_name": "Prunus padus commutata", "common_name": null, "subtype_name": "Prunus padus commutata", "zip_code": null, "ownership": "public", "ownership_raw": "City of Leduc", "city": "Leduc", "source_dataset": "Trees", "source_department": "City of Leduc", "source_last_edit_at": ""}}, {"type": "Feature", "geometry": {"type": "Point", "coordinates": [-113.55642894423053, 53.268673635822374]}, "properties": {"id": "leduc-7408", "species_group": "cherry", "scientific_name": "Prunus padus commutata", "common_name": null, "subtype_name": "Prunus padus commutata", "zip_code": null, "ownership": "public", "ownership_raw": "City of Leduc", "city": "Leduc", "source_dataset": "Trees", "source_department": "City of Leduc", "source_last_edit_at": ""}}, {"type": "Feature", "geometry": {"type": "Point", "coordinates": [-113.55642444090024, 53.26866730432602]}, "properties": {"id": "leduc-7409", "species_group": "cherry", "scientific_name": "Prunus padus commutata", "common_name": null, "subtype_name": "Prunus padus commutata", "zip_code": null, "ownership": "public", "ownership_raw": "City of Leduc", "city": "Leduc", "source_dataset": "Trees", "source_department": "City of Leduc", "source_last_edit_at": ""}}, {"type": "Feature", "geometry": {"type": "Point", "coordinates": [-113.55640491201002, 53.26867167905072]}, "properties": {"id": "leduc-7410", "species_group": "cherry", "scientific_name": "Prunus padus commutata", "common_name": null, "subtype_name": "Prunus padus commutata", "zip_code": null, "ownership": "public", "ownership_raw": "City of Leduc", "city": "Leduc", "source_dataset": "Trees", "source_department": "City of Leduc", "source_last_edit_at": ""}}, {"type": "Feature", "geometry": {"type": "Point", "coordinates": [-113.55503267801113, 53.25578101175769]}, "properties": {"id": "leduc-7445", "species_group": "crabapple", "scientific_name": "Malus spp", "common_name": null, "subtype_name": "Malus spp", "zip_code": null, "ownership": "public", "ownership_raw": "City of Leduc", "city": "Leduc", "source_dataset": "Trees", "source_department": "City of Leduc", "source_last_edit_at": ""}}, {"type": "Feature", "geometry": {"type": "Point", "coordinates": [-113.55777074839736, 53.25756987188997]}, "properties": {"id": "leduc-7472", "species_group": "cherry", "scientific_name": "Prunus padus commutata", "common_name": null, "subtype_name": "Prunus padus commutata", "zip_code": null, "ownership": "public", "ownership_raw": "City of Leduc", "city": "Leduc", "source_dataset": "Trees", "source_department": "City of Leduc", "source_last_edit_at": ""}}, {"type": "Feature", "geometry": {"type": "Point", "coordinates": [-113.54532089542576, 53.25335268357623]}, "properties": {"id": "leduc-7559", "species_group": "cherry", "scientific_name": "Prunus padus commutata", "common_name": null, "subtype_name": "Prunus padus commutata", "zip_code": null, "ownership": "public", "ownership_raw": "City of Leduc", "city": "Leduc", "source_dataset": "Trees", "source_department": "City of Leduc", "source_last_edit_at": ""}}, {"type": "Feature", "geometry": {"type": "Point", "coordinates": [-113.54599088807608, 53.25078483895299]}, "properties": {"id": "leduc-7610", "species_group": "crabapple", "scientific_name": "Malus spp", "common_name": null, "subtype_name": "Malus spp", "zip_code": null, "ownership": "public", "ownership_raw": "City of Leduc", "city": "Leduc", "source_dataset": "Trees", "source_department": "City of Leduc", "source_last_edit_at": ""}}, {"type": "Feature", "geometry": {"type": "Point", "coordinates": [-113.52511697127899, 53.24819146258555]}, "properties": {"id": "leduc-7989", "species_group": "crabapple", "scientific_name": "Malus spp", "common_name": null, "subtype_name": "Malus spp", "zip_code": null, "ownership": "public", "ownership_raw": "City of Leduc", "city": "Leduc", "source_dataset": "Trees", "source_department": "City of Leduc", "source_last_edit_at": ""}}, {"type": "Feature", "geometry": {"type": "Point", "coordinates": [-113.52219660820056, 53.241873905268356]}, "properties": {"id": "leduc-8243", "species_group": "crabapple", "scientific_name": "Malus spp", "common_name": null, "subtype_name": "Malus spp", "zip_code": null, "ownership": "public", "ownership_raw": "City of Leduc", "city": "Leduc", "source_dataset": "Trees", "source_department": "City of Leduc", "source_last_edit_at": ""}}, {"type": "Feature", "geometry": {"type": "Point", "coordinates": [-113.52222444877975, 53.24190541732033]}, "properties": {"id": "leduc-8244", "species_group": "crabapple", "scientific_name": "Malus spp", "common_name": null, "subtype_name": "Malus spp", "zip_code": null, "ownership": "public", "ownership_raw": "City of Leduc", "city": "Leduc", "source_dataset": "Trees", "source_department": "City of Leduc", "source_last_edit_at": ""}}, {"type": "Feature", "geometry": {"type": "Point", "coordinates": [-113.52226391257818, 53.24194689249811]}, "properties": {"id": "leduc-8245", "species_group": "crabapple", "scientific_name": "Malus spp", "common_name": null, "subtype_name": "Malus spp", "zip_code": null, "ownership": "public", "ownership_raw": "City of Leduc", "city": "Leduc", "source_dataset": "Trees", "source_department": "City of Leduc", "source_last_edit_at": ""}}, {"type": "Feature", "geometry": {"type": "Point", "coordinates": [-113.52227352771057, 53.24204072445341]}, "properties": {"id": "leduc-8247", "species_group": "crabapple", "scientific_name": "Malus spp", "common_name": null, "subtype_name": "Malus spp", "zip_code": null, "ownership": "public", "ownership_raw": "City of Leduc", "city": "Leduc", "source_dataset": "Trees", "source_department": "City of Leduc", "source_last_edit_at": ""}}, {"type": "Feature", "geometry": {"type": "Point", "coordinates": [-113.5222723435481, 53.24202060982013]}, "properties": {"id": "leduc-8248", "species_group": "crabapple", "scientific_name": "Malus spp", "common_name": null, "subtype_name": "Malus spp", "zip_code": null, "ownership": "public", "ownership_raw": "City of Leduc", "city": "Leduc", "source_dataset": "Trees", "source_department": "City of Leduc", "source_last_edit_at": ""}}, {"type": "Feature", "geometry": {"type": "Point", "coordinates": [-113.52523151704756, 53.2567431037829]}, "properties": {"id": "leduc-8363", "species_group": "crabapple", "scientific_name": "Malus spp", "common_name": null, "subtype_name": "Malus spp", "zip_code": null, "ownership": "public", "ownership_raw": "City of Leduc", "city": "Leduc", "source_dataset": "Trees", "source_department": "City of Leduc", "source_last_edit_at": ""}}, {"type": "Feature", "geometry": {"type": "Point", "coordinates": [-113.5252712588904, 53.256440724822966]}, "properties": {"id": "leduc-8406", "species_group": "crabapple", "scientific_name": "Malus spp", "common_name": null, "subtype_name": "Malus spp", "zip_code": null, "ownership": "public", "ownership_raw": "City of Leduc", "city": "Leduc", "source_dataset": "Trees", "source_department": "City of Leduc", "source_last_edit_at": ""}}, {"type": "Feature", "geometry": {"type": "Point", "coordinates": [-113.52532037301684, 53.25646433720935]}, "properties": {"id": "leduc-8407", "species_group": "crabapple", "scientific_name": "Malus spp", "common_name": null, "subtype_name": "Malus spp", "zip_code": null, "ownership": "public", "ownership_raw": "City of Leduc", "city": "Leduc", "source_dataset": "Trees", "source_department": "City of Leduc", "source_last_edit_at": ""}}, {"type": "Feature", "geometry": {"type": "Point", "coordinates": [-113.52535687537716, 53.25647509460364]}, "properties": {"id": "leduc-8408", "species_group": "crabapple", "scientific_name": "Malus spp", "common_name": null, "subtype_name": "Malus spp", "zip_code": null, "ownership": "public", "ownership_raw": "City of Leduc", "city": "Leduc", "source_dataset": "Trees", "source_department": "City of Leduc", "source_last_edit_at": ""}}, {"type": "Feature", "geometry": {"type": "Point", "coordinates": [-113.52600101306848, 53.25674092268883]}, "properties": {"id": "leduc-8410", "species_group": "crabapple", "scientific_name": "Malus spp", "common_name": null, "subtype_name": "Malus spp", "zip_code": null, "ownership": "public", "ownership_raw": "City of Leduc", "city": "Leduc", "source_dataset": "Trees", "source_department": "City of Leduc", "source_last_edit_at": ""}}, {"type": "Feature", "geometry": {"type": "Point", "coordinates": [-113.52603485667676, 53.25672151443673]}, "properties": {"id": "leduc-8411", "species_group": "crabapple", "scientific_name": "Malus spp", "common_name": null, "subtype_name": "Malus spp", "zip_code": null, "ownership": "public", "ownership_raw": "City of Leduc", "city": "Leduc", "source_dataset": "Trees", "source_department": "City of Leduc", "source_last_edit_at": ""}}, {"type": "Feature", "geometry": {"type": "Point", "coordinates": [-113.52606171668127, 53.25674321290489]}, "properties": {"id": "leduc-8412", "species_group": "crabapple", "scientific_name": "Malus spp", "common_name": null, "subtype_name": "Malus spp", "zip_code": null, "ownership": "public", "ownership_raw": "City of Leduc", "city": "Leduc", "source_dataset": "Trees", "source_department": "City of Leduc", "source_last_edit_at": ""}}, {"type": "Feature", "geometry": {"type": "Point", "coordinates": [-113.52642003509068, 53.256564214295516]}, "properties": {"id": "leduc-8426", "species_group": "crabapple", "scientific_name": "Malus spp", "common_name": null, "subtype_name": "Malus spp", "zip_code": null, "ownership": "public", "ownership_raw": "City of Leduc", "city": "Leduc", "source_dataset": "Trees", "source_department": "City of Leduc", "source_last_edit_at": ""}}, {"type": "Feature", "geometry": {"type": "Point", "coordinates": [-113.52644916343067, 53.25656534006344]}, "properties": {"id": "leduc-8427", "species_group": "crabapple", "scientific_name": "Malus spp", "common_name": null, "subtype_name": "Malus spp", "zip_code": null, "ownership": "public", "ownership_raw": "City of Leduc", "city": "Leduc", "source_dataset": "Trees", "source_department": "City of Leduc", "source_last_edit_at": ""}}, {"type": "Feature", "geometry": {"type": "Point", "coordinates": [-113.52759809086756, 53.25633703595363]}, "properties": {"id": "leduc-8442", "species_group": "crabapple", "scientific_name": "Malus spp", "common_name": null, "subtype_name": "Malus spp", "zip_code": null, "ownership": "public", "ownership_raw": "City of Leduc", "city": "Leduc", "source_dataset": "Trees", "source_department": "City of Leduc", "source_last_edit_at": ""}}, {"type": "Feature", "geometry": {"type": "Point", "coordinates": [-113.52693150903693, 53.255864062973075]}, "properties": {"id": "leduc-8498", "species_group": "cherry", "scientific_name": "Prunus padus commutata", "common_name": null, "subtype_name": "Prunus padus commutata", "zip_code": null, "ownership": "public", "ownership_raw": "City of Leduc", "city": "Leduc", "source_dataset": "Trees", "source_department": "City of Leduc", "source_last_edit_at": ""}}, {"type": "Feature", "geometry": {"type": "Point", "coordinates": [-113.52648268147084, 53.255639231774985]}, "properties": {"id": "leduc-8502", "species_group": "cherry", "scientific_name": "Prunus padus commutata", "common_name": null, "subtype_name": "Prunus padus commutata", "zip_code": null, "ownership": "public", "ownership_raw": "City of Leduc", "city": "Leduc", "source_dataset": "Trees", "source_department": "City of Leduc", "source_last_edit_at": ""}}, {"type": "Feature", "geometry": {"type": "Point", "coordinates": [-113.52636473107563, 53.25557933240668]}, "properties": {"id": "leduc-8503", "species_group": "cherry", "scientific_name": "Prunus padus commutata", "common_name": null, "subtype_name": "Prunus padus commutata", "zip_code": null, "ownership": "public", "ownership_raw": "City of Leduc", "city": "Leduc", "source_dataset": "Trees", "source_department": "City of Leduc", "source_last_edit_at": ""}}, {"type": "Feature", "geometry": {"type": "Point", "coordinates": [-113.52549917589113, 53.25505568512335]}, "properties": {"id": "leduc-8511", "species_group": "crabapple", "scientific_name": "Malus spp", "common_name": null, "subtype_name": "Malus spp", "zip_code": null, "ownership": "public", "ownership_raw": "City of Leduc", "city": "Leduc", "source_dataset": "Trees", "source_department": "City of Leduc", "source_last_edit_at": ""}}, {"type": "Feature", "geometry": {"type": "Point", "coordinates": [-113.52555379635442, 53.255049158167964]}, "properties": {"id": "leduc-8512", "species_group": "crabapple", "scientific_name": "Malus spp", "common_name": null, "subtype_name": "Malus spp", "zip_code": null, "ownership": "public", "ownership_raw": "City of Leduc", "city": "Leduc", "source_dataset": "Trees", "source_department": "City of Leduc", "source_last_edit_at": ""}}, {"type": "Feature", "geometry": {"type": "Point", "coordinates": [-113.52598926428624, 53.25550754391607]}, "properties": {"id": "leduc-8518", "species_group": "cherry", "scientific_name": "Prunus padus commutata", "common_name": null, "subtype_name": "Prunus padus commutata", "zip_code": null, "ownership": "public", "ownership_raw": "City of Leduc", "city": "Leduc", "source_dataset": "Trees", "source_department": "City of Leduc", "source_last_edit_at": ""}}, {"type": "Feature", "geometry": {"type": "Point", "coordinates": [-113.52592623312012, 53.255559117171096]}, "properties": {"id": "leduc-8519", "species_group": "cherry", "scientific_name": "Prunus padus commutata", "common_name": null, "subtype_name": "Prunus padus commutata", "zip_code": null, "ownership": "public", "ownership_raw": "City of Leduc", "city": "Leduc", "source_dataset": "Trees", "source_department": "City of Leduc", "source_last_edit_at": ""}}, {"type": "Feature", "geometry": {"type": "Point", "coordinates": [-113.52583509756944, 53.25562515192542]}, "properties": {"id": "leduc-8520", "species_group": "cherry", "scientific_name": "Prunus padus commutata", "common_name": null, "subtype_name": "Prunus padus commutata", "zip_code": null, "ownership": "public", "ownership_raw": "City of Leduc", "city": "Leduc", "source_dataset": "Trees", "source_department": "City of Leduc", "source_last_edit_at": ""}}, {"type": "Feature", "geometry": {"type": "Point", "coordinates": [-113.52576676771356, 53.2556669312777]}, "properties": {"id": "leduc-8521", "species_group": "cherry", "scientific_name": "Prunus padus commutata", "common_name": null, "subtype_name": "Prunus padus commutata", "zip_code": null, "ownership": "public", "ownership_raw": "City of Leduc", "city": "Leduc", "source_dataset": "Trees", "source_department": "City of Leduc", "source_last_edit_at": ""}}, {"type": "Feature", "geometry": {"type": "Point", "coordinates": [-113.52571030661053, 53.2557098739196]}, "properties": {"id": "leduc-8522", "species_group": "cherry", "scientific_name": "Prunus padus commutata", "common_name": null, "subtype_name": "Prunus padus commutata", "zip_code": null, "ownership": "public", "ownership_raw": "City of Leduc", "city": "Leduc", "source_dataset": "Trees", "source_department": "City of Leduc", "source_last_edit_at": ""}}, {"type": "Feature", "geometry": {"type": "Point", "coordinates": [-113.52557871620245, 53.25580422644679]}, "properties": {"id": "leduc-8523", "species_group": "cherry", "scientific_name": "Prunus padus commutata", "common_name": null, "subtype_name": "Prunus padus commutata", "zip_code": null, "ownership": "public", "ownership_raw": "City of Leduc", "city": "Leduc", "source_dataset": "Trees", "source_department": "City of Leduc", "source_last_edit_at": ""}}, {"type": "Feature", "geometry": {"type": "Point", "coordinates": [-113.53668652589077, 53.24525320000775]}, "properties": {"id": "leduc-8662", "species_group": "cherry", "scientific_name": "Prunus padus commutata", "common_name": null, "subtype_name": "Prunus padus commutata", "zip_code": null, "ownership": "public", "ownership_raw": "City of Leduc", "city": "Leduc", "source_dataset": "Trees", "source_department": "City of Leduc", "source_last_edit_at": ""}}, {"type": "Feature", "geometry": {"type": "Point", "coordinates": [-113.53254979736832, 53.25768143211615]}, "properties": {"id": "leduc-8859", "species_group": "cherry", "scientific_name": "Prunus padus commutata", "common_name": null, "subtype_name": "Prunus padus commutata", "zip_code": null, "ownership": "public", "ownership_raw": "City of Leduc", "city": "Leduc", "source_dataset": "Trees", "source_department": "City of Leduc", "source_last_edit_at": ""}}, {"type": "Feature", "geometry": {"type": "Point", "coordinates": [-113.52425315840055, 53.25035495200643]}, "properties": {"id": "leduc-9043", "species_group": "crabapple", "scientific_name": "Malus spp", "common_name": null, "subtype_name": "Malus spp", "zip_code": null, "ownership": "public", "ownership_raw": "City of Leduc", "city": "Leduc", "source_dataset": "Trees", "source_department": "City of Leduc", "source_last_edit_at": ""}}, {"type": "Feature", "geometry": {"type": "Point", "coordinates": [-113.52361014689899, 53.250358682101066]}, "properties": {"id": "leduc-9058", "species_group": "crabapple", "scientific_name": "Malus spp", "common_name": null, "subtype_name": "Malus spp", "zip_code": null, "ownership": "public", "ownership_raw": "City of Leduc", "city": "Leduc", "source_dataset": "Trees", "source_department": "City of Leduc", "source_last_edit_at": ""}}, {"type": "Feature", "geometry": {"type": "Point", "coordinates": [-113.52341337536231, 53.250355726354385]}, "properties": {"id": "leduc-9060", "species_group": "cherry", "scientific_name": "Prunus padus commutata", "common_name": null, "subtype_name": "Prunus padus commutata", "zip_code": null, "ownership": "public", "ownership_raw": "City of Leduc", "city": "Leduc", "source_dataset": "Trees", "source_department": "City of Leduc", "source_last_edit_at": ""}}, {"type": "Feature", "geometry": {"type": "Point", "coordinates": [-113.55150661537509, 53.263116395852485]}, "properties": {"id": "leduc-912", "species_group": "crabapple", "scientific_name": "Malus x adstringens Thunderchild", "common_name": null, "subtype_name": "Malus x adstringens Thunderchild", "zip_code": null, "ownership": "public", "ownership_raw": "City of Leduc", "city": "Leduc", "source_dataset": "Trees", "source_department": "City of Leduc", "source_last_edit_at": ""}}, {"type": "Feature", "geometry": {"type": "Point", "coordinates": [-113.5513187084518, 53.26311361576655]}, "properties": {"id": "leduc-913", "species_group": "crabapple", "scientific_name": "Malus x adstringens Thunderchild", "common_name": null, "subtype_name": "Malus x adstringens Thunderchild", "zip_code": null, "ownership": "public", "ownership_raw": "City of Leduc", "city": "Leduc", "source_dataset": "Trees", "source_department": "City of Leduc", "source_last_edit_at": ""}}, {"type": "Feature", "geometry": {"type": "Point", "coordinates": [-113.52659078656451, 53.25034326032804]}, "properties": {"id": "leduc-9330", "species_group": "crabapple", "scientific_name": "Malus spp", "common_name": null, "subtype_name": "Malus spp", "zip_code": null, "ownership": "public", "ownership_raw": "City of Leduc", "city": "Leduc", "source_dataset": "Trees", "source_department": "City of Leduc", "source_last_edit_at": ""}}, {"type": "Feature", "geometry": {"type": "Point", "coordinates": [-113.52914751351308, 53.25069791172861]}, "properties": {"id": "leduc-9373", "species_group": "cherry", "scientific_name": "Prunus padus commutata", "common_name": null, "subtype_name": "Prunus padus commutata", "zip_code": null, "ownership": "public", "ownership_raw": "City of Leduc", "city": "Leduc", "source_dataset": "Trees", "source_department": "City of Leduc", "source_last_edit_at": ""}}, {"type": "Feature", "geometry": {"type": "Point", "coordinates": [-113.56753076707675, 53.267796142082744]}, "properties": {"id": "leduc-9844", "species_group": "crabapple", "scientific_name": "Malus spp", "common_name": null, "subtype_name": "Malus spp", "zip_code": null, "ownership": "public", "ownership_raw": "City of Leduc", "city": "Leduc", "source_dataset": "Trees", "source_department": "City of Leduc", "source_last_edit_at": ""}}, {"type": "Feature", "geometry": {"type": "Point", "coordinates": [-113.56974941196533, 53.26699701932445]}, "properties": {"id": "leduc-9864", "species_group": "crabapple", "scientific_name": "Malus spp", "common_name": null, "subtype_name": "Malus spp", "zip_code": null, "ownership": "public", "ownership_raw": "City of Leduc", "city": "Leduc", "source_dataset": "Trees", "source_department": "City of Leduc", "source_last_edit_at": ""}}, {"type": "Feature", "geometry": {"type": "Point", "coordinates": [-113.57026349586994, 53.26687373299104]}, "properties": {"id": "leduc-9865", "species_group": "crabapple", "scientific_name": "Malus spp", "common_name": null, "subtype_name": "Malus spp", "zip_code": null, "ownership": "public", "ownership_raw": "City of Leduc", "city": "Leduc", "source_dataset": "Trees", "source_department": "City of Leduc", "source_last_edit_at": ""}}, {"type": "Feature", "geometry": {"type": "Point", "coordinates": [-113.57141941024204, 53.26547967115028]}, "properties": {"id": "leduc-9883", "species_group": "crabapple", "scientific_name": "Malus spp", "common_name": null, "subtype_name": "Malus spp", "zip_code": null, "ownership": "public", "ownership_raw": "City of Leduc", "city": "Leduc", "source_dataset": "Trees", "source_department": "City of Leduc", "source_last_edit_at": ""}}, {"type": "Feature", "geometry": {"type": "Point", "coordinates": [-113.57972626108479, 53.26153799528371]}, "properties": {"id": "leduc-9891", "species_group": "cherry", "scientific_name": "Prunus padus commutata", "common_name": null, "subtype_name": "Prunus padus commutata", "zip_code": null, "ownership": "public", "ownership_raw": "City of Leduc", "city": "Leduc", "source_dataset": "Trees", "source_department": "City of Leduc", "source_last_edit_at": ""}}, {"type": "Feature", "geometry": {"type": "Point", "coordinates": [-113.5798333404755, 53.261582911076516]}, "properties": {"id": "leduc-9893", "species_group": "cherry", "scientific_name": "Prunus padus commutata", "common_name": null, "subtype_name": "Prunus padus commutata", "zip_code": null, "ownership": "public", "ownership_raw": "City of Leduc", "city": "Leduc", "source_dataset": "Trees", "source_department": "City of Leduc", "source_last_edit_at": ""}}, {"type": "Feature", "geometry": {"type": "Point", "coordinates": [-113.55287999547822, 53.25814616356683]}, "properties": {"id": "leduc-9914", "species_group": "cherry", "scientific_name": "Prunus padus commutata", "common_name": null, "subtype_name": "Prunus padus commutata", "zip_code": null, "ownership": "public", "ownership_raw": "City of Leduc", "city": "Leduc", "source_dataset": "Trees", "source_department": "City of Leduc", "source_last_edit_at": ""}}, {"type": "Feature", "geometry": {"type": "Point", "coordinates": [-113.55358910644426, 53.258117291749876]}, "properties": {"id": "leduc-9917", "species_group": "crabapple", "scientific_name": "Malus spp", "common_name": null, "subtype_name": "Malus spp", "zip_code": null, "ownership": "public", "ownership_raw": "City of Leduc", "city": "Leduc", "source_dataset": "Trees", "source_department": "City of Leduc", "source_last_edit_at": ""}}, {"type": "Feature", "geometry": {"type": "Point", "coordinates": [-113.55398974677901, 53.25811759768614]}, "properties": {"id": "leduc-9921", "species_group": "crabapple", "scientific_name": "Malus spp", "common_name": null, "subtype_name": "Malus spp", "zip_code": null, "ownership": "public", "ownership_raw": "City of Leduc", "city": "Leduc", "source_dataset": "Trees", "source_department": "City of Leduc", "source_last_edit_at": ""}}, {"type": "Feature", "geometry": {"type": "Point", "coordinates": [-113.55694553049831, 53.258129056168485]}, "properties": {"id": "leduc-9935", "species_group": "cherry", "scientific_name": "Prunus padus commutata", "common_name": null, "subtype_name": "Prunus padus commutata", "zip_code": null, "ownership": "public", "ownership_raw": "City of Leduc", "city": "Leduc", "source_dataset": "Trees", "source_department": "City of Leduc", "source_last_edit_at": ""}}, {"type": "Feature", "geometry": {"type": "Point", "coordinates": [-113.55720543741064, 53.25813761878291]}, "properties": {"id": "leduc-9937", "species_group": "cherry", "scientific_name": "Prunus padus commutata", "common_name": null, "subtype_name": "Prunus padus commutata", "zip_code": null, "ownership": "public", "ownership_raw": "City of Leduc", "city": "Leduc", "source_dataset": "Trees", "source_department": "City of Leduc", "source_last_edit_at": ""}}, {"type": "Feature", "geometry": {"type": "Point", "coordinates": [-113.55798875425087, 53.25813172929948]}, "properties": {"id": "leduc-9940", "species_group": "cherry", "scientific_name": "Prunus padus commutata", "common_name": null, "subtype_name": "Prunus padus commutata", "zip_code": null, "ownership": "public", "ownership_raw": "City of Leduc", "city": "Leduc", "source_dataset": "Trees", "source_department": "City of Leduc", "source_last_edit_at": ""}}, {"type": "Feature", "geometry": {"type": "Point", "coordinates": [-113.55854919096797, 53.25813053902545]}, "properties": {"id": "leduc-9942", "species_group": "cherry", "scientific_name": "Prunus padus commutata", "common_name": null, "subtype_name": "Prunus padus commutata", "zip_code": null, "ownership": "public", "ownership_raw": "City of Leduc", "city": "Leduc", "source_dataset": "Trees", "source_department": "City of Leduc", "source_last_edit_at": ""}}, {"type": "Feature", "geometry": {"type": "Point", "coordinates": [-113.55905940856648, 53.25813220950177]}, "properties": {"id": "leduc-9948", "species_group": "cherry", "scientific_name": "Prunus padus commutata", "common_name": null, "subtype_name": "Prunus padus commutata", "zip_code": null, "ownership": "public", "ownership_raw": "City of Leduc", "city": "Leduc", "source_dataset": "Trees", "source_department": "City of Leduc", "source_last_edit_at": ""}}, {"type": "Feature", "geometry": {"type": "Point", "coordinates": [-113.55927112620505, 53.25812625785421]}, "properties": {"id": "leduc-9949", "species_group": "crabapple", "scientific_name": "Malus spp", "common_name": null, "subtype_name": "Malus spp", "zip_code": null, "ownership": "public", "ownership_raw": "City of Leduc", "city": "Leduc", "source_dataset": "Trees", "source_department": "City of Leduc", "source_last_edit_at": ""}}, {"type": "Feature", "geometry": {"type": "Point", "coordinates": [-113.56037205054714, 53.25811402711908]}, "properties": {"id": "leduc-9955", "species_group": "cherry", "scientific_name": "Prunus padus commutata", "common_name": null, "subtype_name": "Prunus padus commutata", "zip_code": null, "ownership": "public", "ownership_raw": "City of Leduc", "city": "Leduc", "source_dataset": "Trees", "source_department": "City of Leduc", "source_last_edit_at": ""}}]}