{"type": "FeatureCollection", "features": [{"type": "Feature", "geometry": {"type": "Point", "coordinates": [-71.2453369001, 48.397834401]}, "properties": {"id": "saguenay-10046", "species_group": "crabapple", "scientific_name": "Malus sp.", "common_name": "Pommier", "subtype_name": "Pommier", "zip_code": null, "ownership": "public", "ownership_raw": "Ville de Saguenay", "city": "Saguenay", "source_dataset": "Inventaire des arbres répertoriés", "source_department": "Ville de Saguenay", "source_last_edit_at": ""}}, {"type": "Feature", "geometry": {"type": "Point", "coordinates": [-71.2452764999, 48.397815601]}, "properties": {"id": "saguenay-10047", "species_group": "crabapple", "scientific_name": "Malus sp.", "common_name": "Pommier", "subtype_name": "Pommier", "zip_code": null, "ownership": "public", "ownership_raw": "Ville de Saguenay", "city": "Saguenay", "source_dataset": "Inventaire des arbres répertoriés", "source_department": "Ville de Saguenay", "source_last_edit_at": ""}}, {"type": "Feature", "geometry": {"type": "Point", "coordinates": [-71.2409242, 48.4015734005]}, "properties": {"id": "saguenay-10174", "species_group": "crabapple", "scientific_name": "Malus sp.", "common_name": "Pommier", "subtype_name": "Pommier", "zip_code": null, "ownership": "public", "ownership_raw": "Ville de Saguenay", "city": "Saguenay", "source_dataset": "Inventaire des arbres répertoriés", "source_department": "Ville de Saguenay", "source_last_edit_at": ""}}, {"type": "Feature", "geometry": {"type": "Point", "coordinates": [-71.2507323006, 48.3956000009]}, "properties": {"id": "saguenay-10299", "species_group": "crabapple", "scientific_name": "Malus sp.", "common_name": "Pommier", "subtype_name": "Pommier", "zip_code": null, "ownership": "public", "ownership_raw": "Ville de Saguenay", "city": "Saguenay", "source_dataset": "Inventaire des arbres répertoriés", "source_department": "Ville de Saguenay", "source_last_edit_at": ""}}, {"type": "Feature", "geometry": {"type": "Point", "coordinates": [-71.2468622006, 48.3960910008]}, "properties": {"id": "saguenay-10306", "species_group": "crabapple", "scientific_name": "Malus sp.", "common_name": "Pommier", "subtype_name": "Pommier", "zip_code": null, "ownership": "public", "ownership_raw": "Ville de Saguenay", "city": "Saguenay", "source_dataset": "Inventaire des arbres répertoriés", "source_department": "Ville de Saguenay", "source_last_edit_at": ""}}, {"type": "Feature", "geometry": {"type": "Point", "coordinates": [-71.2457619004, 48.3971281014]}, "properties": {"id": "saguenay-10361", "species_group": "crabapple", "scientific_name": "Malus sp.", "common_name": "Pommier", "subtype_name": "Pommier", "zip_code": null, "ownership": "public", "ownership_raw": "Ville de Saguenay", "city": "Saguenay", "source_dataset": "Inventaire des arbres répertoriés", "source_department": "Ville de Saguenay", "source_last_edit_at": ""}}, {"type": "Feature", "geometry": {"type": "Point", "coordinates": [-71.2457499996, 48.3971152011]}, "properties": {"id": "saguenay-10362", "species_group": "crabapple", "scientific_name": "Malus sp.", "common_name": "Pommier", "subtype_name": "Pommier", "zip_code": null, "ownership": "public", "ownership_raw": "Ville de Saguenay", "city": "Saguenay", "source_dataset": "Inventaire des arbres répertoriés", "source_department": "Ville de Saguenay", "source_last_edit_at": ""}}, {"type": "Feature", "geometry": {"type": "Point", "coordinates": [-71.2490159994, 48.3992809007]}, "properties": {"id": "saguenay-10402", "species_group": "crabapple", "scientific_name": "Malus sp.", "common_name": "Pommier", "subtype_name": "Pommier", "zip_code": null, "ownership": "public", "ownership_raw": "Ville de Saguenay", "city": "Saguenay", "source_dataset": "Inventaire des arbres répertoriés", "source_department": "Ville de Saguenay", "source_last_edit_at": ""}}, {"type": "Feature", "geometry": {"type": "Point", "coordinates": [-71.2477254585, 48.396807852]}, "properties": {"id": "saguenay-10522", "species_group": "crabapple", "scientific_name": "Malus sp.", "common_name": "Pommier", "subtype_name": "Pommier", "zip_code": null, "ownership": "public", "ownership_raw": "Ville de Saguenay", "city": "Saguenay", "source_dataset": "Inventaire des arbres répertoriés", "source_department": "Ville de Saguenay", "source_last_edit_at": ""}}, {"type": "Feature", "geometry": {"type": "Point", "coordinates": [-71.2363350994, 48.4035742012]}, "properties": {"id": "saguenay-10661", "species_group": "crabapple", "scientific_name": "Malus sp.", "common_name": "Pommier", "subtype_name": "Pommier", "zip_code": null, "ownership": "public", "ownership_raw": "Ville de Saguenay", "city": "Saguenay", "source_dataset": "Inventaire des arbres répertoriés", "source_department": "Ville de Saguenay", "source_last_edit_at": ""}}, {"type": "Feature", "geometry": {"type": "Point", "coordinates": [-71.2358316995, 48.4051540008]}, "properties": {"id": "saguenay-10673", "species_group": "crabapple", "scientific_name": "Malus sp.", "common_name": "Pommier", "subtype_name": "Pommier", "zip_code": null, "ownership": "public", "ownership_raw": "Ville de Saguenay", "city": "Saguenay", "source_dataset": "Inventaire des arbres répertoriés", "source_department": "Ville de Saguenay", "source_last_edit_at": ""}}, {"type": "Feature", "geometry": {"type": "Point", "coordinates": [-71.2595519004, 48.3991547008]}, "properties": {"id": "saguenay-10705", "species_group": "crabapple", "scientific_name": "Malus sp.", "common_name": "Pommier", "subtype_name": "Pommier", "zip_code": null, "ownership": "public", "ownership_raw": "Ville de Saguenay", "city": "Saguenay", "source_dataset": "Inventaire des arbres répertoriés", "source_department": "Ville de Saguenay", "source_last_edit_at": ""}}, {"type": "Feature", "geometry": {"type": "Point", "coordinates": [-71.2600928996, 48.3979157014]}, "properties": {"id": "saguenay-10784", "species_group": "crabapple", "scientific_name": "Malus sp.", "common_name": "Pommier", "subtype_name": "Pommier", "zip_code": null, "ownership": "public", "ownership_raw": "Ville de Saguenay", "city": "Saguenay", "source_dataset": "Inventaire des arbres répertoriés", "source_department": "Ville de Saguenay", "source_last_edit_at": ""}}, {"type": "Feature", "geometry": {"type": "Point", "coordinates": [-71.2577988999, 48.3975665011]}, "properties": {"id": "saguenay-10788", "species_group": "crabapple", "scientific_name": "Malus sp.", "common_name": "Pommier", "subtype_name": "Pommier", "zip_code": null, "ownership": "public", "ownership_raw": "Ville de Saguenay", "city": "Saguenay", "source_dataset": "Inventaire des arbres répertoriés", "source_department": "Ville de Saguenay", "source_last_edit_at": ""}}, {"type": "Feature", "geometry": {"type": "Point", "coordinates": [-71.2578198782, 48.39913148]}, "properties": {"id": "saguenay-10795", "species_group": "crabapple", "scientific_name": "Malus sp.", "common_name": "Pommier", "subtype_name": "Pommier", "zip_code": null, "ownership": "public", "ownership_raw": "Ville de Saguenay", "city": "Saguenay", "source_dataset": "Inventaire des arbres répertoriés", "source_department": "Ville de Saguenay", "source_last_edit_at": ""}}, {"type": "Feature", "geometry": {"type": "Point", "coordinates": [-71.2579441863, 48.3983924716]}, "properties": {"id": "saguenay-10862", "species_group": "crabapple", "scientific_name": "Malus sp.", "common_name": "Pommier", "subtype_name": "Pommier", "zip_code": null, "ownership": "public", "ownership_raw": "Ville de Saguenay", "city": "Saguenay", "source_dataset": "Inventaire des arbres répertoriés", "source_department": "Ville de Saguenay", "source_last_edit_at": ""}}, {"type": "Feature", "geometry": {"type": "Point", "coordinates": [-71.2555587001, 48.3980058002]}, "properties": {"id": "saguenay-10876", "species_group": "crabapple", "scientific_name": "Malus sp.", "common_name": "Pommier", "subtype_name": "Pommier", "zip_code": null, "ownership": "public", "ownership_raw": "Ville de Saguenay", "city": "Saguenay", "source_dataset": "Inventaire des arbres répertoriés", "source_department": "Ville de Saguenay", "source_last_edit_at": ""}}, {"type": "Feature", "geometry": {"type": "Point", "coordinates": [-71.2539964997, 48.3977606005]}, "properties": {"id": "saguenay-10879", "species_group": "crabapple", "scientific_name": "Malus sp.", "common_name": "Pommier", "subtype_name": "Pommier", "zip_code": null, "ownership": "public", "ownership_raw": "Ville de Saguenay", "city": "Saguenay", "source_dataset": "Inventaire des arbres répertoriés", "source_department": "Ville de Saguenay", "source_last_edit_at": ""}}, {"type": "Feature", "geometry": {"type": "Point", "coordinates": [-71.2388322001, 48.4073403008]}, "properties": {"id": "saguenay-10895", "species_group": "crabapple", "scientific_name": "Malus sp.", "common_name": "Pommier", "subtype_name": "Pommier", "zip_code": null, "ownership": "public", "ownership_raw": "Ville de Saguenay", "city": "Saguenay", "source_dataset": "Inventaire des arbres répertoriés", "source_department": "Ville de Saguenay", "source_last_edit_at": ""}}, {"type": "Feature", "geometry": {"type": "Point", "coordinates": [-71.2380969716, 48.4077547626]}, "properties": {"id": "saguenay-11032", "species_group": "crabapple", "scientific_name": "Malus sp.", "common_name": "Pommier", "subtype_name": "Pommier", "zip_code": null, "ownership": "public", "ownership_raw": "Ville de Saguenay", "city": "Saguenay", "source_dataset": "Inventaire des arbres répertoriés", "source_department": "Ville de Saguenay", "source_last_edit_at": ""}}, {"type": "Feature", "geometry": {"type": "Point", "coordinates": [-71.2407428004, 48.4074971014]}, "properties": {"id": "saguenay-11061", "species_group": "crabapple", "scientific_name": "Malus sp.", "common_name": "Pommier", "subtype_name": "Pommier", "zip_code": null, "ownership": "public", "ownership_raw": "Ville de Saguenay", "city": "Saguenay", "source_dataset": "Inventaire des arbres répertoriés", "source_department": "Ville de Saguenay", "source_last_edit_at": ""}}, {"type": "Feature", "geometry": {"type": "Point", "coordinates": [-71.2420641847, 48.4085232185]}, "properties": {"id": "saguenay-11097", "species_group": "crabapple", "scientific_name": "Malus sp.", "common_name": "Pommier", "subtype_name": "Pommier", "zip_code": null, "ownership": "public", "ownership_raw": "Ville de Saguenay", "city": "Saguenay", "source_dataset": "Inventaire des arbres répertoriés", "source_department": "Ville de Saguenay", "source_last_edit_at": ""}}, {"type": "Feature", "geometry": {"type": "Point", "coordinates": [-71.2583839649, 48.4048695303]}, "properties": {"id": "saguenay-11099", "species_group": "crabapple", "scientific_name": "Malus sp.", "common_name": "Pommier", "subtype_name": "Pommier", "zip_code": null, "ownership": "public", "ownership_raw": "Ville de Saguenay", "city": "Saguenay", "source_dataset": "Inventaire des arbres répertoriés", "source_department": "Ville de Saguenay", "source_last_edit_at": ""}}, {"type": "Feature", "geometry": {"type": "Point", "coordinates": [-71.2544101998, 48.4041881006]}, "properties": {"id": "saguenay-11234", "species_group": "crabapple", "scientific_name": "Malus sp.", "common_name": "Pommier", "subtype_name": "Pommier", "zip_code": null, "ownership": "public", "ownership_raw": "Ville de Saguenay", "city": "Saguenay", "source_dataset": "Inventaire des arbres répertoriés", "source_department": "Ville de Saguenay", "source_last_edit_at": ""}}, {"type": "Feature", "geometry": {"type": "Point", "coordinates": [-71.2583473, 48.4011850006]}, "properties": {"id": "saguenay-11580", "species_group": "crabapple", "scientific_name": "Malus sp.", "common_name": "Pommier", "subtype_name": "Pommier", "zip_code": null, "ownership": "public", "ownership_raw": "Ville de Saguenay", "city": "Saguenay", "source_dataset": "Inventaire des arbres répertoriés", "source_department": "Ville de Saguenay", "source_last_edit_at": ""}}, {"type": "Feature", "geometry": {"type": "Point", "coordinates": [-71.2617069996, 48.4045833009]}, "properties": {"id": "saguenay-11705", "species_group": "crabapple", "scientific_name": "Malus sp.", "common_name": "Pommier", "subtype_name": "Pommier", "zip_code": null, "ownership": "public", "ownership_raw": "Ville de Saguenay", "city": "Saguenay", "source_dataset": "Inventaire des arbres répertoriés", "source_department": "Ville de Saguenay", "source_last_edit_at": ""}}, {"type": "Feature", "geometry": {"type": "Point", "coordinates": [-71.2517513006, 48.4038547005]}, "properties": {"id": "saguenay-11738", "species_group": "crabapple", "scientific_name": "Malus sp.", "common_name": "Pommier", "subtype_name": "Pommier", "zip_code": null, "ownership": "public", "ownership_raw": "Ville de Saguenay", "city": "Saguenay", "source_dataset": "Inventaire des arbres répertoriés", "source_department": "Ville de Saguenay", "source_last_edit_at": ""}}, {"type": "Feature", "geometry": {"type": "Point", "coordinates": [-71.2514710996, 48.4048544008]}, "properties": {"id": "saguenay-11760", "species_group": "crabapple", "scientific_name": "Malus sp.", "common_name": "Pommier", "subtype_name": "Pommier", "zip_code": null, "ownership": "public", "ownership_raw": "Ville de Saguenay", "city": "Saguenay", "source_dataset": "Inventaire des arbres répertoriés", "source_department": "Ville de Saguenay", "source_last_edit_at": ""}}, {"type": "Feature", "geometry": {"type": "Point", "coordinates": [-71.2602566003, 48.4064090011]}, "properties": {"id": "saguenay-11786", "species_group": "crabapple", "scientific_name": "Malus sp.", "common_name": "Pommier", "subtype_name": "Pommier", "zip_code": null, "ownership": "public", "ownership_raw": "Ville de Saguenay", "city": "Saguenay", "source_dataset": "Inventaire des arbres répertoriés", "source_department": "Ville de Saguenay", "source_last_edit_at": ""}}, {"type": "Feature", "geometry": {"type": "Point", "coordinates": [-71.2601347002, 48.4064355013]}, "properties": {"id": "saguenay-11787", "species_group": "crabapple", "scientific_name": "Malus sp.", "common_name": "Pommier", "subtype_name": "Pommier", "zip_code": null, "ownership": "public", "ownership_raw": "Ville de Saguenay", "city": "Saguenay", "source_dataset": "Inventaire des arbres répertoriés", "source_department": "Ville de Saguenay", "source_last_edit_at": ""}}, {"type": "Feature", "geometry": {"type": "Point", "coordinates": [-71.255061243, 48.4057508114]}, "properties": {"id": "saguenay-11999", "species_group": "crabapple", "scientific_name": "Malus sp.", "common_name": "Pommier", "subtype_name": "Pommier", "zip_code": null, "ownership": "public", "ownership_raw": "Ville de Saguenay", "city": "Saguenay", "source_dataset": "Inventaire des arbres répertoriés", "source_department": "Ville de Saguenay", "source_last_edit_at": ""}}, {"type": "Feature", "geometry": {"type": "Point", "coordinates": [-71.2508841001, 48.4050300013]}, "properties": {"id": "saguenay-12113", "species_group": "crabapple", "scientific_name": "Malus sp.", "common_name": "Pommier", "subtype_name": "Pommier", "zip_code": null, "ownership": "public", "ownership_raw": "Ville de Saguenay", "city": "Saguenay", "source_dataset": "Inventaire des arbres répertoriés", "source_department": "Ville de Saguenay", "source_last_edit_at": ""}}, {"type": "Feature", "geometry": {"type": "Point", "coordinates": [-71.2523411997, 48.4065774014]}, "properties": {"id": "saguenay-12154", "species_group": "crabapple", "scientific_name": "Malus sp.", "common_name": "Pommier", "subtype_name": "Pommier", "zip_code": null, "ownership": "public", "ownership_raw": "Ville de Saguenay", "city": "Saguenay", "source_dataset": "Inventaire des arbres répertoriés", "source_department": "Ville de Saguenay", "source_last_edit_at": ""}}, {"type": "Feature", "geometry": {"type": "Point", "coordinates": [-71.2509890999, 48.4065225008]}, "properties": {"id": "saguenay-12247", "species_group": "crabapple", "scientific_name": "Malus sp.", "common_name": "Pommier", "subtype_name": "Pommier", "zip_code": null, "ownership": "public", "ownership_raw": "Ville de Saguenay", "city": "Saguenay", "source_dataset": "Inventaire des arbres répertoriés", "source_department": "Ville de Saguenay", "source_last_edit_at": ""}}, {"type": "Feature", "geometry": {"type": "Point", "coordinates": [-71.2509631, 48.4065943009]}, "properties": {"id": "saguenay-12248", "species_group": "crabapple", "scientific_name": "Malus sp.", "common_name": "Pommier", "subtype_name": "Pommier", "zip_code": null, "ownership": "public", "ownership_raw": "Ville de Saguenay", "city": "Saguenay", "source_dataset": "Inventaire des arbres répertoriés", "source_department": "Ville de Saguenay", "source_last_edit_at": ""}}, {"type": "Feature", "geometry": {"type": "Point", "coordinates": [-71.2509311001, 48.4066909005]}, "properties": {"id": "saguenay-12249", "species_group": "crabapple", "scientific_name": "Malus sp.", "common_name": "Pommier", "subtype_name": "Pommier", "zip_code": null, "ownership": "public", "ownership_raw": "Ville de Saguenay", "city": "Saguenay", "source_dataset": "Inventaire des arbres répertoriés", "source_department": "Ville de Saguenay", "source_last_edit_at": ""}}, {"type": "Feature", "geometry": {"type": "Point", "coordinates": [-71.2515519997, 48.4093210007]}, "properties": {"id": "saguenay-12397", "species_group": "crabapple", "scientific_name": "Malus sp.", "common_name": "Pommier", "subtype_name": "Pommier", "zip_code": null, "ownership": "public", "ownership_raw": "Ville de Saguenay", "city": "Saguenay", "source_dataset": "Inventaire des arbres répertoriés", "source_department": "Ville de Saguenay", "source_last_edit_at": ""}}, {"type": "Feature", "geometry": {"type": "Point", "coordinates": [-71.2525129007, 48.4103853007]}, "properties": {"id": "saguenay-12570", "species_group": "crabapple", "scientific_name": "Malus sp.", "common_name": "Pommier", "subtype_name": "Pommier", "zip_code": null, "ownership": "public", "ownership_raw": "Ville de Saguenay", "city": "Saguenay", "source_dataset": "Inventaire des arbres répertoriés", "source_department": "Ville de Saguenay", "source_last_edit_at": ""}}, {"type": "Feature", "geometry": {"type": "Point", "coordinates": [-71.2613006998, 48.4001107011]}, "properties": {"id": "saguenay-12666", "species_group": "crabapple", "scientific_name": "Malus sp.", "common_name": "Pommier", "subtype_name": "Pommier", "zip_code": null, "ownership": "public", "ownership_raw": "Ville de Saguenay", "city": "Saguenay", "source_dataset": "Inventaire des arbres répertoriés", "source_department": "Ville de Saguenay", "source_last_edit_at": ""}}, {"type": "Feature", "geometry": {"type": "Point", "coordinates": [-71.2540087001, 48.4131933997]}, "properties": {"id": "saguenay-12724", "species_group": "cherry", "scientific_name": "Prunus maackii", "common_name": "Ceriser De Mandchourie", "subtype_name": "Ceriser De Mandchourie", "zip_code": null, "ownership": "public", "ownership_raw": "Ville de Saguenay", "city": "Saguenay", "source_dataset": "Inventaire des arbres répertoriés", "source_department": "Ville de Saguenay", "source_last_edit_at": ""}}, {"type": "Feature", "geometry": {"type": "Point", "coordinates": [-71.2387569994, 48.4105865006]}, "properties": {"id": "saguenay-12729", "species_group": "crabapple", "scientific_name": "Malus sp.", "common_name": "Pommier", "subtype_name": "Pommier", "zip_code": null, "ownership": "public", "ownership_raw": "Ville de Saguenay", "city": "Saguenay", "source_dataset": "Inventaire des arbres répertoriés", "source_department": "Ville de Saguenay", "source_last_edit_at": ""}}, {"type": "Feature", "geometry": {"type": "Point", "coordinates": [-71.2398326004, 48.4109330006]}, "properties": {"id": "saguenay-12750", "species_group": "crabapple", "scientific_name": "Malus sp.", "common_name": "Pommier", "subtype_name": "Pommier", "zip_code": null, "ownership": "public", "ownership_raw": "Ville de Saguenay", "city": "Saguenay", "source_dataset": "Inventaire des arbres répertoriés", "source_department": "Ville de Saguenay", "source_last_edit_at": ""}}, {"type": "Feature", "geometry": {"type": "Point", "coordinates": [-71.2411994994, 48.4104343112]}, "properties": {"id": "saguenay-12764", "species_group": "crabapple", "scientific_name": "Malus sp.", "common_name": "Pommier", "subtype_name": "Pommier", "zip_code": null, "ownership": "public", "ownership_raw": "Ville de Saguenay", "city": "Saguenay", "source_dataset": "Inventaire des arbres répertoriés", "source_department": "Ville de Saguenay", "source_last_edit_at": ""}}, {"type": "Feature", "geometry": {"type": "Point", "coordinates": [-71.2409445993, 48.4112234013]}, "properties": {"id": "saguenay-12808", "species_group": "crabapple", "scientific_name": "Malus sp.", "common_name": "Pommier", "subtype_name": "Pommier", "zip_code": null, "ownership": "public", "ownership_raw": "Ville de Saguenay", "city": "Saguenay", "source_dataset": "Inventaire des arbres répertoriés", "source_department": "Ville de Saguenay", "source_last_edit_at": ""}}, {"type": "Feature", "geometry": {"type": "Point", "coordinates": [-71.2455935996, 48.4125802012]}, "properties": {"id": "saguenay-12835", "species_group": "crabapple", "scientific_name": "Malus sp.", "common_name": "Pommier", "subtype_name": "Pommier", "zip_code": null, "ownership": "public", "ownership_raw": "Ville de Saguenay", "city": "Saguenay", "source_dataset": "Inventaire des arbres répertoriés", "source_department": "Ville de Saguenay", "source_last_edit_at": ""}}, {"type": "Feature", "geometry": {"type": "Point", "coordinates": [-71.2419601999, 48.4148003008]}, "properties": {"id": "saguenay-12880", "species_group": "crabapple", "scientific_name": "Malus sp.", "common_name": "Pommier", "subtype_name": "Pommier", "zip_code": null, "ownership": "public", "ownership_raw": "Ville de Saguenay", "city": "Saguenay", "source_dataset": "Inventaire des arbres répertoriés", "source_department": "Ville de Saguenay", "source_last_edit_at": ""}}, {"type": "Feature", "geometry": {"type": "Point", "coordinates": [-71.2334651994, 48.4157130008]}, "properties": {"id": "saguenay-12908", "species_group": "crabapple", "scientific_name": "Malus sp.", "common_name": "Pommier", "subtype_name": "Pommier", "zip_code": null, "ownership": "public", "ownership_raw": "Ville de Saguenay", "city": "Saguenay", "source_dataset": "Inventaire des arbres répertoriés", "source_department": "Ville de Saguenay", "source_last_edit_at": ""}}, {"type": "Feature", "geometry": {"type": "Point", "coordinates": [-71.2389895005, 48.4157042011]}, "properties": {"id": "saguenay-13013", "species_group": "crabapple", "scientific_name": "Malus sp.", "common_name": "Pommier", "subtype_name": "Pommier", "zip_code": null, "ownership": "public", "ownership_raw": "Ville de Saguenay", "city": "Saguenay", "source_dataset": "Inventaire des arbres répertoriés", "source_department": "Ville de Saguenay", "source_last_edit_at": ""}}, {"type": "Feature", "geometry": {"type": "Point", "coordinates": [-71.2315441004, 48.4140348007]}, "properties": {"id": "saguenay-13056", "species_group": "crabapple", "scientific_name": "Malus sp.", "common_name": "Pommier", "subtype_name": "Pommier", "zip_code": null, "ownership": "public", "ownership_raw": "Ville de Saguenay", "city": "Saguenay", "source_dataset": "Inventaire des arbres répertoriés", "source_department": "Ville de Saguenay", "source_last_edit_at": ""}}, {"type": "Feature", "geometry": {"type": "Point", "coordinates": [-71.2356710998, 48.4161641009]}, "properties": {"id": "saguenay-13072", "species_group": "crabapple", "scientific_name": "Malus sp.", "common_name": "Pommier", "subtype_name": "Pommier", "zip_code": null, "ownership": "public", "ownership_raw": "Ville de Saguenay", "city": "Saguenay", "source_dataset": "Inventaire des arbres répertoriés", "source_department": "Ville de Saguenay", "source_last_edit_at": ""}}, {"type": "Feature", "geometry": {"type": "Point", "coordinates": [-71.2398132003, 48.4167520008]}, "properties": {"id": "saguenay-13089", "species_group": "crabapple", "scientific_name": "Malus sp.", "common_name": "Pommier", "subtype_name": "Pommier", "zip_code": null, "ownership": "public", "ownership_raw": "Ville de Saguenay", "city": "Saguenay", "source_dataset": "Inventaire des arbres répertoriés", "source_department": "Ville de Saguenay", "source_last_edit_at": ""}}, {"type": "Feature", "geometry": {"type": "Point", "coordinates": [-71.2325298003, 48.4163580011]}, "properties": {"id": "saguenay-13164", "species_group": "crabapple", "scientific_name": "Malus sp.", "common_name": "Pommier", "subtype_name": "Pommier", "zip_code": null, "ownership": "public", "ownership_raw": "Ville de Saguenay", "city": "Saguenay", "source_dataset": "Inventaire des arbres répertoriés", "source_department": "Ville de Saguenay", "source_last_edit_at": ""}}, {"type": "Feature", "geometry": {"type": "Point", "coordinates": [-71.2323827, 48.4134453007]}, "properties": {"id": "saguenay-13180", "species_group": "crabapple", "scientific_name": "Malus sp.", "common_name": "Pommier", "subtype_name": "Pommier", "zip_code": null, "ownership": "public", "ownership_raw": "Ville de Saguenay", "city": "Saguenay", "source_dataset": "Inventaire des arbres répertoriés", "source_department": "Ville de Saguenay", "source_last_edit_at": ""}}, {"type": "Feature", "geometry": {"type": "Point", "coordinates": [-71.2323573001, 48.4143053013]}, "properties": {"id": "saguenay-13187", "species_group": "crabapple", "scientific_name": "Malus sp.", "common_name": "Pommier", "subtype_name": "Pommier", "zip_code": null, "ownership": "public", "ownership_raw": "Ville de Saguenay", "city": "Saguenay", "source_dataset": "Inventaire des arbres répertoriés", "source_department": "Ville de Saguenay", "source_last_edit_at": ""}}, {"type": "Feature", "geometry": {"type": "Point", "coordinates": [-71.2317344995, 48.4170634009]}, "properties": {"id": "saguenay-13263", "species_group": "crabapple", "scientific_name": "Malus sp.", "common_name": "Pommier", "subtype_name": "Pommier", "zip_code": null, "ownership": "public", "ownership_raw": "Ville de Saguenay", "city": "Saguenay", "source_dataset": "Inventaire des arbres répertoriés", "source_department": "Ville de Saguenay", "source_last_edit_at": ""}}, {"type": "Feature", "geometry": {"type": "Point", "coordinates": [-71.2324315995, 48.4171632007]}, "properties": {"id": "saguenay-13265", "species_group": "crabapple", "scientific_name": "Malus sp.", "common_name": "Pommier", "subtype_name": "Pommier", "zip_code": null, "ownership": "public", "ownership_raw": "Ville de Saguenay", "city": "Saguenay", "source_dataset": "Inventaire des arbres répertoriés", "source_department": "Ville de Saguenay", "source_last_edit_at": ""}}, {"type": "Feature", "geometry": {"type": "Point", "coordinates": [-71.2316695997, 48.417059001]}, "properties": {"id": "saguenay-13301", "species_group": "crabapple", "scientific_name": "Malus sp.", "common_name": "Pommier", "subtype_name": "Pommier", "zip_code": null, "ownership": "public", "ownership_raw": "Ville de Saguenay", "city": "Saguenay", "source_dataset": "Inventaire des arbres répertoriés", "source_department": "Ville de Saguenay", "source_last_edit_at": ""}}, {"type": "Feature", "geometry": {"type": "Point", "coordinates": [-71.2312064003, 48.4179129014]}, "properties": {"id": "saguenay-13306", "species_group": "crabapple", "scientific_name": "Malus sp.", "common_name": "Pommier", "subtype_name": "Pommier", "zip_code": null, "ownership": "public", "ownership_raw": "Ville de Saguenay", "city": "Saguenay", "source_dataset": "Inventaire des arbres répertoriés", "source_department": "Ville de Saguenay", "source_last_edit_at": ""}}, {"type": "Feature", "geometry": {"type": "Point", "coordinates": [-71.2304989919, 48.4183816804]}, "properties": {"id": "saguenay-13308", "species_group": "crabapple", "scientific_name": "Malus sp.", "common_name": "Pommier", "subtype_name": "Pommier", "zip_code": null, "ownership": "public", "ownership_raw": "Ville de Saguenay", "city": "Saguenay", "source_dataset": "Inventaire des arbres répertoriés", "source_department": "Ville de Saguenay", "source_last_edit_at": ""}}, {"type": "Feature", "geometry": {"type": "Point", "coordinates": [-71.2305563512, 48.4183887209]}, "properties": {"id": "saguenay-13309", "species_group": "crabapple", "scientific_name": "Malus sp.", "common_name": "Pommier", "subtype_name": "Pommier", "zip_code": null, "ownership": "public", "ownership_raw": "Ville de Saguenay", "city": "Saguenay", "source_dataset": "Inventaire des arbres répertoriés", "source_department": "Ville de Saguenay", "source_last_edit_at": ""}}, {"type": "Feature", "geometry": {"type": "Point", "coordinates": [-71.2309517996, 48.4186930009]}, "properties": {"id": "saguenay-13319", "species_group": "crabapple", "scientific_name": "Malus sp.", "common_name": "Pommier", "subtype_name": "Pommier", "zip_code": null, "ownership": "public", "ownership_raw": "Ville de Saguenay", "city": "Saguenay", "source_dataset": "Inventaire des arbres répertoriés", "source_department": "Ville de Saguenay", "source_last_edit_at": ""}}, {"type": "Feature", "geometry": {"type": "Point", "coordinates": [-71.2305026999, 48.4193333012]}, "properties": {"id": "saguenay-13328", "species_group": "crabapple", "scientific_name": "Malus sp.", "common_name": "Pommier", "subtype_name": "Pommier", "zip_code": null, "ownership": "public", "ownership_raw": "Ville de Saguenay", "city": "Saguenay", "source_dataset": "Inventaire des arbres répertoriés", "source_department": "Ville de Saguenay", "source_last_edit_at": ""}}, {"type": "Feature", "geometry": {"type": "Point", "coordinates": [-71.2304300005, 48.4193082011]}, "properties": {"id": "saguenay-13329", "species_group": "crabapple", "scientific_name": "Malus sp.", "common_name": "Pommier", "subtype_name": "Pommier", "zip_code": null, "ownership": "public", "ownership_raw": "Ville de Saguenay", "city": "Saguenay", "source_dataset": "Inventaire des arbres répertoriés", "source_department": "Ville de Saguenay", "source_last_edit_at": ""}}, {"type": "Feature", "geometry": {"type": "Point", "coordinates": [-71.2305273012, 48.4177979924]}, "properties": {"id": "saguenay-13388", "species_group": "crabapple", "scientific_name": "Malus sp.", "common_name": "Pommier", "subtype_name": "Pommier", "zip_code": null, "ownership": "public", "ownership_raw": "Ville de Saguenay", "city": "Saguenay", "source_dataset": "Inventaire des arbres répertoriés", "source_department": "Ville de Saguenay", "source_last_edit_at": ""}}, {"type": "Feature", "geometry": {"type": "Point", "coordinates": [-71.2294294998, 48.4174775011]}, "properties": {"id": "saguenay-13392", "species_group": "crabapple", "scientific_name": "Malus sp.", "common_name": "Pommier", "subtype_name": "Pommier", "zip_code": null, "ownership": "public", "ownership_raw": "Ville de Saguenay", "city": "Saguenay", "source_dataset": "Inventaire des arbres répertoriés", "source_department": "Ville de Saguenay", "source_last_edit_at": ""}}, {"type": "Feature", "geometry": {"type": "Point", "coordinates": [-71.2310359952, 48.4199700589]}, "properties": {"id": "saguenay-13414", "species_group": "crabapple", "scientific_name": "Malus sp.", "common_name": "Pommier", "subtype_name": "Pommier", "zip_code": null, "ownership": "public", "ownership_raw": "Ville de Saguenay", "city": "Saguenay", "source_dataset": "Inventaire des arbres répertoriés", "source_department": "Ville de Saguenay", "source_last_edit_at": ""}}, {"type": "Feature", "geometry": {"type": "Point", "coordinates": [-71.2384396996, 48.4212297006]}, "properties": {"id": "saguenay-13460", "species_group": "crabapple", "scientific_name": "Malus sp.", "common_name": "Pommier", "subtype_name": "Pommier", "zip_code": null, "ownership": "public", "ownership_raw": "Ville de Saguenay", "city": "Saguenay", "source_dataset": "Inventaire des arbres répertoriés", "source_department": "Ville de Saguenay", "source_last_edit_at": ""}}, {"type": "Feature", "geometry": {"type": "Point", "coordinates": [-71.2411607995, 48.4193422005]}, "properties": {"id": "saguenay-13565", "species_group": "crabapple", "scientific_name": "Malus sp.", "common_name": "Pommier", "subtype_name": "Pommier", "zip_code": null, "ownership": "public", "ownership_raw": "Ville de Saguenay", "city": "Saguenay", "source_dataset": "Inventaire des arbres répertoriés", "source_department": "Ville de Saguenay", "source_last_edit_at": ""}}, {"type": "Feature", "geometry": {"type": "Point", "coordinates": [-71.2419215994, 48.4194505003]}, "properties": {"id": "saguenay-13568", "species_group": "crabapple", "scientific_name": "Malus sp.", "common_name": "Pommier", "subtype_name": "Pommier", "zip_code": null, "ownership": "public", "ownership_raw": "Ville de Saguenay", "city": "Saguenay", "source_dataset": "Inventaire des arbres répertoriés", "source_department": "Ville de Saguenay", "source_last_edit_at": ""}}, {"type": "Feature", "geometry": {"type": "Point", "coordinates": [-71.2420519004, 48.4194675013]}, "properties": {"id": "saguenay-13569", "species_group": "crabapple", "scientific_name": "Malus sp.", "common_name": "Pommier", "subtype_name": "Pommier", "zip_code": null, "ownership": "public", "ownership_raw": "Ville de Saguenay", "city": "Saguenay", "source_dataset": "Inventaire des arbres répertoriés", "source_department": "Ville de Saguenay", "source_last_edit_at": ""}}, {"type": "Feature", "geometry": {"type": "Point", "coordinates": [-71.2423171995, 48.4194786011]}, "properties": {"id": "saguenay-13571", "species_group": "crabapple", "scientific_name": "Malus sp.", "common_name": "Pommier", "subtype_name": "Pommier", "zip_code": null, "ownership": "public", "ownership_raw": "Ville de Saguenay", "city": "Saguenay", "source_dataset": "Inventaire des arbres répertoriés", "source_department": "Ville de Saguenay", "source_last_edit_at": ""}}, {"type": "Feature", "geometry": {"type": "Point", "coordinates": [-71.2323488003, 48.4194201009]}, "properties": {"id": "saguenay-13674", "species_group": "crabapple", "scientific_name": "Malus sp.", "common_name": "Pommier", "subtype_name": "Pommier", "zip_code": null, "ownership": "public", "ownership_raw": "Ville de Saguenay", "city": "Saguenay", "source_dataset": "Inventaire des arbres répertoriés", "source_department": "Ville de Saguenay", "source_last_edit_at": ""}}, {"type": "Feature", "geometry": {"type": "Point", "coordinates": [-71.2396093996, 48.4204551006]}, "properties": {"id": "saguenay-13696", "species_group": "crabapple", "scientific_name": "Malus sp.", "common_name": "Pommier", "subtype_name": "Pommier", "zip_code": null, "ownership": "public", "ownership_raw": "Ville de Saguenay", "city": "Saguenay", "source_dataset": "Inventaire des arbres répertoriés", "source_department": "Ville de Saguenay", "source_last_edit_at": ""}}, {"type": "Feature", "geometry": {"type": "Point", "coordinates": [-71.2346245003, 48.4160596013]}, "properties": {"id": "saguenay-13729", "species_group": "crabapple", "scientific_name": "Malus sp.", "common_name": "Pommier", "subtype_name": "Pommier", "zip_code": null, "ownership": "public", "ownership_raw": "Ville de Saguenay", "city": "Saguenay", "source_dataset": "Inventaire des arbres répertoriés", "source_department": "Ville de Saguenay", "source_last_edit_at": ""}}, {"type": "Feature", "geometry": {"type": "Point", "coordinates": [-71.2357571006, 48.4199223009]}, "properties": {"id": "saguenay-13773", "species_group": "crabapple", "scientific_name": "Malus sp.", "common_name": "Pommier", "subtype_name": "Pommier", "zip_code": null, "ownership": "public", "ownership_raw": "Ville de Saguenay", "city": "Saguenay", "source_dataset": "Inventaire des arbres répertoriés", "source_department": "Ville de Saguenay", "source_last_edit_at": ""}}, {"type": "Feature", "geometry": {"type": "Point", "coordinates": [-71.2403812006, 48.4212797007]}, "properties": {"id": "saguenay-13776", "species_group": "crabapple", "scientific_name": "Malus sp.", "common_name": "Pommier", "subtype_name": "Pommier", "zip_code": null, "ownership": "public", "ownership_raw": "Ville de Saguenay", "city": "Saguenay", "source_dataset": "Inventaire des arbres répertoriés", "source_department": "Ville de Saguenay", "source_last_edit_at": ""}}, {"type": "Feature", "geometry": {"type": "Point", "coordinates": [-71.2468205001, 48.4210326006]}, "properties": {"id": "saguenay-13909", "species_group": "crabapple", "scientific_name": "Malus sp.", "common_name": "Pommier", "subtype_name": "Pommier", "zip_code": null, "ownership": "public", "ownership_raw": "Ville de Saguenay", "city": "Saguenay", "source_dataset": "Inventaire des arbres répertoriés", "source_department": "Ville de Saguenay", "source_last_edit_at": ""}}, {"type": "Feature", "geometry": {"type": "Point", "coordinates": [-71.2462121001, 48.4186947007]}, "properties": {"id": "saguenay-14094", "species_group": "crabapple", "scientific_name": "Malus sp.", "common_name": "Pommier", "subtype_name": "Pommier", "zip_code": null, "ownership": "public", "ownership_raw": "Ville de Saguenay", "city": "Saguenay", "source_dataset": "Inventaire des arbres répertoriés", "source_department": "Ville de Saguenay", "source_last_edit_at": ""}}, {"type": "Feature", "geometry": {"type": "Point", "coordinates": [-71.2471792997, 48.4183329008]}, "properties": {"id": "saguenay-14101", "species_group": "crabapple", "scientific_name": "Malus sp.", "common_name": "Pommier", "subtype_name": "Pommier", "zip_code": null, "ownership": "public", "ownership_raw": "Ville de Saguenay", "city": "Saguenay", "source_dataset": "Inventaire des arbres répertoriés", "source_department": "Ville de Saguenay", "source_last_edit_at": ""}}, {"type": "Feature", "geometry": {"type": "Point", "coordinates": [-71.2501055, 48.4028030009]}, "properties": {"id": "saguenay-14138", "species_group": "crabapple", "scientific_name": "Malus sp.", "common_name": "Pommier", "subtype_name": "Pommier", "zip_code": null, "ownership": "public", "ownership_raw": "Ville de Saguenay", "city": "Saguenay", "source_dataset": "Inventaire des arbres répertoriés", "source_department": "Ville de Saguenay", "source_last_edit_at": ""}}, {"type": "Feature", "geometry": {"type": "Point", "coordinates": [-71.2462722001, 48.4137898005]}, "properties": {"id": "saguenay-14186", "species_group": "crabapple", "scientific_name": "Malus sp.", "common_name": "Pommier", "subtype_name": "Pommier", "zip_code": null, "ownership": "public", "ownership_raw": "Ville de Saguenay", "city": "Saguenay", "source_dataset": "Inventaire des arbres répertoriés", "source_department": "Ville de Saguenay", "source_last_edit_at": ""}}, {"type": "Feature", "geometry": {"type": "Point", "coordinates": [-71.2463048006, 48.4137338006]}, "properties": {"id": "saguenay-14187", "species_group": "crabapple", "scientific_name": "Malus sp.", "common_name": "Pommier", "subtype_name": "Pommier", "zip_code": null, "ownership": "public", "ownership_raw": "Ville de Saguenay", "city": "Saguenay", "source_dataset": "Inventaire des arbres répertoriés", "source_department": "Ville de Saguenay", "source_last_edit_at": ""}}, {"type": "Feature", "geometry": {"type": "Point", "coordinates": [-71.2463364999, 48.4136851007]}, "properties": {"id": "saguenay-14188", "species_group": "crabapple", "scientific_name": "Malus sp.", "common_name": "Pommier", "subtype_name": "Pommier", "zip_code": null, "ownership": "public", "ownership_raw": "Ville de Saguenay", "city": "Saguenay", "source_dataset": "Inventaire des arbres répertoriés", "source_department": "Ville de Saguenay", "source_last_edit_at": ""}}, {"type": "Feature", "geometry": {"type": "Point", "coordinates": [-71.2463062001, 48.4135236008]}, "properties": {"id": "saguenay-14189", "species_group": "crabapple", "scientific_name": "Malus sp.", "common_name": "Pommier", "subtype_name": "Pommier", "zip_code": null, "ownership": "public", "ownership_raw": "Ville de Saguenay", "city": "Saguenay", "source_dataset": "Inventaire des arbres répertoriés", "source_department": "Ville de Saguenay", "source_last_edit_at": ""}}, {"type": "Feature", "geometry": {"type": "Point", "coordinates": [-71.248554515, 48.4200205584]}, "properties": {"id": "saguenay-14259", "species_group": "crabapple", "scientific_name": "Malus sp.", "common_name": "Pommier", "subtype_name": "Pommier", "zip_code": null, "ownership": "public", "ownership_raw": "Ville de Saguenay", "city": "Saguenay", "source_dataset": "Inventaire des arbres répertoriés", "source_department": "Ville de Saguenay", "source_last_edit_at": ""}}, {"type": "Feature", "geometry": {"type": "Point", "coordinates": [-71.2515839002, 48.4169952007]}, "properties": {"id": "saguenay-14368", "species_group": "crabapple", "scientific_name": "Malus sp.", "common_name": "Pommier", "subtype_name": "Pommier", "zip_code": null, "ownership": "public", "ownership_raw": "Ville de Saguenay", "city": "Saguenay", "source_dataset": "Inventaire des arbres répertoriés", "source_department": "Ville de Saguenay", "source_last_edit_at": ""}}, {"type": "Feature", "geometry": {"type": "Point", "coordinates": [-71.2056570003, 48.4267904997]}, "properties": {"id": "saguenay-1443", "species_group": "crabapple", "scientific_name": "Malus sp.", "common_name": "Pommier", "subtype_name": "Pommier", "zip_code": null, "ownership": "public", "ownership_raw": "Ville de Saguenay", "city": "Saguenay", "source_dataset": "Inventaire des arbres répertoriés", "source_department": "Ville de Saguenay", "source_last_edit_at": ""}}, {"type": "Feature", "geometry": {"type": "Point", "coordinates": [-71.2524781999, 48.4161496011]}, "properties": {"id": "saguenay-14501", "species_group": "crabapple", "scientific_name": "Malus sp.", "common_name": "Pommier", "subtype_name": "Pommier", "zip_code": null, "ownership": "public", "ownership_raw": "Ville de Saguenay", "city": "Saguenay", "source_dataset": "Inventaire des arbres répertoriés", "source_department": "Ville de Saguenay", "source_last_edit_at": ""}}, {"type": "Feature", "geometry": {"type": "Point", "coordinates": [-71.2489299006, 48.4226232008]}, "properties": {"id": "saguenay-14778", "species_group": "crabapple", "scientific_name": "Malus sp.", "common_name": "Pommier", "subtype_name": "Pommier", "zip_code": null, "ownership": "public", "ownership_raw": "Ville de Saguenay", "city": "Saguenay", "source_dataset": "Inventaire des arbres répertoriés", "source_department": "Ville de Saguenay", "source_last_edit_at": ""}}, {"type": "Feature", "geometry": {"type": "Point", "coordinates": [-71.2365670005, 48.4245975006]}, "properties": {"id": "saguenay-14866", "species_group": "crabapple", "scientific_name": "Malus sp.", "common_name": "Pommier", "subtype_name": "Pommier", "zip_code": null, "ownership": "public", "ownership_raw": "Ville de Saguenay", "city": "Saguenay", "source_dataset": "Inventaire des arbres répertoriés", "source_department": "Ville de Saguenay", "source_last_edit_at": ""}}, {"type": "Feature", "geometry": {"type": "Point", "coordinates": [-71.2313231994, 48.4357476009]}, "properties": {"id": "saguenay-14892", "species_group": "crabapple", "scientific_name": "Malus sp.", "common_name": "Pommier", "subtype_name": "Pommier", "zip_code": null, "ownership": "public", "ownership_raw": "Ville de Saguenay", "city": "Saguenay", "source_dataset": "Inventaire des arbres répertoriés", "source_department": "Ville de Saguenay", "source_last_edit_at": ""}}, {"type": "Feature", "geometry": {"type": "Point", "coordinates": [-71.2314162006, 48.4355210006]}, "properties": {"id": "saguenay-14894", "species_group": "crabapple", "scientific_name": "Malus sp.", "common_name": "Pommier", "subtype_name": "Pommier", "zip_code": null, "ownership": "public", "ownership_raw": "Ville de Saguenay", "city": "Saguenay", "source_dataset": "Inventaire des arbres répertoriés", "source_department": "Ville de Saguenay", "source_last_edit_at": ""}}, {"type": "Feature", "geometry": {"type": "Point", "coordinates": [-71.1781241474, 48.4314255694]}, "properties": {"id": "saguenay-150", "species_group": "crabapple", "scientific_name": "Malus sp.", "common_name": "Pommier", "subtype_name": "Pommier", "zip_code": null, "ownership": "public", "ownership_raw": "Ville de Saguenay", "city": "Saguenay", "source_dataset": "Inventaire des arbres répertoriés", "source_department": "Ville de Saguenay", "source_last_edit_at": ""}}, {"type": "Feature", "geometry": {"type": "Point", "coordinates": [-71.2381544835, 48.427074045]}, "properties": {"id": "saguenay-15133", "species_group": "crabapple", "scientific_name": "Malus sp.", "common_name": "Pommier", "subtype_name": "Pommier", "zip_code": null, "ownership": "public", "ownership_raw": "Ville de Saguenay", "city": "Saguenay", "source_dataset": "Inventaire des arbres répertoriés", "source_department": "Ville de Saguenay", "source_last_edit_at": ""}}, {"type": "Feature", "geometry": {"type": "Point", "coordinates": [-71.2381399005, 48.4272445011]}, "properties": {"id": "saguenay-15174", "species_group": "crabapple", "scientific_name": "Malus sp.", "common_name": "Pommier", "subtype_name": "Pommier", "zip_code": null, "ownership": "public", "ownership_raw": "Ville de Saguenay", "city": "Saguenay", "source_dataset": "Inventaire des arbres répertoriés", "source_department": "Ville de Saguenay", "source_last_edit_at": ""}}, {"type": "Feature", "geometry": {"type": "Point", "coordinates": [-71.2270910005, 48.4294954008]}, "properties": {"id": "saguenay-15187", "species_group": "crabapple", "scientific_name": "Malus sp.", "common_name": "Pommier", "subtype_name": "Pommier", "zip_code": null, "ownership": "public", "ownership_raw": "Ville de Saguenay", "city": "Saguenay", "source_dataset": "Inventaire des arbres répertoriés", "source_department": "Ville de Saguenay", "source_last_edit_at": ""}}, {"type": "Feature", "geometry": {"type": "Point", "coordinates": [-71.2261603997, 48.4244244012]}, "properties": {"id": "saguenay-15213", "species_group": "crabapple", "scientific_name": "Malus sp.", "common_name": "Pommier", "subtype_name": "Pommier", "zip_code": null, "ownership": "public", "ownership_raw": "Ville de Saguenay", "city": "Saguenay", "source_dataset": "Inventaire des arbres répertoriés", "source_department": "Ville de Saguenay", "source_last_edit_at": ""}}, {"type": "Feature", "geometry": {"type": "Point", "coordinates": [-71.2275615998, 48.4344885013]}, "properties": {"id": "saguenay-15236", "species_group": "crabapple", "scientific_name": "Malus sp.", "common_name": "Pommier", "subtype_name": "Pommier", "zip_code": null, "ownership": "public", "ownership_raw": "Ville de Saguenay", "city": "Saguenay", "source_dataset": "Inventaire des arbres répertoriés", "source_department": "Ville de Saguenay", "source_last_edit_at": ""}}, {"type": "Feature", "geometry": {"type": "Point", "coordinates": [-71.2274937996, 48.4347560009]}, "properties": {"id": "saguenay-15238", "species_group": "crabapple", "scientific_name": "Malus sp.", "common_name": "Pommier", "subtype_name": "Pommier", "zip_code": null, "ownership": "public", "ownership_raw": "Ville de Saguenay", "city": "Saguenay", "source_dataset": "Inventaire des arbres répertoriés", "source_department": "Ville de Saguenay", "source_last_edit_at": ""}}, {"type": "Feature", "geometry": {"type": "Point", "coordinates": [-71.2238305329, 48.4328873638]}, "properties": {"id": "saguenay-15250", "species_group": "crabapple", "scientific_name": "Malus sp.", "common_name": "Pommier", "subtype_name": "Pommier", "zip_code": null, "ownership": "public", "ownership_raw": "Ville de Saguenay", "city": "Saguenay", "source_dataset": "Inventaire des arbres répertoriés", "source_department": "Ville de Saguenay", "source_last_edit_at": ""}}, {"type": "Feature", "geometry": {"type": "Point", "coordinates": [-71.2242826, 48.4322593007]}, "properties": {"id": "saguenay-15259", "species_group": "crabapple", "scientific_name": "Malus sp.", "common_name": "Pommier", "subtype_name": "Pommier", "zip_code": null, "ownership": "public", "ownership_raw": "Ville de Saguenay", "city": "Saguenay", "source_dataset": "Inventaire des arbres répertoriés", "source_department": "Ville de Saguenay", "source_last_edit_at": ""}}, {"type": "Feature", "geometry": {"type": "Point", "coordinates": [-71.2237432539, 48.4315402129]}, "properties": {"id": "saguenay-15264", "species_group": "crabapple", "scientific_name": "Malus sp.", "common_name": "Pommier", "subtype_name": "Pommier", "zip_code": null, "ownership": "public", "ownership_raw": "Ville de Saguenay", "city": "Saguenay", "source_dataset": "Inventaire des arbres répertoriés", "source_department": "Ville de Saguenay", "source_last_edit_at": ""}}, {"type": "Feature", "geometry": {"type": "Point", "coordinates": [-71.223466571, 48.4316286198]}, "properties": {"id": "saguenay-15266", "species_group": "crabapple", "scientific_name": "Malus sp.", "common_name": "Pommier", "subtype_name": "Pommier", "zip_code": null, "ownership": "public", "ownership_raw": "Ville de Saguenay", "city": "Saguenay", "source_dataset": "Inventaire des arbres répertoriés", "source_department": "Ville de Saguenay", "source_last_edit_at": ""}}, {"type": "Feature", "geometry": {"type": "Point", "coordinates": [-71.2292686003, 48.4230701014]}, "properties": {"id": "saguenay-15349", "species_group": "crabapple", "scientific_name": "Malus sp.", "common_name": "Pommier", "subtype_name": "Pommier", "zip_code": null, "ownership": "public", "ownership_raw": "Ville de Saguenay", "city": "Saguenay", "source_dataset": "Inventaire des arbres répertoriés", "source_department": "Ville de Saguenay", "source_last_edit_at": ""}}, {"type": "Feature", "geometry": {"type": "Point", "coordinates": [-71.2366356, 48.4303160006]}, "properties": {"id": "saguenay-15426", "species_group": "crabapple", "scientific_name": "Malus sp.", "common_name": "Pommier", "subtype_name": "Pommier", "zip_code": null, "ownership": "public", "ownership_raw": "Ville de Saguenay", "city": "Saguenay", "source_dataset": "Inventaire des arbres répertoriés", "source_department": "Ville de Saguenay", "source_last_edit_at": ""}}, {"type": "Feature", "geometry": {"type": "Point", "coordinates": [-71.2150620999, 48.4286845005]}, "properties": {"id": "saguenay-15602", "species_group": "crabapple", "scientific_name": "Malus sp.", "common_name": "Pommier", "subtype_name": "Pommier", "zip_code": null, "ownership": "public", "ownership_raw": "Ville de Saguenay", "city": "Saguenay", "source_dataset": "Inventaire des arbres répertoriés", "source_department": "Ville de Saguenay", "source_last_edit_at": ""}}, {"type": "Feature", "geometry": {"type": "Point", "coordinates": [-71.2169097997, 48.427311601]}, "properties": {"id": "saguenay-15630", "species_group": "crabapple", "scientific_name": "Malus sp.", "common_name": "Pommier", "subtype_name": "Pommier", "zip_code": null, "ownership": "public", "ownership_raw": "Ville de Saguenay", "city": "Saguenay", "source_dataset": "Inventaire des arbres répertoriés", "source_department": "Ville de Saguenay", "source_last_edit_at": ""}}, {"type": "Feature", "geometry": {"type": "Point", "coordinates": [-71.2444630001, 48.423943101]}, "properties": {"id": "saguenay-15812", "species_group": "crabapple", "scientific_name": "Malus sp.", "common_name": "Pommier", "subtype_name": "Pommier", "zip_code": null, "ownership": "public", "ownership_raw": "Ville de Saguenay", "city": "Saguenay", "source_dataset": "Inventaire des arbres répertoriés", "source_department": "Ville de Saguenay", "source_last_edit_at": ""}}, {"type": "Feature", "geometry": {"type": "Point", "coordinates": [-71.2145229006, 48.424466501]}, "properties": {"id": "saguenay-15870", "species_group": "crabapple", "scientific_name": "Malus sp.", "common_name": "Pommier", "subtype_name": "Pommier", "zip_code": null, "ownership": "public", "ownership_raw": "Ville de Saguenay", "city": "Saguenay", "source_dataset": "Inventaire des arbres répertoriés", "source_department": "Ville de Saguenay", "source_last_edit_at": ""}}, {"type": "Feature", "geometry": {"type": "Point", "coordinates": [-71.2207379002, 48.4248581996]}, "properties": {"id": "saguenay-15957", "species_group": "crabapple", "scientific_name": "Malus sp.", "common_name": "Pommier", "subtype_name": "Pommier", "zip_code": null, "ownership": "public", "ownership_raw": "Ville de Saguenay", "city": "Saguenay", "source_dataset": "Inventaire des arbres répertoriés", "source_department": "Ville de Saguenay", "source_last_edit_at": ""}}, {"type": "Feature", "geometry": {"type": "Point", "coordinates": [-71.2206795001, 48.4248958002]}, "properties": {"id": "saguenay-15958", "species_group": "crabapple", "scientific_name": "Malus sp.", "common_name": "Pommier", "subtype_name": "Pommier", "zip_code": null, "ownership": "public", "ownership_raw": "Ville de Saguenay", "city": "Saguenay", "source_dataset": "Inventaire des arbres répertoriés", "source_department": "Ville de Saguenay", "source_last_edit_at": ""}}, {"type": "Feature", "geometry": {"type": "Point", "coordinates": [-71.2205149, 48.4249740004]}, "properties": {"id": "saguenay-15960", "species_group": "crabapple", "scientific_name": "Malus sp.", "common_name": "Pommier", "subtype_name": "Pommier", "zip_code": null, "ownership": "public", "ownership_raw": "Ville de Saguenay", "city": "Saguenay", "source_dataset": "Inventaire des arbres répertoriés", "source_department": "Ville de Saguenay", "source_last_edit_at": ""}}, {"type": "Feature", "geometry": {"type": "Point", "coordinates": [-71.2192260003, 48.4248163998]}, "properties": {"id": "saguenay-15963", "species_group": "crabapple", "scientific_name": "Malus sp.", "common_name": "Pommier", "subtype_name": "Pommier", "zip_code": null, "ownership": "public", "ownership_raw": "Ville de Saguenay", "city": "Saguenay", "source_dataset": "Inventaire des arbres répertoriés", "source_department": "Ville de Saguenay", "source_last_edit_at": ""}}, {"type": "Feature", "geometry": {"type": "Point", "coordinates": [-71.2162460995, 48.4244236013]}, "properties": {"id": "saguenay-15973", "species_group": "crabapple", "scientific_name": "Malus sp.", "common_name": "Pommier", "subtype_name": "Pommier", "zip_code": null, "ownership": "public", "ownership_raw": "Ville de Saguenay", "city": "Saguenay", "source_dataset": "Inventaire des arbres répertoriés", "source_department": "Ville de Saguenay", "source_last_edit_at": ""}}, {"type": "Feature", "geometry": {"type": "Point", "coordinates": [-71.2460800996, 48.4250970005]}, "properties": {"id": "saguenay-15980", "species_group": "crabapple", "scientific_name": "Malus sp.", "common_name": "Pommier", "subtype_name": "Pommier", "zip_code": null, "ownership": "public", "ownership_raw": "Ville de Saguenay", "city": "Saguenay", "source_dataset": "Inventaire des arbres répertoriés", "source_department": "Ville de Saguenay", "source_last_edit_at": ""}}, {"type": "Feature", "geometry": {"type": "Point", "coordinates": [-71.2478565006, 48.4252261012]}, "properties": {"id": "saguenay-16105", "species_group": "crabapple", "scientific_name": "Malus sp.", "common_name": "Pommier", "subtype_name": "Pommier", "zip_code": null, "ownership": "public", "ownership_raw": "Ville de Saguenay", "city": "Saguenay", "source_dataset": "Inventaire des arbres répertoriés", "source_department": "Ville de Saguenay", "source_last_edit_at": ""}}, {"type": "Feature", "geometry": {"type": "Point", "coordinates": [-71.2164767996, 48.4238292006]}, "properties": {"id": "saguenay-16210", "species_group": "crabapple", "scientific_name": "Malus sp.", "common_name": "Pommier", "subtype_name": "Pommier", "zip_code": null, "ownership": "public", "ownership_raw": "Ville de Saguenay", "city": "Saguenay", "source_dataset": "Inventaire des arbres répertoriés", "source_department": "Ville de Saguenay", "source_last_edit_at": ""}}, {"type": "Feature", "geometry": {"type": "Point", "coordinates": [-71.2307219999, 48.422268101]}, "properties": {"id": "saguenay-16227", "species_group": "crabapple", "scientific_name": "Malus sp.", "common_name": "Pommier", "subtype_name": "Pommier", "zip_code": null, "ownership": "public", "ownership_raw": "Ville de Saguenay", "city": "Saguenay", "source_dataset": "Inventaire des arbres répertoriés", "source_department": "Ville de Saguenay", "source_last_edit_at": ""}}, {"type": "Feature", "geometry": {"type": "Point", "coordinates": [-71.2307959994, 48.4222848013]}, "properties": {"id": "saguenay-16228", "species_group": "crabapple", "scientific_name": "Malus sp.", "common_name": "Pommier", "subtype_name": "Pommier", "zip_code": null, "ownership": "public", "ownership_raw": "Ville de Saguenay", "city": "Saguenay", "source_dataset": "Inventaire des arbres répertoriés", "source_department": "Ville de Saguenay", "source_last_edit_at": ""}}, {"type": "Feature", "geometry": {"type": "Point", "coordinates": [-71.2312486006, 48.4223562012]}, "properties": {"id": "saguenay-16229", "species_group": "crabapple", "scientific_name": "Malus sp.", "common_name": "Pommier", "subtype_name": "Pommier", "zip_code": null, "ownership": "public", "ownership_raw": "Ville de Saguenay", "city": "Saguenay", "source_dataset": "Inventaire des arbres répertoriés", "source_department": "Ville de Saguenay", "source_last_edit_at": ""}}, {"type": "Feature", "geometry": {"type": "Point", "coordinates": [-71.2316186994, 48.4224216007]}, "properties": {"id": "saguenay-16230", "species_group": "crabapple", "scientific_name": "Malus sp.", "common_name": "Pommier", "subtype_name": "Pommier", "zip_code": null, "ownership": "public", "ownership_raw": "Ville de Saguenay", "city": "Saguenay", "source_dataset": "Inventaire des arbres répertoriés", "source_department": "Ville de Saguenay", "source_last_edit_at": ""}}, {"type": "Feature", "geometry": {"type": "Point", "coordinates": [-71.2319653001, 48.4224652006]}, "properties": {"id": "saguenay-16231", "species_group": "crabapple", "scientific_name": "Malus sp.", "common_name": "Pommier", "subtype_name": "Pommier", "zip_code": null, "ownership": "public", "ownership_raw": "Ville de Saguenay", "city": "Saguenay", "source_dataset": "Inventaire des arbres répertoriés", "source_department": "Ville de Saguenay", "source_last_edit_at": ""}}, {"type": "Feature", "geometry": {"type": "Point", "coordinates": [-71.2229322002, 48.4261806011]}, "properties": {"id": "saguenay-16259", "species_group": "crabapple", "scientific_name": "Malus sp.", "common_name": "Pommier", "subtype_name": "Pommier", "zip_code": null, "ownership": "public", "ownership_raw": "Ville de Saguenay", "city": "Saguenay", "source_dataset": "Inventaire des arbres répertoriés", "source_department": "Ville de Saguenay", "source_last_edit_at": ""}}, {"type": "Feature", "geometry": {"type": "Point", "coordinates": [-71.2379218003, 48.4232750008]}, "properties": {"id": "saguenay-16348", "species_group": "crabapple", "scientific_name": "Malus sp.", "common_name": "Pommier", "subtype_name": "Pommier", "zip_code": null, "ownership": "public", "ownership_raw": "Ville de Saguenay", "city": "Saguenay", "source_dataset": "Inventaire des arbres répertoriés", "source_department": "Ville de Saguenay", "source_last_edit_at": ""}}, {"type": "Feature", "geometry": {"type": "Point", "coordinates": [-71.2418001, 48.4238348013]}, "properties": {"id": "saguenay-16373", "species_group": "crabapple", "scientific_name": "Malus sp.", "common_name": "Pommier", "subtype_name": "Pommier", "zip_code": null, "ownership": "public", "ownership_raw": "Ville de Saguenay", "city": "Saguenay", "source_dataset": "Inventaire des arbres répertoriés", "source_department": "Ville de Saguenay", "source_last_edit_at": ""}}, {"type": "Feature", "geometry": {"type": "Point", "coordinates": [-71.2419523002, 48.4238544007]}, "properties": {"id": "saguenay-16374", "species_group": "crabapple", "scientific_name": "Malus sp.", "common_name": "Pommier", "subtype_name": "Pommier", "zip_code": null, "ownership": "public", "ownership_raw": "Ville de Saguenay", "city": "Saguenay", "source_dataset": "Inventaire des arbres répertoriés", "source_department": "Ville de Saguenay", "source_last_edit_at": ""}}, {"type": "Feature", "geometry": {"type": "Point", "coordinates": [-71.2420933006, 48.423880001]}, "properties": {"id": "saguenay-16375", "species_group": "crabapple", "scientific_name": "Malus sp.", "common_name": "Pommier", "subtype_name": "Pommier", "zip_code": null, "ownership": "public", "ownership_raw": "Ville de Saguenay", "city": "Saguenay", "source_dataset": "Inventaire des arbres répertoriés", "source_department": "Ville de Saguenay", "source_last_edit_at": ""}}, {"type": "Feature", "geometry": {"type": "Point", "coordinates": [-71.2422813, 48.4239055012]}, "properties": {"id": "saguenay-16376", "species_group": "crabapple", "scientific_name": "Malus sp.", "common_name": "Pommier", "subtype_name": "Pommier", "zip_code": null, "ownership": "public", "ownership_raw": "Ville de Saguenay", "city": "Saguenay", "source_dataset": "Inventaire des arbres répertoriés", "source_department": "Ville de Saguenay", "source_last_edit_at": ""}}, {"type": "Feature", "geometry": {"type": "Point", "coordinates": [-71.2424108999, 48.4239272012]}, "properties": {"id": "saguenay-16377", "species_group": "crabapple", "scientific_name": "Malus sp.", "common_name": "Pommier", "subtype_name": "Pommier", "zip_code": null, "ownership": "public", "ownership_raw": "Ville de Saguenay", "city": "Saguenay", "source_dataset": "Inventaire des arbres répertoriés", "source_department": "Ville de Saguenay", "source_last_edit_at": ""}}, {"type": "Feature", "geometry": {"type": "Point", "coordinates": [-71.2387836001, 48.4241803012]}, "properties": {"id": "saguenay-16502", "species_group": "crabapple", "scientific_name": "Malus sp.", "common_name": "Pommier", "subtype_name": "Pommier", "zip_code": null, "ownership": "public", "ownership_raw": "Ville de Saguenay", "city": "Saguenay", "source_dataset": "Inventaire des arbres répertoriés", "source_department": "Ville de Saguenay", "source_last_edit_at": ""}}, {"type": "Feature", "geometry": {"type": "Point", "coordinates": [-71.2387010999, 48.4241679012]}, "properties": {"id": "saguenay-16503", "species_group": "crabapple", "scientific_name": "Malus sp.", "common_name": "Pommier", "subtype_name": "Pommier", "zip_code": null, "ownership": "public", "ownership_raw": "Ville de Saguenay", "city": "Saguenay", "source_dataset": "Inventaire des arbres répertoriés", "source_department": "Ville de Saguenay", "source_last_edit_at": ""}}, {"type": "Feature", "geometry": {"type": "Point", "coordinates": [-71.2385970001, 48.4241507013]}, "properties": {"id": "saguenay-16504", "species_group": "crabapple", "scientific_name": "Malus sp.", "common_name": "Pommier", "subtype_name": "Pommier", "zip_code": null, "ownership": "public", "ownership_raw": "Ville de Saguenay", "city": "Saguenay", "source_dataset": "Inventaire des arbres répertoriés", "source_department": "Ville de Saguenay", "source_last_edit_at": ""}}, {"type": "Feature", "geometry": {"type": "Point", "coordinates": [-71.2388200767, 48.4243447554]}, "properties": {"id": "saguenay-16508", "species_group": "crabapple", "scientific_name": "Malus sp.", "common_name": "Pommier", "subtype_name": "Pommier", "zip_code": null, "ownership": "public", "ownership_raw": "Ville de Saguenay", "city": "Saguenay", "source_dataset": "Inventaire des arbres répertoriés", "source_department": "Ville de Saguenay", "source_last_edit_at": ""}}, {"type": "Feature", "geometry": {"type": "Point", "coordinates": [-71.2388689862, 48.4243507758]}, "properties": {"id": "saguenay-16509", "species_group": "crabapple", "scientific_name": "Malus sp.", "common_name": "Pommier", "subtype_name": "Pommier", "zip_code": null, "ownership": "public", "ownership_raw": "Ville de Saguenay", "city": "Saguenay", "source_dataset": "Inventaire des arbres répertoriés", "source_department": "Ville de Saguenay", "source_last_edit_at": ""}}, {"type": "Feature", "geometry": {"type": "Point", "coordinates": [-71.2410975007, 48.4279657007]}, "properties": {"id": "saguenay-16552", "species_group": "crabapple", "scientific_name": "Malus sp.", "common_name": "Pommier", "subtype_name": "Pommier", "zip_code": null, "ownership": "public", "ownership_raw": "Ville de Saguenay", "city": "Saguenay", "source_dataset": "Inventaire des arbres répertoriés", "source_department": "Ville de Saguenay", "source_last_edit_at": ""}}, {"type": "Feature", "geometry": {"type": "Point", "coordinates": [-71.2409147999, 48.4289962007]}, "properties": {"id": "saguenay-16635", "species_group": "crabapple", "scientific_name": "Malus sp.", "common_name": "Pommier", "subtype_name": "Pommier", "zip_code": null, "ownership": "public", "ownership_raw": "Ville de Saguenay", "city": "Saguenay", "source_dataset": "Inventaire des arbres répertoriés", "source_department": "Ville de Saguenay", "source_last_edit_at": ""}}, {"type": "Feature", "geometry": {"type": "Point", "coordinates": [-71.2409503998, 48.4289324008]}, "properties": {"id": "saguenay-16636", "species_group": "crabapple", "scientific_name": "Malus sp.", "common_name": "Pommier", "subtype_name": "Pommier", "zip_code": null, "ownership": "public", "ownership_raw": "Ville de Saguenay", "city": "Saguenay", "source_dataset": "Inventaire des arbres répertoriés", "source_department": "Ville de Saguenay", "source_last_edit_at": ""}}, {"type": "Feature", "geometry": {"type": "Point", "coordinates": [-71.2699632996, 48.4324971013]}, "properties": {"id": "saguenay-16693", "species_group": "crabapple", "scientific_name": "Malus sp.", "common_name": "Pommier", "subtype_name": "Pommier", "zip_code": null, "ownership": "public", "ownership_raw": "Ville de Saguenay", "city": "Saguenay", "source_dataset": "Inventaire des arbres répertoriés", "source_department": "Ville de Saguenay", "source_last_edit_at": ""}}, {"type": "Feature", "geometry": {"type": "Point", "coordinates": [-71.2705649005, 48.4315901996]}, "properties": {"id": "saguenay-16717", "species_group": "crabapple", "scientific_name": "Malus sp.", "common_name": "Pommier", "subtype_name": "Pommier", "zip_code": null, "ownership": "public", "ownership_raw": "Ville de Saguenay", "city": "Saguenay", "source_dataset": "Inventaire des arbres répertoriés", "source_department": "Ville de Saguenay", "source_last_edit_at": ""}}, {"type": "Feature", "geometry": {"type": "Point", "coordinates": [-71.2630131997, 48.4218597008]}, "properties": {"id": "saguenay-16795", "species_group": "crabapple", "scientific_name": "Malus sp.", "common_name": "Pommier", "subtype_name": "Pommier", "zip_code": null, "ownership": "public", "ownership_raw": "Ville de Saguenay", "city": "Saguenay", "source_dataset": "Inventaire des arbres répertoriés", "source_department": "Ville de Saguenay", "source_last_edit_at": ""}}, {"type": "Feature", "geometry": {"type": "Point", "coordinates": [-71.2670773003, 48.4226279011]}, "properties": {"id": "saguenay-16821", "species_group": "crabapple", "scientific_name": "Malus sp.", "common_name": "Pommier", "subtype_name": "Pommier", "zip_code": null, "ownership": "public", "ownership_raw": "Ville de Saguenay", "city": "Saguenay", "source_dataset": "Inventaire des arbres répertoriés", "source_department": "Ville de Saguenay", "source_last_edit_at": ""}}, {"type": "Feature", "geometry": {"type": "Point", "coordinates": [-71.2702285, 48.4296771013]}, "properties": {"id": "saguenay-17081", "species_group": "crabapple", "scientific_name": "Malus sp.", "common_name": "Pommier", "subtype_name": "Pommier", "zip_code": null, "ownership": "public", "ownership_raw": "Ville de Saguenay", "city": "Saguenay", "source_dataset": "Inventaire des arbres répertoriés", "source_department": "Ville de Saguenay", "source_last_edit_at": ""}}, {"type": "Feature", "geometry": {"type": "Point", "coordinates": [-71.1773416139, 48.4312352988]}, "properties": {"id": "saguenay-171", "species_group": "crabapple", "scientific_name": "Malus sp.", "common_name": "Pommier", "subtype_name": "Pommier", "zip_code": null, "ownership": "public", "ownership_raw": "Ville de Saguenay", "city": "Saguenay", "source_dataset": "Inventaire des arbres répertoriés", "source_department": "Ville de Saguenay", "source_last_edit_at": ""}}, {"type": "Feature", "geometry": {"type": "Point", "coordinates": [-71.2738809, 48.4204888012]}, "properties": {"id": "saguenay-17118", "species_group": "crabapple", "scientific_name": "Malus sp.", "common_name": "Pommier", "subtype_name": "Pommier", "zip_code": null, "ownership": "public", "ownership_raw": "Ville de Saguenay", "city": "Saguenay", "source_dataset": "Inventaire des arbres répertoriés", "source_department": "Ville de Saguenay", "source_last_edit_at": ""}}, {"type": "Feature", "geometry": {"type": "Point", "coordinates": [-71.2733258006, 48.4204073005]}, "properties": {"id": "saguenay-17121", "species_group": "crabapple", "scientific_name": "Malus sp.", "common_name": "Pommier", "subtype_name": "Pommier", "zip_code": null, "ownership": "public", "ownership_raw": "Ville de Saguenay", "city": "Saguenay", "source_dataset": "Inventaire des arbres répertoriés", "source_department": "Ville de Saguenay", "source_last_edit_at": ""}}, {"type": "Feature", "geometry": {"type": "Point", "coordinates": [-71.2694757006, 48.4285151007]}, "properties": {"id": "saguenay-17161", "species_group": "crabapple", "scientific_name": "Malus sp.", "common_name": "Pommier", "subtype_name": "Pommier", "zip_code": null, "ownership": "public", "ownership_raw": "Ville de Saguenay", "city": "Saguenay", "source_dataset": "Inventaire des arbres répertoriés", "source_department": "Ville de Saguenay", "source_last_edit_at": ""}}, {"type": "Feature", "geometry": {"type": "Point", "coordinates": [-71.2726623, 48.4203152009]}, "properties": {"id": "saguenay-17259", "species_group": "crabapple", "scientific_name": "Malus sp.", "common_name": "Pommier", "subtype_name": "Pommier", "zip_code": null, "ownership": "public", "ownership_raw": "Ville de Saguenay", "city": "Saguenay", "source_dataset": "Inventaire des arbres répertoriés", "source_department": "Ville de Saguenay", "source_last_edit_at": ""}}, {"type": "Feature", "geometry": {"type": "Point", "coordinates": [-71.2734846001, 48.4211305012]}, "properties": {"id": "saguenay-17267", "species_group": "crabapple", "scientific_name": "Malus sp.", "common_name": "Pommier", "subtype_name": "Pommier", "zip_code": null, "ownership": "public", "ownership_raw": "Ville de Saguenay", "city": "Saguenay", "source_dataset": "Inventaire des arbres répertoriés", "source_department": "Ville de Saguenay", "source_last_edit_at": ""}}, {"type": "Feature", "geometry": {"type": "Point", "coordinates": [-71.2688933005, 48.4205553013]}, "properties": {"id": "saguenay-17278", "species_group": "crabapple", "scientific_name": "Malus sp.", "common_name": "Pommier", "subtype_name": "Pommier", "zip_code": null, "ownership": "public", "ownership_raw": "Ville de Saguenay", "city": "Saguenay", "source_dataset": "Inventaire des arbres répertoriés", "source_department": "Ville de Saguenay", "source_last_edit_at": ""}}, {"type": "Feature", "geometry": {"type": "Point", "coordinates": [-71.2693261997, 48.4194209011]}, "properties": {"id": "saguenay-17285", "species_group": "crabapple", "scientific_name": "Malus sp.", "common_name": "Pommier", "subtype_name": "Pommier", "zip_code": null, "ownership": "public", "ownership_raw": "Ville de Saguenay", "city": "Saguenay", "source_dataset": "Inventaire des arbres répertoriés", "source_department": "Ville de Saguenay", "source_last_edit_at": ""}}, {"type": "Feature", "geometry": {"type": "Point", "coordinates": [-71.2689602001, 48.4190285009]}, "properties": {"id": "saguenay-17295", "species_group": "crabapple", "scientific_name": "Malus sp.", "common_name": "Pommier", "subtype_name": "Pommier", "zip_code": null, "ownership": "public", "ownership_raw": "Ville de Saguenay", "city": "Saguenay", "source_dataset": "Inventaire des arbres répertoriés", "source_department": "Ville de Saguenay", "source_last_edit_at": ""}}, {"type": "Feature", "geometry": {"type": "Point", "coordinates": [-71.2639119997, 48.4300839011]}, "properties": {"id": "saguenay-17313", "species_group": "crabapple", "scientific_name": "Malus sp.", "common_name": "Pommier", "subtype_name": "Pommier", "zip_code": null, "ownership": "public", "ownership_raw": "Ville de Saguenay", "city": "Saguenay", "source_dataset": "Inventaire des arbres répertoriés", "source_department": "Ville de Saguenay", "source_last_edit_at": ""}}, {"type": "Feature", "geometry": {"type": "Point", "coordinates": [-71.2639330003, 48.4302088004]}, "properties": {"id": "saguenay-17314", "species_group": "crabapple", "scientific_name": "Malus sp.", "common_name": "Pommier", "subtype_name": "Pommier", "zip_code": null, "ownership": "public", "ownership_raw": "Ville de Saguenay", "city": "Saguenay", "source_dataset": "Inventaire des arbres répertoriés", "source_department": "Ville de Saguenay", "source_last_edit_at": ""}}, {"type": "Feature", "geometry": {"type": "Point", "coordinates": [-71.2683930001, 48.4196915005]}, "properties": {"id": "saguenay-17374", "species_group": "crabapple", "scientific_name": "Malus sp.", "common_name": "Pommier", "subtype_name": "Pommier", "zip_code": null, "ownership": "public", "ownership_raw": "Ville de Saguenay", "city": "Saguenay", "source_dataset": "Inventaire des arbres répertoriés", "source_department": "Ville de Saguenay", "source_last_edit_at": ""}}, {"type": "Feature", "geometry": {"type": "Point", "coordinates": [-71.2676666994, 48.4293400008]}, "properties": {"id": "saguenay-17418", "species_group": "crabapple", "scientific_name": "Malus sp.", "common_name": "Pommier", "subtype_name": "Pommier", "zip_code": null, "ownership": "public", "ownership_raw": "Ville de Saguenay", "city": "Saguenay", "source_dataset": "Inventaire des arbres répertoriés", "source_department": "Ville de Saguenay", "source_last_edit_at": ""}}, {"type": "Feature", "geometry": {"type": "Point", "coordinates": [-71.2677819999, 48.4293963006]}, "properties": {"id": "saguenay-17420", "species_group": "crabapple", "scientific_name": "Malus sp.", "common_name": "Pommier", "subtype_name": "Pommier", "zip_code": null, "ownership": "public", "ownership_raw": "Ville de Saguenay", "city": "Saguenay", "source_dataset": "Inventaire des arbres répertoriés", "source_department": "Ville de Saguenay", "source_last_edit_at": ""}}, {"type": "Feature", "geometry": {"type": "Point", "coordinates": [-71.2680259004, 48.4299941007]}, "properties": {"id": "saguenay-17426", "species_group": "crabapple", "scientific_name": "Malus sp.", "common_name": "Pommier", "subtype_name": "Pommier", "zip_code": null, "ownership": "public", "ownership_raw": "Ville de Saguenay", "city": "Saguenay", "source_dataset": "Inventaire des arbres répertoriés", "source_department": "Ville de Saguenay", "source_last_edit_at": ""}}, {"type": "Feature", "geometry": {"type": "Point", "coordinates": [-71.2679005005, 48.4299849013]}, "properties": {"id": "saguenay-17427", "species_group": "crabapple", "scientific_name": "Malus sp.", "common_name": "Pommier", "subtype_name": "Pommier", "zip_code": null, "ownership": "public", "ownership_raw": "Ville de Saguenay", "city": "Saguenay", "source_dataset": "Inventaire des arbres répertoriés", "source_department": "Ville de Saguenay", "source_last_edit_at": ""}}, {"type": "Feature", "geometry": {"type": "Point", "coordinates": [-71.2678268996, 48.4299745008]}, "properties": {"id": "saguenay-17428", "species_group": "crabapple", "scientific_name": "Malus sp.", "common_name": "Pommier", "subtype_name": "Pommier", "zip_code": null, "ownership": "public", "ownership_raw": "Ville de Saguenay", "city": "Saguenay", "source_dataset": "Inventaire des arbres répertoriés", "source_department": "Ville de Saguenay", "source_last_edit_at": ""}}, {"type": "Feature", "geometry": {"type": "Point", "coordinates": [-71.2677100001, 48.4299573011]}, "properties": {"id": "saguenay-17429", "species_group": "crabapple", "scientific_name": "Malus sp.", "common_name": "Pommier", "subtype_name": "Pommier", "zip_code": null, "ownership": "public", "ownership_raw": "Ville de Saguenay", "city": "Saguenay", "source_dataset": "Inventaire des arbres répertoriés", "source_department": "Ville de Saguenay", "source_last_edit_at": ""}}, {"type": "Feature", "geometry": {"type": "Point", "coordinates": [-71.2664860001, 48.4314176006]}, "properties": {"id": "saguenay-17458", "species_group": "crabapple", "scientific_name": "Malus sp.", "common_name": "Pommier", "subtype_name": "Pommier", "zip_code": null, "ownership": "public", "ownership_raw": "Ville de Saguenay", "city": "Saguenay", "source_dataset": "Inventaire des arbres répertoriés", "source_department": "Ville de Saguenay", "source_last_edit_at": ""}}, {"type": "Feature", "geometry": {"type": "Point", "coordinates": [-71.2663559005, 48.4314039006]}, "properties": {"id": "saguenay-17459", "species_group": "crabapple", "scientific_name": "Malus sp.", "common_name": "Pommier", "subtype_name": "Pommier", "zip_code": null, "ownership": "public", "ownership_raw": "Ville de Saguenay", "city": "Saguenay", "source_dataset": "Inventaire des arbres répertoriés", "source_department": "Ville de Saguenay", "source_last_edit_at": ""}}, {"type": "Feature", "geometry": {"type": "Point", "coordinates": [-71.2767456998, 48.4204264998]}, "properties": {"id": "saguenay-17485", "species_group": "crabapple", "scientific_name": "Malus sp.", "common_name": "Pommier", "subtype_name": "Pommier", "zip_code": null, "ownership": "public", "ownership_raw": "Ville de Saguenay", "city": "Saguenay", "source_dataset": "Inventaire des arbres répertoriés", "source_department": "Ville de Saguenay", "source_last_edit_at": ""}}, {"type": "Feature", "geometry": {"type": "Point", "coordinates": [-71.2761529, 48.4202426008]}, "properties": {"id": "saguenay-17500", "species_group": "crabapple", "scientific_name": "Malus sp.", "common_name": "Pommier", "subtype_name": "Pommier", "zip_code": null, "ownership": "public", "ownership_raw": "Ville de Saguenay", "city": "Saguenay", "source_dataset": "Inventaire des arbres répertoriés", "source_department": "Ville de Saguenay", "source_last_edit_at": ""}}, {"type": "Feature", "geometry": {"type": "Point", "coordinates": [-71.2740846418, 48.4197684969]}, "properties": {"id": "saguenay-17505", "species_group": "crabapple", "scientific_name": "Malus sp.", "common_name": "Pommier", "subtype_name": "Pommier", "zip_code": null, "ownership": "public", "ownership_raw": "Ville de Saguenay", "city": "Saguenay", "source_dataset": "Inventaire des arbres répertoriés", "source_department": "Ville de Saguenay", "source_last_edit_at": ""}}, {"type": "Feature", "geometry": {"type": "Point", "coordinates": [-71.2740078512, 48.4197593675]}, "properties": {"id": "saguenay-17506", "species_group": "crabapple", "scientific_name": "Malus sp.", "common_name": "Pommier", "subtype_name": "Pommier", "zip_code": null, "ownership": "public", "ownership_raw": "Ville de Saguenay", "city": "Saguenay", "source_dataset": "Inventaire des arbres répertoriés", "source_department": "Ville de Saguenay", "source_last_edit_at": ""}}, {"type": "Feature", "geometry": {"type": "Point", "coordinates": [-71.2722524003, 48.4194689011]}, "properties": {"id": "saguenay-17509", "species_group": "crabapple", "scientific_name": "Malus sp.", "common_name": "Pommier", "subtype_name": "Pommier", "zip_code": null, "ownership": "public", "ownership_raw": "Ville de Saguenay", "city": "Saguenay", "source_dataset": "Inventaire des arbres répertoriés", "source_department": "Ville de Saguenay", "source_last_edit_at": ""}}, {"type": "Feature", "geometry": {"type": "Point", "coordinates": [-71.2719445, 48.419349801]}, "properties": {"id": "saguenay-17511", "species_group": "crabapple", "scientific_name": "Malus sp.", "common_name": "Pommier", "subtype_name": "Pommier", "zip_code": null, "ownership": "public", "ownership_raw": "Ville de Saguenay", "city": "Saguenay", "source_dataset": "Inventaire des arbres répertoriés", "source_department": "Ville de Saguenay", "source_last_edit_at": ""}}, {"type": "Feature", "geometry": {"type": "Point", "coordinates": [-71.2706695995, 48.418122301]}, "properties": {"id": "saguenay-17519", "species_group": "crabapple", "scientific_name": "Malus sp.", "common_name": "Pommier", "subtype_name": "Pommier", "zip_code": null, "ownership": "public", "ownership_raw": "Ville de Saguenay", "city": "Saguenay", "source_dataset": "Inventaire des arbres répertoriés", "source_department": "Ville de Saguenay", "source_last_edit_at": ""}}, {"type": "Feature", "geometry": {"type": "Point", "coordinates": [-71.2671245004, 48.4278704998]}, "properties": {"id": "saguenay-17526", "species_group": "crabapple", "scientific_name": "Malus sp.", "common_name": "Pommier", "subtype_name": "Pommier", "zip_code": null, "ownership": "public", "ownership_raw": "Ville de Saguenay", "city": "Saguenay", "source_dataset": "Inventaire des arbres répertoriés", "source_department": "Ville de Saguenay", "source_last_edit_at": ""}}, {"type": "Feature", "geometry": {"type": "Point", "coordinates": [-71.2102825116, 48.4283560509]}, "properties": {"id": "saguenay-1757", "species_group": "crabapple", "scientific_name": "Malus sp.", "common_name": "Pommier", "subtype_name": "Pommier", "zip_code": null, "ownership": "public", "ownership_raw": "Ville de Saguenay", "city": "Saguenay", "source_dataset": "Inventaire des arbres répertoriés", "source_department": "Ville de Saguenay", "source_last_edit_at": ""}}, {"type": "Feature", "geometry": {"type": "Point", "coordinates": [-71.2671203997, 48.4193349006]}, "properties": {"id": "saguenay-17574", "species_group": "crabapple", "scientific_name": "Malus sp.", "common_name": "Pommier", "subtype_name": "Pommier", "zip_code": null, "ownership": "public", "ownership_raw": "Ville de Saguenay", "city": "Saguenay", "source_dataset": "Inventaire des arbres répertoriés", "source_department": "Ville de Saguenay", "source_last_edit_at": ""}}, {"type": "Feature", "geometry": {"type": "Point", "coordinates": [-71.2674122002, 48.4192145013]}, "properties": {"id": "saguenay-17575", "species_group": "crabapple", "scientific_name": "Malus sp.", "common_name": "Pommier", "subtype_name": "Pommier", "zip_code": null, "ownership": "public", "ownership_raw": "Ville de Saguenay", "city": "Saguenay", "source_dataset": "Inventaire des arbres répertoriés", "source_department": "Ville de Saguenay", "source_last_edit_at": ""}}, {"type": "Feature", "geometry": {"type": "Point", "coordinates": [-71.2651342994, 48.4185889007]}, "properties": {"id": "saguenay-17578", "species_group": "crabapple", "scientific_name": "Malus sp.", "common_name": "Pommier", "subtype_name": "Pommier", "zip_code": null, "ownership": "public", "ownership_raw": "Ville de Saguenay", "city": "Saguenay", "source_dataset": "Inventaire des arbres répertoriés", "source_department": "Ville de Saguenay", "source_last_edit_at": ""}}, {"type": "Feature", "geometry": {"type": "Point", "coordinates": [-71.2648243997, 48.4182811006]}, "properties": {"id": "saguenay-17606", "species_group": "crabapple", "scientific_name": "Malus sp.", "common_name": "Pommier", "subtype_name": "Pommier", "zip_code": null, "ownership": "public", "ownership_raw": "Ville de Saguenay", "city": "Saguenay", "source_dataset": "Inventaire des arbres répertoriés", "source_department": "Ville de Saguenay", "source_last_edit_at": ""}}, {"type": "Feature", "geometry": {"type": "Point", "coordinates": [-71.2653482093, 48.418062348]}, "properties": {"id": "saguenay-17622", "species_group": "crabapple", "scientific_name": "Malus sp.", "common_name": "Pommier", "subtype_name": "Pommier", "zip_code": null, "ownership": "public", "ownership_raw": "Ville de Saguenay", "city": "Saguenay", "source_dataset": "Inventaire des arbres répertoriés", "source_department": "Ville de Saguenay", "source_last_edit_at": ""}}, {"type": "Feature", "geometry": {"type": "Point", "coordinates": [-71.2654185325, 48.4180749322]}, "properties": {"id": "saguenay-17642", "species_group": "crabapple", "scientific_name": "Malus sp.", "common_name": "Pommier", "subtype_name": "Pommier", "zip_code": null, "ownership": "public", "ownership_raw": "Ville de Saguenay", "city": "Saguenay", "source_dataset": "Inventaire des arbres répertoriés", "source_department": "Ville de Saguenay", "source_last_edit_at": ""}}, {"type": "Feature", "geometry": {"type": "Point", "coordinates": [-71.2656664666, 48.4179366991]}, "properties": {"id": "saguenay-17647", "species_group": "crabapple", "scientific_name": "Malus sp.", "common_name": "Pommier", "subtype_name": "Pommier", "zip_code": null, "ownership": "public", "ownership_raw": "Ville de Saguenay", "city": "Saguenay", "source_dataset": "Inventaire des arbres répertoriés", "source_department": "Ville de Saguenay", "source_last_edit_at": ""}}, {"type": "Feature", "geometry": {"type": "Point", "coordinates": [-71.265602467, 48.4179497705]}, "properties": {"id": "saguenay-17648", "species_group": "crabapple", "scientific_name": "Malus sp.", "common_name": "Pommier", "subtype_name": "Pommier", "zip_code": null, "ownership": "public", "ownership_raw": "Ville de Saguenay", "city": "Saguenay", "source_dataset": "Inventaire des arbres répertoriés", "source_department": "Ville de Saguenay", "source_last_edit_at": ""}}, {"type": "Feature", "geometry": {"type": "Point", "coordinates": [-71.2659760004, 48.4174823012]}, "properties": {"id": "saguenay-17658", "species_group": "crabapple", "scientific_name": "Malus sp.", "common_name": "Pommier", "subtype_name": "Pommier", "zip_code": null, "ownership": "public", "ownership_raw": "Ville de Saguenay", "city": "Saguenay", "source_dataset": "Inventaire des arbres répertoriés", "source_department": "Ville de Saguenay", "source_last_edit_at": ""}}, {"type": "Feature", "geometry": {"type": "Point", "coordinates": [-71.2660191003, 48.4174882012]}, "properties": {"id": "saguenay-17659", "species_group": "crabapple", "scientific_name": "Malus sp.", "common_name": "Pommier", "subtype_name": "Pommier", "zip_code": null, "ownership": "public", "ownership_raw": "Ville de Saguenay", "city": "Saguenay", "source_dataset": "Inventaire des arbres répertoriés", "source_department": "Ville de Saguenay", "source_last_edit_at": ""}}, {"type": "Feature", "geometry": {"type": "Point", "coordinates": [-71.2614736001, 48.4174442014]}, "properties": {"id": "saguenay-17728", "species_group": "crabapple", "scientific_name": "Malus sp.", "common_name": "Pommier", "subtype_name": "Pommier", "zip_code": null, "ownership": "public", "ownership_raw": "Ville de Saguenay", "city": "Saguenay", "source_dataset": "Inventaire des arbres répertoriés", "source_department": "Ville de Saguenay", "source_last_edit_at": ""}}, {"type": "Feature", "geometry": {"type": "Point", "coordinates": [-71.2622008995, 48.4189645009]}, "properties": {"id": "saguenay-17793", "species_group": "crabapple", "scientific_name": "Malus sp.", "common_name": "Pommier", "subtype_name": "Pommier", "zip_code": null, "ownership": "public", "ownership_raw": "Ville de Saguenay", "city": "Saguenay", "source_dataset": "Inventaire des arbres répertoriés", "source_department": "Ville de Saguenay", "source_last_edit_at": ""}}, {"type": "Feature", "geometry": {"type": "Point", "coordinates": [-71.265826052, 48.4268925024]}, "properties": {"id": "saguenay-17801", "species_group": "crabapple", "scientific_name": "Malus sp.", "common_name": "Pommier", "subtype_name": "Pommier", "zip_code": null, "ownership": "public", "ownership_raw": "Ville de Saguenay", "city": "Saguenay", "source_dataset": "Inventaire des arbres répertoriés", "source_department": "Ville de Saguenay", "source_last_edit_at": ""}}, {"type": "Feature", "geometry": {"type": "Point", "coordinates": [-71.2099534006, 48.4282255011]}, "properties": {"id": "saguenay-1785", "species_group": "crabapple", "scientific_name": "Malus sp.", "common_name": "Pommier", "subtype_name": "Pommier", "zip_code": null, "ownership": "public", "ownership_raw": "Ville de Saguenay", "city": "Saguenay", "source_dataset": "Inventaire des arbres répertoriés", "source_department": "Ville de Saguenay", "source_last_edit_at": ""}}, {"type": "Feature", "geometry": {"type": "Point", "coordinates": [-71.2713644002, 48.4281010013]}, "properties": {"id": "saguenay-17856", "species_group": "crabapple", "scientific_name": "Malus sp.", "common_name": "Pommier", "subtype_name": "Pommier", "zip_code": null, "ownership": "public", "ownership_raw": "Ville de Saguenay", "city": "Saguenay", "source_dataset": "Inventaire des arbres répertoriés", "source_department": "Ville de Saguenay", "source_last_edit_at": ""}}, {"type": "Feature", "geometry": {"type": "Point", "coordinates": [-71.2614173006, 48.4265821005]}, "properties": {"id": "saguenay-17871", "species_group": "crabapple", "scientific_name": "Malus sp.", "common_name": "Pommier", "subtype_name": "Pommier", "zip_code": null, "ownership": "public", "ownership_raw": "Ville de Saguenay", "city": "Saguenay", "source_dataset": "Inventaire des arbres répertoriés", "source_department": "Ville de Saguenay", "source_last_edit_at": ""}}, {"type": "Feature", "geometry": {"type": "Point", "coordinates": [-71.2082556006, 48.4280649006]}, "properties": {"id": "saguenay-1791", "species_group": "crabapple", "scientific_name": "Malus sp.", "common_name": "Pommier", "subtype_name": "Pommier", "zip_code": null, "ownership": "public", "ownership_raw": "Ville de Saguenay", "city": "Saguenay", "source_dataset": "Inventaire des arbres répertoriés", "source_department": "Ville de Saguenay", "source_last_edit_at": ""}}, {"type": "Feature", "geometry": {"type": "Point", "coordinates": [-71.2088534005, 48.4288125013]}, "properties": {"id": "saguenay-1798", "species_group": "crabapple", "scientific_name": "Malus sp.", "common_name": "Pommier", "subtype_name": "Pommier", "zip_code": null, "ownership": "public", "ownership_raw": "Ville de Saguenay", "city": "Saguenay", "source_dataset": "Inventaire des arbres répertoriés", "source_department": "Ville de Saguenay", "source_last_edit_at": ""}}, {"type": "Feature", "geometry": {"type": "Point", "coordinates": [-71.2620780997, 48.4189501011]}, "properties": {"id": "saguenay-18006", "species_group": "crabapple", "scientific_name": "Malus sp.", "common_name": "Pommier", "subtype_name": "Pommier", "zip_code": null, "ownership": "public", "ownership_raw": "Ville de Saguenay", "city": "Saguenay", "source_dataset": "Inventaire des arbres répertoriés", "source_department": "Ville de Saguenay", "source_last_edit_at": ""}}, {"type": "Feature", "geometry": {"type": "Point", "coordinates": [-71.26321, 48.4191247006]}, "properties": {"id": "saguenay-18007", "species_group": "crabapple", "scientific_name": "Malus sp.", "common_name": "Pommier", "subtype_name": "Pommier", "zip_code": null, "ownership": "public", "ownership_raw": "Ville de Saguenay", "city": "Saguenay", "source_dataset": "Inventaire des arbres répertoriés", "source_department": "Ville de Saguenay", "source_last_edit_at": ""}}, {"type": "Feature", "geometry": {"type": "Point", "coordinates": [-71.2632462003, 48.419126601]}, "properties": {"id": "saguenay-18008", "species_group": "crabapple", "scientific_name": "Malus sp.", "common_name": "Pommier", "subtype_name": "Pommier", "zip_code": null, "ownership": "public", "ownership_raw": "Ville de Saguenay", "city": "Saguenay", "source_dataset": "Inventaire des arbres répertoriés", "source_department": "Ville de Saguenay", "source_last_edit_at": ""}}, {"type": "Feature", "geometry": {"type": "Point", "coordinates": [-71.2652901002, 48.4194501013]}, "properties": {"id": "saguenay-18013", "species_group": "crabapple", "scientific_name": "Malus sp.", "common_name": "Pommier", "subtype_name": "Pommier", "zip_code": null, "ownership": "public", "ownership_raw": "Ville de Saguenay", "city": "Saguenay", "source_dataset": "Inventaire des arbres répertoriés", "source_department": "Ville de Saguenay", "source_last_edit_at": ""}}, {"type": "Feature", "geometry": {"type": "Point", "coordinates": [-71.2099378005, 48.4264589009]}, "properties": {"id": "saguenay-1811", "species_group": "crabapple", "scientific_name": "Malus sp.", "common_name": "Pommier", "subtype_name": "Pommier", "zip_code": null, "ownership": "public", "ownership_raw": "Ville de Saguenay", "city": "Saguenay", "source_dataset": "Inventaire des arbres répertoriés", "source_department": "Ville de Saguenay", "source_last_edit_at": ""}}, {"type": "Feature", "geometry": {"type": "Point", "coordinates": [-71.2640695234, 48.4115338718]}, "properties": {"id": "saguenay-18209", "species_group": "crabapple", "scientific_name": "Malus sp.", "common_name": "Pommier", "subtype_name": "Pommier", "zip_code": null, "ownership": "public", "ownership_raw": "Ville de Saguenay", "city": "Saguenay", "source_dataset": "Inventaire des arbres répertoriés", "source_department": "Ville de Saguenay", "source_last_edit_at": ""}}, {"type": "Feature", "geometry": {"type": "Point", "coordinates": [-71.2089630003, 48.4278040007]}, "properties": {"id": "saguenay-1822", "species_group": "crabapple", "scientific_name": "Malus sp.", "common_name": "Pommier", "subtype_name": "Pommier", "zip_code": null, "ownership": "public", "ownership_raw": "Ville de Saguenay", "city": "Saguenay", "source_dataset": "Inventaire des arbres répertoriés", "source_department": "Ville de Saguenay", "source_last_edit_at": ""}}, {"type": "Feature", "geometry": {"type": "Point", "coordinates": [-71.2089622006, 48.4278186009]}, "properties": {"id": "saguenay-1823", "species_group": "crabapple", "scientific_name": "Malus sp.", "common_name": "Pommier", "subtype_name": "Pommier", "zip_code": null, "ownership": "public", "ownership_raw": "Ville de Saguenay", "city": "Saguenay", "source_dataset": "Inventaire des arbres répertoriés", "source_department": "Ville de Saguenay", "source_last_edit_at": ""}}, {"type": "Feature", "geometry": {"type": "Point", "coordinates": [-71.2660296997, 48.4109111008]}, "properties": {"id": "saguenay-18324", "species_group": "crabapple", "scientific_name": "Malus sp.", "common_name": "Pommier", "subtype_name": "Pommier", "zip_code": null, "ownership": "public", "ownership_raw": "Ville de Saguenay", "city": "Saguenay", "source_dataset": "Inventaire des arbres répertoriés", "source_department": "Ville de Saguenay", "source_last_edit_at": ""}}, {"type": "Feature", "geometry": {"type": "Point", "coordinates": [-71.2655862003, 48.4108086014]}, "properties": {"id": "saguenay-18325", "species_group": "crabapple", "scientific_name": "Malus sp.", "common_name": "Pommier", "subtype_name": "Pommier", "zip_code": null, "ownership": "public", "ownership_raw": "Ville de Saguenay", "city": "Saguenay", "source_dataset": "Inventaire des arbres répertoriés", "source_department": "Ville de Saguenay", "source_last_edit_at": ""}}, {"type": "Feature", "geometry": {"type": "Point", "coordinates": [-71.2667696997, 48.4103148006]}, "properties": {"id": "saguenay-18350", "species_group": "crabapple", "scientific_name": "Malus sp.", "common_name": "Pommier", "subtype_name": "Pommier", "zip_code": null, "ownership": "public", "ownership_raw": "Ville de Saguenay", "city": "Saguenay", "source_dataset": "Inventaire des arbres répertoriés", "source_department": "Ville de Saguenay", "source_last_edit_at": ""}}, {"type": "Feature", "geometry": {"type": "Point", "coordinates": [-71.2711763997, 48.4073398006]}, "properties": {"id": "saguenay-18449", "species_group": "crabapple", "scientific_name": "Malus sp.", "common_name": "Pommier", "subtype_name": "Pommier", "zip_code": null, "ownership": "public", "ownership_raw": "Ville de Saguenay", "city": "Saguenay", "source_dataset": "Inventaire des arbres répertoriés", "source_department": "Ville de Saguenay", "source_last_edit_at": ""}}, {"type": "Feature", "geometry": {"type": "Point", "coordinates": [-71.1773515576, 48.431374364]}, "properties": {"id": "saguenay-185", "species_group": "crabapple", "scientific_name": "Malus sp.", "common_name": "Pommier", "subtype_name": "Pommier", "zip_code": null, "ownership": "public", "ownership_raw": "Ville de Saguenay", "city": "Saguenay", "source_dataset": "Inventaire des arbres répertoriés", "source_department": "Ville de Saguenay", "source_last_edit_at": ""}}, {"type": "Feature", "geometry": {"type": "Point", "coordinates": [-71.2737529995, 48.4062817013]}, "properties": {"id": "saguenay-18506", "species_group": "crabapple", "scientific_name": "Malus sp.", "common_name": "Pommier", "subtype_name": "Pommier", "zip_code": null, "ownership": "public", "ownership_raw": "Ville de Saguenay", "city": "Saguenay", "source_dataset": "Inventaire des arbres répertoriés", "source_department": "Ville de Saguenay", "source_last_edit_at": ""}}, {"type": "Feature", "geometry": {"type": "Point", "coordinates": [-71.27748359, 48.4080802443]}, "properties": {"id": "saguenay-18661", "species_group": "crabapple", "scientific_name": "Malus sp.", "common_name": "Pommier", "subtype_name": "Pommier", "zip_code": null, "ownership": "public", "ownership_raw": "Ville de Saguenay", "city": "Saguenay", "source_dataset": "Inventaire des arbres répertoriés", "source_department": "Ville de Saguenay", "source_last_edit_at": ""}}, {"type": "Feature", "geometry": {"type": "Point", "coordinates": [-71.2777202001, 48.4066928006]}, "properties": {"id": "saguenay-18666", "species_group": "crabapple", "scientific_name": "Malus sp.", "common_name": "Pommier", "subtype_name": "Pommier", "zip_code": null, "ownership": "public", "ownership_raw": "Ville de Saguenay", "city": "Saguenay", "source_dataset": "Inventaire des arbres répertoriés", "source_department": "Ville de Saguenay", "source_last_edit_at": ""}}, {"type": "Feature", "geometry": {"type": "Point", "coordinates": [-71.2771757998, 48.4083876006]}, "properties": {"id": "saguenay-18673", "species_group": "crabapple", "scientific_name": "Malus sp.", "common_name": "Pommier", "subtype_name": "Pommier", "zip_code": null, "ownership": "public", "ownership_raw": "Ville de Saguenay", "city": "Saguenay", "source_dataset": "Inventaire des arbres répertoriés", "source_department": "Ville de Saguenay", "source_last_edit_at": ""}}, {"type": "Feature", "geometry": {"type": "Point", "coordinates": [-71.2120630156, 48.4276005032]}, "properties": {"id": "saguenay-1883", "species_group": "crabapple", "scientific_name": "Malus sp.", "common_name": "Pommier", "subtype_name": "Pommier", "zip_code": null, "ownership": "public", "ownership_raw": "Ville de Saguenay", "city": "Saguenay", "source_dataset": "Inventaire des arbres répertoriés", "source_department": "Ville de Saguenay", "source_last_edit_at": ""}}, {"type": "Feature", "geometry": {"type": "Point", "coordinates": [-71.2122240139, 48.4275719117]}, "properties": {"id": "saguenay-1884", "species_group": "crabapple", "scientific_name": "Malus sp.", "common_name": "Pommier", "subtype_name": "Pommier", "zip_code": null, "ownership": "public", "ownership_raw": "Ville de Saguenay", "city": "Saguenay", "source_dataset": "Inventaire des arbres répertoriés", "source_department": "Ville de Saguenay", "source_last_edit_at": ""}}, {"type": "Feature", "geometry": {"type": "Point", "coordinates": [-71.1756483198, 48.4323094898]}, "properties": {"id": "saguenay-189", "species_group": "crabapple", "scientific_name": "Malus sp.", "common_name": "Pommier", "subtype_name": "Pommier", "zip_code": null, "ownership": "public", "ownership_raw": "Ville de Saguenay", "city": "Saguenay", "source_dataset": "Inventaire des arbres répertoriés", "source_department": "Ville de Saguenay", "source_last_edit_at": ""}}, {"type": "Feature", "geometry": {"type": "Point", "coordinates": [-71.1757291105, 48.4323062696]}, "properties": {"id": "saguenay-190", "species_group": "crabapple", "scientific_name": "Malus sp.", "common_name": "Pommier", "subtype_name": "Pommier", "zip_code": null, "ownership": "public", "ownership_raw": "Ville de Saguenay", "city": "Saguenay", "source_dataset": "Inventaire des arbres répertoriés", "source_department": "Ville de Saguenay", "source_last_edit_at": ""}}, {"type": "Feature", "geometry": {"type": "Point", "coordinates": [-71.176904624, 48.4322254841]}, "properties": {"id": "saguenay-193", "species_group": "cherry", "scientific_name": "Prunus maackii", "common_name": "Ceriser De Mandchourie", "subtype_name": "Ceriser De Mandchourie", "zip_code": null, "ownership": "public", "ownership_raw": "Ville de Saguenay", "city": "Saguenay", "source_dataset": "Inventaire des arbres répertoriés", "source_department": "Ville de Saguenay", "source_last_edit_at": ""}}, {"type": "Feature", "geometry": {"type": "Point", "coordinates": [-71.2042830005, 48.4146454013]}, "properties": {"id": "saguenay-1949", "species_group": "crabapple", "scientific_name": "Malus sp.", "common_name": "Pommier", "subtype_name": "Pommier", "zip_code": null, "ownership": "public", "ownership_raw": "Ville de Saguenay", "city": "Saguenay", "source_dataset": "Inventaire des arbres répertoriés", "source_department": "Ville de Saguenay", "source_last_edit_at": ""}}, {"type": "Feature", "geometry": {"type": "Point", "coordinates": [-71.2051542136, 48.4154142491]}, "properties": {"id": "saguenay-1972", "species_group": "crabapple", "scientific_name": "Malus sp.", "common_name": "Pommier", "subtype_name": "Pommier", "zip_code": null, "ownership": "public", "ownership_raw": "Ville de Saguenay", "city": "Saguenay", "source_dataset": "Inventaire des arbres répertoriés", "source_department": "Ville de Saguenay", "source_last_edit_at": ""}}, {"type": "Feature", "geometry": {"type": "Point", "coordinates": [-71.2045684995, 48.4161178011]}, "properties": {"id": "saguenay-1975", "species_group": "crabapple", "scientific_name": "Malus sp.", "common_name": "Pommier", "subtype_name": "Pommier", "zip_code": null, "ownership": "public", "ownership_raw": "Ville de Saguenay", "city": "Saguenay", "source_dataset": "Inventaire des arbres répertoriés", "source_department": "Ville de Saguenay", "source_last_edit_at": ""}}, {"type": "Feature", "geometry": {"type": "Point", "coordinates": [-71.2057549994, 48.4174060012]}, "properties": {"id": "saguenay-1987", "species_group": "crabapple", "scientific_name": "Malus sp.", "common_name": "Pommier", "subtype_name": "Pommier", "zip_code": null, "ownership": "public", "ownership_raw": "Ville de Saguenay", "city": "Saguenay", "source_dataset": "Inventaire des arbres répertoriés", "source_department": "Ville de Saguenay", "source_last_edit_at": ""}}, {"type": "Feature", "geometry": {"type": "Point", "coordinates": [-71.1995899001, 48.4150184012]}, "properties": {"id": "saguenay-2005", "species_group": "plum", "scientific_name": "Prunus americana", "common_name": "Prunier D'Amérique", "subtype_name": "Prunier D'Amérique", "zip_code": null, "ownership": "public", "ownership_raw": "Ville de Saguenay", "city": "Saguenay", "source_dataset": "Inventaire des arbres répertoriés", "source_department": "Ville de Saguenay", "source_last_edit_at": ""}}, {"type": "Feature", "geometry": {"type": "Point", "coordinates": [-71.2060783244, 48.4175988437]}, "properties": {"id": "saguenay-2078", "species_group": "crabapple", "scientific_name": "Malus sp.", "common_name": "Pommier", "subtype_name": "Pommier", "zip_code": null, "ownership": "public", "ownership_raw": "Ville de Saguenay", "city": "Saguenay", "source_dataset": "Inventaire des arbres répertoriés", "source_department": "Ville de Saguenay", "source_last_edit_at": ""}}, {"type": "Feature", "geometry": {"type": "Point", "coordinates": [-71.1759052005, 48.4321596496]}, "properties": {"id": "saguenay-212", "species_group": "cherry", "scientific_name": "Prunus maackii", "common_name": "Ceriser De Mandchourie", "subtype_name": "Ceriser De Mandchourie", "zip_code": null, "ownership": "public", "ownership_raw": "Ville de Saguenay", "city": "Saguenay", "source_dataset": "Inventaire des arbres répertoriés", "source_department": "Ville de Saguenay", "source_last_edit_at": ""}}, {"type": "Feature", "geometry": {"type": "Point", "coordinates": [-71.1807268296, 48.4320300104]}, "properties": {"id": "saguenay-223", "species_group": "crabapple", "scientific_name": "Malus sp.", "common_name": "Pommier", "subtype_name": "Pommier", "zip_code": null, "ownership": "public", "ownership_raw": "Ville de Saguenay", "city": "Saguenay", "source_dataset": "Inventaire des arbres répertoriés", "source_department": "Ville de Saguenay", "source_last_edit_at": ""}}, {"type": "Feature", "geometry": {"type": "Point", "coordinates": [-71.1808120104, 48.4320298203]}, "properties": {"id": "saguenay-224", "species_group": "crabapple", "scientific_name": "Malus sp.", "common_name": "Pommier", "subtype_name": "Pommier", "zip_code": null, "ownership": "public", "ownership_raw": "Ville de Saguenay", "city": "Saguenay", "source_dataset": "Inventaire des arbres répertoriés", "source_department": "Ville de Saguenay", "source_last_edit_at": ""}}, {"type": "Feature", "geometry": {"type": "Point", "coordinates": [-71.1824264399, 48.4320295103]}, "properties": {"id": "saguenay-232", "species_group": "crabapple", "scientific_name": "Malus sp.", "common_name": "Pommier", "subtype_name": "Pommier", "zip_code": null, "ownership": "public", "ownership_raw": "Ville de Saguenay", "city": "Saguenay", "source_dataset": "Inventaire des arbres répertoriés", "source_department": "Ville de Saguenay", "source_last_edit_at": ""}}, {"type": "Feature", "geometry": {"type": "Point", "coordinates": [-71.1956870997, 48.4163262006]}, "properties": {"id": "saguenay-2323", "species_group": "crabapple", "scientific_name": "Malus sp.", "common_name": "Pommier", "subtype_name": "Pommier", "zip_code": null, "ownership": "public", "ownership_raw": "Ville de Saguenay", "city": "Saguenay", "source_dataset": "Inventaire des arbres répertoriés", "source_department": "Ville de Saguenay", "source_last_edit_at": ""}}, {"type": "Feature", "geometry": {"type": "Point", "coordinates": [-71.1956552996, 48.416379501]}, "properties": {"id": "saguenay-2324", "species_group": "crabapple", "scientific_name": "Malus sp.", "common_name": "Pommier", "subtype_name": "Pommier", "zip_code": null, "ownership": "public", "ownership_raw": "Ville de Saguenay", "city": "Saguenay", "source_dataset": "Inventaire des arbres répertoriés", "source_department": "Ville de Saguenay", "source_last_edit_at": ""}}, {"type": "Feature", "geometry": {"type": "Point", "coordinates": [-71.1950300784, 48.4163603223]}, "properties": {"id": "saguenay-2327", "species_group": "crabapple", "scientific_name": "Malus sp.", "common_name": "Pommier", "subtype_name": "Pommier", "zip_code": null, "ownership": "public", "ownership_raw": "Ville de Saguenay", "city": "Saguenay", "source_dataset": "Inventaire des arbres répertoriés", "source_department": "Ville de Saguenay", "source_last_edit_at": ""}}, {"type": "Feature", "geometry": {"type": "Point", "coordinates": [-71.1930220006, 48.4183947013]}, "properties": {"id": "saguenay-2607", "species_group": "crabapple", "scientific_name": "Malus sp.", "common_name": "Pommier", "subtype_name": "Pommier", "zip_code": null, "ownership": "public", "ownership_raw": "Ville de Saguenay", "city": "Saguenay", "source_dataset": "Inventaire des arbres répertoriés", "source_department": "Ville de Saguenay", "source_last_edit_at": ""}}, {"type": "Feature", "geometry": {"type": "Point", "coordinates": [-71.1910557004, 48.4121811007]}, "properties": {"id": "saguenay-2788", "species_group": "crabapple", "scientific_name": "Malus sp.", "common_name": "Pommier", "subtype_name": "Pommier", "zip_code": null, "ownership": "public", "ownership_raw": "Ville de Saguenay", "city": "Saguenay", "source_dataset": "Inventaire des arbres répertoriés", "source_department": "Ville de Saguenay", "source_last_edit_at": ""}}, {"type": "Feature", "geometry": {"type": "Point", "coordinates": [-71.1908011149, 48.4181245474]}, "properties": {"id": "saguenay-2792", "species_group": "crabapple", "scientific_name": "Malus sp.", "common_name": "Pommier", "subtype_name": "Pommier", "zip_code": null, "ownership": "public", "ownership_raw": "Ville de Saguenay", "city": "Saguenay", "source_dataset": "Inventaire des arbres répertoriés", "source_department": "Ville de Saguenay", "source_last_edit_at": ""}}, {"type": "Feature", "geometry": {"type": "Point", "coordinates": [-71.1810323332, 48.4200966884]}, "properties": {"id": "saguenay-2965", "species_group": "crabapple", "scientific_name": "Malus sp.", "common_name": "Pommier", "subtype_name": "Pommier", "zip_code": null, "ownership": "public", "ownership_raw": "Ville de Saguenay", "city": "Saguenay", "source_dataset": "Inventaire des arbres répertoriés", "source_department": "Ville de Saguenay", "source_last_edit_at": ""}}, {"type": "Feature", "geometry": {"type": "Point", "coordinates": [-71.1919329996, 48.4119992013]}, "properties": {"id": "saguenay-2994", "species_group": "crabapple", "scientific_name": "Malus sp.", "common_name": "Pommier", "subtype_name": "Pommier", "zip_code": null, "ownership": "public", "ownership_raw": "Ville de Saguenay", "city": "Saguenay", "source_dataset": "Inventaire des arbres répertoriés", "source_department": "Ville de Saguenay", "source_last_edit_at": ""}}, {"type": "Feature", "geometry": {"type": "Point", "coordinates": [-71.1801061327, 48.4348823737]}, "properties": {"id": "saguenay-302", "species_group": "crabapple", "scientific_name": "Malus sp.", "common_name": "Pommier", "subtype_name": "Pommier", "zip_code": null, "ownership": "public", "ownership_raw": "Ville de Saguenay", "city": "Saguenay", "source_dataset": "Inventaire des arbres répertoriés", "source_department": "Ville de Saguenay", "source_last_edit_at": ""}}, {"type": "Feature", "geometry": {"type": "Point", "coordinates": [-71.1946622995, 48.4141344012]}, "properties": {"id": "saguenay-3029", "species_group": "crabapple", "scientific_name": "Malus sp.", "common_name": "Pommier", "subtype_name": "Pommier", "zip_code": null, "ownership": "public", "ownership_raw": "Ville de Saguenay", "city": "Saguenay", "source_dataset": "Inventaire des arbres répertoriés", "source_department": "Ville de Saguenay", "source_last_edit_at": ""}}, {"type": "Feature", "geometry": {"type": "Point", "coordinates": [-71.1813573, 48.4181982012]}, "properties": {"id": "saguenay-3082", "species_group": "crabapple", "scientific_name": "Malus sp.", "common_name": "Pommier", "subtype_name": "Pommier", "zip_code": null, "ownership": "public", "ownership_raw": "Ville de Saguenay", "city": "Saguenay", "source_dataset": "Inventaire des arbres répertoriés", "source_department": "Ville de Saguenay", "source_last_edit_at": ""}}, {"type": "Feature", "geometry": {"type": "Point", "coordinates": [-71.1808047999, 48.418766501]}, "properties": {"id": "saguenay-3085", "species_group": "crabapple", "scientific_name": "Malus sp.", "common_name": "Pommier", "subtype_name": "Pommier", "zip_code": null, "ownership": "public", "ownership_raw": "Ville de Saguenay", "city": "Saguenay", "source_dataset": "Inventaire des arbres répertoriés", "source_department": "Ville de Saguenay", "source_last_edit_at": ""}}, {"type": "Feature", "geometry": {"type": "Point", "coordinates": [-71.1819823007, 48.418858801]}, "properties": {"id": "saguenay-3102", "species_group": "crabapple", "scientific_name": "Malus sp.", "common_name": "Pommier", "subtype_name": "Pommier", "zip_code": null, "ownership": "public", "ownership_raw": "Ville de Saguenay", "city": "Saguenay", "source_dataset": "Inventaire des arbres répertoriés", "source_department": "Ville de Saguenay", "source_last_edit_at": ""}}, {"type": "Feature", "geometry": {"type": "Point", "coordinates": [-71.1827182005, 48.4194555005]}, "properties": {"id": "saguenay-3108", "species_group": "crabapple", "scientific_name": "Malus sp.", "common_name": "Pommier", "subtype_name": "Pommier", "zip_code": null, "ownership": "public", "ownership_raw": "Ville de Saguenay", "city": "Saguenay", "source_dataset": "Inventaire des arbres répertoriés", "source_department": "Ville de Saguenay", "source_last_edit_at": ""}}, {"type": "Feature", "geometry": {"type": "Point", "coordinates": [-71.1831153004, 48.4186507004]}, "properties": {"id": "saguenay-3117", "species_group": "crabapple", "scientific_name": "Malus sp.", "common_name": "Pommier", "subtype_name": "Pommier", "zip_code": null, "ownership": "public", "ownership_raw": "Ville de Saguenay", "city": "Saguenay", "source_dataset": "Inventaire des arbres répertoriés", "source_department": "Ville de Saguenay", "source_last_edit_at": ""}}, {"type": "Feature", "geometry": {"type": "Point", "coordinates": [-71.1831291455, 48.4190462951]}, "properties": {"id": "saguenay-3129", "species_group": "crabapple", "scientific_name": "Malus sp.", "common_name": "Pommier", "subtype_name": "Pommier", "zip_code": null, "ownership": "public", "ownership_raw": "Ville de Saguenay", "city": "Saguenay", "source_dataset": "Inventaire des arbres répertoriés", "source_department": "Ville de Saguenay", "source_last_edit_at": ""}}, {"type": "Feature", "geometry": {"type": "Point", "coordinates": [-71.1812079005, 48.4360165999]}, "properties": {"id": "saguenay-313", "species_group": "crabapple", "scientific_name": "Malus sp.", "common_name": "Pommier", "subtype_name": "Pommier", "zip_code": null, "ownership": "public", "ownership_raw": "Ville de Saguenay", "city": "Saguenay", "source_dataset": "Inventaire des arbres répertoriés", "source_department": "Ville de Saguenay", "source_last_edit_at": ""}}, {"type": "Feature", "geometry": {"type": "Point", "coordinates": [-71.1811603006, 48.4359744]}, "properties": {"id": "saguenay-314", "species_group": "crabapple", "scientific_name": "Malus sp.", "common_name": "Pommier", "subtype_name": "Pommier", "zip_code": null, "ownership": "public", "ownership_raw": "Ville de Saguenay", "city": "Saguenay", "source_dataset": "Inventaire des arbres répertoriés", "source_department": "Ville de Saguenay", "source_last_edit_at": ""}}, {"type": "Feature", "geometry": {"type": "Point", "coordinates": [-71.1942728004, 48.4122397013]}, "properties": {"id": "saguenay-3152", "species_group": "crabapple", "scientific_name": "Malus sp.", "common_name": "Pommier", "subtype_name": "Pommier", "zip_code": null, "ownership": "public", "ownership_raw": "Ville de Saguenay", "city": "Saguenay", "source_dataset": "Inventaire des arbres répertoriés", "source_department": "Ville de Saguenay", "source_last_edit_at": ""}}, {"type": "Feature", "geometry": {"type": "Point", "coordinates": [-71.1940995004, 48.4121984008]}, "properties": {"id": "saguenay-3164", "species_group": "crabapple", "scientific_name": "Malus sp.", "common_name": "Pommier", "subtype_name": "Pommier", "zip_code": null, "ownership": "public", "ownership_raw": "Ville de Saguenay", "city": "Saguenay", "source_dataset": "Inventaire des arbres répertoriés", "source_department": "Ville de Saguenay", "source_last_edit_at": ""}}, {"type": "Feature", "geometry": {"type": "Point", "coordinates": [-71.1837650005, 48.4199173005]}, "properties": {"id": "saguenay-3179", "species_group": "crabapple", "scientific_name": "Malus sp.", "common_name": "Pommier", "subtype_name": "Pommier", "zip_code": null, "ownership": "public", "ownership_raw": "Ville de Saguenay", "city": "Saguenay", "source_dataset": "Inventaire des arbres répertoriés", "source_department": "Ville de Saguenay", "source_last_edit_at": ""}}, {"type": "Feature", "geometry": {"type": "Point", "coordinates": [-71.1840638999, 48.4190473011]}, "properties": {"id": "saguenay-3191", "species_group": "crabapple", "scientific_name": "Malus sp.", "common_name": "Pommier", "subtype_name": "Pommier", "zip_code": null, "ownership": "public", "ownership_raw": "Ville de Saguenay", "city": "Saguenay", "source_dataset": "Inventaire des arbres répertoriés", "source_department": "Ville de Saguenay", "source_last_edit_at": ""}}, {"type": "Feature", "geometry": {"type": "Point", "coordinates": [-71.1844825994, 48.4197766001]}, "properties": {"id": "saguenay-3237", "species_group": "crabapple", "scientific_name": "Malus sp.", "common_name": "Pommier", "subtype_name": "Pommier", "zip_code": null, "ownership": "public", "ownership_raw": "Ville de Saguenay", "city": "Saguenay", "source_dataset": "Inventaire des arbres répertoriés", "source_department": "Ville de Saguenay", "source_last_edit_at": ""}}, {"type": "Feature", "geometry": {"type": "Point", "coordinates": [-71.1849032998, 48.4187855012]}, "properties": {"id": "saguenay-3245", "species_group": "crabapple", "scientific_name": "Malus sp.", "common_name": "Pommier", "subtype_name": "Pommier", "zip_code": null, "ownership": "public", "ownership_raw": "Ville de Saguenay", "city": "Saguenay", "source_dataset": "Inventaire des arbres répertoriés", "source_department": "Ville de Saguenay", "source_last_edit_at": ""}}, {"type": "Feature", "geometry": {"type": "Point", "coordinates": [-71.1847306006, 48.4185534007]}, "properties": {"id": "saguenay-3250", "species_group": "crabapple", "scientific_name": "Malus sp.", "common_name": "Pommier", "subtype_name": "Pommier", "zip_code": null, "ownership": "public", "ownership_raw": "Ville de Saguenay", "city": "Saguenay", "source_dataset": "Inventaire des arbres répertoriés", "source_department": "Ville de Saguenay", "source_last_edit_at": ""}}, {"type": "Feature", "geometry": {"type": "Point", "coordinates": [-71.1851523996, 48.4165126007]}, "properties": {"id": "saguenay-3275", "species_group": "crabapple", "scientific_name": "Malus sp.", "common_name": "Pommier", "subtype_name": "Pommier", "zip_code": null, "ownership": "public", "ownership_raw": "Ville de Saguenay", "city": "Saguenay", "source_dataset": "Inventaire des arbres répertoriés", "source_department": "Ville de Saguenay", "source_last_edit_at": ""}}, {"type": "Feature", "geometry": {"type": "Point", "coordinates": [-71.1836176002, 48.4182586013]}, "properties": {"id": "saguenay-3285", "species_group": "crabapple", "scientific_name": "Malus sp.", "common_name": "Pommier", "subtype_name": "Pommier", "zip_code": null, "ownership": "public", "ownership_raw": "Ville de Saguenay", "city": "Saguenay", "source_dataset": "Inventaire des arbres répertoriés", "source_department": "Ville de Saguenay", "source_last_edit_at": ""}}, {"type": "Feature", "geometry": {"type": "Point", "coordinates": [-71.1841161998, 48.4164231006]}, "properties": {"id": "saguenay-3295", "species_group": "crabapple", "scientific_name": "Malus sp.", "common_name": "Pommier", "subtype_name": "Pommier", "zip_code": null, "ownership": "public", "ownership_raw": "Ville de Saguenay", "city": "Saguenay", "source_dataset": "Inventaire des arbres répertoriés", "source_department": "Ville de Saguenay", "source_last_edit_at": ""}}, {"type": "Feature", "geometry": {"type": "Point", "coordinates": [-71.1920285005, 48.4144466996]}, "properties": {"id": "saguenay-3325", "species_group": "crabapple", "scientific_name": "Malus sp.", "common_name": "Pommier", "subtype_name": "Pommier", "zip_code": null, "ownership": "public", "ownership_raw": "Ville de Saguenay", "city": "Saguenay", "source_dataset": "Inventaire des arbres répertoriés", "source_department": "Ville de Saguenay", "source_last_edit_at": ""}}, {"type": "Feature", "geometry": {"type": "Point", "coordinates": [-71.1836890997, 48.4173665998]}, "properties": {"id": "saguenay-3409", "species_group": "crabapple", "scientific_name": "Malus sp.", "common_name": "Pommier", "subtype_name": "Pommier", "zip_code": null, "ownership": "public", "ownership_raw": "Ville de Saguenay", "city": "Saguenay", "source_dataset": "Inventaire des arbres répertoriés", "source_department": "Ville de Saguenay", "source_last_edit_at": ""}}, {"type": "Feature", "geometry": {"type": "Point", "coordinates": [-71.1914923994, 48.4131719]}, "properties": {"id": "saguenay-3492", "species_group": "crabapple", "scientific_name": "Malus sp.", "common_name": "Pommier", "subtype_name": "Pommier", "zip_code": null, "ownership": "public", "ownership_raw": "Ville de Saguenay", "city": "Saguenay", "source_dataset": "Inventaire des arbres répertoriés", "source_department": "Ville de Saguenay", "source_last_edit_at": ""}}, {"type": "Feature", "geometry": {"type": "Point", "coordinates": [-71.1822585164, 48.4178859261]}, "properties": {"id": "saguenay-3553", "species_group": "crabapple", "scientific_name": "Malus sp.", "common_name": "Pommier", "subtype_name": "Pommier", "zip_code": null, "ownership": "public", "ownership_raw": "Ville de Saguenay", "city": "Saguenay", "source_dataset": "Inventaire des arbres répertoriés", "source_department": "Ville de Saguenay", "source_last_edit_at": ""}}, {"type": "Feature", "geometry": {"type": "Point", "coordinates": [-71.182163966, 48.4178609548]}, "properties": {"id": "saguenay-3554", "species_group": "crabapple", "scientific_name": "Malus sp.", "common_name": "Pommier", "subtype_name": "Pommier", "zip_code": null, "ownership": "public", "ownership_raw": "Ville de Saguenay", "city": "Saguenay", "source_dataset": "Inventaire des arbres répertoriés", "source_department": "Ville de Saguenay", "source_last_edit_at": ""}}, {"type": "Feature", "geometry": {"type": "Point", "coordinates": [-71.1965353994, 48.4099577009]}, "properties": {"id": "saguenay-3711", "species_group": "crabapple", "scientific_name": "Malus sp.", "common_name": "Pommier", "subtype_name": "Pommier", "zip_code": null, "ownership": "public", "ownership_raw": "Ville de Saguenay", "city": "Saguenay", "source_dataset": "Inventaire des arbres répertoriés", "source_department": "Ville de Saguenay", "source_last_edit_at": ""}}, {"type": "Feature", "geometry": {"type": "Point", "coordinates": [-71.1849298998, 48.4132542999]}, "properties": {"id": "saguenay-3789", "species_group": "crabapple", "scientific_name": "Malus sp.", "common_name": "Pommier", "subtype_name": "Pommier", "zip_code": null, "ownership": "public", "ownership_raw": "Ville de Saguenay", "city": "Saguenay", "source_dataset": "Inventaire des arbres répertoriés", "source_department": "Ville de Saguenay", "source_last_edit_at": ""}}, {"type": "Feature", "geometry": {"type": "Point", "coordinates": [-71.1830870005, 48.4381169999]}, "properties": {"id": "saguenay-384", "species_group": "crabapple", "scientific_name": "Malus sp.", "common_name": "Pommier", "subtype_name": "Pommier", "zip_code": null, "ownership": "public", "ownership_raw": "Ville de Saguenay", "city": "Saguenay", "source_dataset": "Inventaire des arbres répertoriés", "source_department": "Ville de Saguenay", "source_last_edit_at": ""}}, {"type": "Feature", "geometry": {"type": "Point", "coordinates": [-71.1970846001, 48.412357901]}, "properties": {"id": "saguenay-3910", "species_group": "crabapple", "scientific_name": "Malus sp.", "common_name": "Pommier", "subtype_name": "Pommier", "zip_code": null, "ownership": "public", "ownership_raw": "Ville de Saguenay", "city": "Saguenay", "source_dataset": "Inventaire des arbres répertoriés", "source_department": "Ville de Saguenay", "source_last_edit_at": ""}}, {"type": "Feature", "geometry": {"type": "Point", "coordinates": [-71.1973109005, 48.4106277006]}, "properties": {"id": "saguenay-3924", "species_group": "crabapple", "scientific_name": "Malus sp.", "common_name": "Pommier", "subtype_name": "Pommier", "zip_code": null, "ownership": "public", "ownership_raw": "Ville de Saguenay", "city": "Saguenay", "source_dataset": "Inventaire des arbres répertoriés", "source_department": "Ville de Saguenay", "source_last_edit_at": ""}}, {"type": "Feature", "geometry": {"type": "Point", "coordinates": [-71.1958425005, 48.4108637012]}, "properties": {"id": "saguenay-3942", "species_group": "crabapple", "scientific_name": "Malus sp.", "common_name": "Pommier", "subtype_name": "Pommier", "zip_code": null, "ownership": "public", "ownership_raw": "Ville de Saguenay", "city": "Saguenay", "source_dataset": "Inventaire des arbres répertoriés", "source_department": "Ville de Saguenay", "source_last_edit_at": ""}}, {"type": "Feature", "geometry": {"type": "Point", "coordinates": [-71.1962520156, 48.410088075]}, "properties": {"id": "saguenay-3949", "species_group": "crabapple", "scientific_name": "Malus sp.", "common_name": "Pommier", "subtype_name": "Pommier", "zip_code": null, "ownership": "public", "ownership_raw": "Ville de Saguenay", "city": "Saguenay", "source_dataset": "Inventaire des arbres répertoriés", "source_department": "Ville de Saguenay", "source_last_edit_at": ""}}, {"type": "Feature", "geometry": {"type": "Point", "coordinates": [-71.1871171995, 48.4120855012]}, "properties": {"id": "saguenay-3980", "species_group": "crabapple", "scientific_name": "Malus sp.", "common_name": "Pommier", "subtype_name": "Pommier", "zip_code": null, "ownership": "public", "ownership_raw": "Ville de Saguenay", "city": "Saguenay", "source_dataset": "Inventaire des arbres répertoriés", "source_department": "Ville de Saguenay", "source_last_edit_at": ""}}, {"type": "Feature", "geometry": {"type": "Point", "coordinates": [-71.1839052004, 48.4103485006]}, "properties": {"id": "saguenay-4220", "species_group": "crabapple", "scientific_name": "Malus sp.", "common_name": "Pommier", "subtype_name": "Pommier", "zip_code": null, "ownership": "public", "ownership_raw": "Ville de Saguenay", "city": "Saguenay", "source_dataset": "Inventaire des arbres répertoriés", "source_department": "Ville de Saguenay", "source_last_edit_at": ""}}, {"type": "Feature", "geometry": {"type": "Point", "coordinates": [-71.1842119226, 48.4098949585]}, "properties": {"id": "saguenay-4240", "species_group": "crabapple", "scientific_name": "Malus sp.", "common_name": "Pommier", "subtype_name": "Pommier", "zip_code": null, "ownership": "public", "ownership_raw": "Ville de Saguenay", "city": "Saguenay", "source_dataset": "Inventaire des arbres répertoriés", "source_department": "Ville de Saguenay", "source_last_edit_at": ""}}, {"type": "Feature", "geometry": {"type": "Point", "coordinates": [-71.1899437994, 48.4095558011]}, "properties": {"id": "saguenay-4261", "species_group": "crabapple", "scientific_name": "Malus sp.", "common_name": "Pommier", "subtype_name": "Pommier", "zip_code": null, "ownership": "public", "ownership_raw": "Ville de Saguenay", "city": "Saguenay", "source_dataset": "Inventaire des arbres répertoriés", "source_department": "Ville de Saguenay", "source_last_edit_at": ""}}, {"type": "Feature", "geometry": {"type": "Point", "coordinates": [-71.1892123003, 48.4108318012]}, "properties": {"id": "saguenay-4269", "species_group": "crabapple", "scientific_name": "Malus sp.", "common_name": "Pommier", "subtype_name": "Pommier", "zip_code": null, "ownership": "public", "ownership_raw": "Ville de Saguenay", "city": "Saguenay", "source_dataset": "Inventaire des arbres répertoriés", "source_department": "Ville de Saguenay", "source_last_edit_at": ""}}, {"type": "Feature", "geometry": {"type": "Point", "coordinates": [-71.181653248, 48.4349360904]}, "properties": {"id": "saguenay-444", "species_group": "crabapple", "scientific_name": "Malus sp.", "common_name": "Pommier", "subtype_name": "Pommier", "zip_code": null, "ownership": "public", "ownership_raw": "Ville de Saguenay", "city": "Saguenay", "source_dataset": "Inventaire des arbres répertoriés", "source_department": "Ville de Saguenay", "source_last_edit_at": ""}}, {"type": "Feature", "geometry": {"type": "Point", "coordinates": [-71.2019284682, 48.4142630062]}, "properties": {"id": "saguenay-4512", "species_group": "crabapple", "scientific_name": "Malus sp.", "common_name": "Pommier", "subtype_name": "Pommier", "zip_code": null, "ownership": "public", "ownership_raw": "Ville de Saguenay", "city": "Saguenay", "source_dataset": "Inventaire des arbres répertoriés", "source_department": "Ville de Saguenay", "source_last_edit_at": ""}}, {"type": "Feature", "geometry": {"type": "Point", "coordinates": [-71.2018289781, 48.4142907324]}, "properties": {"id": "saguenay-4513", "species_group": "crabapple", "scientific_name": "Malus sp.", "common_name": "Pommier", "subtype_name": "Pommier", "zip_code": null, "ownership": "public", "ownership_raw": "Ville de Saguenay", "city": "Saguenay", "source_dataset": "Inventaire des arbres répertoriés", "source_department": "Ville de Saguenay", "source_last_edit_at": ""}}, {"type": "Feature", "geometry": {"type": "Point", "coordinates": [-71.2017291286, 48.4143157248]}, "properties": {"id": "saguenay-4514", "species_group": "crabapple", "scientific_name": "Malus sp.", "common_name": "Pommier", "subtype_name": "Pommier", "zip_code": null, "ownership": "public", "ownership_raw": "Ville de Saguenay", "city": "Saguenay", "source_dataset": "Inventaire des arbres répertoriés", "source_department": "Ville de Saguenay", "source_last_edit_at": ""}}, {"type": "Feature", "geometry": {"type": "Point", "coordinates": [-71.2016337172, 48.4143412144]}, "properties": {"id": "saguenay-4515", "species_group": "crabapple", "scientific_name": "Malus sp.", "common_name": "Pommier", "subtype_name": "Pommier", "zip_code": null, "ownership": "public", "ownership_raw": "Ville de Saguenay", "city": "Saguenay", "source_dataset": "Inventaire des arbres répertoriés", "source_department": "Ville de Saguenay", "source_last_edit_at": ""}}, {"type": "Feature", "geometry": {"type": "Point", "coordinates": [-71.2014433191, 48.414386047]}, "properties": {"id": "saguenay-4516", "species_group": "crabapple", "scientific_name": "Malus sp.", "common_name": "Pommier", "subtype_name": "Pommier", "zip_code": null, "ownership": "public", "ownership_raw": "Ville de Saguenay", "city": "Saguenay", "source_dataset": "Inventaire des arbres répertoriés", "source_department": "Ville de Saguenay", "source_last_edit_at": ""}}, {"type": "Feature", "geometry": {"type": "Point", "coordinates": [-71.2013545135, 48.4144076737]}, "properties": {"id": "saguenay-4517", "species_group": "crabapple", "scientific_name": "Malus sp.", "common_name": "Pommier", "subtype_name": "Pommier", "zip_code": null, "ownership": "public", "ownership_raw": "Ville de Saguenay", "city": "Saguenay", "source_dataset": "Inventaire des arbres répertoriés", "source_department": "Ville de Saguenay", "source_last_edit_at": ""}}, {"type": "Feature", "geometry": {"type": "Point", "coordinates": [-71.1806298996, 48.4340770004]}, "properties": {"id": "saguenay-452", "species_group": "crabapple", "scientific_name": "Malus sp.", "common_name": "Pommier", "subtype_name": "Pommier", "zip_code": null, "ownership": "public", "ownership_raw": "Ville de Saguenay", "city": "Saguenay", "source_dataset": "Inventaire des arbres répertoriés", "source_department": "Ville de Saguenay", "source_last_edit_at": ""}}, {"type": "Feature", "geometry": {"type": "Point", "coordinates": [-71.1763781999, 48.4218562008]}, "properties": {"id": "saguenay-4566", "species_group": "crabapple", "scientific_name": "Malus sp.", "common_name": "Pommier", "subtype_name": "Pommier", "zip_code": null, "ownership": "public", "ownership_raw": "Ville de Saguenay", "city": "Saguenay", "source_dataset": "Inventaire des arbres répertoriés", "source_department": "Ville de Saguenay", "source_last_edit_at": ""}}, {"type": "Feature", "geometry": {"type": "Point", "coordinates": [-71.1762605996, 48.4218854009]}, "properties": {"id": "saguenay-4567", "species_group": "crabapple", "scientific_name": "Malus sp.", "common_name": "Pommier", "subtype_name": "Pommier", "zip_code": null, "ownership": "public", "ownership_raw": "Ville de Saguenay", "city": "Saguenay", "source_dataset": "Inventaire des arbres répertoriés", "source_department": "Ville de Saguenay", "source_last_edit_at": ""}}, {"type": "Feature", "geometry": {"type": "Point", "coordinates": [-71.1741193998, 48.4224152014]}, "properties": {"id": "saguenay-4590", "species_group": "crabapple", "scientific_name": "Malus sp.", "common_name": "Pommier", "subtype_name": "Pommier", "zip_code": null, "ownership": "public", "ownership_raw": "Ville de Saguenay", "city": "Saguenay", "source_dataset": "Inventaire des arbres répertoriés", "source_department": "Ville de Saguenay", "source_last_edit_at": ""}}, {"type": "Feature", "geometry": {"type": "Point", "coordinates": [-71.1733520597, 48.4224543253]}, "properties": {"id": "saguenay-4598", "species_group": "crabapple", "scientific_name": "Malus sp.", "common_name": "Pommier", "subtype_name": "Pommier", "zip_code": null, "ownership": "public", "ownership_raw": "Ville de Saguenay", "city": "Saguenay", "source_dataset": "Inventaire des arbres répertoriés", "source_department": "Ville de Saguenay", "source_last_edit_at": ""}}, {"type": "Feature", "geometry": {"type": "Point", "coordinates": [-71.1776812994, 48.4208704012]}, "properties": {"id": "saguenay-4649", "species_group": "crabapple", "scientific_name": "Malus sp.", "common_name": "Pommier", "subtype_name": "Pommier", "zip_code": null, "ownership": "public", "ownership_raw": "Ville de Saguenay", "city": "Saguenay", "source_dataset": "Inventaire des arbres répertoriés", "source_department": "Ville de Saguenay", "source_last_edit_at": ""}}, {"type": "Feature", "geometry": {"type": "Point", "coordinates": [-71.1846604004, 48.4336026003]}, "properties": {"id": "saguenay-477", "species_group": "crabapple", "scientific_name": "Malus sp.", "common_name": "Pommier", "subtype_name": "Pommier", "zip_code": null, "ownership": "public", "ownership_raw": "Ville de Saguenay", "city": "Saguenay", "source_dataset": "Inventaire des arbres répertoriés", "source_department": "Ville de Saguenay", "source_last_edit_at": ""}}, {"type": "Feature", "geometry": {"type": "Point", "coordinates": [-71.1847665003, 48.4336002997]}, "properties": {"id": "saguenay-478", "species_group": "crabapple", "scientific_name": "Malus sp.", "common_name": "Pommier", "subtype_name": "Pommier", "zip_code": null, "ownership": "public", "ownership_raw": "Ville de Saguenay", "city": "Saguenay", "source_dataset": "Inventaire des arbres répertoriés", "source_department": "Ville de Saguenay", "source_last_edit_at": ""}}, {"type": "Feature", "geometry": {"type": "Point", "coordinates": [-71.1850443002, 48.4336050004]}, "properties": {"id": "saguenay-479", "species_group": "crabapple", "scientific_name": "Malus sp.", "common_name": "Pommier", "subtype_name": "Pommier", "zip_code": null, "ownership": "public", "ownership_raw": "Ville de Saguenay", "city": "Saguenay", "source_dataset": "Inventaire des arbres répertoriés", "source_department": "Ville de Saguenay", "source_last_edit_at": ""}}, {"type": "Feature", "geometry": {"type": "Point", "coordinates": [-71.1852710004, 48.4336022998]}, "properties": {"id": "saguenay-480", "species_group": "crabapple", "scientific_name": "Malus sp.", "common_name": "Pommier", "subtype_name": "Pommier", "zip_code": null, "ownership": "public", "ownership_raw": "Ville de Saguenay", "city": "Saguenay", "source_dataset": "Inventaire des arbres répertoriés", "source_department": "Ville de Saguenay", "source_last_edit_at": ""}}, {"type": "Feature", "geometry": {"type": "Point", "coordinates": [-71.1853630997, 48.4335995001]}, "properties": {"id": "saguenay-481", "species_group": "crabapple", "scientific_name": "Malus sp.", "common_name": "Pommier", "subtype_name": "Pommier", "zip_code": null, "ownership": "public", "ownership_raw": "Ville de Saguenay", "city": "Saguenay", "source_dataset": "Inventaire des arbres répertoriés", "source_department": "Ville de Saguenay", "source_last_edit_at": ""}}, {"type": "Feature", "geometry": {"type": "Point", "coordinates": [-71.1854719997, 48.4336011997]}, "properties": {"id": "saguenay-482", "species_group": "crabapple", "scientific_name": "Malus sp.", "common_name": "Pommier", "subtype_name": "Pommier", "zip_code": null, "ownership": "public", "ownership_raw": "Ville de Saguenay", "city": "Saguenay", "source_dataset": "Inventaire des arbres répertoriés", "source_department": "Ville de Saguenay", "source_last_edit_at": ""}}, {"type": "Feature", "geometry": {"type": "Point", "coordinates": [-71.1856835006, 48.4335973998]}, "properties": {"id": "saguenay-483", "species_group": "crabapple", "scientific_name": "Malus sp.", "common_name": "Pommier", "subtype_name": "Pommier", "zip_code": null, "ownership": "public", "ownership_raw": "Ville de Saguenay", "city": "Saguenay", "source_dataset": "Inventaire des arbres répertoriés", "source_department": "Ville de Saguenay", "source_last_edit_at": ""}}, {"type": "Feature", "geometry": {"type": "Point", "coordinates": [-71.1857794002, 48.4335974003]}, "properties": {"id": "saguenay-484", "species_group": "crabapple", "scientific_name": "Malus sp.", "common_name": "Pommier", "subtype_name": "Pommier", "zip_code": null, "ownership": "public", "ownership_raw": "Ville de Saguenay", "city": "Saguenay", "source_dataset": "Inventaire des arbres répertoriés", "source_department": "Ville de Saguenay", "source_last_edit_at": ""}}, {"type": "Feature", "geometry": {"type": "Point", "coordinates": [-71.1745567386, 48.4066411751]}, "properties": {"id": "saguenay-4842", "species_group": "crabapple", "scientific_name": "Malus sp.", "common_name": "Pommier", "subtype_name": "Pommier", "zip_code": null, "ownership": "public", "ownership_raw": "Ville de Saguenay", "city": "Saguenay", "source_dataset": "Inventaire des arbres répertoriés", "source_department": "Ville de Saguenay", "source_last_edit_at": ""}}, {"type": "Feature", "geometry": {"type": "Point", "coordinates": [-71.1858601004, 48.4335988998]}, "properties": {"id": "saguenay-485", "species_group": "crabapple", "scientific_name": "Malus sp.", "common_name": "Pommier", "subtype_name": "Pommier", "zip_code": null, "ownership": "public", "ownership_raw": "Ville de Saguenay", "city": "Saguenay", "source_dataset": "Inventaire des arbres répertoriés", "source_department": "Ville de Saguenay", "source_last_edit_at": ""}}, {"type": "Feature", "geometry": {"type": "Point", "coordinates": [-71.1859448, 48.4335959999]}, "properties": {"id": "saguenay-486", "species_group": "crabapple", "scientific_name": "Malus sp.", "common_name": "Pommier", "subtype_name": "Pommier", "zip_code": null, "ownership": "public", "ownership_raw": "Ville de Saguenay", "city": "Saguenay", "source_dataset": "Inventaire des arbres répertoriés", "source_department": "Ville de Saguenay", "source_last_edit_at": ""}}, {"type": "Feature", "geometry": {"type": "Point", "coordinates": [-71.1761591007, 48.4209417009]}, "properties": {"id": "saguenay-4900", "species_group": "crabapple", "scientific_name": "Malus sp.", "common_name": "Pommier", "subtype_name": "Pommier", "zip_code": null, "ownership": "public", "ownership_raw": "Ville de Saguenay", "city": "Saguenay", "source_dataset": "Inventaire des arbres répertoriés", "source_department": "Ville de Saguenay", "source_last_edit_at": ""}}, {"type": "Feature", "geometry": {"type": "Point", "coordinates": [-71.1766590297, 48.4203039798]}, "properties": {"id": "saguenay-4936", "species_group": "crabapple", "scientific_name": "Malus sp.", "common_name": "Pommier", "subtype_name": "Pommier", "zip_code": null, "ownership": "public", "ownership_raw": "Ville de Saguenay", "city": "Saguenay", "source_dataset": "Inventaire des arbres répertoriés", "source_department": "Ville de Saguenay", "source_last_edit_at": ""}}, {"type": "Feature", "geometry": {"type": "Point", "coordinates": [-71.1765940267, 48.4203199512]}, "properties": {"id": "saguenay-4937", "species_group": "crabapple", "scientific_name": "Malus sp.", "common_name": "Pommier", "subtype_name": "Pommier", "zip_code": null, "ownership": "public", "ownership_raw": "Ville de Saguenay", "city": "Saguenay", "source_dataset": "Inventaire des arbres répertoriés", "source_department": "Ville de Saguenay", "source_last_edit_at": ""}}, {"type": "Feature", "geometry": {"type": "Point", "coordinates": [-71.1729778006, 48.407662301]}, "properties": {"id": "saguenay-4977", "species_group": "crabapple", "scientific_name": "Malus sp.", "common_name": "Pommier", "subtype_name": "Pommier", "zip_code": null, "ownership": "public", "ownership_raw": "Ville de Saguenay", "city": "Saguenay", "source_dataset": "Inventaire des arbres répertoriés", "source_department": "Ville de Saguenay", "source_last_edit_at": ""}}, {"type": "Feature", "geometry": {"type": "Point", "coordinates": [-71.1845833003, 48.4378485997]}, "properties": {"id": "saguenay-501", "species_group": "crabapple", "scientific_name": "Malus sp.", "common_name": "Pommier", "subtype_name": "Pommier", "zip_code": null, "ownership": "public", "ownership_raw": "Ville de Saguenay", "city": "Saguenay", "source_dataset": "Inventaire des arbres répertoriés", "source_department": "Ville de Saguenay", "source_last_edit_at": ""}}, {"type": "Feature", "geometry": {"type": "Point", "coordinates": [-71.1353587001, 48.4354380005]}, "properties": {"id": "saguenay-51821", "species_group": "crabapple", "scientific_name": "Malus sp.", "common_name": "Pommier", "subtype_name": "Pommier", "zip_code": null, "ownership": "public", "ownership_raw": "Ville de Saguenay", "city": "Saguenay", "source_dataset": "Inventaire des arbres répertoriés", "source_department": "Ville de Saguenay", "source_last_edit_at": ""}}, {"type": "Feature", "geometry": {"type": "Point", "coordinates": [-71.1362208995, 48.4344606011]}, "properties": {"id": "saguenay-51824", "species_group": "crabapple", "scientific_name": "Malus sp.", "common_name": "Pommier", "subtype_name": "Pommier", "zip_code": null, "ownership": "public", "ownership_raw": "Ville de Saguenay", "city": "Saguenay", "source_dataset": "Inventaire des arbres répertoriés", "source_department": "Ville de Saguenay", "source_last_edit_at": ""}}, {"type": "Feature", "geometry": {"type": "Point", "coordinates": [-71.1362993007, 48.4343660009]}, "properties": {"id": "saguenay-51825", "species_group": "crabapple", "scientific_name": "Malus sp.", "common_name": "Pommier", "subtype_name": "Pommier", "zip_code": null, "ownership": "public", "ownership_raw": "Ville de Saguenay", "city": "Saguenay", "source_dataset": "Inventaire des arbres répertoriés", "source_department": "Ville de Saguenay", "source_last_edit_at": ""}}, {"type": "Feature", "geometry": {"type": "Point", "coordinates": [-71.1342797002, 48.4366741009]}, "properties": {"id": "saguenay-51834", "species_group": "crabapple", "scientific_name": "Malus sp.", "common_name": "Pommier", "subtype_name": "Pommier", "zip_code": null, "ownership": "public", "ownership_raw": "Ville de Saguenay", "city": "Saguenay", "source_dataset": "Inventaire des arbres répertoriés", "source_department": "Ville de Saguenay", "source_last_edit_at": ""}}, {"type": "Feature", "geometry": {"type": "Point", "coordinates": [-71.1345751995, 48.4363170008]}, "properties": {"id": "saguenay-51840", "species_group": "crabapple", "scientific_name": "Malus sp.", "common_name": "Pommier", "subtype_name": "Pommier", "zip_code": null, "ownership": "public", "ownership_raw": "Ville de Saguenay", "city": "Saguenay", "source_dataset": "Inventaire des arbres répertoriés", "source_department": "Ville de Saguenay", "source_last_edit_at": ""}}, {"type": "Feature", "geometry": {"type": "Point", "coordinates": [-71.1310084002, 48.4379949007]}, "properties": {"id": "saguenay-51856", "species_group": "plum", "scientific_name": "Prunus domestica", "common_name": "Prunier Commun", "subtype_name": "European Plum", "zip_code": null, "ownership": "public", "ownership_raw": "Ville de Saguenay", "city": "Saguenay", "source_dataset": "Inventaire des arbres répertoriés", "source_department": "Ville de Saguenay", "source_last_edit_at": ""}}, {"type": "Feature", "geometry": {"type": "Point", "coordinates": [-71.1310392001, 48.4380010005]}, "properties": {"id": "saguenay-51858", "species_group": "plum", "scientific_name": "Prunus domestica", "common_name": "Prunier Commun", "subtype_name": "European Plum", "zip_code": null, "ownership": "public", "ownership_raw": "Ville de Saguenay", "city": "Saguenay", "source_dataset": "Inventaire des arbres répertoriés", "source_department": "Ville de Saguenay", "source_last_edit_at": ""}}, {"type": "Feature", "geometry": {"type": "Point", "coordinates": [-71.1321164007, 48.4384403009]}, "properties": {"id": "saguenay-51873", "species_group": "crabapple", "scientific_name": "Malus sp.", "common_name": "Pommier", "subtype_name": "Pommier", "zip_code": null, "ownership": "public", "ownership_raw": "Ville de Saguenay", "city": "Saguenay", "source_dataset": "Inventaire des arbres répertoriés", "source_department": "Ville de Saguenay", "source_last_edit_at": ""}}, {"type": "Feature", "geometry": {"type": "Point", "coordinates": [-71.1321122993, 48.4383895009]}, "properties": {"id": "saguenay-51874", "species_group": "crabapple", "scientific_name": "Malus sp.", "common_name": "Pommier", "subtype_name": "Pommier", "zip_code": null, "ownership": "public", "ownership_raw": "Ville de Saguenay", "city": "Saguenay", "source_dataset": "Inventaire des arbres répertoriés", "source_department": "Ville de Saguenay", "source_last_edit_at": ""}}, {"type": "Feature", "geometry": {"type": "Point", "coordinates": [-71.1358368003, 48.432167201]}, "properties": {"id": "saguenay-51907", "species_group": "crabapple", "scientific_name": "Malus sp.", "common_name": "Pommier", "subtype_name": "Pommier", "zip_code": null, "ownership": "public", "ownership_raw": "Ville de Saguenay", "city": "Saguenay", "source_dataset": "Inventaire des arbres répertoriés", "source_department": "Ville de Saguenay", "source_last_edit_at": ""}}, {"type": "Feature", "geometry": {"type": "Point", "coordinates": [-71.1356775997, 48.4316177013]}, "properties": {"id": "saguenay-51998", "species_group": "crabapple", "scientific_name": "Malus baccata", "common_name": "Pommier De Siberie", "subtype_name": "Pommier De Siberie", "zip_code": null, "ownership": "public", "ownership_raw": "Ville de Saguenay", "city": "Saguenay", "source_dataset": "Inventaire des arbres répertoriés", "source_department": "Ville de Saguenay", "source_last_edit_at": ""}}, {"type": "Feature", "geometry": {"type": "Point", "coordinates": [-71.1358074005, 48.4316421005]}, "properties": {"id": "saguenay-51999", "species_group": "crabapple", "scientific_name": "Malus baccata", "common_name": "Pommier De Siberie", "subtype_name": "Pommier De Siberie", "zip_code": null, "ownership": "public", "ownership_raw": "Ville de Saguenay", "city": "Saguenay", "source_dataset": "Inventaire des arbres répertoriés", "source_department": "Ville de Saguenay", "source_last_edit_at": ""}}, {"type": "Feature", "geometry": {"type": "Point", "coordinates": [-71.1860188995, 48.4378205003]}, "properties": {"id": "saguenay-520", "species_group": "crabapple", "scientific_name": "Malus sp.", "common_name": "Pommier", "subtype_name": "Pommier", "zip_code": null, "ownership": "public", "ownership_raw": "Ville de Saguenay", "city": "Saguenay", "source_dataset": "Inventaire des arbres répertoriés", "source_department": "Ville de Saguenay", "source_last_edit_at": ""}}, {"type": "Feature", "geometry": {"type": "Point", "coordinates": [-71.1366370004, 48.4352905008]}, "properties": {"id": "saguenay-52013", "species_group": "crabapple", "scientific_name": "Malus sp.", "common_name": "Pommier", "subtype_name": "Pommier", "zip_code": null, "ownership": "public", "ownership_raw": "Ville de Saguenay", "city": "Saguenay", "source_dataset": "Inventaire des arbres répertoriés", "source_department": "Ville de Saguenay", "source_last_edit_at": ""}}, {"type": "Feature", "geometry": {"type": "Point", "coordinates": [-71.1388536997, 48.4334284013]}, "properties": {"id": "saguenay-52053", "species_group": "crabapple", "scientific_name": "Malus sp.", "common_name": "Pommier", "subtype_name": "Pommier", "zip_code": null, "ownership": "public", "ownership_raw": "Ville de Saguenay", "city": "Saguenay", "source_dataset": "Inventaire des arbres répertoriés", "source_department": "Ville de Saguenay", "source_last_edit_at": ""}}, {"type": "Feature", "geometry": {"type": "Point", "coordinates": [-71.1386231994, 48.4337151013]}, "properties": {"id": "saguenay-52056", "species_group": "crabapple", "scientific_name": "Malus sp.", "common_name": "Pommier", "subtype_name": "Pommier", "zip_code": null, "ownership": "public", "ownership_raw": "Ville de Saguenay", "city": "Saguenay", "source_dataset": "Inventaire des arbres répertoriés", "source_department": "Ville de Saguenay", "source_last_edit_at": ""}}, {"type": "Feature", "geometry": {"type": "Point", "coordinates": [-71.1859883996, 48.4377681004]}, "properties": {"id": "saguenay-521", "species_group": "crabapple", "scientific_name": "Malus sp.", "common_name": "Pommier", "subtype_name": "Pommier", "zip_code": null, "ownership": "public", "ownership_raw": "Ville de Saguenay", "city": "Saguenay", "source_dataset": "Inventaire des arbres répertoriés", "source_department": "Ville de Saguenay", "source_last_edit_at": ""}}, {"type": "Feature", "geometry": {"type": "Point", "coordinates": [-71.1390027005, 48.4339341008]}, "properties": {"id": "saguenay-52299", "species_group": "crabapple", "scientific_name": "Malus sp.", "common_name": "Pommier", "subtype_name": "Pommier", "zip_code": null, "ownership": "public", "ownership_raw": "Ville de Saguenay", "city": "Saguenay", "source_dataset": "Inventaire des arbres répertoriés", "source_department": "Ville de Saguenay", "source_last_edit_at": ""}}, {"type": "Feature", "geometry": {"type": "Point", "coordinates": [-71.1434321996, 48.4339191014]}, "properties": {"id": "saguenay-52309", "species_group": "crabapple", "scientific_name": "Malus sp.", "common_name": "Pommier", "subtype_name": "Pommier", "zip_code": null, "ownership": "public", "ownership_raw": "Ville de Saguenay", "city": "Saguenay", "source_dataset": "Inventaire des arbres répertoriés", "source_department": "Ville de Saguenay", "source_last_edit_at": ""}}, {"type": "Feature", "geometry": {"type": "Point", "coordinates": [-71.1099531002, 48.433635301]}, "properties": {"id": "saguenay-52314", "species_group": "crabapple", "scientific_name": "Malus sp.", "common_name": "Pommier", "subtype_name": "Pommier", "zip_code": null, "ownership": "public", "ownership_raw": "Ville de Saguenay", "city": "Saguenay", "source_dataset": "Inventaire des arbres répertoriés", "source_department": "Ville de Saguenay", "source_last_edit_at": ""}}, {"type": "Feature", "geometry": {"type": "Point", "coordinates": [-71.1128903005, 48.4327939013]}, "properties": {"id": "saguenay-52337", "species_group": "crabapple", "scientific_name": "Malus sp.", "common_name": "Pommier", "subtype_name": "Pommier", "zip_code": null, "ownership": "public", "ownership_raw": "Ville de Saguenay", "city": "Saguenay", "source_dataset": "Inventaire des arbres répertoriés", "source_department": "Ville de Saguenay", "source_last_edit_at": ""}}, {"type": "Feature", "geometry": {"type": "Point", "coordinates": [-71.1128552995, 48.4327627009]}, "properties": {"id": "saguenay-52338", "species_group": "crabapple", "scientific_name": "Malus sp.", "common_name": "Pommier", "subtype_name": "Pommier", "zip_code": null, "ownership": "public", "ownership_raw": "Ville de Saguenay", "city": "Saguenay", "source_dataset": "Inventaire des arbres répertoriés", "source_department": "Ville de Saguenay", "source_last_edit_at": ""}}, {"type": "Feature", "geometry": {"type": "Point", "coordinates": [-71.1128213006, 48.4327593006]}, "properties": {"id": "saguenay-52339", "species_group": "crabapple", "scientific_name": "Malus sp.", "common_name": "Pommier", "subtype_name": "Pommier", "zip_code": null, "ownership": "public", "ownership_raw": "Ville de Saguenay", "city": "Saguenay", "source_dataset": "Inventaire des arbres répertoriés", "source_department": "Ville de Saguenay", "source_last_edit_at": ""}}, {"type": "Feature", "geometry": {"type": "Point", "coordinates": [-71.1123405, 48.4341002006]}, "properties": {"id": "saguenay-52342", "species_group": "crabapple", "scientific_name": "Malus sp.", "common_name": "Pommier", "subtype_name": "Pommier", "zip_code": null, "ownership": "public", "ownership_raw": "Ville de Saguenay", "city": "Saguenay", "source_dataset": "Inventaire des arbres répertoriés", "source_department": "Ville de Saguenay", "source_last_edit_at": ""}}, {"type": "Feature", "geometry": {"type": "Point", "coordinates": [-71.1111094006, 48.4339984013]}, "properties": {"id": "saguenay-52345", "species_group": "crabapple", "scientific_name": "Malus sp.", "common_name": "Pommier", "subtype_name": "Pommier", "zip_code": null, "ownership": "public", "ownership_raw": "Ville de Saguenay", "city": "Saguenay", "source_dataset": "Inventaire des arbres répertoriés", "source_department": "Ville de Saguenay", "source_last_edit_at": ""}}, {"type": "Feature", "geometry": {"type": "Point", "coordinates": [-71.1159878006, 48.4326587005]}, "properties": {"id": "saguenay-52448", "species_group": "crabapple", "scientific_name": "Malus sp.", "common_name": "Pommier", "subtype_name": "Pommier", "zip_code": null, "ownership": "public", "ownership_raw": "Ville de Saguenay", "city": "Saguenay", "source_dataset": "Inventaire des arbres répertoriés", "source_department": "Ville de Saguenay", "source_last_edit_at": ""}}, {"type": "Feature", "geometry": {"type": "Point", "coordinates": [-71.1160776997, 48.4341429009]}, "properties": {"id": "saguenay-52453", "species_group": "crabapple", "scientific_name": "Malus sp.", "common_name": "Pommier", "subtype_name": "Pommier", "zip_code": null, "ownership": "public", "ownership_raw": "Ville de Saguenay", "city": "Saguenay", "source_dataset": "Inventaire des arbres répertoriés", "source_department": "Ville de Saguenay", "source_last_edit_at": ""}}, {"type": "Feature", "geometry": {"type": "Point", "coordinates": [-71.1160834006, 48.4342016012]}, "properties": {"id": "saguenay-52454", "species_group": "crabapple", "scientific_name": "Malus sp.", "common_name": "Pommier", "subtype_name": "Pommier", "zip_code": null, "ownership": "public", "ownership_raw": "Ville de Saguenay", "city": "Saguenay", "source_dataset": "Inventaire des arbres répertoriés", "source_department": "Ville de Saguenay", "source_last_edit_at": ""}}, {"type": "Feature", "geometry": {"type": "Point", "coordinates": [-71.1156393006, 48.4340693011]}, "properties": {"id": "saguenay-52457", "species_group": "crabapple", "scientific_name": "Malus sp.", "common_name": "Pommier", "subtype_name": "Pommier", "zip_code": null, "ownership": "public", "ownership_raw": "Ville de Saguenay", "city": "Saguenay", "source_dataset": "Inventaire des arbres répertoriés", "source_department": "Ville de Saguenay", "source_last_edit_at": ""}}, {"type": "Feature", "geometry": {"type": "Point", "coordinates": [-71.1813733003, 48.4102755012]}, "properties": {"id": "saguenay-5255", "species_group": "crabapple", "scientific_name": "Malus sp.", "common_name": "Pommier", "subtype_name": "Pommier", "zip_code": null, "ownership": "public", "ownership_raw": "Ville de Saguenay", "city": "Saguenay", "source_dataset": "Inventaire des arbres répertoriés", "source_department": "Ville de Saguenay", "source_last_edit_at": ""}}, {"type": "Feature", "geometry": {"type": "Point", "coordinates": [-71.0898048994, 48.4311055007]}, "properties": {"id": "saguenay-52560", "species_group": "crabapple", "scientific_name": "Malus sp.", "common_name": "Pommier", "subtype_name": "Pommier", "zip_code": null, "ownership": "public", "ownership_raw": "Ville de Saguenay", "city": "Saguenay", "source_dataset": "Inventaire des arbres répertoriés", "source_department": "Ville de Saguenay", "source_last_edit_at": ""}}, {"type": "Feature", "geometry": {"type": "Point", "coordinates": [-71.0901020007, 48.4308220009]}, "properties": {"id": "saguenay-52562", "species_group": "crabapple", "scientific_name": "Malus sp.", "common_name": "Pommier", "subtype_name": "Pommier", "zip_code": null, "ownership": "public", "ownership_raw": "Ville de Saguenay", "city": "Saguenay", "source_dataset": "Inventaire des arbres répertoriés", "source_department": "Ville de Saguenay", "source_last_edit_at": ""}}, {"type": "Feature", "geometry": {"type": "Point", "coordinates": [-71.0927737004, 48.4340599012]}, "properties": {"id": "saguenay-52595", "species_group": "crabapple", "scientific_name": "Malus sp.", "common_name": "Pommier", "subtype_name": "Pommier", "zip_code": null, "ownership": "public", "ownership_raw": "Ville de Saguenay", "city": "Saguenay", "source_dataset": "Inventaire des arbres répertoriés", "source_department": "Ville de Saguenay", "source_last_edit_at": ""}}, {"type": "Feature", "geometry": {"type": "Point", "coordinates": [-71.1698484994, 48.4217168009]}, "properties": {"id": "saguenay-5264", "species_group": "crabapple", "scientific_name": "Malus sp.", "common_name": "Pommier", "subtype_name": "Pommier", "zip_code": null, "ownership": "public", "ownership_raw": "Ville de Saguenay", "city": "Saguenay", "source_dataset": "Inventaire des arbres répertoriés", "source_department": "Ville de Saguenay", "source_last_edit_at": ""}}, {"type": "Feature", "geometry": {"type": "Point", "coordinates": [-71.1697963995, 48.4216035013]}, "properties": {"id": "saguenay-5265", "species_group": "crabapple", "scientific_name": "Malus sp.", "common_name": "Pommier", "subtype_name": "Pommier", "zip_code": null, "ownership": "public", "ownership_raw": "Ville de Saguenay", "city": "Saguenay", "source_dataset": "Inventaire des arbres répertoriés", "source_department": "Ville de Saguenay", "source_last_edit_at": ""}}, {"type": "Feature", "geometry": {"type": "Point", "coordinates": [-71.0956593005, 48.4301614008]}, "properties": {"id": "saguenay-52719", "species_group": "crabapple", "scientific_name": "Malus sp.", "common_name": "Pommier", "subtype_name": "Pommier", "zip_code": null, "ownership": "public", "ownership_raw": "Ville de Saguenay", "city": "Saguenay", "source_dataset": "Inventaire des arbres répertoriés", "source_department": "Ville de Saguenay", "source_last_edit_at": ""}}, {"type": "Feature", "geometry": {"type": "Point", "coordinates": [-71.0956346994, 48.4302447007]}, "properties": {"id": "saguenay-52720", "species_group": "crabapple", "scientific_name": "Malus sp.", "common_name": "Pommier", "subtype_name": "Pommier", "zip_code": null, "ownership": "public", "ownership_raw": "Ville de Saguenay", "city": "Saguenay", "source_dataset": "Inventaire des arbres répertoriés", "source_department": "Ville de Saguenay", "source_last_edit_at": ""}}, {"type": "Feature", "geometry": {"type": "Point", "coordinates": [-71.0958351, 48.4288230005]}, "properties": {"id": "saguenay-52787", "species_group": "crabapple", "scientific_name": "Malus sp.", "common_name": "Pommier", "subtype_name": "Pommier", "zip_code": null, "ownership": "public", "ownership_raw": "Ville de Saguenay", "city": "Saguenay", "source_dataset": "Inventaire des arbres répertoriés", "source_department": "Ville de Saguenay", "source_last_edit_at": ""}}, {"type": "Feature", "geometry": {"type": "Point", "coordinates": [-71.0957579002, 48.4286649012]}, "properties": {"id": "saguenay-52788", "species_group": "crabapple", "scientific_name": "Malus sp.", "common_name": "Pommier", "subtype_name": "Pommier", "zip_code": null, "ownership": "public", "ownership_raw": "Ville de Saguenay", "city": "Saguenay", "source_dataset": "Inventaire des arbres répertoriés", "source_department": "Ville de Saguenay", "source_last_edit_at": ""}}, {"type": "Feature", "geometry": {"type": "Point", "coordinates": [-71.0946281003, 48.4277665011]}, "properties": {"id": "saguenay-52849", "species_group": "crabapple", "scientific_name": "Malus sp.", "common_name": "Pommier", "subtype_name": "Pommier", "zip_code": null, "ownership": "public", "ownership_raw": "Ville de Saguenay", "city": "Saguenay", "source_dataset": "Inventaire des arbres répertoriés", "source_department": "Ville de Saguenay", "source_last_edit_at": ""}}, {"type": "Feature", "geometry": {"type": "Point", "coordinates": [-71.0918912997, 48.4265267013]}, "properties": {"id": "saguenay-52870", "species_group": "crabapple", "scientific_name": "Malus sp.", "common_name": "Pommier", "subtype_name": "Pommier", "zip_code": null, "ownership": "public", "ownership_raw": "Ville de Saguenay", "city": "Saguenay", "source_dataset": "Inventaire des arbres répertoriés", "source_department": "Ville de Saguenay", "source_last_edit_at": ""}}, {"type": "Feature", "geometry": {"type": "Point", "coordinates": [-71.0914603004, 48.4263064009]}, "properties": {"id": "saguenay-52871", "species_group": "crabapple", "scientific_name": "Malus sp.", "common_name": "Pommier", "subtype_name": "Pommier", "zip_code": null, "ownership": "public", "ownership_raw": "Ville de Saguenay", "city": "Saguenay", "source_dataset": "Inventaire des arbres répertoriés", "source_department": "Ville de Saguenay", "source_last_edit_at": ""}}, {"type": "Feature", "geometry": {"type": "Point", "coordinates": [-71.0910759005, 48.426136701]}, "properties": {"id": "saguenay-52872", "species_group": "crabapple", "scientific_name": "Malus sp.", "common_name": "Pommier", "subtype_name": "Pommier", "zip_code": null, "ownership": "public", "ownership_raw": "Ville de Saguenay", "city": "Saguenay", "source_dataset": "Inventaire des arbres répertoriés", "source_department": "Ville de Saguenay", "source_last_edit_at": ""}}, {"type": "Feature", "geometry": {"type": "Point", "coordinates": [-71.0910009995, 48.4261088009]}, "properties": {"id": "saguenay-52873", "species_group": "crabapple", "scientific_name": "Malus sp.", "common_name": "Pommier", "subtype_name": "Pommier", "zip_code": null, "ownership": "public", "ownership_raw": "Ville de Saguenay", "city": "Saguenay", "source_dataset": "Inventaire des arbres répertoriés", "source_department": "Ville de Saguenay", "source_last_edit_at": ""}}, {"type": "Feature", "geometry": {"type": "Point", "coordinates": [-71.1855114007, 48.4373080002]}, "properties": {"id": "saguenay-529", "species_group": "crabapple", "scientific_name": "Malus sp.", "common_name": "Pommier", "subtype_name": "Pommier", "zip_code": null, "ownership": "public", "ownership_raw": "Ville de Saguenay", "city": "Saguenay", "source_dataset": "Inventaire des arbres répertoriés", "source_department": "Ville de Saguenay", "source_last_edit_at": ""}}, {"type": "Feature", "geometry": {"type": "Point", "coordinates": [-71.1854239066, 48.4372487157]}, "properties": {"id": "saguenay-530", "species_group": "crabapple", "scientific_name": "Malus sp.", "common_name": "Pommier", "subtype_name": "Pommier", "zip_code": null, "ownership": "public", "ownership_raw": "Ville de Saguenay", "city": "Saguenay", "source_dataset": "Inventaire des arbres répertoriés", "source_department": "Ville de Saguenay", "source_last_edit_at": ""}}, {"type": "Feature", "geometry": {"type": "Point", "coordinates": [-71.1001057002, 48.4231715006]}, "properties": {"id": "saguenay-53015", "species_group": "crabapple", "scientific_name": "Malus sp.", "common_name": "Pommier", "subtype_name": "Pommier", "zip_code": null, "ownership": "public", "ownership_raw": "Ville de Saguenay", "city": "Saguenay", "source_dataset": "Inventaire des arbres répertoriés", "source_department": "Ville de Saguenay", "source_last_edit_at": ""}}, {"type": "Feature", "geometry": {"type": "Point", "coordinates": [-71.1774508006, 48.4198034009]}, "properties": {"id": "saguenay-5304", "species_group": "crabapple", "scientific_name": "Malus sp.", "common_name": "Pommier", "subtype_name": "Pommier", "zip_code": null, "ownership": "public", "ownership_raw": "Ville de Saguenay", "city": "Saguenay", "source_dataset": "Inventaire des arbres répertoriés", "source_department": "Ville de Saguenay", "source_last_edit_at": ""}}, {"type": "Feature", "geometry": {"type": "Point", "coordinates": [-71.0900453998, 48.4269216012]}, "properties": {"id": "saguenay-53048", "species_group": "crabapple", "scientific_name": "Malus sp.", "common_name": "Pommier", "subtype_name": "Pommier", "zip_code": null, "ownership": "public", "ownership_raw": "Ville de Saguenay", "city": "Saguenay", "source_dataset": "Inventaire des arbres répertoriés", "source_department": "Ville de Saguenay", "source_last_edit_at": ""}}, {"type": "Feature", "geometry": {"type": "Point", "coordinates": [-71.1773764002, 48.4196754006]}, "properties": {"id": "saguenay-5305", "species_group": "crabapple", "scientific_name": "Malus sp.", "common_name": "Pommier", "subtype_name": "Pommier", "zip_code": null, "ownership": "public", "ownership_raw": "Ville de Saguenay", "city": "Saguenay", "source_dataset": "Inventaire des arbres répertoriés", "source_department": "Ville de Saguenay", "source_last_edit_at": ""}}, {"type": "Feature", "geometry": {"type": "Point", "coordinates": [-71.0904310003, 48.4266532005]}, "properties": {"id": "saguenay-53050", "species_group": "crabapple", "scientific_name": "Malus sp.", "common_name": "Pommier", "subtype_name": "Pommier", "zip_code": null, "ownership": "public", "ownership_raw": "Ville de Saguenay", "city": "Saguenay", "source_dataset": "Inventaire des arbres répertoriés", "source_department": "Ville de Saguenay", "source_last_edit_at": ""}}, {"type": "Feature", "geometry": {"type": "Point", "coordinates": [-71.0873434, 48.4252502009]}, "properties": {"id": "saguenay-53070", "species_group": "crabapple", "scientific_name": "Malus sp.", "common_name": "Pommier", "subtype_name": "Pommier", "zip_code": null, "ownership": "public", "ownership_raw": "Ville de Saguenay", "city": "Saguenay", "source_dataset": "Inventaire des arbres répertoriés", "source_department": "Ville de Saguenay", "source_last_edit_at": ""}}, {"type": "Feature", "geometry": {"type": "Point", "coordinates": [-71.0865588997, 48.4240640007]}, "properties": {"id": "saguenay-53078", "species_group": "crabapple", "scientific_name": "Malus sp.", "common_name": "Pommier", "subtype_name": "Pommier", "zip_code": null, "ownership": "public", "ownership_raw": "Ville de Saguenay", "city": "Saguenay", "source_dataset": "Inventaire des arbres répertoriés", "source_department": "Ville de Saguenay", "source_last_edit_at": ""}}, {"type": "Feature", "geometry": {"type": "Point", "coordinates": [-71.0912794046, 48.4257310436]}, "properties": {"id": "saguenay-53080", "species_group": "crabapple", "scientific_name": "Malus sp.", "common_name": "Pommier", "subtype_name": "Pommier", "zip_code": null, "ownership": "public", "ownership_raw": "Ville de Saguenay", "city": "Saguenay", "source_dataset": "Inventaire des arbres répertoriés", "source_department": "Ville de Saguenay", "source_last_edit_at": ""}}, {"type": "Feature", "geometry": {"type": "Point", "coordinates": [-71.0907727003, 48.4246533009]}, "properties": {"id": "saguenay-53117", "species_group": "crabapple", "scientific_name": "Malus sp.", "common_name": "Pommier", "subtype_name": "Pommier", "zip_code": null, "ownership": "public", "ownership_raw": "Ville de Saguenay", "city": "Saguenay", "source_dataset": "Inventaire des arbres répertoriés", "source_department": "Ville de Saguenay", "source_last_edit_at": ""}}, {"type": "Feature", "geometry": {"type": "Point", "coordinates": [-71.0901116995, 48.4252761008]}, "properties": {"id": "saguenay-53120", "species_group": "crabapple", "scientific_name": "Malus sp.", "common_name": "Pommier", "subtype_name": "Pommier", "zip_code": null, "ownership": "public", "ownership_raw": "Ville de Saguenay", "city": "Saguenay", "source_dataset": "Inventaire des arbres répertoriés", "source_department": "Ville de Saguenay", "source_last_edit_at": ""}}, {"type": "Feature", "geometry": {"type": "Point", "coordinates": [-71.0900387, 48.4253376011]}, "properties": {"id": "saguenay-53161", "species_group": "crabapple", "scientific_name": "Malus sp.", "common_name": "Pommier", "subtype_name": "Pommier", "zip_code": null, "ownership": "public", "ownership_raw": "Ville de Saguenay", "city": "Saguenay", "source_dataset": "Inventaire des arbres répertoriés", "source_department": "Ville de Saguenay", "source_last_edit_at": ""}}, {"type": "Feature", "geometry": {"type": "Point", "coordinates": [-71.0879284999, 48.4264585008]}, "properties": {"id": "saguenay-53163", "species_group": "crabapple", "scientific_name": "Malus sp.", "common_name": "Pommier", "subtype_name": "Pommier", "zip_code": null, "ownership": "public", "ownership_raw": "Ville de Saguenay", "city": "Saguenay", "source_dataset": "Inventaire des arbres répertoriés", "source_department": "Ville de Saguenay", "source_last_edit_at": ""}}, {"type": "Feature", "geometry": {"type": "Point", "coordinates": [-71.0850015994, 48.4266707012]}, "properties": {"id": "saguenay-53205", "species_group": "crabapple", "scientific_name": "Malus sp.", "common_name": "Pommier", "subtype_name": "Pommier", "zip_code": null, "ownership": "public", "ownership_raw": "Ville de Saguenay", "city": "Saguenay", "source_dataset": "Inventaire des arbres répertoriés", "source_department": "Ville de Saguenay", "source_last_edit_at": ""}}, {"type": "Feature", "geometry": {"type": "Point", "coordinates": [-71.1035889, 48.4227361011]}, "properties": {"id": "saguenay-53209", "species_group": "crabapple", "scientific_name": "Malus sp.", "common_name": "Pommier", "subtype_name": "Pommier", "zip_code": null, "ownership": "public", "ownership_raw": "Ville de Saguenay", "city": "Saguenay", "source_dataset": "Inventaire des arbres répertoriés", "source_department": "Ville de Saguenay", "source_last_edit_at": ""}}, {"type": "Feature", "geometry": {"type": "Point", "coordinates": [-71.1031830999, 48.422685801]}, "properties": {"id": "saguenay-53211", "species_group": "crabapple", "scientific_name": "Malus sp.", "common_name": "Pommier", "subtype_name": "Pommier", "zip_code": null, "ownership": "public", "ownership_raw": "Ville de Saguenay", "city": "Saguenay", "source_dataset": "Inventaire des arbres répertoriés", "source_department": "Ville de Saguenay", "source_last_edit_at": ""}}, {"type": "Feature", "geometry": {"type": "Point", "coordinates": [-71.1058012001, 48.4231985006]}, "properties": {"id": "saguenay-53251", "species_group": "crabapple", "scientific_name": "Malus sp.", "common_name": "Pommier", "subtype_name": "Pommier", "zip_code": null, "ownership": "public", "ownership_raw": "Ville de Saguenay", "city": "Saguenay", "source_dataset": "Inventaire des arbres répertoriés", "source_department": "Ville de Saguenay", "source_last_edit_at": ""}}, {"type": "Feature", "geometry": {"type": "Point", "coordinates": [-71.1055010002, 48.4217894009]}, "properties": {"id": "saguenay-53265", "species_group": "crabapple", "scientific_name": "Malus sp.", "common_name": "Pommier", "subtype_name": "Pommier", "zip_code": null, "ownership": "public", "ownership_raw": "Ville de Saguenay", "city": "Saguenay", "source_dataset": "Inventaire des arbres répertoriés", "source_department": "Ville de Saguenay", "source_last_edit_at": ""}}, {"type": "Feature", "geometry": {"type": "Point", "coordinates": [-71.0993717995, 48.4187168011]}, "properties": {"id": "saguenay-53268", "species_group": "crabapple", "scientific_name": "Malus sp.", "common_name": "Pommier", "subtype_name": "Pommier", "zip_code": null, "ownership": "public", "ownership_raw": "Ville de Saguenay", "city": "Saguenay", "source_dataset": "Inventaire des arbres répertoriés", "source_department": "Ville de Saguenay", "source_last_edit_at": ""}}, {"type": "Feature", "geometry": {"type": "Point", "coordinates": [-71.1739683001, 48.4183666009]}, "properties": {"id": "saguenay-5331", "species_group": "crabapple", "scientific_name": "Malus sp.", "common_name": "Pommier", "subtype_name": "Pommier", "zip_code": null, "ownership": "public", "ownership_raw": "Ville de Saguenay", "city": "Saguenay", "source_dataset": "Inventaire des arbres répertoriés", "source_department": "Ville de Saguenay", "source_last_edit_at": ""}}, {"type": "Feature", "geometry": {"type": "Point", "coordinates": [-71.1740774002, 48.4184173008]}, "properties": {"id": "saguenay-5332", "species_group": "crabapple", "scientific_name": "Malus sp.", "common_name": "Pommier", "subtype_name": "Pommier", "zip_code": null, "ownership": "public", "ownership_raw": "Ville de Saguenay", "city": "Saguenay", "source_dataset": "Inventaire des arbres répertoriés", "source_department": "Ville de Saguenay", "source_last_edit_at": ""}}, {"type": "Feature", "geometry": {"type": "Point", "coordinates": [-71.0879669001, 48.4225618012]}, "properties": {"id": "saguenay-53408", "species_group": "crabapple", "scientific_name": "Malus sp.", "common_name": "Pommier", "subtype_name": "Pommier", "zip_code": null, "ownership": "public", "ownership_raw": "Ville de Saguenay", "city": "Saguenay", "source_dataset": "Inventaire des arbres répertoriés", "source_department": "Ville de Saguenay", "source_last_edit_at": ""}}, {"type": "Feature", "geometry": {"type": "Point", "coordinates": [-71.0876747002, 48.4235250012]}, "properties": {"id": "saguenay-53413", "species_group": "crabapple", "scientific_name": "Malus sp.", "common_name": "Pommier", "subtype_name": "Pommier", "zip_code": null, "ownership": "public", "ownership_raw": "Ville de Saguenay", "city": "Saguenay", "source_dataset": "Inventaire des arbres répertoriés", "source_department": "Ville de Saguenay", "source_last_edit_at": ""}}, {"type": "Feature", "geometry": {"type": "Point", "coordinates": [-71.1745487367, 48.4178547149]}, "properties": {"id": "saguenay-5345", "species_group": "crabapple", "scientific_name": "Malus sp.", "common_name": "Pommier", "subtype_name": "Pommier", "zip_code": null, "ownership": "public", "ownership_raw": "Ville de Saguenay", "city": "Saguenay", "source_dataset": "Inventaire des arbres répertoriés", "source_department": "Ville de Saguenay", "source_last_edit_at": ""}}, {"type": "Feature", "geometry": {"type": "Point", "coordinates": [-71.0830593998, 48.4249604012]}, "properties": {"id": "saguenay-53454", "species_group": "crabapple", "scientific_name": "Malus sp.", "common_name": "Pommier", "subtype_name": "Pommier", "zip_code": null, "ownership": "public", "ownership_raw": "Ville de Saguenay", "city": "Saguenay", "source_dataset": "Inventaire des arbres répertoriés", "source_department": "Ville de Saguenay", "source_last_edit_at": ""}}, {"type": "Feature", "geometry": {"type": "Point", "coordinates": [-71.0805159997, 48.4257914008]}, "properties": {"id": "saguenay-53505", "species_group": "crabapple", "scientific_name": "Malus sp.", "common_name": "Pommier", "subtype_name": "Pommier", "zip_code": null, "ownership": "public", "ownership_raw": "Ville de Saguenay", "city": "Saguenay", "source_dataset": "Inventaire des arbres répertoriés", "source_department": "Ville de Saguenay", "source_last_edit_at": ""}}, {"type": "Feature", "geometry": {"type": "Point", "coordinates": [-71.1084617003, 48.4148816008]}, "properties": {"id": "saguenay-53610", "species_group": "crabapple", "scientific_name": "Malus sp.", "common_name": "Pommier", "subtype_name": "Pommier", "zip_code": null, "ownership": "public", "ownership_raw": "Ville de Saguenay", "city": "Saguenay", "source_dataset": "Inventaire des arbres répertoriés", "source_department": "Ville de Saguenay", "source_last_edit_at": ""}}, {"type": "Feature", "geometry": {"type": "Point", "coordinates": [-71.1166956994, 48.413082101]}, "properties": {"id": "saguenay-53624", "species_group": "crabapple", "scientific_name": "Malus sp.", "common_name": "Pommier", "subtype_name": "Pommier", "zip_code": null, "ownership": "public", "ownership_raw": "Ville de Saguenay", "city": "Saguenay", "source_dataset": "Inventaire des arbres répertoriés", "source_department": "Ville de Saguenay", "source_last_edit_at": ""}}, {"type": "Feature", "geometry": {"type": "Point", "coordinates": [-71.0986439996, 48.420861801]}, "properties": {"id": "saguenay-53643", "species_group": "crabapple", "scientific_name": "Malus sp.", "common_name": "Pommier", "subtype_name": "Pommier", "zip_code": null, "ownership": "public", "ownership_raw": "Ville de Saguenay", "city": "Saguenay", "source_dataset": "Inventaire des arbres répertoriés", "source_department": "Ville de Saguenay", "source_last_edit_at": ""}}, {"type": "Feature", "geometry": {"type": "Point", "coordinates": [-71.0986885996, 48.4208062009]}, "properties": {"id": "saguenay-53650", "species_group": "crabapple", "scientific_name": "Malus sp.", "common_name": "Pommier", "subtype_name": "Pommier", "zip_code": null, "ownership": "public", "ownership_raw": "Ville de Saguenay", "city": "Saguenay", "source_dataset": "Inventaire des arbres répertoriés", "source_department": "Ville de Saguenay", "source_last_edit_at": ""}}, {"type": "Feature", "geometry": {"type": "Point", "coordinates": [-71.1003646994, 48.4191128008]}, "properties": {"id": "saguenay-53656", "species_group": "crabapple", "scientific_name": "Malus sp.", "common_name": "Pommier", "subtype_name": "Pommier", "zip_code": null, "ownership": "public", "ownership_raw": "Ville de Saguenay", "city": "Saguenay", "source_dataset": "Inventaire des arbres répertoriés", "source_department": "Ville de Saguenay", "source_last_edit_at": ""}}, {"type": "Feature", "geometry": {"type": "Point", "coordinates": [-71.1004463996, 48.418271401]}, "properties": {"id": "saguenay-53659", "species_group": "crabapple", "scientific_name": "Malus sp.", "common_name": "Pommier", "subtype_name": "Pommier", "zip_code": null, "ownership": "public", "ownership_raw": "Ville de Saguenay", "city": "Saguenay", "source_dataset": "Inventaire des arbres répertoriés", "source_department": "Ville de Saguenay", "source_last_edit_at": ""}}, {"type": "Feature", "geometry": {"type": "Point", "coordinates": [-71.0937467006, 48.4213431012]}, "properties": {"id": "saguenay-53681", "species_group": "crabapple", "scientific_name": "Malus sp.", "common_name": "Pommier", "subtype_name": "Pommier", "zip_code": null, "ownership": "public", "ownership_raw": "Ville de Saguenay", "city": "Saguenay", "source_dataset": "Inventaire des arbres répertoriés", "source_department": "Ville de Saguenay", "source_last_edit_at": ""}}, {"type": "Feature", "geometry": {"type": "Point", "coordinates": [-71.1051923, 48.4134973008]}, "properties": {"id": "saguenay-53697", "species_group": "crabapple", "scientific_name": "Malus sp.", "common_name": "Pommier", "subtype_name": "Pommier", "zip_code": null, "ownership": "public", "ownership_raw": "Ville de Saguenay", "city": "Saguenay", "source_dataset": "Inventaire des arbres répertoriés", "source_department": "Ville de Saguenay", "source_last_edit_at": ""}}, {"type": "Feature", "geometry": {"type": "Point", "coordinates": [-71.1139791999, 48.4116498011]}, "properties": {"id": "saguenay-53726", "species_group": "crabapple", "scientific_name": "Malus sp.", "common_name": "Pommier", "subtype_name": "Pommier", "zip_code": null, "ownership": "public", "ownership_raw": "Ville de Saguenay", "city": "Saguenay", "source_dataset": "Inventaire des arbres répertoriés", "source_department": "Ville de Saguenay", "source_last_edit_at": ""}}, {"type": "Feature", "geometry": {"type": "Point", "coordinates": [-71.1179281998, 48.412220801]}, "properties": {"id": "saguenay-53748", "species_group": "crabapple", "scientific_name": "Malus sp.", "common_name": "Pommier", "subtype_name": "Pommier", "zip_code": null, "ownership": "public", "ownership_raw": "Ville de Saguenay", "city": "Saguenay", "source_dataset": "Inventaire des arbres répertoriés", "source_department": "Ville de Saguenay", "source_last_edit_at": ""}}, {"type": "Feature", "geometry": {"type": "Point", "coordinates": [-71.1179787, 48.4120288014]}, "properties": {"id": "saguenay-53760", "species_group": "crabapple", "scientific_name": "Malus sp.", "common_name": "Pommier", "subtype_name": "Pommier", "zip_code": null, "ownership": "public", "ownership_raw": "Ville de Saguenay", "city": "Saguenay", "source_dataset": "Inventaire des arbres répertoriés", "source_department": "Ville de Saguenay", "source_last_edit_at": ""}}, {"type": "Feature", "geometry": {"type": "Point", "coordinates": [-71.1160578001, 48.4116544005]}, "properties": {"id": "saguenay-53791", "species_group": "crabapple", "scientific_name": "Malus sp.", "common_name": "Pommier", "subtype_name": "Pommier", "zip_code": null, "ownership": "public", "ownership_raw": "Ville de Saguenay", "city": "Saguenay", "source_dataset": "Inventaire des arbres répertoriés", "source_department": "Ville de Saguenay", "source_last_edit_at": ""}}, {"type": "Feature", "geometry": {"type": "Point", "coordinates": [-71.1172469994, 48.4116341011]}, "properties": {"id": "saguenay-53792", "species_group": "crabapple", "scientific_name": "Malus sp.", "common_name": "Pommier", "subtype_name": "Pommier", "zip_code": null, "ownership": "public", "ownership_raw": "Ville de Saguenay", "city": "Saguenay", "source_dataset": "Inventaire des arbres répertoriés", "source_department": "Ville de Saguenay", "source_last_edit_at": ""}}, {"type": "Feature", "geometry": {"type": "Point", "coordinates": [-71.1173335996, 48.4116379006]}, "properties": {"id": "saguenay-53793", "species_group": "crabapple", "scientific_name": "Malus sp.", "common_name": "Pommier", "subtype_name": "Pommier", "zip_code": null, "ownership": "public", "ownership_raw": "Ville de Saguenay", "city": "Saguenay", "source_dataset": "Inventaire des arbres répertoriés", "source_department": "Ville de Saguenay", "source_last_edit_at": ""}}, {"type": "Feature", "geometry": {"type": "Point", "coordinates": [-71.1175328001, 48.4116370007]}, "properties": {"id": "saguenay-53794", "species_group": "crabapple", "scientific_name": "Malus sp.", "common_name": "Pommier", "subtype_name": "Pommier", "zip_code": null, "ownership": "public", "ownership_raw": "Ville de Saguenay", "city": "Saguenay", "source_dataset": "Inventaire des arbres répertoriés", "source_department": "Ville de Saguenay", "source_last_edit_at": ""}}, {"type": "Feature", "geometry": {"type": "Point", "coordinates": [-71.1745278796, 48.41712532]}, "properties": {"id": "saguenay-5384", "species_group": "crabapple", "scientific_name": "Malus sp.", "common_name": "Pommier", "subtype_name": "Pommier", "zip_code": null, "ownership": "public", "ownership_raw": "Ville de Saguenay", "city": "Saguenay", "source_dataset": "Inventaire des arbres répertoriés", "source_department": "Ville de Saguenay", "source_last_edit_at": ""}}, {"type": "Feature", "geometry": {"type": "Point", "coordinates": [-71.1741761004, 48.417054701]}, "properties": {"id": "saguenay-5386", "species_group": "crabapple", "scientific_name": "Malus sp.", "common_name": "Pommier", "subtype_name": "Pommier", "zip_code": null, "ownership": "public", "ownership_raw": "Ville de Saguenay", "city": "Saguenay", "source_dataset": "Inventaire des arbres répertoriés", "source_department": "Ville de Saguenay", "source_last_edit_at": ""}}, {"type": "Feature", "geometry": {"type": "Point", "coordinates": [-71.1330489994, 48.4006898006]}, "properties": {"id": "saguenay-53868", "species_group": "crabapple", "scientific_name": "Malus sp.", "common_name": "Pommier", "subtype_name": "Pommier", "zip_code": null, "ownership": "public", "ownership_raw": "Ville de Saguenay", "city": "Saguenay", "source_dataset": "Inventaire des arbres répertoriés", "source_department": "Ville de Saguenay", "source_last_edit_at": ""}}, {"type": "Feature", "geometry": {"type": "Point", "coordinates": [-71.1335934997, 48.4017859012]}, "properties": {"id": "saguenay-53869", "species_group": "crabapple", "scientific_name": "Malus sp.", "common_name": "Pommier", "subtype_name": "Pommier", "zip_code": null, "ownership": "public", "ownership_raw": "Ville de Saguenay", "city": "Saguenay", "source_dataset": "Inventaire des arbres répertoriés", "source_department": "Ville de Saguenay", "source_last_edit_at": ""}}, {"type": "Feature", "geometry": {"type": "Point", "coordinates": [-71.1363603547, 48.3987367545]}, "properties": {"id": "saguenay-53895", "species_group": "crabapple", "scientific_name": "Malus sp.", "common_name": "Pommier", "subtype_name": "Pommier", "zip_code": null, "ownership": "public", "ownership_raw": "Ville de Saguenay", "city": "Saguenay", "source_dataset": "Inventaire des arbres répertoriés", "source_department": "Ville de Saguenay", "source_last_edit_at": ""}}, {"type": "Feature", "geometry": {"type": "Point", "coordinates": [-71.1353941996, 48.3987983007]}, "properties": {"id": "saguenay-53896", "species_group": "crabapple", "scientific_name": "Malus sp.", "common_name": "Pommier", "subtype_name": "Pommier", "zip_code": null, "ownership": "public", "ownership_raw": "Ville de Saguenay", "city": "Saguenay", "source_dataset": "Inventaire des arbres répertoriés", "source_department": "Ville de Saguenay", "source_last_edit_at": ""}}, {"type": "Feature", "geometry": {"type": "Point", "coordinates": [-71.1350740006, 48.3988631007]}, "properties": {"id": "saguenay-53897", "species_group": "crabapple", "scientific_name": "Malus sp.", "common_name": "Pommier", "subtype_name": "Pommier", "zip_code": null, "ownership": "public", "ownership_raw": "Ville de Saguenay", "city": "Saguenay", "source_dataset": "Inventaire des arbres répertoriés", "source_department": "Ville de Saguenay", "source_last_edit_at": ""}}, {"type": "Feature", "geometry": {"type": "Point", "coordinates": [-71.1730096093, 48.4173048121]}, "properties": {"id": "saguenay-5392", "species_group": "crabapple", "scientific_name": "Malus sp.", "common_name": "Pommier", "subtype_name": "Pommier", "zip_code": null, "ownership": "public", "ownership_raw": "Ville de Saguenay", "city": "Saguenay", "source_dataset": "Inventaire des arbres répertoriés", "source_department": "Ville de Saguenay", "source_last_edit_at": ""}}, {"type": "Feature", "geometry": {"type": "Point", "coordinates": [-71.1017504004, 48.4062879007]}, "properties": {"id": "saguenay-53926", "species_group": "crabapple", "scientific_name": "Malus sp.", "common_name": "Pommier", "subtype_name": "Pommier", "zip_code": null, "ownership": "public", "ownership_raw": "Ville de Saguenay", "city": "Saguenay", "source_dataset": "Inventaire des arbres répertoriés", "source_department": "Ville de Saguenay", "source_last_edit_at": ""}}, {"type": "Feature", "geometry": {"type": "Point", "coordinates": [-71.0996500996, 48.408851301]}, "properties": {"id": "saguenay-53930", "species_group": "crabapple", "scientific_name": "Malus sp.", "common_name": "Pommier", "subtype_name": "Pommier", "zip_code": null, "ownership": "public", "ownership_raw": "Ville de Saguenay", "city": "Saguenay", "source_dataset": "Inventaire des arbres répertoriés", "source_department": "Ville de Saguenay", "source_last_edit_at": ""}}, {"type": "Feature", "geometry": {"type": "Point", "coordinates": [-71.1009528998, 48.4088709011]}, "properties": {"id": "saguenay-53931", "species_group": "crabapple", "scientific_name": "Malus sp.", "common_name": "Pommier", "subtype_name": "Pommier", "zip_code": null, "ownership": "public", "ownership_raw": "Ville de Saguenay", "city": "Saguenay", "source_dataset": "Inventaire des arbres répertoriés", "source_department": "Ville de Saguenay", "source_last_edit_at": ""}}, {"type": "Feature", "geometry": {"type": "Point", "coordinates": [-71.1009647999, 48.4088630008]}, "properties": {"id": "saguenay-53932", "species_group": "crabapple", "scientific_name": "Malus sp.", "common_name": "Pommier", "subtype_name": "Pommier", "zip_code": null, "ownership": "public", "ownership_raw": "Ville de Saguenay", "city": "Saguenay", "source_dataset": "Inventaire des arbres répertoriés", "source_department": "Ville de Saguenay", "source_last_edit_at": ""}}, {"type": "Feature", "geometry": {"type": "Point", "coordinates": [-71.1010609003, 48.4088080011]}, "properties": {"id": "saguenay-53933", "species_group": "crabapple", "scientific_name": "Malus sp.", "common_name": "Pommier", "subtype_name": "Pommier", "zip_code": null, "ownership": "public", "ownership_raw": "Ville de Saguenay", "city": "Saguenay", "source_dataset": "Inventaire des arbres répertoriés", "source_department": "Ville de Saguenay", "source_last_edit_at": ""}}, {"type": "Feature", "geometry": {"type": "Point", "coordinates": [-71.1018639006, 48.4074748013]}, "properties": {"id": "saguenay-53961", "species_group": "crabapple", "scientific_name": "Malus sp.", "common_name": "Pommier", "subtype_name": "Pommier", "zip_code": null, "ownership": "public", "ownership_raw": "Ville de Saguenay", "city": "Saguenay", "source_dataset": "Inventaire des arbres répertoriés", "source_department": "Ville de Saguenay", "source_last_edit_at": ""}}, {"type": "Feature", "geometry": {"type": "Point", "coordinates": [-71.1018673006, 48.4073942008]}, "properties": {"id": "saguenay-53962", "species_group": "crabapple", "scientific_name": "Malus sp.", "common_name": "Pommier", "subtype_name": "Pommier", "zip_code": null, "ownership": "public", "ownership_raw": "Ville de Saguenay", "city": "Saguenay", "source_dataset": "Inventaire des arbres répertoriés", "source_department": "Ville de Saguenay", "source_last_edit_at": ""}}, {"type": "Feature", "geometry": {"type": "Point", "coordinates": [-71.0870138004, 48.4075826006]}, "properties": {"id": "saguenay-54089", "species_group": "crabapple", "scientific_name": "Malus sp.", "common_name": "Pommier", "subtype_name": "Pommier", "zip_code": null, "ownership": "public", "ownership_raw": "Ville de Saguenay", "city": "Saguenay", "source_dataset": "Inventaire des arbres répertoriés", "source_department": "Ville de Saguenay", "source_last_edit_at": ""}}, {"type": "Feature", "geometry": {"type": "Point", "coordinates": [-71.0870595994, 48.4075035012]}, "properties": {"id": "saguenay-54090", "species_group": "crabapple", "scientific_name": "Malus sp.", "common_name": "Pommier", "subtype_name": "Pommier", "zip_code": null, "ownership": "public", "ownership_raw": "Ville de Saguenay", "city": "Saguenay", "source_dataset": "Inventaire des arbres répertoriés", "source_department": "Ville de Saguenay", "source_last_edit_at": ""}}, {"type": "Feature", "geometry": {"type": "Point", "coordinates": [-71.0856819002, 48.4042623006]}, "properties": {"id": "saguenay-54136", "species_group": "crabapple", "scientific_name": "Malus sp.", "common_name": "Pommier", "subtype_name": "Pommier", "zip_code": null, "ownership": "public", "ownership_raw": "Ville de Saguenay", "city": "Saguenay", "source_dataset": "Inventaire des arbres répertoriés", "source_department": "Ville de Saguenay", "source_last_edit_at": ""}}, {"type": "Feature", "geometry": {"type": "Point", "coordinates": [-71.0862368003, 48.4034660006]}, "properties": {"id": "saguenay-54138", "species_group": "crabapple", "scientific_name": "Malus sp.", "common_name": "Pommier", "subtype_name": "Pommier", "zip_code": null, "ownership": "public", "ownership_raw": "Ville de Saguenay", "city": "Saguenay", "source_dataset": "Inventaire des arbres répertoriés", "source_department": "Ville de Saguenay", "source_last_edit_at": ""}}, {"type": "Feature", "geometry": {"type": "Point", "coordinates": [-71.0863103996, 48.4033900012]}, "properties": {"id": "saguenay-54139", "species_group": "crabapple", "scientific_name": "Malus sp.", "common_name": "Pommier", "subtype_name": "Pommier", "zip_code": null, "ownership": "public", "ownership_raw": "Ville de Saguenay", "city": "Saguenay", "source_dataset": "Inventaire des arbres répertoriés", "source_department": "Ville de Saguenay", "source_last_edit_at": ""}}, {"type": "Feature", "geometry": {"type": "Point", "coordinates": [-71.0864090006, 48.4032127009]}, "properties": {"id": "saguenay-54141", "species_group": "crabapple", "scientific_name": "Malus sp.", "common_name": "Pommier", "subtype_name": "Pommier", "zip_code": null, "ownership": "public", "ownership_raw": "Ville de Saguenay", "city": "Saguenay", "source_dataset": "Inventaire des arbres répertoriés", "source_department": "Ville de Saguenay", "source_last_edit_at": ""}}, {"type": "Feature", "geometry": {"type": "Point", "coordinates": [-71.0903367004, 48.4017173007]}, "properties": {"id": "saguenay-54146", "species_group": "crabapple", "scientific_name": "Malus sp.", "common_name": "Pommier", "subtype_name": "Pommier", "zip_code": null, "ownership": "public", "ownership_raw": "Ville de Saguenay", "city": "Saguenay", "source_dataset": "Inventaire des arbres répertoriés", "source_department": "Ville de Saguenay", "source_last_edit_at": ""}}, {"type": "Feature", "geometry": {"type": "Point", "coordinates": [-71.0908848006, 48.4017839013]}, "properties": {"id": "saguenay-54148", "species_group": "crabapple", "scientific_name": "Malus sp.", "common_name": "Pommier", "subtype_name": "Pommier", "zip_code": null, "ownership": "public", "ownership_raw": "Ville de Saguenay", "city": "Saguenay", "source_dataset": "Inventaire des arbres répertoriés", "source_department": "Ville de Saguenay", "source_last_edit_at": ""}}, {"type": "Feature", "geometry": {"type": "Point", "coordinates": [-71.0922983005, 48.4035838008]}, "properties": {"id": "saguenay-54193", "species_group": "crabapple", "scientific_name": "Malus sp.", "common_name": "Pommier", "subtype_name": "Pommier", "zip_code": null, "ownership": "public", "ownership_raw": "Ville de Saguenay", "city": "Saguenay", "source_dataset": "Inventaire des arbres répertoriés", "source_department": "Ville de Saguenay", "source_last_edit_at": ""}}, {"type": "Feature", "geometry": {"type": "Point", "coordinates": [-71.1712269997, 48.417376001]}, "properties": {"id": "saguenay-5421", "species_group": "crabapple", "scientific_name": "Malus sp.", "common_name": "Pommier", "subtype_name": "Pommier", "zip_code": null, "ownership": "public", "ownership_raw": "Ville de Saguenay", "city": "Saguenay", "source_dataset": "Inventaire des arbres répertoriés", "source_department": "Ville de Saguenay", "source_last_edit_at": ""}}, {"type": "Feature", "geometry": {"type": "Point", "coordinates": [-71.0962871004, 48.4082519]}, "properties": {"id": "saguenay-54229", "species_group": "crabapple", "scientific_name": "Malus sp.", "common_name": "Pommier", "subtype_name": "Pommier", "zip_code": null, "ownership": "public", "ownership_raw": "Ville de Saguenay", "city": "Saguenay", "source_dataset": "Inventaire des arbres répertoriés", "source_department": "Ville de Saguenay", "source_last_edit_at": ""}}, {"type": "Feature", "geometry": {"type": "Point", "coordinates": [-71.0989381005, 48.4091244011]}, "properties": {"id": "saguenay-54232", "species_group": "crabapple", "scientific_name": "Malus sp.", "common_name": "Pommier", "subtype_name": "Pommier", "zip_code": null, "ownership": "public", "ownership_raw": "Ville de Saguenay", "city": "Saguenay", "source_dataset": "Inventaire des arbres répertoriés", "source_department": "Ville de Saguenay", "source_last_edit_at": ""}}, {"type": "Feature", "geometry": {"type": "Point", "coordinates": [-71.0989181, 48.4091508006]}, "properties": {"id": "saguenay-54233", "species_group": "crabapple", "scientific_name": "Malus sp.", "common_name": "Pommier", "subtype_name": "Pommier", "zip_code": null, "ownership": "public", "ownership_raw": "Ville de Saguenay", "city": "Saguenay", "source_dataset": "Inventaire des arbres répertoriés", "source_department": "Ville de Saguenay", "source_last_edit_at": ""}}, {"type": "Feature", "geometry": {"type": "Point", "coordinates": [-71.0988906994, 48.4091733012]}, "properties": {"id": "saguenay-54234", "species_group": "crabapple", "scientific_name": "Malus sp.", "common_name": "Pommier", "subtype_name": "Pommier", "zip_code": null, "ownership": "public", "ownership_raw": "Ville de Saguenay", "city": "Saguenay", "source_dataset": "Inventaire des arbres répertoriés", "source_department": "Ville de Saguenay", "source_last_edit_at": ""}}, {"type": "Feature", "geometry": {"type": "Point", "coordinates": [-71.0988661002, 48.4091914009]}, "properties": {"id": "saguenay-54235", "species_group": "crabapple", "scientific_name": "Malus sp.", "common_name": "Pommier", "subtype_name": "Pommier", "zip_code": null, "ownership": "public", "ownership_raw": "Ville de Saguenay", "city": "Saguenay", "source_dataset": "Inventaire des arbres répertoriés", "source_department": "Ville de Saguenay", "source_last_edit_at": ""}}, {"type": "Feature", "geometry": {"type": "Point", "coordinates": [-71.0969582004, 48.4084137011]}, "properties": {"id": "saguenay-54238", "species_group": "crabapple", "scientific_name": "Malus sp.", "common_name": "Pommier", "subtype_name": "Pommier", "zip_code": null, "ownership": "public", "ownership_raw": "Ville de Saguenay", "city": "Saguenay", "source_dataset": "Inventaire des arbres répertoriés", "source_department": "Ville de Saguenay", "source_last_edit_at": ""}}, {"type": "Feature", "geometry": {"type": "Point", "coordinates": [-71.0958179, 48.4086934012]}, "properties": {"id": "saguenay-54274", "species_group": "crabapple", "scientific_name": "Malus sp.", "common_name": "Pommier", "subtype_name": "Pommier", "zip_code": null, "ownership": "public", "ownership_raw": "Ville de Saguenay", "city": "Saguenay", "source_dataset": "Inventaire des arbres répertoriés", "source_department": "Ville de Saguenay", "source_last_edit_at": ""}}, {"type": "Feature", "geometry": {"type": "Point", "coordinates": [-71.0953407001, 48.4088323007]}, "properties": {"id": "saguenay-54275", "species_group": "crabapple", "scientific_name": "Malus sp.", "common_name": "Pommier", "subtype_name": "Pommier", "zip_code": null, "ownership": "public", "ownership_raw": "Ville de Saguenay", "city": "Saguenay", "source_dataset": "Inventaire des arbres répertoriés", "source_department": "Ville de Saguenay", "source_last_edit_at": ""}}, {"type": "Feature", "geometry": {"type": "Point", "coordinates": [-71.0952984002, 48.4088918011]}, "properties": {"id": "saguenay-54276", "species_group": "crabapple", "scientific_name": "Malus sp.", "common_name": "Pommier", "subtype_name": "Pommier", "zip_code": null, "ownership": "public", "ownership_raw": "Ville de Saguenay", "city": "Saguenay", "source_dataset": "Inventaire des arbres répertoriés", "source_department": "Ville de Saguenay", "source_last_edit_at": ""}}, {"type": "Feature", "geometry": {"type": "Point", "coordinates": [-71.0953472999, 48.409317501]}, "properties": {"id": "saguenay-54347", "species_group": "crabapple", "scientific_name": "Malus sp.", "common_name": "Pommier", "subtype_name": "Pommier", "zip_code": null, "ownership": "public", "ownership_raw": "Ville de Saguenay", "city": "Saguenay", "source_dataset": "Inventaire des arbres répertoriés", "source_department": "Ville de Saguenay", "source_last_edit_at": ""}}, {"type": "Feature", "geometry": {"type": "Point", "coordinates": [-71.0956515999, 48.4102056999]}, "properties": {"id": "saguenay-54351", "species_group": "crabapple", "scientific_name": "Malus sp.", "common_name": "Pommier", "subtype_name": "Pommier", "zip_code": null, "ownership": "public", "ownership_raw": "Ville de Saguenay", "city": "Saguenay", "source_dataset": "Inventaire des arbres répertoriés", "source_department": "Ville de Saguenay", "source_last_edit_at": ""}}, {"type": "Feature", "geometry": {"type": "Point", "coordinates": [-71.0910307995, 48.4115494014]}, "properties": {"id": "saguenay-54358", "species_group": "crabapple", "scientific_name": "Malus sp.", "common_name": "Pommier", "subtype_name": "Pommier", "zip_code": null, "ownership": "public", "ownership_raw": "Ville de Saguenay", "city": "Saguenay", "source_dataset": "Inventaire des arbres répertoriés", "source_department": "Ville de Saguenay", "source_last_edit_at": ""}}, {"type": "Feature", "geometry": {"type": "Point", "coordinates": [-71.0977669994, 48.4110785007]}, "properties": {"id": "saguenay-54383", "species_group": "crabapple", "scientific_name": "Malus sp.", "common_name": "Pommier", "subtype_name": "Pommier", "zip_code": null, "ownership": "public", "ownership_raw": "Ville de Saguenay", "city": "Saguenay", "source_dataset": "Inventaire des arbres répertoriés", "source_department": "Ville de Saguenay", "source_last_edit_at": ""}}, {"type": "Feature", "geometry": {"type": "Point", "coordinates": [-71.0977518004, 48.4111040009]}, "properties": {"id": "saguenay-54384", "species_group": "crabapple", "scientific_name": "Malus sp.", "common_name": "Pommier", "subtype_name": "Pommier", "zip_code": null, "ownership": "public", "ownership_raw": "Ville de Saguenay", "city": "Saguenay", "source_dataset": "Inventaire des arbres répertoriés", "source_department": "Ville de Saguenay", "source_last_edit_at": ""}}, {"type": "Feature", "geometry": {"type": "Point", "coordinates": [-71.0976091996, 48.4056739009]}, "properties": {"id": "saguenay-54386", "species_group": "crabapple", "scientific_name": "Malus sp.", "common_name": "Pommier", "subtype_name": "Pommier", "zip_code": null, "ownership": "public", "ownership_raw": "Ville de Saguenay", "city": "Saguenay", "source_dataset": "Inventaire des arbres répertoriés", "source_department": "Ville de Saguenay", "source_last_edit_at": ""}}, {"type": "Feature", "geometry": {"type": "Point", "coordinates": [-71.0975622997, 48.4057208013]}, "properties": {"id": "saguenay-54387", "species_group": "crabapple", "scientific_name": "Malus sp.", "common_name": "Pommier", "subtype_name": "Pommier", "zip_code": null, "ownership": "public", "ownership_raw": "Ville de Saguenay", "city": "Saguenay", "source_dataset": "Inventaire des arbres répertoriés", "source_department": "Ville de Saguenay", "source_last_edit_at": ""}}, {"type": "Feature", "geometry": {"type": "Point", "coordinates": [-71.0935925005, 48.4094517012]}, "properties": {"id": "saguenay-54388", "species_group": "crabapple", "scientific_name": "Malus sp.", "common_name": "Pommier", "subtype_name": "Pommier", "zip_code": null, "ownership": "public", "ownership_raw": "Ville de Saguenay", "city": "Saguenay", "source_dataset": "Inventaire des arbres répertoriés", "source_department": "Ville de Saguenay", "source_last_edit_at": ""}}, {"type": "Feature", "geometry": {"type": "Point", "coordinates": [-71.0935189999, 48.4095072013]}, "properties": {"id": "saguenay-54389", "species_group": "crabapple", "scientific_name": "Malus sp.", "common_name": "Pommier", "subtype_name": "Pommier", "zip_code": null, "ownership": "public", "ownership_raw": "Ville de Saguenay", "city": "Saguenay", "source_dataset": "Inventaire des arbres répertoriés", "source_department": "Ville de Saguenay", "source_last_edit_at": ""}}, {"type": "Feature", "geometry": {"type": "Point", "coordinates": [-71.0920597001, 48.411370901]}, "properties": {"id": "saguenay-54392", "species_group": "crabapple", "scientific_name": "Malus sp.", "common_name": "Pommier", "subtype_name": "Pommier", "zip_code": null, "ownership": "public", "ownership_raw": "Ville de Saguenay", "city": "Saguenay", "source_dataset": "Inventaire des arbres répertoriés", "source_department": "Ville de Saguenay", "source_last_edit_at": ""}}, {"type": "Feature", "geometry": {"type": "Point", "coordinates": [-71.0920381996, 48.411488301]}, "properties": {"id": "saguenay-54393", "species_group": "crabapple", "scientific_name": "Malus sp.", "common_name": "Pommier", "subtype_name": "Pommier", "zip_code": null, "ownership": "public", "ownership_raw": "Ville de Saguenay", "city": "Saguenay", "source_dataset": "Inventaire des arbres répertoriés", "source_department": "Ville de Saguenay", "source_last_edit_at": ""}}, {"type": "Feature", "geometry": {"type": "Point", "coordinates": [-71.0920397005, 48.4115338006]}, "properties": {"id": "saguenay-54394", "species_group": "crabapple", "scientific_name": "Malus sp.", "common_name": "Pommier", "subtype_name": "Pommier", "zip_code": null, "ownership": "public", "ownership_raw": "Ville de Saguenay", "city": "Saguenay", "source_dataset": "Inventaire des arbres répertoriés", "source_department": "Ville de Saguenay", "source_last_edit_at": ""}}, {"type": "Feature", "geometry": {"type": "Point", "coordinates": [-71.0922809007, 48.4114944009]}, "properties": {"id": "saguenay-54396", "species_group": "crabapple", "scientific_name": "Malus sp.", "common_name": "Pommier", "subtype_name": "Pommier", "zip_code": null, "ownership": "public", "ownership_raw": "Ville de Saguenay", "city": "Saguenay", "source_dataset": "Inventaire des arbres répertoriés", "source_department": "Ville de Saguenay", "source_last_edit_at": ""}}, {"type": "Feature", "geometry": {"type": "Point", "coordinates": [-71.1758589002, 48.4172628008]}, "properties": {"id": "saguenay-5440", "species_group": "crabapple", "scientific_name": "Malus sp.", "common_name": "Pommier", "subtype_name": "Pommier", "zip_code": null, "ownership": "public", "ownership_raw": "Ville de Saguenay", "city": "Saguenay", "source_dataset": "Inventaire des arbres répertoriés", "source_department": "Ville de Saguenay", "source_last_edit_at": ""}}, {"type": "Feature", "geometry": {"type": "Point", "coordinates": [-71.0982430004, 48.4099130004]}, "properties": {"id": "saguenay-54405", "species_group": "crabapple", "scientific_name": "Malus sp.", "common_name": "Pommier", "subtype_name": "Pommier", "zip_code": null, "ownership": "public", "ownership_raw": "Ville de Saguenay", "city": "Saguenay", "source_dataset": "Inventaire des arbres répertoriés", "source_department": "Ville de Saguenay", "source_last_edit_at": ""}}, {"type": "Feature", "geometry": {"type": "Point", "coordinates": [-71.0978801996, 48.4104206006]}, "properties": {"id": "saguenay-54406", "species_group": "crabapple", "scientific_name": "Malus sp.", "common_name": "Pommier", "subtype_name": "Pommier", "zip_code": null, "ownership": "public", "ownership_raw": "Ville de Saguenay", "city": "Saguenay", "source_dataset": "Inventaire des arbres répertoriés", "source_department": "Ville de Saguenay", "source_last_edit_at": ""}}, {"type": "Feature", "geometry": {"type": "Point", "coordinates": [-71.0949245004, 48.4115859005]}, "properties": {"id": "saguenay-54408", "species_group": "crabapple", "scientific_name": "Malus sp.", "common_name": "Pommier", "subtype_name": "Pommier", "zip_code": null, "ownership": "public", "ownership_raw": "Ville de Saguenay", "city": "Saguenay", "source_dataset": "Inventaire des arbres répertoriés", "source_department": "Ville de Saguenay", "source_last_edit_at": ""}}, {"type": "Feature", "geometry": {"type": "Point", "coordinates": [-71.0936027, 48.4118046009]}, "properties": {"id": "saguenay-54410", "species_group": "crabapple", "scientific_name": "Malus sp.", "common_name": "Pommier", "subtype_name": "Pommier", "zip_code": null, "ownership": "public", "ownership_raw": "Ville de Saguenay", "city": "Saguenay", "source_dataset": "Inventaire des arbres répertoriés", "source_department": "Ville de Saguenay", "source_last_edit_at": ""}}, {"type": "Feature", "geometry": {"type": "Point", "coordinates": [-71.0930046996, 48.4119064005]}, "properties": {"id": "saguenay-54411", "species_group": "crabapple", "scientific_name": "Malus sp.", "common_name": "Pommier", "subtype_name": "Pommier", "zip_code": null, "ownership": "public", "ownership_raw": "Ville de Saguenay", "city": "Saguenay", "source_dataset": "Inventaire des arbres répertoriés", "source_department": "Ville de Saguenay", "source_last_edit_at": ""}}, {"type": "Feature", "geometry": {"type": "Point", "coordinates": [-71.0796736995, 48.4043317011]}, "properties": {"id": "saguenay-54516", "species_group": "crabapple", "scientific_name": "Malus sp.", "common_name": "Pommier", "subtype_name": "Pommier", "zip_code": null, "ownership": "public", "ownership_raw": "Ville de Saguenay", "city": "Saguenay", "source_dataset": "Inventaire des arbres répertoriés", "source_department": "Ville de Saguenay", "source_last_edit_at": ""}}, {"type": "Feature", "geometry": {"type": "Point", "coordinates": [-71.0805690998, 48.4043575005]}, "properties": {"id": "saguenay-54518", "species_group": "crabapple", "scientific_name": "Malus sp.", "common_name": "Pommier", "subtype_name": "Pommier", "zip_code": null, "ownership": "public", "ownership_raw": "Ville de Saguenay", "city": "Saguenay", "source_dataset": "Inventaire des arbres répertoriés", "source_department": "Ville de Saguenay", "source_last_edit_at": ""}}, {"type": "Feature", "geometry": {"type": "Point", "coordinates": [-71.0823020995, 48.4047754005]}, "properties": {"id": "saguenay-54527", "species_group": "crabapple", "scientific_name": "Malus sp.", "common_name": "Pommier", "subtype_name": "Pommier", "zip_code": null, "ownership": "public", "ownership_raw": "Ville de Saguenay", "city": "Saguenay", "source_dataset": "Inventaire des arbres répertoriés", "source_department": "Ville de Saguenay", "source_last_edit_at": ""}}, {"type": "Feature", "geometry": {"type": "Point", "coordinates": [-71.0822667, 48.4047153007]}, "properties": {"id": "saguenay-54528", "species_group": "crabapple", "scientific_name": "Malus sp.", "common_name": "Pommier", "subtype_name": "Pommier", "zip_code": null, "ownership": "public", "ownership_raw": "Ville de Saguenay", "city": "Saguenay", "source_dataset": "Inventaire des arbres répertoriés", "source_department": "Ville de Saguenay", "source_last_edit_at": ""}}, {"type": "Feature", "geometry": {"type": "Point", "coordinates": [-71.0785266006, 48.4038293008]}, "properties": {"id": "saguenay-54531", "species_group": "crabapple", "scientific_name": "Malus sp.", "common_name": "Pommier", "subtype_name": "Pommier", "zip_code": null, "ownership": "public", "ownership_raw": "Ville de Saguenay", "city": "Saguenay", "source_dataset": "Inventaire des arbres répertoriés", "source_department": "Ville de Saguenay", "source_last_edit_at": ""}}, {"type": "Feature", "geometry": {"type": "Point", "coordinates": [-71.0733785996, 48.4050671013]}, "properties": {"id": "saguenay-54555", "species_group": "crabapple", "scientific_name": "Malus sp.", "common_name": "Pommier", "subtype_name": "Pommier", "zip_code": null, "ownership": "public", "ownership_raw": "Ville de Saguenay", "city": "Saguenay", "source_dataset": "Inventaire des arbres répertoriés", "source_department": "Ville de Saguenay", "source_last_edit_at": ""}}, {"type": "Feature", "geometry": {"type": "Point", "coordinates": [-71.0734742005, 48.4064125012]}, "properties": {"id": "saguenay-54606", "species_group": "crabapple", "scientific_name": "Malus sp.", "common_name": "Pommier", "subtype_name": "Pommier", "zip_code": null, "ownership": "public", "ownership_raw": "Ville de Saguenay", "city": "Saguenay", "source_dataset": "Inventaire des arbres répertoriés", "source_department": "Ville de Saguenay", "source_last_edit_at": ""}}, {"type": "Feature", "geometry": {"type": "Point", "coordinates": [-71.0813496006, 48.3958038011]}, "properties": {"id": "saguenay-54641", "species_group": "crabapple", "scientific_name": "Malus sp.", "common_name": "Pommier", "subtype_name": "Pommier", "zip_code": null, "ownership": "public", "ownership_raw": "Ville de Saguenay", "city": "Saguenay", "source_dataset": "Inventaire des arbres répertoriés", "source_department": "Ville de Saguenay", "source_last_edit_at": ""}}, {"type": "Feature", "geometry": {"type": "Point", "coordinates": [-71.0807766001, 48.3955275011]}, "properties": {"id": "saguenay-54643", "species_group": "crabapple", "scientific_name": "Malus sp.", "common_name": "Pommier", "subtype_name": "Pommier", "zip_code": null, "ownership": "public", "ownership_raw": "Ville de Saguenay", "city": "Saguenay", "source_dataset": "Inventaire des arbres répertoriés", "source_department": "Ville de Saguenay", "source_last_edit_at": ""}}, {"type": "Feature", "geometry": {"type": "Point", "coordinates": [-71.0806397, 48.3954634008]}, "properties": {"id": "saguenay-54644", "species_group": "crabapple", "scientific_name": "Malus sp.", "common_name": "Pommier", "subtype_name": "Pommier", "zip_code": null, "ownership": "public", "ownership_raw": "Ville de Saguenay", "city": "Saguenay", "source_dataset": "Inventaire des arbres répertoriés", "source_department": "Ville de Saguenay", "source_last_edit_at": ""}}, {"type": "Feature", "geometry": {"type": "Point", "coordinates": [-71.0803421006, 48.3953143009]}, "properties": {"id": "saguenay-54646", "species_group": "crabapple", "scientific_name": "Malus sp.", "common_name": "Pommier", "subtype_name": "Pommier", "zip_code": null, "ownership": "public", "ownership_raw": "Ville de Saguenay", "city": "Saguenay", "source_dataset": "Inventaire des arbres répertoriés", "source_department": "Ville de Saguenay", "source_last_edit_at": ""}}, {"type": "Feature", "geometry": {"type": "Point", "coordinates": [-71.0781687994, 48.3943108011]}, "properties": {"id": "saguenay-54654", "species_group": "crabapple", "scientific_name": "Malus sp.", "common_name": "Pommier", "subtype_name": "Pommier", "zip_code": null, "ownership": "public", "ownership_raw": "Ville de Saguenay", "city": "Saguenay", "source_dataset": "Inventaire des arbres répertoriés", "source_department": "Ville de Saguenay", "source_last_edit_at": ""}}, {"type": "Feature", "geometry": {"type": "Point", "coordinates": [-71.0779125998, 48.3942515007]}, "properties": {"id": "saguenay-54656", "species_group": "crabapple", "scientific_name": "Malus sp.", "common_name": "Pommier", "subtype_name": "Pommier", "zip_code": null, "ownership": "public", "ownership_raw": "Ville de Saguenay", "city": "Saguenay", "source_dataset": "Inventaire des arbres répertoriés", "source_department": "Ville de Saguenay", "source_last_edit_at": ""}}, {"type": "Feature", "geometry": {"type": "Point", "coordinates": [-71.0773374997, 48.3941469007]}, "properties": {"id": "saguenay-54659", "species_group": "crabapple", "scientific_name": "Malus sp.", "common_name": "Pommier", "subtype_name": "Pommier", "zip_code": null, "ownership": "public", "ownership_raw": "Ville de Saguenay", "city": "Saguenay", "source_dataset": "Inventaire des arbres répertoriés", "source_department": "Ville de Saguenay", "source_last_edit_at": ""}}, {"type": "Feature", "geometry": {"type": "Point", "coordinates": [-71.0778648001, 48.3944152008]}, "properties": {"id": "saguenay-54664", "species_group": "crabapple", "scientific_name": "Malus sp.", "common_name": "Pommier", "subtype_name": "Pommier", "zip_code": null, "ownership": "public", "ownership_raw": "Ville de Saguenay", "city": "Saguenay", "source_dataset": "Inventaire des arbres répertoriés", "source_department": "Ville de Saguenay", "source_last_edit_at": ""}}, {"type": "Feature", "geometry": {"type": "Point", "coordinates": [-71.0762379997, 48.3958701003]}, "properties": {"id": "saguenay-54681", "species_group": "crabapple", "scientific_name": "Malus sp.", "common_name": "Pommier", "subtype_name": "Pommier", "zip_code": null, "ownership": "public", "ownership_raw": "Ville de Saguenay", "city": "Saguenay", "source_dataset": "Inventaire des arbres répertoriés", "source_department": "Ville de Saguenay", "source_last_edit_at": ""}}, {"type": "Feature", "geometry": {"type": "Point", "coordinates": [-71.0847805994, 48.3953512007]}, "properties": {"id": "saguenay-54711", "species_group": "crabapple", "scientific_name": "Malus sp.", "common_name": "Pommier", "subtype_name": "Pommier", "zip_code": null, "ownership": "public", "ownership_raw": "Ville de Saguenay", "city": "Saguenay", "source_dataset": "Inventaire des arbres répertoriés", "source_department": "Ville de Saguenay", "source_last_edit_at": ""}}, {"type": "Feature", "geometry": {"type": "Point", "coordinates": [-71.0843981998, 48.3952261009]}, "properties": {"id": "saguenay-54713", "species_group": "crabapple", "scientific_name": "Malus sp.", "common_name": "Pommier", "subtype_name": "Pommier", "zip_code": null, "ownership": "public", "ownership_raw": "Ville de Saguenay", "city": "Saguenay", "source_dataset": "Inventaire des arbres répertoriés", "source_department": "Ville de Saguenay", "source_last_edit_at": ""}}, {"type": "Feature", "geometry": {"type": "Point", "coordinates": [-71.0831923001, 48.3950675005]}, "properties": {"id": "saguenay-54716", "species_group": "crabapple", "scientific_name": "Malus sp.", "common_name": "Pommier", "subtype_name": "Pommier", "zip_code": null, "ownership": "public", "ownership_raw": "Ville de Saguenay", "city": "Saguenay", "source_dataset": "Inventaire des arbres répertoriés", "source_department": "Ville de Saguenay", "source_last_edit_at": ""}}, {"type": "Feature", "geometry": {"type": "Point", "coordinates": [-71.0827947006, 48.3951585011]}, "properties": {"id": "saguenay-54718", "species_group": "crabapple", "scientific_name": "Malus sp.", "common_name": "Pommier", "subtype_name": "Pommier", "zip_code": null, "ownership": "public", "ownership_raw": "Ville de Saguenay", "city": "Saguenay", "source_dataset": "Inventaire des arbres répertoriés", "source_department": "Ville de Saguenay", "source_last_edit_at": ""}}, {"type": "Feature", "geometry": {"type": "Point", "coordinates": [-71.0797127994, 48.3962105012]}, "properties": {"id": "saguenay-54752", "species_group": "crabapple", "scientific_name": "Malus sp.", "common_name": "Pommier", "subtype_name": "Pommier", "zip_code": null, "ownership": "public", "ownership_raw": "Ville de Saguenay", "city": "Saguenay", "source_dataset": "Inventaire des arbres répertoriés", "source_department": "Ville de Saguenay", "source_last_edit_at": ""}}, {"type": "Feature", "geometry": {"type": "Point", "coordinates": [-71.0799739998, 48.3962370012]}, "properties": {"id": "saguenay-54778", "species_group": "crabapple", "scientific_name": "Malus sp.", "common_name": "Pommier", "subtype_name": "Pommier", "zip_code": null, "ownership": "public", "ownership_raw": "Ville de Saguenay", "city": "Saguenay", "source_dataset": "Inventaire des arbres répertoriés", "source_department": "Ville de Saguenay", "source_last_edit_at": ""}}, {"type": "Feature", "geometry": {"type": "Point", "coordinates": [-71.0799850998, 48.3961922005]}, "properties": {"id": "saguenay-54779", "species_group": "crabapple", "scientific_name": "Malus sp.", "common_name": "Pommier", "subtype_name": "Pommier", "zip_code": null, "ownership": "public", "ownership_raw": "Ville de Saguenay", "city": "Saguenay", "source_dataset": "Inventaire des arbres répertoriés", "source_department": "Ville de Saguenay", "source_last_edit_at": ""}}, {"type": "Feature", "geometry": {"type": "Point", "coordinates": [-71.0800292007, 48.3962142013]}, "properties": {"id": "saguenay-54780", "species_group": "crabapple", "scientific_name": "Malus sp.", "common_name": "Pommier", "subtype_name": "Pommier", "zip_code": null, "ownership": "public", "ownership_raw": "Ville de Saguenay", "city": "Saguenay", "source_dataset": "Inventaire des arbres répertoriés", "source_department": "Ville de Saguenay", "source_last_edit_at": ""}}, {"type": "Feature", "geometry": {"type": "Point", "coordinates": [-71.0723737995, 48.4070035005]}, "properties": {"id": "saguenay-54788", "species_group": "crabapple", "scientific_name": "Malus sp.", "common_name": "Pommier", "subtype_name": "Pommier", "zip_code": null, "ownership": "public", "ownership_raw": "Ville de Saguenay", "city": "Saguenay", "source_dataset": "Inventaire des arbres répertoriés", "source_department": "Ville de Saguenay", "source_last_edit_at": ""}}, {"type": "Feature", "geometry": {"type": "Point", "coordinates": [-71.0654092005, 48.4034119006]}, "properties": {"id": "saguenay-54934", "species_group": "crabapple", "scientific_name": "Malus sp.", "common_name": "Pommier", "subtype_name": "Pommier", "zip_code": null, "ownership": "public", "ownership_raw": "Ville de Saguenay", "city": "Saguenay", "source_dataset": "Inventaire des arbres répertoriés", "source_department": "Ville de Saguenay", "source_last_edit_at": ""}}, {"type": "Feature", "geometry": {"type": "Point", "coordinates": [-71.0814029004, 48.3949237006]}, "properties": {"id": "saguenay-55049", "species_group": "crabapple", "scientific_name": "Malus sp.", "common_name": "Pommier", "subtype_name": "Pommier", "zip_code": null, "ownership": "public", "ownership_raw": "Ville de Saguenay", "city": "Saguenay", "source_dataset": "Inventaire des arbres répertoriés", "source_department": "Ville de Saguenay", "source_last_edit_at": ""}}, {"type": "Feature", "geometry": {"type": "Point", "coordinates": [-71.0813015999, 48.3949072013]}, "properties": {"id": "saguenay-55050", "species_group": "crabapple", "scientific_name": "Malus sp.", "common_name": "Pommier", "subtype_name": "Pommier", "zip_code": null, "ownership": "public", "ownership_raw": "Ville de Saguenay", "city": "Saguenay", "source_dataset": "Inventaire des arbres répertoriés", "source_department": "Ville de Saguenay", "source_last_edit_at": ""}}, {"type": "Feature", "geometry": {"type": "Point", "coordinates": [-71.0808060005, 48.3946906006]}, "properties": {"id": "saguenay-55051", "species_group": "crabapple", "scientific_name": "Malus sp.", "common_name": "Pommier", "subtype_name": "Pommier", "zip_code": null, "ownership": "public", "ownership_raw": "Ville de Saguenay", "city": "Saguenay", "source_dataset": "Inventaire des arbres répertoriés", "source_department": "Ville de Saguenay", "source_last_edit_at": ""}}, {"type": "Feature", "geometry": {"type": "Point", "coordinates": [-71.0873139999, 48.398665301]}, "properties": {"id": "saguenay-55052", "species_group": "crabapple", "scientific_name": "Malus sp.", "common_name": "Pommier", "subtype_name": "Pommier", "zip_code": null, "ownership": "public", "ownership_raw": "Ville de Saguenay", "city": "Saguenay", "source_dataset": "Inventaire des arbres répertoriés", "source_department": "Ville de Saguenay", "source_last_edit_at": ""}}, {"type": "Feature", "geometry": {"type": "Point", "coordinates": [-71.0871793995, 48.3986336009]}, "properties": {"id": "saguenay-55053", "species_group": "crabapple", "scientific_name": "Malus sp.", "common_name": "Pommier", "subtype_name": "Pommier", "zip_code": null, "ownership": "public", "ownership_raw": "Ville de Saguenay", "city": "Saguenay", "source_dataset": "Inventaire des arbres répertoriés", "source_department": "Ville de Saguenay", "source_last_edit_at": ""}}, {"type": "Feature", "geometry": {"type": "Point", "coordinates": [-71.0857958006, 48.397469901]}, "properties": {"id": "saguenay-55060", "species_group": "crabapple", "scientific_name": "Malus sp.", "common_name": "Pommier", "subtype_name": "Pommier", "zip_code": null, "ownership": "public", "ownership_raw": "Ville de Saguenay", "city": "Saguenay", "source_dataset": "Inventaire des arbres répertoriés", "source_department": "Ville de Saguenay", "source_last_edit_at": ""}}, {"type": "Feature", "geometry": {"type": "Point", "coordinates": [-71.0856299999, 48.3983016013]}, "properties": {"id": "saguenay-55064", "species_group": "crabapple", "scientific_name": "Malus sp.", "common_name": "Pommier", "subtype_name": "Pommier", "zip_code": null, "ownership": "public", "ownership_raw": "Ville de Saguenay", "city": "Saguenay", "source_dataset": "Inventaire des arbres répertoriés", "source_department": "Ville de Saguenay", "source_last_edit_at": ""}}, {"type": "Feature", "geometry": {"type": "Point", "coordinates": [-71.0855858944, 48.3969094252]}, "properties": {"id": "saguenay-55074", "species_group": "crabapple", "scientific_name": "Malus sp.", "common_name": "Pommier", "subtype_name": "Pommier", "zip_code": null, "ownership": "public", "ownership_raw": "Ville de Saguenay", "city": "Saguenay", "source_dataset": "Inventaire des arbres répertoriés", "source_department": "Ville de Saguenay", "source_last_edit_at": ""}}, {"type": "Feature", "geometry": {"type": "Point", "coordinates": [-71.0888210996, 48.3987576014]}, "properties": {"id": "saguenay-55083", "species_group": "crabapple", "scientific_name": "Malus sp.", "common_name": "Pommier", "subtype_name": "Pommier", "zip_code": null, "ownership": "public", "ownership_raw": "Ville de Saguenay", "city": "Saguenay", "source_dataset": "Inventaire des arbres répertoriés", "source_department": "Ville de Saguenay", "source_last_edit_at": ""}}, {"type": "Feature", "geometry": {"type": "Point", "coordinates": [-71.0854428994, 48.3990632014]}, "properties": {"id": "saguenay-55096", "species_group": "crabapple", "scientific_name": "Malus sp.", "common_name": "Pommier", "subtype_name": "Pommier", "zip_code": null, "ownership": "public", "ownership_raw": "Ville de Saguenay", "city": "Saguenay", "source_dataset": "Inventaire des arbres répertoriés", "source_department": "Ville de Saguenay", "source_last_edit_at": ""}}, {"type": "Feature", "geometry": {"type": "Point", "coordinates": [-71.1730074999, 48.4150169005]}, "properties": {"id": "saguenay-5510", "species_group": "crabapple", "scientific_name": "Malus sp.", "common_name": "Pommier", "subtype_name": "Pommier", "zip_code": null, "ownership": "public", "ownership_raw": "Ville de Saguenay", "city": "Saguenay", "source_dataset": "Inventaire des arbres répertoriés", "source_department": "Ville de Saguenay", "source_last_edit_at": ""}}, {"type": "Feature", "geometry": {"type": "Point", "coordinates": [-71.0842038002, 48.3979280007]}, "properties": {"id": "saguenay-55103", "species_group": "crabapple", "scientific_name": "Malus sp.", "common_name": "Pommier", "subtype_name": "Pommier", "zip_code": null, "ownership": "public", "ownership_raw": "Ville de Saguenay", "city": "Saguenay", "source_dataset": "Inventaire des arbres répertoriés", "source_department": "Ville de Saguenay", "source_last_edit_at": ""}}, {"type": "Feature", "geometry": {"type": "Point", "coordinates": [-71.0842396004, 48.3979069009]}, "properties": {"id": "saguenay-55104", "species_group": "crabapple", "scientific_name": "Malus sp.", "common_name": "Pommier", "subtype_name": "Pommier", "zip_code": null, "ownership": "public", "ownership_raw": "Ville de Saguenay", "city": "Saguenay", "source_dataset": "Inventaire des arbres répertoriés", "source_department": "Ville de Saguenay", "source_last_edit_at": ""}}, {"type": "Feature", "geometry": {"type": "Point", "coordinates": [-71.0844129998, 48.3977686013]}, "properties": {"id": "saguenay-55105", "species_group": "crabapple", "scientific_name": "Malus sp.", "common_name": "Pommier", "subtype_name": "Pommier", "zip_code": null, "ownership": "public", "ownership_raw": "Ville de Saguenay", "city": "Saguenay", "source_dataset": "Inventaire des arbres répertoriés", "source_department": "Ville de Saguenay", "source_last_edit_at": ""}}, {"type": "Feature", "geometry": {"type": "Point", "coordinates": [-71.1755503006, 48.4087689007]}, "properties": {"id": "saguenay-5514", "species_group": "crabapple", "scientific_name": "Malus sp.", "common_name": "Pommier", "subtype_name": "Pommier", "zip_code": null, "ownership": "public", "ownership_raw": "Ville de Saguenay", "city": "Saguenay", "source_dataset": "Inventaire des arbres répertoriés", "source_department": "Ville de Saguenay", "source_last_edit_at": ""}}, {"type": "Feature", "geometry": {"type": "Point", "coordinates": [-71.0843582994, 48.3985583013]}, "properties": {"id": "saguenay-55156", "species_group": "crabapple", "scientific_name": "Malus sp.", "common_name": "Pommier", "subtype_name": "Pommier", "zip_code": null, "ownership": "public", "ownership_raw": "Ville de Saguenay", "city": "Saguenay", "source_dataset": "Inventaire des arbres répertoriés", "source_department": "Ville de Saguenay", "source_last_edit_at": ""}}, {"type": "Feature", "geometry": {"type": "Point", "coordinates": [-71.0845567999, 48.3986225006]}, "properties": {"id": "saguenay-55157", "species_group": "crabapple", "scientific_name": "Malus sp.", "common_name": "Pommier", "subtype_name": "Pommier", "zip_code": null, "ownership": "public", "ownership_raw": "Ville de Saguenay", "city": "Saguenay", "source_dataset": "Inventaire des arbres répertoriés", "source_department": "Ville de Saguenay", "source_last_edit_at": ""}}, {"type": "Feature", "geometry": {"type": "Point", "coordinates": [-71.0859849997, 48.3990519011]}, "properties": {"id": "saguenay-55160", "species_group": "crabapple", "scientific_name": "Malus sp.", "common_name": "Pommier", "subtype_name": "Pommier", "zip_code": null, "ownership": "public", "ownership_raw": "Ville de Saguenay", "city": "Saguenay", "source_dataset": "Inventaire des arbres répertoriés", "source_department": "Ville de Saguenay", "source_last_edit_at": ""}}, {"type": "Feature", "geometry": {"type": "Point", "coordinates": [-71.0872961004, 48.3994647005]}, "properties": {"id": "saguenay-55166", "species_group": "crabapple", "scientific_name": "Malus sp.", "common_name": "Pommier", "subtype_name": "Pommier", "zip_code": null, "ownership": "public", "ownership_raw": "Ville de Saguenay", "city": "Saguenay", "source_dataset": "Inventaire des arbres répertoriés", "source_department": "Ville de Saguenay", "source_last_edit_at": ""}}, {"type": "Feature", "geometry": {"type": "Point", "coordinates": [-71.0875477996, 48.3995244005]}, "properties": {"id": "saguenay-55167", "species_group": "crabapple", "scientific_name": "Malus sp.", "common_name": "Pommier", "subtype_name": "Pommier", "zip_code": null, "ownership": "public", "ownership_raw": "Ville de Saguenay", "city": "Saguenay", "source_dataset": "Inventaire des arbres répertoriés", "source_department": "Ville de Saguenay", "source_last_edit_at": ""}}, {"type": "Feature", "geometry": {"type": "Point", "coordinates": [-71.0879689001, 48.399621401]}, "properties": {"id": "saguenay-55169", "species_group": "crabapple", "scientific_name": "Malus sp.", "common_name": "Pommier", "subtype_name": "Pommier", "zip_code": null, "ownership": "public", "ownership_raw": "Ville de Saguenay", "city": "Saguenay", "source_dataset": "Inventaire des arbres répertoriés", "source_department": "Ville de Saguenay", "source_last_edit_at": ""}}, {"type": "Feature", "geometry": {"type": "Point", "coordinates": [-71.0886715, 48.3985816013]}, "properties": {"id": "saguenay-55176", "species_group": "crabapple", "scientific_name": "Malus sp.", "common_name": "Pommier", "subtype_name": "Pommier", "zip_code": null, "ownership": "public", "ownership_raw": "Ville de Saguenay", "city": "Saguenay", "source_dataset": "Inventaire des arbres répertoriés", "source_department": "Ville de Saguenay", "source_last_edit_at": ""}}, {"type": "Feature", "geometry": {"type": "Point", "coordinates": [-71.0679800997, 48.3986949013]}, "properties": {"id": "saguenay-55184", "species_group": "crabapple", "scientific_name": "Malus sp.", "common_name": "Pommier", "subtype_name": "Pommier", "zip_code": null, "ownership": "public", "ownership_raw": "Ville de Saguenay", "city": "Saguenay", "source_dataset": "Inventaire des arbres répertoriés", "source_department": "Ville de Saguenay", "source_last_edit_at": ""}}, {"type": "Feature", "geometry": {"type": "Point", "coordinates": [-71.0680303995, 48.3986788012]}, "properties": {"id": "saguenay-55185", "species_group": "crabapple", "scientific_name": "Malus sp.", "common_name": "Pommier", "subtype_name": "Pommier", "zip_code": null, "ownership": "public", "ownership_raw": "Ville de Saguenay", "city": "Saguenay", "source_dataset": "Inventaire des arbres répertoriés", "source_department": "Ville de Saguenay", "source_last_edit_at": ""}}, {"type": "Feature", "geometry": {"type": "Point", "coordinates": [-71.0686201997, 48.3982753008]}, "properties": {"id": "saguenay-55187", "species_group": "crabapple", "scientific_name": "Malus sp.", "common_name": "Pommier", "subtype_name": "Pommier", "zip_code": null, "ownership": "public", "ownership_raw": "Ville de Saguenay", "city": "Saguenay", "source_dataset": "Inventaire des arbres répertoriés", "source_department": "Ville de Saguenay", "source_last_edit_at": ""}}, {"type": "Feature", "geometry": {"type": "Point", "coordinates": [-71.0689544996, 48.3981313006]}, "properties": {"id": "saguenay-55189", "species_group": "crabapple", "scientific_name": "Malus sp.", "common_name": "Pommier", "subtype_name": "Pommier", "zip_code": null, "ownership": "public", "ownership_raw": "Ville de Saguenay", "city": "Saguenay", "source_dataset": "Inventaire des arbres répertoriés", "source_department": "Ville de Saguenay", "source_last_edit_at": ""}}, {"type": "Feature", "geometry": {"type": "Point", "coordinates": [-71.0690422996, 48.3981052005]}, "properties": {"id": "saguenay-55190", "species_group": "crabapple", "scientific_name": "Malus sp.", "common_name": "Pommier", "subtype_name": "Pommier", "zip_code": null, "ownership": "public", "ownership_raw": "Ville de Saguenay", "city": "Saguenay", "source_dataset": "Inventaire des arbres répertoriés", "source_department": "Ville de Saguenay", "source_last_edit_at": ""}}, {"type": "Feature", "geometry": {"type": "Point", "coordinates": [-71.0697684004, 48.3977481013]}, "properties": {"id": "saguenay-55191", "species_group": "crabapple", "scientific_name": "Malus sp.", "common_name": "Pommier", "subtype_name": "Pommier", "zip_code": null, "ownership": "public", "ownership_raw": "Ville de Saguenay", "city": "Saguenay", "source_dataset": "Inventaire des arbres répertoriés", "source_department": "Ville de Saguenay", "source_last_edit_at": ""}}, {"type": "Feature", "geometry": {"type": "Point", "coordinates": [-71.0699742004, 48.3975956002]}, "properties": {"id": "saguenay-55192", "species_group": "crabapple", "scientific_name": "Malus sp.", "common_name": "Pommier", "subtype_name": "Pommier", "zip_code": null, "ownership": "public", "ownership_raw": "Ville de Saguenay", "city": "Saguenay", "source_dataset": "Inventaire des arbres répertoriés", "source_department": "Ville de Saguenay", "source_last_edit_at": ""}}, {"type": "Feature", "geometry": {"type": "Point", "coordinates": [-71.0702559997, 48.3974085011]}, "properties": {"id": "saguenay-55194", "species_group": "crabapple", "scientific_name": "Malus sp.", "common_name": "Pommier", "subtype_name": "Pommier", "zip_code": null, "ownership": "public", "ownership_raw": "Ville de Saguenay", "city": "Saguenay", "source_dataset": "Inventaire des arbres répertoriés", "source_department": "Ville de Saguenay", "source_last_edit_at": ""}}, {"type": "Feature", "geometry": {"type": "Point", "coordinates": [-71.0648226003, 48.4048923011]}, "properties": {"id": "saguenay-55218", "species_group": "crabapple", "scientific_name": "Malus baccata", "common_name": "Pommier De Siberie", "subtype_name": "Pommier De Siberie", "zip_code": null, "ownership": "public", "ownership_raw": "Ville de Saguenay", "city": "Saguenay", "source_dataset": "Inventaire des arbres répertoriés", "source_department": "Ville de Saguenay", "source_last_edit_at": ""}}, {"type": "Feature", "geometry": {"type": "Point", "coordinates": [-71.0664925005, 48.4038600007]}, "properties": {"id": "saguenay-55248", "species_group": "crabapple", "scientific_name": "Malus sp.", "common_name": "Pommier", "subtype_name": "Pommier", "zip_code": null, "ownership": "public", "ownership_raw": "Ville de Saguenay", "city": "Saguenay", "source_dataset": "Inventaire des arbres répertoriés", "source_department": "Ville de Saguenay", "source_last_edit_at": ""}}, {"type": "Feature", "geometry": {"type": "Point", "coordinates": [-71.0666428997, 48.404095101]}, "properties": {"id": "saguenay-55249", "species_group": "crabapple", "scientific_name": "Malus sp.", "common_name": "Pommier", "subtype_name": "Pommier", "zip_code": null, "ownership": "public", "ownership_raw": "Ville de Saguenay", "city": "Saguenay", "source_dataset": "Inventaire des arbres répertoriés", "source_department": "Ville de Saguenay", "source_last_edit_at": ""}}, {"type": "Feature", "geometry": {"type": "Point", "coordinates": [-71.0669195996, 48.4040139009]}, "properties": {"id": "saguenay-55253", "species_group": "crabapple", "scientific_name": "Malus sp.", "common_name": "Pommier", "subtype_name": "Pommier", "zip_code": null, "ownership": "public", "ownership_raw": "Ville de Saguenay", "city": "Saguenay", "source_dataset": "Inventaire des arbres répertoriés", "source_department": "Ville de Saguenay", "source_last_edit_at": ""}}, {"type": "Feature", "geometry": {"type": "Point", "coordinates": [-71.0675465996, 48.4049146009]}, "properties": {"id": "saguenay-55277", "species_group": "crabapple", "scientific_name": "Malus sp.", "common_name": "Pommier", "subtype_name": "Pommier", "zip_code": null, "ownership": "public", "ownership_raw": "Ville de Saguenay", "city": "Saguenay", "source_dataset": "Inventaire des arbres répertoriés", "source_department": "Ville de Saguenay", "source_last_edit_at": ""}}, {"type": "Feature", "geometry": {"type": "Point", "coordinates": [-71.0670050995, 48.4056530007]}, "properties": {"id": "saguenay-55285", "species_group": "crabapple", "scientific_name": "Malus sp.", "common_name": "Pommier", "subtype_name": "Pommier", "zip_code": null, "ownership": "public", "ownership_raw": "Ville de Saguenay", "city": "Saguenay", "source_dataset": "Inventaire des arbres répertoriés", "source_department": "Ville de Saguenay", "source_last_edit_at": ""}}, {"type": "Feature", "geometry": {"type": "Point", "coordinates": [-71.0669796996, 48.4030205014]}, "properties": {"id": "saguenay-55384", "species_group": "crabapple", "scientific_name": "Malus sp.", "common_name": "Pommier", "subtype_name": "Pommier", "zip_code": null, "ownership": "public", "ownership_raw": "Ville de Saguenay", "city": "Saguenay", "source_dataset": "Inventaire des arbres répertoriés", "source_department": "Ville de Saguenay", "source_last_edit_at": ""}}, {"type": "Feature", "geometry": {"type": "Point", "coordinates": [-71.0863268006, 48.3957084011]}, "properties": {"id": "saguenay-55538", "species_group": "crabapple", "scientific_name": "Malus sp.", "common_name": "Pommier", "subtype_name": "Pommier", "zip_code": null, "ownership": "public", "ownership_raw": "Ville de Saguenay", "city": "Saguenay", "source_dataset": "Inventaire des arbres répertoriés", "source_department": "Ville de Saguenay", "source_last_edit_at": ""}}, {"type": "Feature", "geometry": {"type": "Point", "coordinates": [-71.0900892996, 48.3965412013]}, "properties": {"id": "saguenay-55546", "species_group": "crabapple", "scientific_name": "Malus sp.", "common_name": "Pommier", "subtype_name": "Pommier", "zip_code": null, "ownership": "public", "ownership_raw": "Ville de Saguenay", "city": "Saguenay", "source_dataset": "Inventaire des arbres répertoriés", "source_department": "Ville de Saguenay", "source_last_edit_at": ""}}, {"type": "Feature", "geometry": {"type": "Point", "coordinates": [-71.0958004005, 48.3975393009]}, "properties": {"id": "saguenay-55577", "species_group": "crabapple", "scientific_name": "Malus sp.", "common_name": "Pommier", "subtype_name": "Pommier", "zip_code": null, "ownership": "public", "ownership_raw": "Ville de Saguenay", "city": "Saguenay", "source_dataset": "Inventaire des arbres répertoriés", "source_department": "Ville de Saguenay", "source_last_edit_at": ""}}, {"type": "Feature", "geometry": {"type": "Point", "coordinates": [-71.0935786997, 48.3968350013]}, "properties": {"id": "saguenay-55581", "species_group": "crabapple", "scientific_name": "Malus sp.", "common_name": "Pommier", "subtype_name": "Pommier", "zip_code": null, "ownership": "public", "ownership_raw": "Ville de Saguenay", "city": "Saguenay", "source_dataset": "Inventaire des arbres répertoriés", "source_department": "Ville de Saguenay", "source_last_edit_at": ""}}, {"type": "Feature", "geometry": {"type": "Point", "coordinates": [-71.0874660007, 48.3957193008]}, "properties": {"id": "saguenay-55588", "species_group": "crabapple", "scientific_name": "Malus sp.", "common_name": "Pommier", "subtype_name": "Pommier", "zip_code": null, "ownership": "public", "ownership_raw": "Ville de Saguenay", "city": "Saguenay", "source_dataset": "Inventaire des arbres répertoriés", "source_department": "Ville de Saguenay", "source_last_edit_at": ""}}, {"type": "Feature", "geometry": {"type": "Point", "coordinates": [-71.0863136006, 48.3955482012]}, "properties": {"id": "saguenay-55590", "species_group": "crabapple", "scientific_name": "Malus sp.", "common_name": "Pommier", "subtype_name": "Pommier", "zip_code": null, "ownership": "public", "ownership_raw": "Ville de Saguenay", "city": "Saguenay", "source_dataset": "Inventaire des arbres répertoriés", "source_department": "Ville de Saguenay", "source_last_edit_at": ""}}, {"type": "Feature", "geometry": {"type": "Point", "coordinates": [-71.0855762002, 48.3958510009]}, "properties": {"id": "saguenay-55591", "species_group": "crabapple", "scientific_name": "Malus sp.", "common_name": "Pommier", "subtype_name": "Pommier", "zip_code": null, "ownership": "public", "ownership_raw": "Ville de Saguenay", "city": "Saguenay", "source_dataset": "Inventaire des arbres répertoriés", "source_department": "Ville de Saguenay", "source_last_edit_at": ""}}, {"type": "Feature", "geometry": {"type": "Point", "coordinates": [-71.0945551995, 48.3975751011]}, "properties": {"id": "saguenay-55610", "species_group": "crabapple", "scientific_name": "Malus sp.", "common_name": "Pommier", "subtype_name": "Pommier", "zip_code": null, "ownership": "public", "ownership_raw": "Ville de Saguenay", "city": "Saguenay", "source_dataset": "Inventaire des arbres répertoriés", "source_department": "Ville de Saguenay", "source_last_edit_at": ""}}, {"type": "Feature", "geometry": {"type": "Point", "coordinates": [-71.0943850995, 48.3977373012]}, "properties": {"id": "saguenay-55611", "species_group": "crabapple", "scientific_name": "Malus sp.", "common_name": "Pommier", "subtype_name": "Pommier", "zip_code": null, "ownership": "public", "ownership_raw": "Ville de Saguenay", "city": "Saguenay", "source_dataset": "Inventaire des arbres répertoriés", "source_department": "Ville de Saguenay", "source_last_edit_at": ""}}, {"type": "Feature", "geometry": {"type": "Point", "coordinates": [-71.0942193001, 48.3978842008]}, "properties": {"id": "saguenay-55612", "species_group": "crabapple", "scientific_name": "Malus sp.", "common_name": "Pommier", "subtype_name": "Pommier", "zip_code": null, "ownership": "public", "ownership_raw": "Ville de Saguenay", "city": "Saguenay", "source_dataset": "Inventaire des arbres répertoriés", "source_department": "Ville de Saguenay", "source_last_edit_at": ""}}, {"type": "Feature", "geometry": {"type": "Point", "coordinates": [-71.0913435005, 48.3986592011]}, "properties": {"id": "saguenay-55657", "species_group": "crabapple", "scientific_name": "Malus sp.", "common_name": "Pommier", "subtype_name": "Pommier", "zip_code": null, "ownership": "public", "ownership_raw": "Ville de Saguenay", "city": "Saguenay", "source_dataset": "Inventaire des arbres répertoriés", "source_department": "Ville de Saguenay", "source_last_edit_at": ""}}, {"type": "Feature", "geometry": {"type": "Point", "coordinates": [-71.0839247996, 48.4008282007]}, "properties": {"id": "saguenay-55671", "species_group": "crabapple", "scientific_name": "Malus sp.", "common_name": "Pommier", "subtype_name": "Pommier", "zip_code": null, "ownership": "public", "ownership_raw": "Ville de Saguenay", "city": "Saguenay", "source_dataset": "Inventaire des arbres répertoriés", "source_department": "Ville de Saguenay", "source_last_edit_at": ""}}, {"type": "Feature", "geometry": {"type": "Point", "coordinates": [-71.0839416996, 48.4008227006]}, "properties": {"id": "saguenay-55672", "species_group": "crabapple", "scientific_name": "Malus sp.", "common_name": "Pommier", "subtype_name": "Pommier", "zip_code": null, "ownership": "public", "ownership_raw": "Ville de Saguenay", "city": "Saguenay", "source_dataset": "Inventaire des arbres répertoriés", "source_department": "Ville de Saguenay", "source_last_edit_at": ""}}, {"type": "Feature", "geometry": {"type": "Point", "coordinates": [-71.0835887006, 48.4009194007]}, "properties": {"id": "saguenay-55679", "species_group": "crabapple", "scientific_name": "Malus sp.", "common_name": "Pommier", "subtype_name": "Pommier", "zip_code": null, "ownership": "public", "ownership_raw": "Ville de Saguenay", "city": "Saguenay", "source_dataset": "Inventaire des arbres répertoriés", "source_department": "Ville de Saguenay", "source_last_edit_at": ""}}, {"type": "Feature", "geometry": {"type": "Point", "coordinates": [-71.0829773003, 48.4010930005]}, "properties": {"id": "saguenay-55680", "species_group": "crabapple", "scientific_name": "Malus sp.", "common_name": "Pommier", "subtype_name": "Pommier", "zip_code": null, "ownership": "public", "ownership_raw": "Ville de Saguenay", "city": "Saguenay", "source_dataset": "Inventaire des arbres répertoriés", "source_department": "Ville de Saguenay", "source_last_edit_at": ""}}, {"type": "Feature", "geometry": {"type": "Point", "coordinates": [-71.0818148005, 48.401433801]}, "properties": {"id": "saguenay-55684", "species_group": "crabapple", "scientific_name": "Malus sp.", "common_name": "Pommier", "subtype_name": "Pommier", "zip_code": null, "ownership": "public", "ownership_raw": "Ville de Saguenay", "city": "Saguenay", "source_dataset": "Inventaire des arbres répertoriés", "source_department": "Ville de Saguenay", "source_last_edit_at": ""}}, {"type": "Feature", "geometry": {"type": "Point", "coordinates": [-71.0812719004, 48.4020190005]}, "properties": {"id": "saguenay-55691", "species_group": "crabapple", "scientific_name": "Malus sp.", "common_name": "Pommier", "subtype_name": "Pommier", "zip_code": null, "ownership": "public", "ownership_raw": "Ville de Saguenay", "city": "Saguenay", "source_dataset": "Inventaire des arbres répertoriés", "source_department": "Ville de Saguenay", "source_last_edit_at": ""}}, {"type": "Feature", "geometry": {"type": "Point", "coordinates": [-71.0810996997, 48.4020409008]}, "properties": {"id": "saguenay-55693", "species_group": "crabapple", "scientific_name": "Malus sp.", "common_name": "Pommier", "subtype_name": "Pommier", "zip_code": null, "ownership": "public", "ownership_raw": "Ville de Saguenay", "city": "Saguenay", "source_dataset": "Inventaire des arbres répertoriés", "source_department": "Ville de Saguenay", "source_last_edit_at": ""}}, {"type": "Feature", "geometry": {"type": "Point", "coordinates": [-71.0811410002, 48.4019616006]}, "properties": {"id": "saguenay-55694", "species_group": "crabapple", "scientific_name": "Malus sp.", "common_name": "Pommier", "subtype_name": "Pommier", "zip_code": null, "ownership": "public", "ownership_raw": "Ville de Saguenay", "city": "Saguenay", "source_dataset": "Inventaire des arbres répertoriés", "source_department": "Ville de Saguenay", "source_last_edit_at": ""}}, {"type": "Feature", "geometry": {"type": "Point", "coordinates": [-71.0856717005, 48.4007679009]}, "properties": {"id": "saguenay-55718", "species_group": "crabapple", "scientific_name": "Malus sp.", "common_name": "Pommier", "subtype_name": "Pommier", "zip_code": null, "ownership": "public", "ownership_raw": "Ville de Saguenay", "city": "Saguenay", "source_dataset": "Inventaire des arbres répertoriés", "source_department": "Ville de Saguenay", "source_last_edit_at": ""}}, {"type": "Feature", "geometry": {"type": "Point", "coordinates": [-71.0856529001, 48.4001059007]}, "properties": {"id": "saguenay-55741", "species_group": "crabapple", "scientific_name": "Malus sp.", "common_name": "Pommier", "subtype_name": "Pommier", "zip_code": null, "ownership": "public", "ownership_raw": "Ville de Saguenay", "city": "Saguenay", "source_dataset": "Inventaire des arbres répertoriés", "source_department": "Ville de Saguenay", "source_last_edit_at": ""}}, {"type": "Feature", "geometry": {"type": "Point", "coordinates": [-71.0840339003, 48.3996156011]}, "properties": {"id": "saguenay-55743", "species_group": "crabapple", "scientific_name": "Malus sp.", "common_name": "Pommier", "subtype_name": "Pommier", "zip_code": null, "ownership": "public", "ownership_raw": "Ville de Saguenay", "city": "Saguenay", "source_dataset": "Inventaire des arbres répertoriés", "source_department": "Ville de Saguenay", "source_last_edit_at": ""}}, {"type": "Feature", "geometry": {"type": "Point", "coordinates": [-71.0842676002, 48.4012678007]}, "properties": {"id": "saguenay-55754", "species_group": "crabapple", "scientific_name": "Malus sp.", "common_name": "Pommier", "subtype_name": "Pommier", "zip_code": null, "ownership": "public", "ownership_raw": "Ville de Saguenay", "city": "Saguenay", "source_dataset": "Inventaire des arbres répertoriés", "source_department": "Ville de Saguenay", "source_last_edit_at": ""}}, {"type": "Feature", "geometry": {"type": "Point", "coordinates": [-71.0746283004, 48.3990584005]}, "properties": {"id": "saguenay-55839", "species_group": "crabapple", "scientific_name": "Malus sp.", "common_name": "Pommier", "subtype_name": "Pommier", "zip_code": null, "ownership": "public", "ownership_raw": "Ville de Saguenay", "city": "Saguenay", "source_dataset": "Inventaire des arbres répertoriés", "source_department": "Ville de Saguenay", "source_last_edit_at": ""}}, {"type": "Feature", "geometry": {"type": "Point", "coordinates": [-71.0727807998, 48.4005063013]}, "properties": {"id": "saguenay-55883", "species_group": "crabapple", "scientific_name": "Malus sp.", "common_name": "Pommier", "subtype_name": "Pommier", "zip_code": null, "ownership": "public", "ownership_raw": "Ville de Saguenay", "city": "Saguenay", "source_dataset": "Inventaire des arbres répertoriés", "source_department": "Ville de Saguenay", "source_last_edit_at": ""}}, {"type": "Feature", "geometry": {"type": "Point", "coordinates": [-71.0750772001, 48.4006304009]}, "properties": {"id": "saguenay-55903", "species_group": "crabapple", "scientific_name": "Malus sp.", "common_name": "Pommier", "subtype_name": "Pommier", "zip_code": null, "ownership": "public", "ownership_raw": "Ville de Saguenay", "city": "Saguenay", "source_dataset": "Inventaire des arbres répertoriés", "source_department": "Ville de Saguenay", "source_last_edit_at": ""}}, {"type": "Feature", "geometry": {"type": "Point", "coordinates": [-71.0922592006, 48.4001956005]}, "properties": {"id": "saguenay-55909", "species_group": "crabapple", "scientific_name": "Malus sp.", "common_name": "Pommier", "subtype_name": "Pommier", "zip_code": null, "ownership": "public", "ownership_raw": "Ville de Saguenay", "city": "Saguenay", "source_dataset": "Inventaire des arbres répertoriés", "source_department": "Ville de Saguenay", "source_last_edit_at": ""}}, {"type": "Feature", "geometry": {"type": "Point", "coordinates": [-71.0895253005, 48.4001019998]}, "properties": {"id": "saguenay-55918", "species_group": "crabapple", "scientific_name": "Malus sp.", "common_name": "Pommier", "subtype_name": "Pommier", "zip_code": null, "ownership": "public", "ownership_raw": "Ville de Saguenay", "city": "Saguenay", "source_dataset": "Inventaire des arbres répertoriés", "source_department": "Ville de Saguenay", "source_last_edit_at": ""}}, {"type": "Feature", "geometry": {"type": "Point", "coordinates": [-71.0921343996, 48.4018361013]}, "properties": {"id": "saguenay-55988", "species_group": "crabapple", "scientific_name": "Malus sp.", "common_name": "Pommier", "subtype_name": "Pommier", "zip_code": null, "ownership": "public", "ownership_raw": "Ville de Saguenay", "city": "Saguenay", "source_dataset": "Inventaire des arbres répertoriés", "source_department": "Ville de Saguenay", "source_last_edit_at": ""}}, {"type": "Feature", "geometry": {"type": "Point", "coordinates": [-71.0918573002, 48.3976437011]}, "properties": {"id": "saguenay-55992", "species_group": "crabapple", "scientific_name": "Malus sp.", "common_name": "Pommier", "subtype_name": "Pommier", "zip_code": null, "ownership": "public", "ownership_raw": "Ville de Saguenay", "city": "Saguenay", "source_dataset": "Inventaire des arbres répertoriés", "source_department": "Ville de Saguenay", "source_last_edit_at": ""}}, {"type": "Feature", "geometry": {"type": "Point", "coordinates": [-71.0895765998, 48.3967838009]}, "properties": {"id": "saguenay-55997", "species_group": "crabapple", "scientific_name": "Malus sp.", "common_name": "Pommier", "subtype_name": "Pommier", "zip_code": null, "ownership": "public", "ownership_raw": "Ville de Saguenay", "city": "Saguenay", "source_dataset": "Inventaire des arbres répertoriés", "source_department": "Ville de Saguenay", "source_last_edit_at": ""}}, {"type": "Feature", "geometry": {"type": "Point", "coordinates": [-71.0892971, 48.3967316011]}, "properties": {"id": "saguenay-55998", "species_group": "crabapple", "scientific_name": "Malus sp.", "common_name": "Pommier", "subtype_name": "Pommier", "zip_code": null, "ownership": "public", "ownership_raw": "Ville de Saguenay", "city": "Saguenay", "source_dataset": "Inventaire des arbres répertoriés", "source_department": "Ville de Saguenay", "source_last_edit_at": ""}}, {"type": "Feature", "geometry": {"type": "Point", "coordinates": [-71.0772376003, 48.4002503007]}, "properties": {"id": "saguenay-56106", "species_group": "crabapple", "scientific_name": "Malus sp.", "common_name": "Pommier", "subtype_name": "Pommier", "zip_code": null, "ownership": "public", "ownership_raw": "Ville de Saguenay", "city": "Saguenay", "source_dataset": "Inventaire des arbres répertoriés", "source_department": "Ville de Saguenay", "source_last_edit_at": ""}}, {"type": "Feature", "geometry": {"type": "Point", "coordinates": [-71.0884648997, 48.3966169006]}, "properties": {"id": "saguenay-56109", "species_group": "crabapple", "scientific_name": "Malus sp.", "common_name": "Pommier", "subtype_name": "Pommier", "zip_code": null, "ownership": "public", "ownership_raw": "Ville de Saguenay", "city": "Saguenay", "source_dataset": "Inventaire des arbres répertoriés", "source_department": "Ville de Saguenay", "source_last_edit_at": ""}}, {"type": "Feature", "geometry": {"type": "Point", "coordinates": [-71.1709042002, 48.4150795008]}, "properties": {"id": "saguenay-5611", "species_group": "crabapple", "scientific_name": "Malus sp.", "common_name": "Pommier", "subtype_name": "Pommier", "zip_code": null, "ownership": "public", "ownership_raw": "Ville de Saguenay", "city": "Saguenay", "source_dataset": "Inventaire des arbres répertoriés", "source_department": "Ville de Saguenay", "source_last_edit_at": ""}}, {"type": "Feature", "geometry": {"type": "Point", "coordinates": [-71.0863148995, 48.3962709011]}, "properties": {"id": "saguenay-56113", "species_group": "crabapple", "scientific_name": "Malus sp.", "common_name": "Pommier", "subtype_name": "Pommier", "zip_code": null, "ownership": "public", "ownership_raw": "Ville de Saguenay", "city": "Saguenay", "source_dataset": "Inventaire des arbres répertoriés", "source_department": "Ville de Saguenay", "source_last_edit_at": ""}}, {"type": "Feature", "geometry": {"type": "Point", "coordinates": [-71.0860763005, 48.396235301]}, "properties": {"id": "saguenay-56114", "species_group": "crabapple", "scientific_name": "Malus sp.", "common_name": "Pommier", "subtype_name": "Pommier", "zip_code": null, "ownership": "public", "ownership_raw": "Ville de Saguenay", "city": "Saguenay", "source_dataset": "Inventaire des arbres répertoriés", "source_department": "Ville de Saguenay", "source_last_edit_at": ""}}, {"type": "Feature", "geometry": {"type": "Point", "coordinates": [-71.0857613997, 48.3961786007]}, "properties": {"id": "saguenay-56115", "species_group": "crabapple", "scientific_name": "Malus sp.", "common_name": "Pommier", "subtype_name": "Pommier", "zip_code": null, "ownership": "public", "ownership_raw": "Ville de Saguenay", "city": "Saguenay", "source_dataset": "Inventaire des arbres répertoriés", "source_department": "Ville de Saguenay", "source_last_edit_at": ""}}, {"type": "Feature", "geometry": {"type": "Point", "coordinates": [-71.0838362997, 48.3958963007]}, "properties": {"id": "saguenay-56121", "species_group": "crabapple", "scientific_name": "Malus sp.", "common_name": "Pommier", "subtype_name": "Pommier", "zip_code": null, "ownership": "public", "ownership_raw": "Ville de Saguenay", "city": "Saguenay", "source_dataset": "Inventaire des arbres répertoriés", "source_department": "Ville de Saguenay", "source_last_edit_at": ""}}, {"type": "Feature", "geometry": {"type": "Point", "coordinates": [-71.0837412994, 48.3958824006]}, "properties": {"id": "saguenay-56122", "species_group": "crabapple", "scientific_name": "Malus sp.", "common_name": "Pommier", "subtype_name": "Pommier", "zip_code": null, "ownership": "public", "ownership_raw": "Ville de Saguenay", "city": "Saguenay", "source_dataset": "Inventaire des arbres répertoriés", "source_department": "Ville de Saguenay", "source_last_edit_at": ""}}, {"type": "Feature", "geometry": {"type": "Point", "coordinates": [-71.0819209, 48.3971428012]}, "properties": {"id": "saguenay-56125", "species_group": "crabapple", "scientific_name": "Malus sp.", "common_name": "Pommier", "subtype_name": "Pommier", "zip_code": null, "ownership": "public", "ownership_raw": "Ville de Saguenay", "city": "Saguenay", "source_dataset": "Inventaire des arbres répertoriés", "source_department": "Ville de Saguenay", "source_last_edit_at": ""}}, {"type": "Feature", "geometry": {"type": "Point", "coordinates": [-71.0942021998, 48.3992359005]}, "properties": {"id": "saguenay-56133", "species_group": "crabapple", "scientific_name": "Malus sp.", "common_name": "Pommier", "subtype_name": "Pommier", "zip_code": null, "ownership": "public", "ownership_raw": "Ville de Saguenay", "city": "Saguenay", "source_dataset": "Inventaire des arbres répertoriés", "source_department": "Ville de Saguenay", "source_last_edit_at": ""}}, {"type": "Feature", "geometry": {"type": "Point", "coordinates": [-71.0760952995, 48.4000849014]}, "properties": {"id": "saguenay-56162", "species_group": "crabapple", "scientific_name": "Malus sp.", "common_name": "Pommier", "subtype_name": "Pommier", "zip_code": null, "ownership": "public", "ownership_raw": "Ville de Saguenay", "city": "Saguenay", "source_dataset": "Inventaire des arbres répertoriés", "source_department": "Ville de Saguenay", "source_last_edit_at": ""}}, {"type": "Feature", "geometry": {"type": "Point", "coordinates": [-71.0752604003, 48.396535601]}, "properties": {"id": "saguenay-56184", "species_group": "crabapple", "scientific_name": "Malus sp.", "common_name": "Pommier", "subtype_name": "Pommier", "zip_code": null, "ownership": "public", "ownership_raw": "Ville de Saguenay", "city": "Saguenay", "source_dataset": "Inventaire des arbres répertoriés", "source_department": "Ville de Saguenay", "source_last_edit_at": ""}}, {"type": "Feature", "geometry": {"type": "Point", "coordinates": [-71.0765312006, 48.3970532006]}, "properties": {"id": "saguenay-56187", "species_group": "crabapple", "scientific_name": "Malus sp.", "common_name": "Pommier", "subtype_name": "Pommier", "zip_code": null, "ownership": "public", "ownership_raw": "Ville de Saguenay", "city": "Saguenay", "source_dataset": "Inventaire des arbres répertoriés", "source_department": "Ville de Saguenay", "source_last_edit_at": ""}}, {"type": "Feature", "geometry": {"type": "Point", "coordinates": [-71.0765527998, 48.3970503007]}, "properties": {"id": "saguenay-56188", "species_group": "crabapple", "scientific_name": "Malus sp.", "common_name": "Pommier", "subtype_name": "Pommier", "zip_code": null, "ownership": "public", "ownership_raw": "Ville de Saguenay", "city": "Saguenay", "source_dataset": "Inventaire des arbres répertoriés", "source_department": "Ville de Saguenay", "source_last_edit_at": ""}}, {"type": "Feature", "geometry": {"type": "Point", "coordinates": [-71.0768805002, 48.3969100007]}, "properties": {"id": "saguenay-56189", "species_group": "crabapple", "scientific_name": "Malus sp.", "common_name": "Pommier", "subtype_name": "Pommier", "zip_code": null, "ownership": "public", "ownership_raw": "Ville de Saguenay", "city": "Saguenay", "source_dataset": "Inventaire des arbres répertoriés", "source_department": "Ville de Saguenay", "source_last_edit_at": ""}}, {"type": "Feature", "geometry": {"type": "Point", "coordinates": [-71.0774043006, 48.3976792005]}, "properties": {"id": "saguenay-56236", "species_group": "crabapple", "scientific_name": "Malus sp.", "common_name": "Pommier", "subtype_name": "Pommier", "zip_code": null, "ownership": "public", "ownership_raw": "Ville de Saguenay", "city": "Saguenay", "source_dataset": "Inventaire des arbres répertoriés", "source_department": "Ville de Saguenay", "source_last_edit_at": ""}}, {"type": "Feature", "geometry": {"type": "Point", "coordinates": [-71.0774392994, 48.397650301]}, "properties": {"id": "saguenay-56237", "species_group": "crabapple", "scientific_name": "Malus sp.", "common_name": "Pommier", "subtype_name": "Pommier", "zip_code": null, "ownership": "public", "ownership_raw": "Ville de Saguenay", "city": "Saguenay", "source_dataset": "Inventaire des arbres répertoriés", "source_department": "Ville de Saguenay", "source_last_edit_at": ""}}, {"type": "Feature", "geometry": {"type": "Point", "coordinates": [-71.1203887004, 48.4013851007]}, "properties": {"id": "saguenay-56281", "species_group": "crabapple", "scientific_name": "Malus sp.", "common_name": "Pommier", "subtype_name": "Pommier", "zip_code": null, "ownership": "public", "ownership_raw": "Ville de Saguenay", "city": "Saguenay", "source_dataset": "Inventaire des arbres répertoriés", "source_department": "Ville de Saguenay", "source_last_edit_at": ""}}, {"type": "Feature", "geometry": {"type": "Point", "coordinates": [-71.1203013995, 48.4014019008]}, "properties": {"id": "saguenay-56282", "species_group": "crabapple", "scientific_name": "Malus sp.", "common_name": "Pommier", "subtype_name": "Pommier", "zip_code": null, "ownership": "public", "ownership_raw": "Ville de Saguenay", "city": "Saguenay", "source_dataset": "Inventaire des arbres répertoriés", "source_department": "Ville de Saguenay", "source_last_edit_at": ""}}, {"type": "Feature", "geometry": {"type": "Point", "coordinates": [-71.1202678006, 48.4014044005]}, "properties": {"id": "saguenay-56283", "species_group": "crabapple", "scientific_name": "Malus sp.", "common_name": "Pommier", "subtype_name": "Pommier", "zip_code": null, "ownership": "public", "ownership_raw": "Ville de Saguenay", "city": "Saguenay", "source_dataset": "Inventaire des arbres répertoriés", "source_department": "Ville de Saguenay", "source_last_edit_at": ""}}, {"type": "Feature", "geometry": {"type": "Point", "coordinates": [-71.1691815006, 48.4168839013]}, "properties": {"id": "saguenay-5642", "species_group": "crabapple", "scientific_name": "Malus sp.", "common_name": "Pommier", "subtype_name": "Pommier", "zip_code": null, "ownership": "public", "ownership_raw": "Ville de Saguenay", "city": "Saguenay", "source_dataset": "Inventaire des arbres répertoriés", "source_department": "Ville de Saguenay", "source_last_edit_at": ""}}, {"type": "Feature", "geometry": {"type": "Point", "coordinates": [-71.1691331003, 48.4168665007]}, "properties": {"id": "saguenay-5643", "species_group": "crabapple", "scientific_name": "Malus sp.", "common_name": "Pommier", "subtype_name": "Pommier", "zip_code": null, "ownership": "public", "ownership_raw": "Ville de Saguenay", "city": "Saguenay", "source_dataset": "Inventaire des arbres répertoriés", "source_department": "Ville de Saguenay", "source_last_edit_at": ""}}, {"type": "Feature", "geometry": {"type": "Point", "coordinates": [-71.0788843, 48.4070026008]}, "properties": {"id": "saguenay-56439", "species_group": "crabapple", "scientific_name": "Malus sp.", "common_name": "Pommier", "subtype_name": "Pommier", "zip_code": null, "ownership": "public", "ownership_raw": "Ville de Saguenay", "city": "Saguenay", "source_dataset": "Inventaire des arbres répertoriés", "source_department": "Ville de Saguenay", "source_last_edit_at": ""}}, {"type": "Feature", "geometry": {"type": "Point", "coordinates": [-71.1081606006, 48.3966057008]}, "properties": {"id": "saguenay-56452", "species_group": "crabapple", "scientific_name": "Malus sp.", "common_name": "Pommier", "subtype_name": "Pommier", "zip_code": null, "ownership": "public", "ownership_raw": "Ville de Saguenay", "city": "Saguenay", "source_dataset": "Inventaire des arbres répertoriés", "source_department": "Ville de Saguenay", "source_last_edit_at": ""}}, {"type": "Feature", "geometry": {"type": "Point", "coordinates": [-71.1083139, 48.3966658008]}, "properties": {"id": "saguenay-56453", "species_group": "crabapple", "scientific_name": "Malus sp.", "common_name": "Pommier", "subtype_name": "Pommier", "zip_code": null, "ownership": "public", "ownership_raw": "Ville de Saguenay", "city": "Saguenay", "source_dataset": "Inventaire des arbres répertoriés", "source_department": "Ville de Saguenay", "source_last_edit_at": ""}}, {"type": "Feature", "geometry": {"type": "Point", "coordinates": [-71.1698949998, 48.4170927009]}, "properties": {"id": "saguenay-5649", "species_group": "crabapple", "scientific_name": "Malus sp.", "common_name": "Pommier", "subtype_name": "Pommier", "zip_code": null, "ownership": "public", "ownership_raw": "Ville de Saguenay", "city": "Saguenay", "source_dataset": "Inventaire des arbres répertoriés", "source_department": "Ville de Saguenay", "source_last_edit_at": ""}}, {"type": "Feature", "geometry": {"type": "Point", "coordinates": [-71.0828264005, 48.4128529005]}, "properties": {"id": "saguenay-56517", "species_group": "crabapple", "scientific_name": "Malus sp.", "common_name": "Pommier", "subtype_name": "Pommier", "zip_code": null, "ownership": "public", "ownership_raw": "Ville de Saguenay", "city": "Saguenay", "source_dataset": "Inventaire des arbres répertoriés", "source_department": "Ville de Saguenay", "source_last_edit_at": ""}}, {"type": "Feature", "geometry": {"type": "Point", "coordinates": [-71.0782756999, 48.4127324011]}, "properties": {"id": "saguenay-56593", "species_group": "crabapple", "scientific_name": "Malus sp.", "common_name": "Pommier", "subtype_name": "Pommier", "zip_code": null, "ownership": "public", "ownership_raw": "Ville de Saguenay", "city": "Saguenay", "source_dataset": "Inventaire des arbres répertoriés", "source_department": "Ville de Saguenay", "source_last_edit_at": ""}}, {"type": "Feature", "geometry": {"type": "Point", "coordinates": [-71.0783210998, 48.412696201]}, "properties": {"id": "saguenay-56594", "species_group": "crabapple", "scientific_name": "Malus sp.", "common_name": "Pommier", "subtype_name": "Pommier", "zip_code": null, "ownership": "public", "ownership_raw": "Ville de Saguenay", "city": "Saguenay", "source_dataset": "Inventaire des arbres répertoriés", "source_department": "Ville de Saguenay", "source_last_edit_at": ""}}, {"type": "Feature", "geometry": {"type": "Point", "coordinates": [-71.1861907474, 48.4362434589]}, "properties": {"id": "saguenay-566", "species_group": "crabapple", "scientific_name": "Malus sp.", "common_name": "Pommier", "subtype_name": "Pommier", "zip_code": null, "ownership": "public", "ownership_raw": "Ville de Saguenay", "city": "Saguenay", "source_dataset": "Inventaire des arbres répertoriés", "source_department": "Ville de Saguenay", "source_last_edit_at": ""}}, {"type": "Feature", "geometry": {"type": "Point", "coordinates": [-71.1249573001, 48.4030033006]}, "properties": {"id": "saguenay-56739", "species_group": "crabapple", "scientific_name": "Malus sp.", "common_name": "Pommier", "subtype_name": "Pommier", "zip_code": null, "ownership": "public", "ownership_raw": "Ville de Saguenay", "city": "Saguenay", "source_dataset": "Inventaire des arbres répertoriés", "source_department": "Ville de Saguenay", "source_last_edit_at": ""}}, {"type": "Feature", "geometry": {"type": "Point", "coordinates": [-71.1707283005, 48.4172411009]}, "properties": {"id": "saguenay-5674", "species_group": "crabapple", "scientific_name": "Malus sp.", "common_name": "Pommier", "subtype_name": "Pommier", "zip_code": null, "ownership": "public", "ownership_raw": "Ville de Saguenay", "city": "Saguenay", "source_dataset": "Inventaire des arbres répertoriés", "source_department": "Ville de Saguenay", "source_last_edit_at": ""}}, {"type": "Feature", "geometry": {"type": "Point", "coordinates": [-71.1250511993, 48.4030165009]}, "properties": {"id": "saguenay-56740", "species_group": "crabapple", "scientific_name": "Malus sp.", "common_name": "Pommier", "subtype_name": "Pommier", "zip_code": null, "ownership": "public", "ownership_raw": "Ville de Saguenay", "city": "Saguenay", "source_dataset": "Inventaire des arbres répertoriés", "source_department": "Ville de Saguenay", "source_last_edit_at": ""}}, {"type": "Feature", "geometry": {"type": "Point", "coordinates": [-71.1251215001, 48.4030233006]}, "properties": {"id": "saguenay-56741", "species_group": "crabapple", "scientific_name": "Malus sp.", "common_name": "Pommier", "subtype_name": "Pommier", "zip_code": null, "ownership": "public", "ownership_raw": "Ville de Saguenay", "city": "Saguenay", "source_dataset": "Inventaire des arbres répertoriés", "source_department": "Ville de Saguenay", "source_last_edit_at": ""}}, {"type": "Feature", "geometry": {"type": "Point", "coordinates": [-71.1268971, 48.4034659009]}, "properties": {"id": "saguenay-56745", "species_group": "crabapple", "scientific_name": "Malus sp.", "common_name": "Pommier", "subtype_name": "Pommier", "zip_code": null, "ownership": "public", "ownership_raw": "Ville de Saguenay", "city": "Saguenay", "source_dataset": "Inventaire des arbres répertoriés", "source_department": "Ville de Saguenay", "source_last_edit_at": ""}}, {"type": "Feature", "geometry": {"type": "Point", "coordinates": [-71.1146391006, 48.397529201]}, "properties": {"id": "saguenay-56773", "species_group": "crabapple", "scientific_name": "Malus sp.", "common_name": "Pommier", "subtype_name": "Pommier", "zip_code": null, "ownership": "public", "ownership_raw": "Ville de Saguenay", "city": "Saguenay", "source_dataset": "Inventaire des arbres répertoriés", "source_department": "Ville de Saguenay", "source_last_edit_at": ""}}, {"type": "Feature", "geometry": {"type": "Point", "coordinates": [-71.0697356995, 48.415576001]}, "properties": {"id": "saguenay-56892", "species_group": "crabapple", "scientific_name": "Malus sp.", "common_name": "Pommier", "subtype_name": "Pommier", "zip_code": null, "ownership": "public", "ownership_raw": "Ville de Saguenay", "city": "Saguenay", "source_dataset": "Inventaire des arbres répertoriés", "source_department": "Ville de Saguenay", "source_last_edit_at": ""}}, {"type": "Feature", "geometry": {"type": "Point", "coordinates": [-71.1727705007, 48.4163804011]}, "properties": {"id": "saguenay-5694", "species_group": "crabapple", "scientific_name": "Malus sp.", "common_name": "Pommier", "subtype_name": "Pommier", "zip_code": null, "ownership": "public", "ownership_raw": "Ville de Saguenay", "city": "Saguenay", "source_dataset": "Inventaire des arbres répertoriés", "source_department": "Ville de Saguenay", "source_last_edit_at": ""}}, {"type": "Feature", "geometry": {"type": "Point", "coordinates": [-71.0732338999, 48.4182869013]}, "properties": {"id": "saguenay-56955", "species_group": "crabapple", "scientific_name": "Malus sp.", "common_name": "Pommier", "subtype_name": "Pommier", "zip_code": null, "ownership": "public", "ownership_raw": "Ville de Saguenay", "city": "Saguenay", "source_dataset": "Inventaire des arbres répertoriés", "source_department": "Ville de Saguenay", "source_last_edit_at": ""}}, {"type": "Feature", "geometry": {"type": "Point", "coordinates": [-71.0732904996, 48.4182227007]}, "properties": {"id": "saguenay-56956", "species_group": "crabapple", "scientific_name": "Malus sp.", "common_name": "Pommier", "subtype_name": "Pommier", "zip_code": null, "ownership": "public", "ownership_raw": "Ville de Saguenay", "city": "Saguenay", "source_dataset": "Inventaire des arbres répertoriés", "source_department": "Ville de Saguenay", "source_last_edit_at": ""}}, {"type": "Feature", "geometry": {"type": "Point", "coordinates": [-71.1727707001, 48.4164162011]}, "properties": {"id": "saguenay-5696", "species_group": "crabapple", "scientific_name": "Malus sp.", "common_name": "Pommier", "subtype_name": "Pommier", "zip_code": null, "ownership": "public", "ownership_raw": "Ville de Saguenay", "city": "Saguenay", "source_dataset": "Inventaire des arbres répertoriés", "source_department": "Ville de Saguenay", "source_last_edit_at": ""}}, {"type": "Feature", "geometry": {"type": "Point", "coordinates": [-71.0733443998, 48.4198786006]}, "properties": {"id": "saguenay-56990", "species_group": "crabapple", "scientific_name": "Malus sp.", "common_name": "Pommier", "subtype_name": "Pommier", "zip_code": null, "ownership": "public", "ownership_raw": "Ville de Saguenay", "city": "Saguenay", "source_dataset": "Inventaire des arbres répertoriés", "source_department": "Ville de Saguenay", "source_last_edit_at": ""}}, {"type": "Feature", "geometry": {"type": "Point", "coordinates": [-71.0735720652, 48.4204255513]}, "properties": {"id": "saguenay-57007", "species_group": "crabapple", "scientific_name": "Malus sp.", "common_name": "Pommier", "subtype_name": "Pommier", "zip_code": null, "ownership": "public", "ownership_raw": "Ville de Saguenay", "city": "Saguenay", "source_dataset": "Inventaire des arbres répertoriés", "source_department": "Ville de Saguenay", "source_last_edit_at": ""}}, {"type": "Feature", "geometry": {"type": "Point", "coordinates": [-71.0737033006, 48.4199789004]}, "properties": {"id": "saguenay-57008", "species_group": "crabapple", "scientific_name": "Malus sp.", "common_name": "Pommier", "subtype_name": "Pommier", "zip_code": null, "ownership": "public", "ownership_raw": "Ville de Saguenay", "city": "Saguenay", "source_dataset": "Inventaire des arbres répertoriés", "source_department": "Ville de Saguenay", "source_last_edit_at": ""}}, {"type": "Feature", "geometry": {"type": "Point", "coordinates": [-71.0745226, 48.4191584012]}, "properties": {"id": "saguenay-57067", "species_group": "crabapple", "scientific_name": "Malus sp.", "common_name": "Pommier", "subtype_name": "Pommier", "zip_code": null, "ownership": "public", "ownership_raw": "Ville de Saguenay", "city": "Saguenay", "source_dataset": "Inventaire des arbres répertoriés", "source_department": "Ville de Saguenay", "source_last_edit_at": ""}}, {"type": "Feature", "geometry": {"type": "Point", "coordinates": [-71.0741015004, 48.4183596013]}, "properties": {"id": "saguenay-57073", "species_group": "crabapple", "scientific_name": "Malus sp.", "common_name": "Pommier", "subtype_name": "Pommier", "zip_code": null, "ownership": "public", "ownership_raw": "Ville de Saguenay", "city": "Saguenay", "source_dataset": "Inventaire des arbres répertoriés", "source_department": "Ville de Saguenay", "source_last_edit_at": ""}}, {"type": "Feature", "geometry": {"type": "Point", "coordinates": [-71.1138816994, 48.3903338006]}, "properties": {"id": "saguenay-57157", "species_group": "crabapple", "scientific_name": "Malus sp.", "common_name": "Pommier", "subtype_name": "Pommier", "zip_code": null, "ownership": "public", "ownership_raw": "Ville de Saguenay", "city": "Saguenay", "source_dataset": "Inventaire des arbres répertoriés", "source_department": "Ville de Saguenay", "source_last_edit_at": ""}}, {"type": "Feature", "geometry": {"type": "Point", "coordinates": [-71.1697367998, 48.4168084009]}, "properties": {"id": "saguenay-5721", "species_group": "crabapple", "scientific_name": "Malus sp.", "common_name": "Pommier", "subtype_name": "Pommier", "zip_code": null, "ownership": "public", "ownership_raw": "Ville de Saguenay", "city": "Saguenay", "source_dataset": "Inventaire des arbres répertoriés", "source_department": "Ville de Saguenay", "source_last_edit_at": ""}}, {"type": "Feature", "geometry": {"type": "Point", "coordinates": [-71.0630695997, 48.3948339008]}, "properties": {"id": "saguenay-57286", "species_group": "crabapple", "scientific_name": "Malus sp.", "common_name": "Pommier", "subtype_name": "Pommier", "zip_code": null, "ownership": "public", "ownership_raw": "Ville de Saguenay", "city": "Saguenay", "source_dataset": "Inventaire des arbres répertoriés", "source_department": "Ville de Saguenay", "source_last_edit_at": ""}}, {"type": "Feature", "geometry": {"type": "Point", "coordinates": [-71.0597489996, 48.391838101]}, "properties": {"id": "saguenay-57324", "species_group": "crabapple", "scientific_name": "Malus sp.", "common_name": "Pommier", "subtype_name": "Pommier", "zip_code": null, "ownership": "public", "ownership_raw": "Ville de Saguenay", "city": "Saguenay", "source_dataset": "Inventaire des arbres répertoriés", "source_department": "Ville de Saguenay", "source_last_edit_at": ""}}, {"type": "Feature", "geometry": {"type": "Point", "coordinates": [-71.0591608996, 48.3941426011]}, "properties": {"id": "saguenay-57331", "species_group": "crabapple", "scientific_name": "Malus sp.", "common_name": "Pommier", "subtype_name": "Pommier", "zip_code": null, "ownership": "public", "ownership_raw": "Ville de Saguenay", "city": "Saguenay", "source_dataset": "Inventaire des arbres répertoriés", "source_department": "Ville de Saguenay", "source_last_edit_at": ""}}, {"type": "Feature", "geometry": {"type": "Point", "coordinates": [-71.0591334005, 48.394296501]}, "properties": {"id": "saguenay-57332", "species_group": "crabapple", "scientific_name": "Malus sp.", "common_name": "Pommier", "subtype_name": "Pommier", "zip_code": null, "ownership": "public", "ownership_raw": "Ville de Saguenay", "city": "Saguenay", "source_dataset": "Inventaire des arbres répertoriés", "source_department": "Ville de Saguenay", "source_last_edit_at": ""}}, {"type": "Feature", "geometry": {"type": "Point", "coordinates": [-71.0479177001, 48.4024433006]}, "properties": {"id": "saguenay-57337", "species_group": "crabapple", "scientific_name": "Malus sp.", "common_name": "Pommier", "subtype_name": "Pommier", "zip_code": null, "ownership": "public", "ownership_raw": "Ville de Saguenay", "city": "Saguenay", "source_dataset": "Inventaire des arbres répertoriés", "source_department": "Ville de Saguenay", "source_last_edit_at": ""}}, {"type": "Feature", "geometry": {"type": "Point", "coordinates": [-71.0499761997, 48.3993261011]}, "properties": {"id": "saguenay-57354", "species_group": "crabapple", "scientific_name": "Malus sp.", "common_name": "Pommier", "subtype_name": "Pommier", "zip_code": null, "ownership": "public", "ownership_raw": "Ville de Saguenay", "city": "Saguenay", "source_dataset": "Inventaire des arbres répertoriés", "source_department": "Ville de Saguenay", "source_last_edit_at": ""}}, {"type": "Feature", "geometry": {"type": "Point", "coordinates": [-71.0585659998, 48.3929011011]}, "properties": {"id": "saguenay-57404", "species_group": "crabapple", "scientific_name": "Malus sp.", "common_name": "Pommier", "subtype_name": "Pommier", "zip_code": null, "ownership": "public", "ownership_raw": "Ville de Saguenay", "city": "Saguenay", "source_dataset": "Inventaire des arbres répertoriés", "source_department": "Ville de Saguenay", "source_last_edit_at": ""}}, {"type": "Feature", "geometry": {"type": "Point", "coordinates": [-71.0552717997, 48.3953848013]}, "properties": {"id": "saguenay-57411", "species_group": "crabapple", "scientific_name": "Malus sp.", "common_name": "Pommier", "subtype_name": "Pommier", "zip_code": null, "ownership": "public", "ownership_raw": "Ville de Saguenay", "city": "Saguenay", "source_dataset": "Inventaire des arbres répertoriés", "source_department": "Ville de Saguenay", "source_last_edit_at": ""}}, {"type": "Feature", "geometry": {"type": "Point", "coordinates": [-71.0589927994, 48.3945692008]}, "properties": {"id": "saguenay-57424", "species_group": "crabapple", "scientific_name": "Malus sp.", "common_name": "Pommier", "subtype_name": "Pommier", "zip_code": null, "ownership": "public", "ownership_raw": "Ville de Saguenay", "city": "Saguenay", "source_dataset": "Inventaire des arbres répertoriés", "source_department": "Ville de Saguenay", "source_last_edit_at": ""}}, {"type": "Feature", "geometry": {"type": "Point", "coordinates": [-71.0585612004, 48.3920974006]}, "properties": {"id": "saguenay-57431", "species_group": "crabapple", "scientific_name": "Malus sp.", "common_name": "Pommier", "subtype_name": "Pommier", "zip_code": null, "ownership": "public", "ownership_raw": "Ville de Saguenay", "city": "Saguenay", "source_dataset": "Inventaire des arbres répertoriés", "source_department": "Ville de Saguenay", "source_last_edit_at": ""}}, {"type": "Feature", "geometry": {"type": "Point", "coordinates": [-71.0579244004, 48.3922047012]}, "properties": {"id": "saguenay-57434", "species_group": "crabapple", "scientific_name": "Malus sp.", "common_name": "Pommier", "subtype_name": "Pommier", "zip_code": null, "ownership": "public", "ownership_raw": "Ville de Saguenay", "city": "Saguenay", "source_dataset": "Inventaire des arbres répertoriés", "source_department": "Ville de Saguenay", "source_last_edit_at": ""}}, {"type": "Feature", "geometry": {"type": "Point", "coordinates": [-71.0567700004, 48.3924228008]}, "properties": {"id": "saguenay-57443", "species_group": "crabapple", "scientific_name": "Malus sp.", "common_name": "Pommier", "subtype_name": "Pommier", "zip_code": null, "ownership": "public", "ownership_raw": "Ville de Saguenay", "city": "Saguenay", "source_dataset": "Inventaire des arbres répertoriés", "source_department": "Ville de Saguenay", "source_last_edit_at": ""}}, {"type": "Feature", "geometry": {"type": "Point", "coordinates": [-71.0542886002, 48.3921897013]}, "properties": {"id": "saguenay-57449", "species_group": "crabapple", "scientific_name": "Malus sp.", "common_name": "Pommier", "subtype_name": "Pommier", "zip_code": null, "ownership": "public", "ownership_raw": "Ville de Saguenay", "city": "Saguenay", "source_dataset": "Inventaire des arbres répertoriés", "source_department": "Ville de Saguenay", "source_last_edit_at": ""}}, {"type": "Feature", "geometry": {"type": "Point", "coordinates": [-71.0543671004, 48.3921961009]}, "properties": {"id": "saguenay-57450", "species_group": "crabapple", "scientific_name": "Malus sp.", "common_name": "Pommier", "subtype_name": "Pommier", "zip_code": null, "ownership": "public", "ownership_raw": "Ville de Saguenay", "city": "Saguenay", "source_dataset": "Inventaire des arbres répertoriés", "source_department": "Ville de Saguenay", "source_last_edit_at": ""}}, {"type": "Feature", "geometry": {"type": "Point", "coordinates": [-71.0532791993, 48.3930616006]}, "properties": {"id": "saguenay-57501", "species_group": "crabapple", "scientific_name": "Malus sp.", "common_name": "Pommier", "subtype_name": "Pommier", "zip_code": null, "ownership": "public", "ownership_raw": "Ville de Saguenay", "city": "Saguenay", "source_dataset": "Inventaire des arbres répertoriés", "source_department": "Ville de Saguenay", "source_last_edit_at": ""}}, {"type": "Feature", "geometry": {"type": "Point", "coordinates": [-71.0532062001, 48.3931595006]}, "properties": {"id": "saguenay-57503", "species_group": "crabapple", "scientific_name": "Malus sp.", "common_name": "Pommier", "subtype_name": "Pommier", "zip_code": null, "ownership": "public", "ownership_raw": "Ville de Saguenay", "city": "Saguenay", "source_dataset": "Inventaire des arbres répertoriés", "source_department": "Ville de Saguenay", "source_last_edit_at": ""}}, {"type": "Feature", "geometry": {"type": "Point", "coordinates": [-71.0532071001, 48.3931902006]}, "properties": {"id": "saguenay-57504", "species_group": "crabapple", "scientific_name": "Malus sp.", "common_name": "Pommier", "subtype_name": "Pommier", "zip_code": null, "ownership": "public", "ownership_raw": "Ville de Saguenay", "city": "Saguenay", "source_dataset": "Inventaire des arbres répertoriés", "source_department": "Ville de Saguenay", "source_last_edit_at": ""}}, {"type": "Feature", "geometry": {"type": "Point", "coordinates": [-71.0532103999, 48.3932280005]}, "properties": {"id": "saguenay-57505", "species_group": "crabapple", "scientific_name": "Malus sp.", "common_name": "Pommier", "subtype_name": "Pommier", "zip_code": null, "ownership": "public", "ownership_raw": "Ville de Saguenay", "city": "Saguenay", "source_dataset": "Inventaire des arbres répertoriés", "source_department": "Ville de Saguenay", "source_last_edit_at": ""}}, {"type": "Feature", "geometry": {"type": "Point", "coordinates": [-71.0532055004, 48.3932655009]}, "properties": {"id": "saguenay-57506", "species_group": "crabapple", "scientific_name": "Malus sp.", "common_name": "Pommier", "subtype_name": "Pommier", "zip_code": null, "ownership": "public", "ownership_raw": "Ville de Saguenay", "city": "Saguenay", "source_dataset": "Inventaire des arbres répertoriés", "source_department": "Ville de Saguenay", "source_last_edit_at": ""}}, {"type": "Feature", "geometry": {"type": "Point", "coordinates": [-71.0532005006, 48.3933067009]}, "properties": {"id": "saguenay-57507", "species_group": "crabapple", "scientific_name": "Malus sp.", "common_name": "Pommier", "subtype_name": "Pommier", "zip_code": null, "ownership": "public", "ownership_raw": "Ville de Saguenay", "city": "Saguenay", "source_dataset": "Inventaire des arbres répertoriés", "source_department": "Ville de Saguenay", "source_last_edit_at": ""}}, {"type": "Feature", "geometry": {"type": "Point", "coordinates": [-71.0532080993, 48.3933768007]}, "properties": {"id": "saguenay-57508", "species_group": "crabapple", "scientific_name": "Malus sp.", "common_name": "Pommier", "subtype_name": "Pommier", "zip_code": null, "ownership": "public", "ownership_raw": "Ville de Saguenay", "city": "Saguenay", "source_dataset": "Inventaire des arbres répertoriés", "source_department": "Ville de Saguenay", "source_last_edit_at": ""}}, {"type": "Feature", "geometry": {"type": "Point", "coordinates": [-71.0534244, 48.3935249012]}, "properties": {"id": "saguenay-57509", "species_group": "crabapple", "scientific_name": "Malus sp.", "common_name": "Pommier", "subtype_name": "Pommier", "zip_code": null, "ownership": "public", "ownership_raw": "Ville de Saguenay", "city": "Saguenay", "source_dataset": "Inventaire des arbres répertoriés", "source_department": "Ville de Saguenay", "source_last_edit_at": ""}}, {"type": "Feature", "geometry": {"type": "Point", "coordinates": [-71.0531172002, 48.3903535014]}, "properties": {"id": "saguenay-57514", "species_group": "crabapple", "scientific_name": "Malus sp.", "common_name": "Pommier", "subtype_name": "Pommier", "zip_code": null, "ownership": "public", "ownership_raw": "Ville de Saguenay", "city": "Saguenay", "source_dataset": "Inventaire des arbres répertoriés", "source_department": "Ville de Saguenay", "source_last_edit_at": ""}}, {"type": "Feature", "geometry": {"type": "Point", "coordinates": [-71.0466649994, 48.3900438007]}, "properties": {"id": "saguenay-57567", "species_group": "crabapple", "scientific_name": "Malus sp.", "common_name": "Pommier", "subtype_name": "Pommier", "zip_code": null, "ownership": "public", "ownership_raw": "Ville de Saguenay", "city": "Saguenay", "source_dataset": "Inventaire des arbres répertoriés", "source_department": "Ville de Saguenay", "source_last_edit_at": ""}}, {"type": "Feature", "geometry": {"type": "Point", "coordinates": [-71.0468249994, 48.3898573005]}, "properties": {"id": "saguenay-57568", "species_group": "crabapple", "scientific_name": "Malus sp.", "common_name": "Pommier", "subtype_name": "Pommier", "zip_code": null, "ownership": "public", "ownership_raw": "Ville de Saguenay", "city": "Saguenay", "source_dataset": "Inventaire des arbres répertoriés", "source_department": "Ville de Saguenay", "source_last_edit_at": ""}}, {"type": "Feature", "geometry": {"type": "Point", "coordinates": [-71.0465792, 48.3914440006]}, "properties": {"id": "saguenay-57571", "species_group": "crabapple", "scientific_name": "Malus sp.", "common_name": "Pommier", "subtype_name": "Pommier", "zip_code": null, "ownership": "public", "ownership_raw": "Ville de Saguenay", "city": "Saguenay", "source_dataset": "Inventaire des arbres répertoriés", "source_department": "Ville de Saguenay", "source_last_edit_at": ""}}, {"type": "Feature", "geometry": {"type": "Point", "coordinates": [-71.0555269996, 48.3997592012]}, "properties": {"id": "saguenay-57579", "species_group": "crabapple", "scientific_name": "Malus sp.", "common_name": "Pommier", "subtype_name": "Pommier", "zip_code": null, "ownership": "public", "ownership_raw": "Ville de Saguenay", "city": "Saguenay", "source_dataset": "Inventaire des arbres répertoriés", "source_department": "Ville de Saguenay", "source_last_edit_at": ""}}, {"type": "Feature", "geometry": {"type": "Point", "coordinates": [-71.0556909996, 48.3993634013]}, "properties": {"id": "saguenay-57594", "species_group": "crabapple", "scientific_name": "Malus sp.", "common_name": "Pommier", "subtype_name": "Pommier", "zip_code": null, "ownership": "public", "ownership_raw": "Ville de Saguenay", "city": "Saguenay", "source_dataset": "Inventaire des arbres répertoriés", "source_department": "Ville de Saguenay", "source_last_edit_at": ""}}, {"type": "Feature", "geometry": {"type": "Point", "coordinates": [-71.0505381994, 48.3977662007]}, "properties": {"id": "saguenay-57612", "species_group": "crabapple", "scientific_name": "Malus sp.", "common_name": "Pommier", "subtype_name": "Pommier", "zip_code": null, "ownership": "public", "ownership_raw": "Ville de Saguenay", "city": "Saguenay", "source_dataset": "Inventaire des arbres répertoriés", "source_department": "Ville de Saguenay", "source_last_edit_at": ""}}, {"type": "Feature", "geometry": {"type": "Point", "coordinates": [-71.0505936003, 48.3977916006]}, "properties": {"id": "saguenay-57613", "species_group": "crabapple", "scientific_name": "Malus sp.", "common_name": "Pommier", "subtype_name": "Pommier", "zip_code": null, "ownership": "public", "ownership_raw": "Ville de Saguenay", "city": "Saguenay", "source_dataset": "Inventaire des arbres répertoriés", "source_department": "Ville de Saguenay", "source_last_edit_at": ""}}, {"type": "Feature", "geometry": {"type": "Point", "coordinates": [-71.0479008005, 48.4050759014]}, "properties": {"id": "saguenay-57638", "species_group": "crabapple", "scientific_name": "Malus sp.", "common_name": "Pommier", "subtype_name": "Pommier", "zip_code": null, "ownership": "public", "ownership_raw": "Ville de Saguenay", "city": "Saguenay", "source_dataset": "Inventaire des arbres répertoriés", "source_department": "Ville de Saguenay", "source_last_edit_at": ""}}, {"type": "Feature", "geometry": {"type": "Point", "coordinates": [-71.0461217996, 48.4057928011]}, "properties": {"id": "saguenay-57782", "species_group": "crabapple", "scientific_name": "Malus sp.", "common_name": "Pommier", "subtype_name": "Pommier", "zip_code": null, "ownership": "public", "ownership_raw": "Ville de Saguenay", "city": "Saguenay", "source_dataset": "Inventaire des arbres répertoriés", "source_department": "Ville de Saguenay", "source_last_edit_at": ""}}, {"type": "Feature", "geometry": {"type": "Point", "coordinates": [-71.0487103004, 48.4067628013]}, "properties": {"id": "saguenay-57817", "species_group": "crabapple", "scientific_name": "Malus sp.", "common_name": "Pommier", "subtype_name": "Pommier", "zip_code": null, "ownership": "public", "ownership_raw": "Ville de Saguenay", "city": "Saguenay", "source_dataset": "Inventaire des arbres répertoriés", "source_department": "Ville de Saguenay", "source_last_edit_at": ""}}, {"type": "Feature", "geometry": {"type": "Point", "coordinates": [-71.0533895003, 48.3974886002]}, "properties": {"id": "saguenay-57878", "species_group": "crabapple", "scientific_name": "Malus sp.", "common_name": "Pommier", "subtype_name": "Pommier", "zip_code": null, "ownership": "public", "ownership_raw": "Ville de Saguenay", "city": "Saguenay", "source_dataset": "Inventaire des arbres répertoriés", "source_department": "Ville de Saguenay", "source_last_edit_at": ""}}, {"type": "Feature", "geometry": {"type": "Point", "coordinates": [-71.0510384004, 48.4082645009]}, "properties": {"id": "saguenay-57899", "species_group": "crabapple", "scientific_name": "Malus sp.", "common_name": "Pommier", "subtype_name": "Pommier", "zip_code": null, "ownership": "public", "ownership_raw": "Ville de Saguenay", "city": "Saguenay", "source_dataset": "Inventaire des arbres répertoriés", "source_department": "Ville de Saguenay", "source_last_edit_at": ""}}, {"type": "Feature", "geometry": {"type": "Point", "coordinates": [-71.0509714001, 48.408457801]}, "properties": {"id": "saguenay-57900", "species_group": "crabapple", "scientific_name": "Malus sp.", "common_name": "Pommier", "subtype_name": "Pommier", "zip_code": null, "ownership": "public", "ownership_raw": "Ville de Saguenay", "city": "Saguenay", "source_dataset": "Inventaire des arbres répertoriés", "source_department": "Ville de Saguenay", "source_last_edit_at": ""}}, {"type": "Feature", "geometry": {"type": "Point", "coordinates": [-71.0514662993, 48.3993230008]}, "properties": {"id": "saguenay-57928", "species_group": "crabapple", "scientific_name": "Malus sp.", "common_name": "Pommier", "subtype_name": "Pommier", "zip_code": null, "ownership": "public", "ownership_raw": "Ville de Saguenay", "city": "Saguenay", "source_dataset": "Inventaire des arbres répertoriés", "source_department": "Ville de Saguenay", "source_last_edit_at": ""}}, {"type": "Feature", "geometry": {"type": "Point", "coordinates": [-71.0342425004, 48.4256413011]}, "properties": {"id": "saguenay-58032", "species_group": "crabapple", "scientific_name": "Malus sp.", "common_name": "Pommier", "subtype_name": "Pommier", "zip_code": null, "ownership": "public", "ownership_raw": "Ville de Saguenay", "city": "Saguenay", "source_dataset": "Inventaire des arbres répertoriés", "source_department": "Ville de Saguenay", "source_last_edit_at": ""}}, {"type": "Feature", "geometry": {"type": "Point", "coordinates": [-71.0341180995, 48.4258340011]}, "properties": {"id": "saguenay-58034", "species_group": "crabapple", "scientific_name": "Malus sp.", "common_name": "Pommier", "subtype_name": "Pommier", "zip_code": null, "ownership": "public", "ownership_raw": "Ville de Saguenay", "city": "Saguenay", "source_dataset": "Inventaire des arbres répertoriés", "source_department": "Ville de Saguenay", "source_last_edit_at": ""}}, {"type": "Feature", "geometry": {"type": "Point", "coordinates": [-71.0369686003, 48.4267074012]}, "properties": {"id": "saguenay-58059", "species_group": "crabapple", "scientific_name": "Malus sp.", "common_name": "Pommier", "subtype_name": "Pommier", "zip_code": null, "ownership": "public", "ownership_raw": "Ville de Saguenay", "city": "Saguenay", "source_dataset": "Inventaire des arbres répertoriés", "source_department": "Ville de Saguenay", "source_last_edit_at": ""}}, {"type": "Feature", "geometry": {"type": "Point", "coordinates": [-71.0494368996, 48.4049525012]}, "properties": {"id": "saguenay-58143", "species_group": "crabapple", "scientific_name": "Malus sp.", "common_name": "Pommier", "subtype_name": "Pommier", "zip_code": null, "ownership": "public", "ownership_raw": "Ville de Saguenay", "city": "Saguenay", "source_dataset": "Inventaire des arbres répertoriés", "source_department": "Ville de Saguenay", "source_last_edit_at": ""}}, {"type": "Feature", "geometry": {"type": "Point", "coordinates": [-71.0489818004, 48.4037071007]}, "properties": {"id": "saguenay-58145", "species_group": "crabapple", "scientific_name": "Malus sp.", "common_name": "Pommier", "subtype_name": "Pommier", "zip_code": null, "ownership": "public", "ownership_raw": "Ville de Saguenay", "city": "Saguenay", "source_dataset": "Inventaire des arbres répertoriés", "source_department": "Ville de Saguenay", "source_last_edit_at": ""}}, {"type": "Feature", "geometry": {"type": "Point", "coordinates": [-71.0470370005, 48.4003148007]}, "properties": {"id": "saguenay-58153", "species_group": "crabapple", "scientific_name": "Malus sp.", "common_name": "Pommier", "subtype_name": "Pommier", "zip_code": null, "ownership": "public", "ownership_raw": "Ville de Saguenay", "city": "Saguenay", "source_dataset": "Inventaire des arbres répertoriés", "source_department": "Ville de Saguenay", "source_last_edit_at": ""}}, {"type": "Feature", "geometry": {"type": "Point", "coordinates": [-71.0471057993, 48.4004679006]}, "properties": {"id": "saguenay-58154", "species_group": "crabapple", "scientific_name": "Malus sp.", "common_name": "Pommier", "subtype_name": "Pommier", "zip_code": null, "ownership": "public", "ownership_raw": "Ville de Saguenay", "city": "Saguenay", "source_dataset": "Inventaire des arbres répertoriés", "source_department": "Ville de Saguenay", "source_last_edit_at": ""}}, {"type": "Feature", "geometry": {"type": "Point", "coordinates": [-71.0471792001, 48.4006099008]}, "properties": {"id": "saguenay-58155", "species_group": "crabapple", "scientific_name": "Malus sp.", "common_name": "Pommier", "subtype_name": "Pommier", "zip_code": null, "ownership": "public", "ownership_raw": "Ville de Saguenay", "city": "Saguenay", "source_dataset": "Inventaire des arbres répertoriés", "source_department": "Ville de Saguenay", "source_last_edit_at": ""}}, {"type": "Feature", "geometry": {"type": "Point", "coordinates": [-71.0476293005, 48.4014979006]}, "properties": {"id": "saguenay-58156", "species_group": "crabapple", "scientific_name": "Malus sp.", "common_name": "Pommier", "subtype_name": "Pommier", "zip_code": null, "ownership": "public", "ownership_raw": "Ville de Saguenay", "city": "Saguenay", "source_dataset": "Inventaire des arbres répertoriés", "source_department": "Ville de Saguenay", "source_last_edit_at": ""}}, {"type": "Feature", "geometry": {"type": "Point", "coordinates": [-71.0478457007, 48.401936801]}, "properties": {"id": "saguenay-58157", "species_group": "crabapple", "scientific_name": "Malus sp.", "common_name": "Pommier", "subtype_name": "Pommier", "zip_code": null, "ownership": "public", "ownership_raw": "Ville de Saguenay", "city": "Saguenay", "source_dataset": "Inventaire des arbres répertoriés", "source_department": "Ville de Saguenay", "source_last_edit_at": ""}}, {"type": "Feature", "geometry": {"type": "Point", "coordinates": [-71.0480281002, 48.4022962012]}, "properties": {"id": "saguenay-58161", "species_group": "crabapple", "scientific_name": "Malus sp.", "common_name": "Pommier", "subtype_name": "Pommier", "zip_code": null, "ownership": "public", "ownership_raw": "Ville de Saguenay", "city": "Saguenay", "source_dataset": "Inventaire des arbres répertoriés", "source_department": "Ville de Saguenay", "source_last_edit_at": ""}}, {"type": "Feature", "geometry": {"type": "Point", "coordinates": [-71.0484911999, 48.4089493013]}, "properties": {"id": "saguenay-58200", "species_group": "crabapple", "scientific_name": "Malus sp.", "common_name": "Pommier", "subtype_name": "Pommier", "zip_code": null, "ownership": "public", "ownership_raw": "Ville de Saguenay", "city": "Saguenay", "source_dataset": "Inventaire des arbres répertoriés", "source_department": "Ville de Saguenay", "source_last_edit_at": ""}}, {"type": "Feature", "geometry": {"type": "Point", "coordinates": [-71.0358643998, 48.425526301]}, "properties": {"id": "saguenay-58243", "species_group": "crabapple", "scientific_name": "Malus sp.", "common_name": "Pommier", "subtype_name": "Pommier", "zip_code": null, "ownership": "public", "ownership_raw": "Ville de Saguenay", "city": "Saguenay", "source_dataset": "Inventaire des arbres répertoriés", "source_department": "Ville de Saguenay", "source_last_edit_at": ""}}, {"type": "Feature", "geometry": {"type": "Point", "coordinates": [-71.0358008004, 48.4254942012]}, "properties": {"id": "saguenay-58244", "species_group": "crabapple", "scientific_name": "Malus sp.", "common_name": "Pommier", "subtype_name": "Pommier", "zip_code": null, "ownership": "public", "ownership_raw": "Ville de Saguenay", "city": "Saguenay", "source_dataset": "Inventaire des arbres répertoriés", "source_department": "Ville de Saguenay", "source_last_edit_at": ""}}, {"type": "Feature", "geometry": {"type": "Point", "coordinates": [-71.0355087993, 48.4254040011]}, "properties": {"id": "saguenay-58250", "species_group": "crabapple", "scientific_name": "Malus sp.", "common_name": "Pommier", "subtype_name": "Pommier", "zip_code": null, "ownership": "public", "ownership_raw": "Ville de Saguenay", "city": "Saguenay", "source_dataset": "Inventaire des arbres répertoriés", "source_department": "Ville de Saguenay", "source_last_edit_at": ""}}, {"type": "Feature", "geometry": {"type": "Point", "coordinates": [-71.0352632999, 48.4253163011]}, "properties": {"id": "saguenay-58252", "species_group": "crabapple", "scientific_name": "Malus sp.", "common_name": "Pommier", "subtype_name": "Pommier", "zip_code": null, "ownership": "public", "ownership_raw": "Ville de Saguenay", "city": "Saguenay", "source_dataset": "Inventaire des arbres répertoriés", "source_department": "Ville de Saguenay", "source_last_edit_at": ""}}, {"type": "Feature", "geometry": {"type": "Point", "coordinates": [-71.0354504001, 48.4252776006]}, "properties": {"id": "saguenay-58253", "species_group": "crabapple", "scientific_name": "Malus sp.", "common_name": "Pommier", "subtype_name": "Pommier", "zip_code": null, "ownership": "public", "ownership_raw": "Ville de Saguenay", "city": "Saguenay", "source_dataset": "Inventaire des arbres répertoriés", "source_department": "Ville de Saguenay", "source_last_edit_at": ""}}, {"type": "Feature", "geometry": {"type": "Point", "coordinates": [-71.0529200994, 48.3928803007]}, "properties": {"id": "saguenay-58301", "species_group": "crabapple", "scientific_name": "Malus sp.", "common_name": "Pommier", "subtype_name": "Pommier", "zip_code": null, "ownership": "public", "ownership_raw": "Ville de Saguenay", "city": "Saguenay", "source_dataset": "Inventaire des arbres répertoriés", "source_department": "Ville de Saguenay", "source_last_edit_at": ""}}, {"type": "Feature", "geometry": {"type": "Point", "coordinates": [-71.0528253005, 48.3928797012]}, "properties": {"id": "saguenay-58302", "species_group": "crabapple", "scientific_name": "Malus sp.", "common_name": "Pommier", "subtype_name": "Pommier", "zip_code": null, "ownership": "public", "ownership_raw": "Ville de Saguenay", "city": "Saguenay", "source_dataset": "Inventaire des arbres répertoriés", "source_department": "Ville de Saguenay", "source_last_edit_at": ""}}, {"type": "Feature", "geometry": {"type": "Point", "coordinates": [-71.0526378007, 48.3928949005]}, "properties": {"id": "saguenay-58303", "species_group": "crabapple", "scientific_name": "Malus sp.", "common_name": "Pommier", "subtype_name": "Pommier", "zip_code": null, "ownership": "public", "ownership_raw": "Ville de Saguenay", "city": "Saguenay", "source_dataset": "Inventaire des arbres répertoriés", "source_department": "Ville de Saguenay", "source_last_edit_at": ""}}, {"type": "Feature", "geometry": {"type": "Point", "coordinates": [-71.0522809003, 48.3929456005]}, "properties": {"id": "saguenay-58304", "species_group": "crabapple", "scientific_name": "Malus sp.", "common_name": "Pommier", "subtype_name": "Pommier", "zip_code": null, "ownership": "public", "ownership_raw": "Ville de Saguenay", "city": "Saguenay", "source_dataset": "Inventaire des arbres répertoriés", "source_department": "Ville de Saguenay", "source_last_edit_at": ""}}, {"type": "Feature", "geometry": {"type": "Point", "coordinates": [-71.0521596002, 48.3929434009]}, "properties": {"id": "saguenay-58305", "species_group": "crabapple", "scientific_name": "Malus sp.", "common_name": "Pommier", "subtype_name": "Pommier", "zip_code": null, "ownership": "public", "ownership_raw": "Ville de Saguenay", "city": "Saguenay", "source_dataset": "Inventaire des arbres répertoriés", "source_department": "Ville de Saguenay", "source_last_edit_at": ""}}, {"type": "Feature", "geometry": {"type": "Point", "coordinates": [-71.0520678002, 48.3929560012]}, "properties": {"id": "saguenay-58306", "species_group": "crabapple", "scientific_name": "Malus sp.", "common_name": "Pommier", "subtype_name": "Pommier", "zip_code": null, "ownership": "public", "ownership_raw": "Ville de Saguenay", "city": "Saguenay", "source_dataset": "Inventaire des arbres répertoriés", "source_department": "Ville de Saguenay", "source_last_edit_at": ""}}, {"type": "Feature", "geometry": {"type": "Point", "coordinates": [-71.0519686994, 48.3929772014]}, "properties": {"id": "saguenay-58307", "species_group": "crabapple", "scientific_name": "Malus sp.", "common_name": "Pommier", "subtype_name": "Pommier", "zip_code": null, "ownership": "public", "ownership_raw": "Ville de Saguenay", "city": "Saguenay", "source_dataset": "Inventaire des arbres répertoriés", "source_department": "Ville de Saguenay", "source_last_edit_at": ""}}, {"type": "Feature", "geometry": {"type": "Point", "coordinates": [-71.0514667643, 48.3931400157]}, "properties": {"id": "saguenay-58308", "species_group": "crabapple", "scientific_name": "Malus sp.", "common_name": "Pommier", "subtype_name": "Pommier", "zip_code": null, "ownership": "public", "ownership_raw": "Ville de Saguenay", "city": "Saguenay", "source_dataset": "Inventaire des arbres répertoriés", "source_department": "Ville de Saguenay", "source_last_edit_at": ""}}, {"type": "Feature", "geometry": {"type": "Point", "coordinates": [-71.0514025444, 48.3931697534]}, "properties": {"id": "saguenay-58309", "species_group": "crabapple", "scientific_name": "Malus sp.", "common_name": "Pommier", "subtype_name": "Pommier", "zip_code": null, "ownership": "public", "ownership_raw": "Ville de Saguenay", "city": "Saguenay", "source_dataset": "Inventaire des arbres répertoriés", "source_department": "Ville de Saguenay", "source_last_edit_at": ""}}, {"type": "Feature", "geometry": {"type": "Point", "coordinates": [-71.0513352502, 48.3931989347]}, "properties": {"id": "saguenay-58310", "species_group": "crabapple", "scientific_name": "Malus sp.", "common_name": "Pommier", "subtype_name": "Pommier", "zip_code": null, "ownership": "public", "ownership_raw": "Ville de Saguenay", "city": "Saguenay", "source_dataset": "Inventaire des arbres répertoriés", "source_department": "Ville de Saguenay", "source_last_edit_at": ""}}, {"type": "Feature", "geometry": {"type": "Point", "coordinates": [-71.0512649593, 48.3932346248]}, "properties": {"id": "saguenay-58311", "species_group": "crabapple", "scientific_name": "Malus sp.", "common_name": "Pommier", "subtype_name": "Pommier", "zip_code": null, "ownership": "public", "ownership_raw": "Ville de Saguenay", "city": "Saguenay", "source_dataset": "Inventaire des arbres répertoriés", "source_department": "Ville de Saguenay", "source_last_edit_at": ""}}, {"type": "Feature", "geometry": {"type": "Point", "coordinates": [-71.0511982797, 48.3932652124]}, "properties": {"id": "saguenay-58312", "species_group": "crabapple", "scientific_name": "Malus sp.", "common_name": "Pommier", "subtype_name": "Pommier", "zip_code": null, "ownership": "public", "ownership_raw": "Ville de Saguenay", "city": "Saguenay", "source_dataset": "Inventaire des arbres répertoriés", "source_department": "Ville de Saguenay", "source_last_edit_at": ""}}, {"type": "Feature", "geometry": {"type": "Point", "coordinates": [-71.0511390062, 48.3933008307]}, "properties": {"id": "saguenay-58313", "species_group": "crabapple", "scientific_name": "Malus sp.", "common_name": "Pommier", "subtype_name": "Pommier", "zip_code": null, "ownership": "public", "ownership_raw": "Ville de Saguenay", "city": "Saguenay", "source_dataset": "Inventaire des arbres répertoriés", "source_department": "Ville de Saguenay", "source_last_edit_at": ""}}, {"type": "Feature", "geometry": {"type": "Point", "coordinates": [-71.0508496002, 48.3935045007]}, "properties": {"id": "saguenay-58314", "species_group": "crabapple", "scientific_name": "Malus sp.", "common_name": "Pommier", "subtype_name": "Pommier", "zip_code": null, "ownership": "public", "ownership_raw": "Ville de Saguenay", "city": "Saguenay", "source_dataset": "Inventaire des arbres répertoriés", "source_department": "Ville de Saguenay", "source_last_edit_at": ""}}, {"type": "Feature", "geometry": {"type": "Point", "coordinates": [-71.0507997994, 48.3935347006]}, "properties": {"id": "saguenay-58315", "species_group": "crabapple", "scientific_name": "Malus sp.", "common_name": "Pommier", "subtype_name": "Pommier", "zip_code": null, "ownership": "public", "ownership_raw": "Ville de Saguenay", "city": "Saguenay", "source_dataset": "Inventaire des arbres répertoriés", "source_department": "Ville de Saguenay", "source_last_edit_at": ""}}, {"type": "Feature", "geometry": {"type": "Point", "coordinates": [-71.0579803996, 48.3935136008]}, "properties": {"id": "saguenay-58326", "species_group": "crabapple", "scientific_name": "Malus sp.", "common_name": "Pommier", "subtype_name": "Pommier", "zip_code": null, "ownership": "public", "ownership_raw": "Ville de Saguenay", "city": "Saguenay", "source_dataset": "Inventaire des arbres répertoriés", "source_department": "Ville de Saguenay", "source_last_edit_at": ""}}, {"type": "Feature", "geometry": {"type": "Point", "coordinates": [-71.0580939002, 48.3935198011]}, "properties": {"id": "saguenay-58328", "species_group": "crabapple", "scientific_name": "Malus sp.", "common_name": "Pommier", "subtype_name": "Pommier", "zip_code": null, "ownership": "public", "ownership_raw": "Ville de Saguenay", "city": "Saguenay", "source_dataset": "Inventaire des arbres répertoriés", "source_department": "Ville de Saguenay", "source_last_edit_at": ""}}, {"type": "Feature", "geometry": {"type": "Point", "coordinates": [-71.0581913001, 48.3935188007]}, "properties": {"id": "saguenay-58330", "species_group": "crabapple", "scientific_name": "Malus sp.", "common_name": "Pommier", "subtype_name": "Pommier", "zip_code": null, "ownership": "public", "ownership_raw": "Ville de Saguenay", "city": "Saguenay", "source_dataset": "Inventaire des arbres répertoriés", "source_department": "Ville de Saguenay", "source_last_edit_at": ""}}, {"type": "Feature", "geometry": {"type": "Point", "coordinates": [-71.0585023998, 48.3935463008]}, "properties": {"id": "saguenay-58331", "species_group": "crabapple", "scientific_name": "Malus sp.", "common_name": "Pommier", "subtype_name": "Pommier", "zip_code": null, "ownership": "public", "ownership_raw": "Ville de Saguenay", "city": "Saguenay", "source_dataset": "Inventaire des arbres répertoriés", "source_department": "Ville de Saguenay", "source_last_edit_at": ""}}, {"type": "Feature", "geometry": {"type": "Point", "coordinates": [-71.0586075994, 48.3935561008]}, "properties": {"id": "saguenay-58333", "species_group": "crabapple", "scientific_name": "Malus sp.", "common_name": "Pommier", "subtype_name": "Pommier", "zip_code": null, "ownership": "public", "ownership_raw": "Ville de Saguenay", "city": "Saguenay", "source_dataset": "Inventaire des arbres répertoriés", "source_department": "Ville de Saguenay", "source_last_edit_at": ""}}, {"type": "Feature", "geometry": {"type": "Point", "coordinates": [-71.0587131002, 48.393571201]}, "properties": {"id": "saguenay-58335", "species_group": "crabapple", "scientific_name": "Malus sp.", "common_name": "Pommier", "subtype_name": "Pommier", "zip_code": null, "ownership": "public", "ownership_raw": "Ville de Saguenay", "city": "Saguenay", "source_dataset": "Inventaire des arbres répertoriés", "source_department": "Ville de Saguenay", "source_last_edit_at": ""}}, {"type": "Feature", "geometry": {"type": "Point", "coordinates": [-71.0588193006, 48.3935694009]}, "properties": {"id": "saguenay-58337", "species_group": "crabapple", "scientific_name": "Malus sp.", "common_name": "Pommier", "subtype_name": "Pommier", "zip_code": null, "ownership": "public", "ownership_raw": "Ville de Saguenay", "city": "Saguenay", "source_dataset": "Inventaire des arbres répertoriés", "source_department": "Ville de Saguenay", "source_last_edit_at": ""}}, {"type": "Feature", "geometry": {"type": "Point", "coordinates": [-71.0588762997, 48.3935785011]}, "properties": {"id": "saguenay-58338", "species_group": "crabapple", "scientific_name": "Malus sp.", "common_name": "Pommier", "subtype_name": "Pommier", "zip_code": null, "ownership": "public", "ownership_raw": "Ville de Saguenay", "city": "Saguenay", "source_dataset": "Inventaire des arbres répertoriés", "source_department": "Ville de Saguenay", "source_last_edit_at": ""}}, {"type": "Feature", "geometry": {"type": "Point", "coordinates": [-71.0590875998, 48.3935791007]}, "properties": {"id": "saguenay-58343", "species_group": "crabapple", "scientific_name": "Malus sp.", "common_name": "Pommier", "subtype_name": "Pommier", "zip_code": null, "ownership": "public", "ownership_raw": "Ville de Saguenay", "city": "Saguenay", "source_dataset": "Inventaire des arbres répertoriés", "source_department": "Ville de Saguenay", "source_last_edit_at": ""}}, {"type": "Feature", "geometry": {"type": "Point", "coordinates": [-71.0591898998, 48.3936055007]}, "properties": {"id": "saguenay-58345", "species_group": "crabapple", "scientific_name": "Malus sp.", "common_name": "Pommier", "subtype_name": "Pommier", "zip_code": null, "ownership": "public", "ownership_raw": "Ville de Saguenay", "city": "Saguenay", "source_dataset": "Inventaire des arbres répertoriés", "source_department": "Ville de Saguenay", "source_last_edit_at": ""}}, {"type": "Feature", "geometry": {"type": "Point", "coordinates": [-71.0333758006, 48.4235454005]}, "properties": {"id": "saguenay-58361", "species_group": "crabapple", "scientific_name": "Malus sp.", "common_name": "Pommier", "subtype_name": "Pommier", "zip_code": null, "ownership": "public", "ownership_raw": "Ville de Saguenay", "city": "Saguenay", "source_dataset": "Inventaire des arbres répertoriés", "source_department": "Ville de Saguenay", "source_last_edit_at": ""}}, {"type": "Feature", "geometry": {"type": "Point", "coordinates": [-71.0337174998, 48.4236007006]}, "properties": {"id": "saguenay-58386", "species_group": "crabapple", "scientific_name": "Malus sp.", "common_name": "Pommier", "subtype_name": "Pommier", "zip_code": null, "ownership": "public", "ownership_raw": "Ville de Saguenay", "city": "Saguenay", "source_dataset": "Inventaire des arbres répertoriés", "source_department": "Ville de Saguenay", "source_last_edit_at": ""}}, {"type": "Feature", "geometry": {"type": "Point", "coordinates": [-71.0337895004, 48.4236519006]}, "properties": {"id": "saguenay-58387", "species_group": "crabapple", "scientific_name": "Malus sp.", "common_name": "Pommier", "subtype_name": "Pommier", "zip_code": null, "ownership": "public", "ownership_raw": "Ville de Saguenay", "city": "Saguenay", "source_dataset": "Inventaire des arbres répertoriés", "source_department": "Ville de Saguenay", "source_last_edit_at": ""}}, {"type": "Feature", "geometry": {"type": "Point", "coordinates": [-71.0345086003, 48.4237418011]}, "properties": {"id": "saguenay-58429", "species_group": "crabapple", "scientific_name": "Malus sp.", "common_name": "Pommier", "subtype_name": "Pommier", "zip_code": null, "ownership": "public", "ownership_raw": "Ville de Saguenay", "city": "Saguenay", "source_dataset": "Inventaire des arbres répertoriés", "source_department": "Ville de Saguenay", "source_last_edit_at": ""}}, {"type": "Feature", "geometry": {"type": "Point", "coordinates": [-71.0345720998, 48.4235987006]}, "properties": {"id": "saguenay-58432", "species_group": "crabapple", "scientific_name": "Malus sp.", "common_name": "Pommier", "subtype_name": "Pommier", "zip_code": null, "ownership": "public", "ownership_raw": "Ville de Saguenay", "city": "Saguenay", "source_dataset": "Inventaire des arbres répertoriés", "source_department": "Ville de Saguenay", "source_last_edit_at": ""}}, {"type": "Feature", "geometry": {"type": "Point", "coordinates": [-71.0347943, 48.4244254007]}, "properties": {"id": "saguenay-58441", "species_group": "crabapple", "scientific_name": "Malus sp.", "common_name": "Pommier", "subtype_name": "Pommier", "zip_code": null, "ownership": "public", "ownership_raw": "Ville de Saguenay", "city": "Saguenay", "source_dataset": "Inventaire des arbres répertoriés", "source_department": "Ville de Saguenay", "source_last_edit_at": ""}}, {"type": "Feature", "geometry": {"type": "Point", "coordinates": [-71.0369576994, 48.4241594009]}, "properties": {"id": "saguenay-58552", "species_group": "crabapple", "scientific_name": "Malus sp.", "common_name": "Pommier", "subtype_name": "Pommier", "zip_code": null, "ownership": "public", "ownership_raw": "Ville de Saguenay", "city": "Saguenay", "source_dataset": "Inventaire des arbres répertoriés", "source_department": "Ville de Saguenay", "source_last_edit_at": ""}}, {"type": "Feature", "geometry": {"type": "Point", "coordinates": [-71.0368706001, 48.4241933013]}, "properties": {"id": "saguenay-58553", "species_group": "crabapple", "scientific_name": "Malus sp.", "common_name": "Pommier", "subtype_name": "Pommier", "zip_code": null, "ownership": "public", "ownership_raw": "Ville de Saguenay", "city": "Saguenay", "source_dataset": "Inventaire des arbres répertoriés", "source_department": "Ville de Saguenay", "source_last_edit_at": ""}}, {"type": "Feature", "geometry": {"type": "Point", "coordinates": [-71.0368141999, 48.4242079007]}, "properties": {"id": "saguenay-58554", "species_group": "crabapple", "scientific_name": "Malus sp.", "common_name": "Pommier", "subtype_name": "Pommier", "zip_code": null, "ownership": "public", "ownership_raw": "Ville de Saguenay", "city": "Saguenay", "source_dataset": "Inventaire des arbres répertoriés", "source_department": "Ville de Saguenay", "source_last_edit_at": ""}}, {"type": "Feature", "geometry": {"type": "Point", "coordinates": [-71.0592675002, 48.3933977013]}, "properties": {"id": "saguenay-58591", "species_group": "crabapple", "scientific_name": "Malus sp.", "common_name": "Pommier", "subtype_name": "Pommier", "zip_code": null, "ownership": "public", "ownership_raw": "Ville de Saguenay", "city": "Saguenay", "source_dataset": "Inventaire des arbres répertoriés", "source_department": "Ville de Saguenay", "source_last_edit_at": ""}}, {"type": "Feature", "geometry": {"type": "Point", "coordinates": [-71.0591747997, 48.3933904009]}, "properties": {"id": "saguenay-58593", "species_group": "crabapple", "scientific_name": "Malus sp.", "common_name": "Pommier", "subtype_name": "Pommier", "zip_code": null, "ownership": "public", "ownership_raw": "Ville de Saguenay", "city": "Saguenay", "source_dataset": "Inventaire des arbres répertoriés", "source_department": "Ville de Saguenay", "source_last_edit_at": ""}}, {"type": "Feature", "geometry": {"type": "Point", "coordinates": [-71.0589787999, 48.3933744006]}, "properties": {"id": "saguenay-58596", "species_group": "crabapple", "scientific_name": "Malus sp.", "common_name": "Pommier", "subtype_name": "Pommier", "zip_code": null, "ownership": "public", "ownership_raw": "Ville de Saguenay", "city": "Saguenay", "source_dataset": "Inventaire des arbres répertoriés", "source_department": "Ville de Saguenay", "source_last_edit_at": ""}}, {"type": "Feature", "geometry": {"type": "Point", "coordinates": [-71.0587767993, 48.3933624009]}, "properties": {"id": "saguenay-58599", "species_group": "crabapple", "scientific_name": "Malus sp.", "common_name": "Pommier", "subtype_name": "Pommier", "zip_code": null, "ownership": "public", "ownership_raw": "Ville de Saguenay", "city": "Saguenay", "source_dataset": "Inventaire des arbres répertoriés", "source_department": "Ville de Saguenay", "source_last_edit_at": ""}}, {"type": "Feature", "geometry": {"type": "Point", "coordinates": [-71.0594894996, 48.3936230007]}, "properties": {"id": "saguenay-58622", "species_group": "crabapple", "scientific_name": "Malus sp.", "common_name": "Pommier", "subtype_name": "Pommier", "zip_code": null, "ownership": "public", "ownership_raw": "Ville de Saguenay", "city": "Saguenay", "source_dataset": "Inventaire des arbres répertoriés", "source_department": "Ville de Saguenay", "source_last_edit_at": ""}}, {"type": "Feature", "geometry": {"type": "Point", "coordinates": [-71.0596046996, 48.3936308012]}, "properties": {"id": "saguenay-58624", "species_group": "crabapple", "scientific_name": "Malus sp.", "common_name": "Pommier", "subtype_name": "Pommier", "zip_code": null, "ownership": "public", "ownership_raw": "Ville de Saguenay", "city": "Saguenay", "source_dataset": "Inventaire des arbres répertoriés", "source_department": "Ville de Saguenay", "source_last_edit_at": ""}}, {"type": "Feature", "geometry": {"type": "Point", "coordinates": [-71.0596709005, 48.3936337008]}, "properties": {"id": "saguenay-58626", "species_group": "crabapple", "scientific_name": "Malus sp.", "common_name": "Pommier", "subtype_name": "Pommier", "zip_code": null, "ownership": "public", "ownership_raw": "Ville de Saguenay", "city": "Saguenay", "source_dataset": "Inventaire des arbres répertoriés", "source_department": "Ville de Saguenay", "source_last_edit_at": ""}}, {"type": "Feature", "geometry": {"type": "Point", "coordinates": [-71.0597933004, 48.3936429006]}, "properties": {"id": "saguenay-58628", "species_group": "crabapple", "scientific_name": "Malus sp.", "common_name": "Pommier", "subtype_name": "Pommier", "zip_code": null, "ownership": "public", "ownership_raw": "Ville de Saguenay", "city": "Saguenay", "source_dataset": "Inventaire des arbres répertoriés", "source_department": "Ville de Saguenay", "source_last_edit_at": ""}}, {"type": "Feature", "geometry": {"type": "Point", "coordinates": [-71.0598538002, 48.3936440012]}, "properties": {"id": "saguenay-58630", "species_group": "crabapple", "scientific_name": "Malus sp.", "common_name": "Pommier", "subtype_name": "Pommier", "zip_code": null, "ownership": "public", "ownership_raw": "Ville de Saguenay", "city": "Saguenay", "source_dataset": "Inventaire des arbres répertoriés", "source_department": "Ville de Saguenay", "source_last_edit_at": ""}}, {"type": "Feature", "geometry": {"type": "Point", "coordinates": [-71.0613027995, 48.3935438011]}, "properties": {"id": "saguenay-58654", "species_group": "crabapple", "scientific_name": "Malus sp.", "common_name": "Pommier", "subtype_name": "Pommier", "zip_code": null, "ownership": "public", "ownership_raw": "Ville de Saguenay", "city": "Saguenay", "source_dataset": "Inventaire des arbres répertoriés", "source_department": "Ville de Saguenay", "source_last_edit_at": ""}}, {"type": "Feature", "geometry": {"type": "Point", "coordinates": [-71.0612022999, 48.3935455011]}, "properties": {"id": "saguenay-58656", "species_group": "crabapple", "scientific_name": "Malus sp.", "common_name": "Pommier", "subtype_name": "Pommier", "zip_code": null, "ownership": "public", "ownership_raw": "Ville de Saguenay", "city": "Saguenay", "source_dataset": "Inventaire des arbres répertoriés", "source_department": "Ville de Saguenay", "source_last_edit_at": ""}}, {"type": "Feature", "geometry": {"type": "Point", "coordinates": [-71.0611078005, 48.3935418014]}, "properties": {"id": "saguenay-58657", "species_group": "crabapple", "scientific_name": "Malus sp.", "common_name": "Pommier", "subtype_name": "Pommier", "zip_code": null, "ownership": "public", "ownership_raw": "Ville de Saguenay", "city": "Saguenay", "source_dataset": "Inventaire des arbres répertoriés", "source_department": "Ville de Saguenay", "source_last_edit_at": ""}}, {"type": "Feature", "geometry": {"type": "Point", "coordinates": [-71.0602781994, 48.3935037005]}, "properties": {"id": "saguenay-58662", "species_group": "crabapple", "scientific_name": "Malus sp.", "common_name": "Pommier", "subtype_name": "Pommier", "zip_code": null, "ownership": "public", "ownership_raw": "Ville de Saguenay", "city": "Saguenay", "source_dataset": "Inventaire des arbres répertoriés", "source_department": "Ville de Saguenay", "source_last_edit_at": ""}}, {"type": "Feature", "geometry": {"type": "Point", "coordinates": [-71.0601753, 48.3935006013]}, "properties": {"id": "saguenay-58663", "species_group": "crabapple", "scientific_name": "Malus sp.", "common_name": "Pommier", "subtype_name": "Pommier", "zip_code": null, "ownership": "public", "ownership_raw": "Ville de Saguenay", "city": "Saguenay", "source_dataset": "Inventaire des arbres répertoriés", "source_department": "Ville de Saguenay", "source_last_edit_at": ""}}, {"type": "Feature", "geometry": {"type": "Point", "coordinates": [-71.0599225994, 48.3934443009]}, "properties": {"id": "saguenay-58664", "species_group": "crabapple", "scientific_name": "Malus sp.", "common_name": "Pommier", "subtype_name": "Pommier", "zip_code": null, "ownership": "public", "ownership_raw": "Ville de Saguenay", "city": "Saguenay", "source_dataset": "Inventaire des arbres répertoriés", "source_department": "Ville de Saguenay", "source_last_edit_at": ""}}, {"type": "Feature", "geometry": {"type": "Point", "coordinates": [-71.0598307001, 48.393432001]}, "properties": {"id": "saguenay-58666", "species_group": "crabapple", "scientific_name": "Malus sp.", "common_name": "Pommier", "subtype_name": "Pommier", "zip_code": null, "ownership": "public", "ownership_raw": "Ville de Saguenay", "city": "Saguenay", "source_dataset": "Inventaire des arbres répertoriés", "source_department": "Ville de Saguenay", "source_last_edit_at": ""}}, {"type": "Feature", "geometry": {"type": "Point", "coordinates": [-71.0597331004, 48.3934357011]}, "properties": {"id": "saguenay-58668", "species_group": "crabapple", "scientific_name": "Malus sp.", "common_name": "Pommier", "subtype_name": "Pommier", "zip_code": null, "ownership": "public", "ownership_raw": "Ville de Saguenay", "city": "Saguenay", "source_dataset": "Inventaire des arbres répertoriés", "source_department": "Ville de Saguenay", "source_last_edit_at": ""}}, {"type": "Feature", "geometry": {"type": "Point", "coordinates": [-71.0596496995, 48.393424001]}, "properties": {"id": "saguenay-58670", "species_group": "crabapple", "scientific_name": "Malus sp.", "common_name": "Pommier", "subtype_name": "Pommier", "zip_code": null, "ownership": "public", "ownership_raw": "Ville de Saguenay", "city": "Saguenay", "source_dataset": "Inventaire des arbres répertoriés", "source_department": "Ville de Saguenay", "source_last_edit_at": ""}}, {"type": "Feature", "geometry": {"type": "Point", "coordinates": [-71.0371113998, 48.4242070013]}, "properties": {"id": "saguenay-58725", "species_group": "crabapple", "scientific_name": "Malus sp.", "common_name": "Pommier", "subtype_name": "Pommier", "zip_code": null, "ownership": "public", "ownership_raw": "Ville de Saguenay", "city": "Saguenay", "source_dataset": "Inventaire des arbres répertoriés", "source_department": "Ville de Saguenay", "source_last_edit_at": ""}}, {"type": "Feature", "geometry": {"type": "Point", "coordinates": [-71.0363163997, 48.4230204006]}, "properties": {"id": "saguenay-58801", "species_group": "crabapple", "scientific_name": "Malus sp.", "common_name": "Pommier", "subtype_name": "Pommier", "zip_code": null, "ownership": "public", "ownership_raw": "Ville de Saguenay", "city": "Saguenay", "source_dataset": "Inventaire des arbres répertoriés", "source_department": "Ville de Saguenay", "source_last_edit_at": ""}}, {"type": "Feature", "geometry": {"type": "Point", "coordinates": [-71.0685705004, 48.3938584009]}, "properties": {"id": "saguenay-59040", "species_group": "crabapple", "scientific_name": "Malus sp.", "common_name": "Pommier", "subtype_name": "Pommier", "zip_code": null, "ownership": "public", "ownership_raw": "Ville de Saguenay", "city": "Saguenay", "source_dataset": "Inventaire des arbres répertoriés", "source_department": "Ville de Saguenay", "source_last_edit_at": ""}}, {"type": "Feature", "geometry": {"type": "Point", "coordinates": [-71.035248222, 48.4222763107]}, "properties": {"id": "saguenay-59044", "species_group": "crabapple", "scientific_name": "Malus sp.", "common_name": "Pommier", "subtype_name": "Pommier", "zip_code": null, "ownership": "public", "ownership_raw": "Ville de Saguenay", "city": "Saguenay", "source_dataset": "Inventaire des arbres répertoriés", "source_department": "Ville de Saguenay", "source_last_edit_at": ""}}, {"type": "Feature", "geometry": {"type": "Point", "coordinates": [-71.0353127285, 48.4222851889]}, "properties": {"id": "saguenay-59045", "species_group": "crabapple", "scientific_name": "Malus sp.", "common_name": "Pommier", "subtype_name": "Pommier", "zip_code": null, "ownership": "public", "ownership_raw": "Ville de Saguenay", "city": "Saguenay", "source_dataset": "Inventaire des arbres répertoriés", "source_department": "Ville de Saguenay", "source_last_edit_at": ""}}, {"type": "Feature", "geometry": {"type": "Point", "coordinates": [-71.1721008004, 48.4081382013]}, "properties": {"id": "saguenay-5906", "species_group": "crabapple", "scientific_name": "Malus sp.", "common_name": "Pommier", "subtype_name": "Pommier", "zip_code": null, "ownership": "public", "ownership_raw": "Ville de Saguenay", "city": "Saguenay", "source_dataset": "Inventaire des arbres répertoriés", "source_department": "Ville de Saguenay", "source_last_edit_at": ""}}, {"type": "Feature", "geometry": {"type": "Point", "coordinates": [-71.1720965994, 48.4081662014]}, "properties": {"id": "saguenay-5907", "species_group": "crabapple", "scientific_name": "Malus sp.", "common_name": "Pommier", "subtype_name": "Pommier", "zip_code": null, "ownership": "public", "ownership_raw": "Ville de Saguenay", "city": "Saguenay", "source_dataset": "Inventaire des arbres répertoriés", "source_department": "Ville de Saguenay", "source_last_edit_at": ""}}, {"type": "Feature", "geometry": {"type": "Point", "coordinates": [-71.0383931997, 48.4227071007]}, "properties": {"id": "saguenay-59074", "species_group": "crabapple", "scientific_name": "Malus sp.", "common_name": "Pommier", "subtype_name": "Pommier", "zip_code": null, "ownership": "public", "ownership_raw": "Ville de Saguenay", "city": "Saguenay", "source_dataset": "Inventaire des arbres répertoriés", "source_department": "Ville de Saguenay", "source_last_edit_at": ""}}, {"type": "Feature", "geometry": {"type": "Point", "coordinates": [-71.0382841996, 48.4221487009]}, "properties": {"id": "saguenay-59091", "species_group": "crabapple", "scientific_name": "Malus sp.", "common_name": "Pommier", "subtype_name": "Pommier", "zip_code": null, "ownership": "public", "ownership_raw": "Ville de Saguenay", "city": "Saguenay", "source_dataset": "Inventaire des arbres répertoriés", "source_department": "Ville de Saguenay", "source_last_edit_at": ""}}, {"type": "Feature", "geometry": {"type": "Point", "coordinates": [-71.049266, 48.4225439011]}, "properties": {"id": "saguenay-59141", "species_group": "crabapple", "scientific_name": "Malus sp.", "common_name": "Pommier", "subtype_name": "Pommier", "zip_code": null, "ownership": "public", "ownership_raw": "Ville de Saguenay", "city": "Saguenay", "source_dataset": "Inventaire des arbres répertoriés", "source_department": "Ville de Saguenay", "source_last_edit_at": ""}}, {"type": "Feature", "geometry": {"type": "Point", "coordinates": [-71.0491746002, 48.4224366006]}, "properties": {"id": "saguenay-59142", "species_group": "crabapple", "scientific_name": "Malus sp.", "common_name": "Pommier", "subtype_name": "Pommier", "zip_code": null, "ownership": "public", "ownership_raw": "Ville de Saguenay", "city": "Saguenay", "source_dataset": "Inventaire des arbres répertoriés", "source_department": "Ville de Saguenay", "source_last_edit_at": ""}}, {"type": "Feature", "geometry": {"type": "Point", "coordinates": [-71.0490412997, 48.4223266013]}, "properties": {"id": "saguenay-59143", "species_group": "crabapple", "scientific_name": "Malus sp.", "common_name": "Pommier", "subtype_name": "Pommier", "zip_code": null, "ownership": "public", "ownership_raw": "Ville de Saguenay", "city": "Saguenay", "source_dataset": "Inventaire des arbres répertoriés", "source_department": "Ville de Saguenay", "source_last_edit_at": ""}}, {"type": "Feature", "geometry": {"type": "Point", "coordinates": [-71.0489430995, 48.4222446005]}, "properties": {"id": "saguenay-59144", "species_group": "crabapple", "scientific_name": "Malus sp.", "common_name": "Pommier", "subtype_name": "Pommier", "zip_code": null, "ownership": "public", "ownership_raw": "Ville de Saguenay", "city": "Saguenay", "source_dataset": "Inventaire des arbres répertoriés", "source_department": "Ville de Saguenay", "source_last_edit_at": ""}}, {"type": "Feature", "geometry": {"type": "Point", "coordinates": [-71.0488690006, 48.4221974007]}, "properties": {"id": "saguenay-59145", "species_group": "crabapple", "scientific_name": "Malus sp.", "common_name": "Pommier", "subtype_name": "Pommier", "zip_code": null, "ownership": "public", "ownership_raw": "Ville de Saguenay", "city": "Saguenay", "source_dataset": "Inventaire des arbres répertoriés", "source_department": "Ville de Saguenay", "source_last_edit_at": ""}}, {"type": "Feature", "geometry": {"type": "Point", "coordinates": [-71.0473371001, 48.4214604005]}, "properties": {"id": "saguenay-59187", "species_group": "crabapple", "scientific_name": "Malus sp.", "common_name": "Pommier", "subtype_name": "Pommier", "zip_code": null, "ownership": "public", "ownership_raw": "Ville de Saguenay", "city": "Saguenay", "source_dataset": "Inventaire des arbres répertoriés", "source_department": "Ville de Saguenay", "source_last_edit_at": ""}}, {"type": "Feature", "geometry": {"type": "Point", "coordinates": [-71.0472783994, 48.421429301]}, "properties": {"id": "saguenay-59188", "species_group": "crabapple", "scientific_name": "Malus sp.", "common_name": "Pommier", "subtype_name": "Pommier", "zip_code": null, "ownership": "public", "ownership_raw": "Ville de Saguenay", "city": "Saguenay", "source_dataset": "Inventaire des arbres répertoriés", "source_department": "Ville de Saguenay", "source_last_edit_at": ""}}, {"type": "Feature", "geometry": {"type": "Point", "coordinates": [-71.0471765006, 48.4213724011]}, "properties": {"id": "saguenay-59189", "species_group": "crabapple", "scientific_name": "Malus sp.", "common_name": "Pommier", "subtype_name": "Pommier", "zip_code": null, "ownership": "public", "ownership_raw": "Ville de Saguenay", "city": "Saguenay", "source_dataset": "Inventaire des arbres répertoriés", "source_department": "Ville de Saguenay", "source_last_edit_at": ""}}, {"type": "Feature", "geometry": {"type": "Point", "coordinates": [-71.0470127003, 48.4213195009]}, "properties": {"id": "saguenay-59190", "species_group": "crabapple", "scientific_name": "Malus sp.", "common_name": "Pommier", "subtype_name": "Pommier", "zip_code": null, "ownership": "public", "ownership_raw": "Ville de Saguenay", "city": "Saguenay", "source_dataset": "Inventaire des arbres répertoriés", "source_department": "Ville de Saguenay", "source_last_edit_at": ""}}, {"type": "Feature", "geometry": {"type": "Point", "coordinates": [-71.0469232997, 48.4212746012]}, "properties": {"id": "saguenay-59191", "species_group": "crabapple", "scientific_name": "Malus sp.", "common_name": "Pommier", "subtype_name": "Pommier", "zip_code": null, "ownership": "public", "ownership_raw": "Ville de Saguenay", "city": "Saguenay", "source_dataset": "Inventaire des arbres répertoriés", "source_department": "Ville de Saguenay", "source_last_edit_at": ""}}, {"type": "Feature", "geometry": {"type": "Point", "coordinates": [-71.0467153493, 48.4211719269]}, "properties": {"id": "saguenay-59192", "species_group": "crabapple", "scientific_name": "Malus sp.", "common_name": "Pommier", "subtype_name": "Pommier", "zip_code": null, "ownership": "public", "ownership_raw": "Ville de Saguenay", "city": "Saguenay", "source_dataset": "Inventaire des arbres répertoriés", "source_department": "Ville de Saguenay", "source_last_edit_at": ""}}, {"type": "Feature", "geometry": {"type": "Point", "coordinates": [-71.0466513309, 48.4211427114]}, "properties": {"id": "saguenay-59193", "species_group": "crabapple", "scientific_name": "Malus sp.", "common_name": "Pommier", "subtype_name": "Pommier", "zip_code": null, "ownership": "public", "ownership_raw": "Ville de Saguenay", "city": "Saguenay", "source_dataset": "Inventaire des arbres répertoriés", "source_department": "Ville de Saguenay", "source_last_edit_at": ""}}, {"type": "Feature", "geometry": {"type": "Point", "coordinates": [-71.0354394993, 48.4217901008]}, "properties": {"id": "saguenay-59236", "species_group": "crabapple", "scientific_name": "Malus sp.", "common_name": "Pommier", "subtype_name": "Pommier", "zip_code": null, "ownership": "public", "ownership_raw": "Ville de Saguenay", "city": "Saguenay", "source_dataset": "Inventaire des arbres répertoriés", "source_department": "Ville de Saguenay", "source_last_edit_at": ""}}, {"type": "Feature", "geometry": {"type": "Point", "coordinates": [-71.0360017004, 48.4213802013]}, "properties": {"id": "saguenay-59244", "species_group": "crabapple", "scientific_name": "Malus sp.", "common_name": "Pommier", "subtype_name": "Pommier", "zip_code": null, "ownership": "public", "ownership_raw": "Ville de Saguenay", "city": "Saguenay", "source_dataset": "Inventaire des arbres répertoriés", "source_department": "Ville de Saguenay", "source_last_edit_at": ""}}, {"type": "Feature", "geometry": {"type": "Point", "coordinates": [-71.0371677998, 48.421029201]}, "properties": {"id": "saguenay-59270", "species_group": "crabapple", "scientific_name": "Malus sp.", "common_name": "Pommier", "subtype_name": "Pommier", "zip_code": null, "ownership": "public", "ownership_raw": "Ville de Saguenay", "city": "Saguenay", "source_dataset": "Inventaire des arbres répertoriés", "source_department": "Ville de Saguenay", "source_last_edit_at": ""}}, {"type": "Feature", "geometry": {"type": "Point", "coordinates": [-71.0378665997, 48.4197280012]}, "properties": {"id": "saguenay-59307", "species_group": "crabapple", "scientific_name": "Malus sp.", "common_name": "Pommier", "subtype_name": "Pommier", "zip_code": null, "ownership": "public", "ownership_raw": "Ville de Saguenay", "city": "Saguenay", "source_dataset": "Inventaire des arbres répertoriés", "source_department": "Ville de Saguenay", "source_last_edit_at": ""}}, {"type": "Feature", "geometry": {"type": "Point", "coordinates": [-71.0390714001, 48.4188236997]}, "properties": {"id": "saguenay-59399", "species_group": "crabapple", "scientific_name": "Malus sp.", "common_name": "Pommier", "subtype_name": "Pommier", "zip_code": null, "ownership": "public", "ownership_raw": "Ville de Saguenay", "city": "Saguenay", "source_dataset": "Inventaire des arbres répertoriés", "source_department": "Ville de Saguenay", "source_last_edit_at": ""}}, {"type": "Feature", "geometry": {"type": "Point", "coordinates": [-71.0369541002, 48.4195557005]}, "properties": {"id": "saguenay-59405", "species_group": "crabapple", "scientific_name": "Malus sp.", "common_name": "Pommier", "subtype_name": "Pommier", "zip_code": null, "ownership": "public", "ownership_raw": "Ville de Saguenay", "city": "Saguenay", "source_dataset": "Inventaire des arbres répertoriés", "source_department": "Ville de Saguenay", "source_last_edit_at": ""}}, {"type": "Feature", "geometry": {"type": "Point", "coordinates": [-71.0365082006, 48.4202852014]}, "properties": {"id": "saguenay-59422", "species_group": "crabapple", "scientific_name": "Malus sp.", "common_name": "Pommier", "subtype_name": "Pommier", "zip_code": null, "ownership": "public", "ownership_raw": "Ville de Saguenay", "city": "Saguenay", "source_dataset": "Inventaire des arbres répertoriés", "source_department": "Ville de Saguenay", "source_last_edit_at": ""}}, {"type": "Feature", "geometry": {"type": "Point", "coordinates": [-71.0368068001, 48.4193693008]}, "properties": {"id": "saguenay-59431", "species_group": "crabapple", "scientific_name": "Malus sp.", "common_name": "Pommier", "subtype_name": "Pommier", "zip_code": null, "ownership": "public", "ownership_raw": "Ville de Saguenay", "city": "Saguenay", "source_dataset": "Inventaire des arbres répertoriés", "source_department": "Ville de Saguenay", "source_last_edit_at": ""}}, {"type": "Feature", "geometry": {"type": "Point", "coordinates": [-71.0420838999, 48.4186390008]}, "properties": {"id": "saguenay-59457", "species_group": "crabapple", "scientific_name": "Malus sp.", "common_name": "Pommier", "subtype_name": "Pommier", "zip_code": null, "ownership": "public", "ownership_raw": "Ville de Saguenay", "city": "Saguenay", "source_dataset": "Inventaire des arbres répertoriés", "source_department": "Ville de Saguenay", "source_last_edit_at": ""}}, {"type": "Feature", "geometry": {"type": "Point", "coordinates": [-71.0473689005, 48.423382801]}, "properties": {"id": "saguenay-59533", "species_group": "plum", "scientific_name": "Prunus americana", "common_name": "Prunier D'Amérique", "subtype_name": "Prunier D'Amérique", "zip_code": null, "ownership": "public", "ownership_raw": "Ville de Saguenay", "city": "Saguenay", "source_dataset": "Inventaire des arbres répertoriés", "source_department": "Ville de Saguenay", "source_last_edit_at": ""}}, {"type": "Feature", "geometry": {"type": "Point", "coordinates": [-71.0467304006, 48.4232637006]}, "properties": {"id": "saguenay-59543", "species_group": "plum", "scientific_name": "Prunus americana", "common_name": "Prunier D'Amérique", "subtype_name": "Prunier D'Amérique", "zip_code": null, "ownership": "public", "ownership_raw": "Ville de Saguenay", "city": "Saguenay", "source_dataset": "Inventaire des arbres répertoriés", "source_department": "Ville de Saguenay", "source_last_edit_at": ""}}, {"type": "Feature", "geometry": {"type": "Point", "coordinates": [-71.0440538, 48.4209819008]}, "properties": {"id": "saguenay-59694", "species_group": "crabapple", "scientific_name": "Malus sp.", "common_name": "Pommier", "subtype_name": "Pommier", "zip_code": null, "ownership": "public", "ownership_raw": "Ville de Saguenay", "city": "Saguenay", "source_dataset": "Inventaire des arbres répertoriés", "source_department": "Ville de Saguenay", "source_last_edit_at": ""}}, {"type": "Feature", "geometry": {"type": "Point", "coordinates": [-71.0442853004, 48.4210959006]}, "properties": {"id": "saguenay-59695", "species_group": "crabapple", "scientific_name": "Malus sp.", "common_name": "Pommier", "subtype_name": "Pommier", "zip_code": null, "ownership": "public", "ownership_raw": "Ville de Saguenay", "city": "Saguenay", "source_dataset": "Inventaire des arbres répertoriés", "source_department": "Ville de Saguenay", "source_last_edit_at": ""}}, {"type": "Feature", "geometry": {"type": "Point", "coordinates": [-71.0431968996, 48.4174975005]}, "properties": {"id": "saguenay-59757", "species_group": "crabapple", "scientific_name": "Malus sp.", "common_name": "Pommier", "subtype_name": "Pommier", "zip_code": null, "ownership": "public", "ownership_raw": "Ville de Saguenay", "city": "Saguenay", "source_dataset": "Inventaire des arbres répertoriés", "source_department": "Ville de Saguenay", "source_last_edit_at": ""}}, {"type": "Feature", "geometry": {"type": "Point", "coordinates": [-71.042880235, 48.4169064854]}, "properties": {"id": "saguenay-59798", "species_group": "crabapple", "scientific_name": "Malus sp.", "common_name": "Pommier", "subtype_name": "Pommier", "zip_code": null, "ownership": "public", "ownership_raw": "Ville de Saguenay", "city": "Saguenay", "source_dataset": "Inventaire des arbres répertoriés", "source_department": "Ville de Saguenay", "source_last_edit_at": ""}}, {"type": "Feature", "geometry": {"type": "Point", "coordinates": [-71.0402405827, 48.4154063676]}, "properties": {"id": "saguenay-59883", "species_group": "crabapple", "scientific_name": "Malus sp.", "common_name": "Pommier", "subtype_name": "Pommier", "zip_code": null, "ownership": "public", "ownership_raw": "Ville de Saguenay", "city": "Saguenay", "source_dataset": "Inventaire des arbres répertoriés", "source_department": "Ville de Saguenay", "source_last_edit_at": ""}}, {"type": "Feature", "geometry": {"type": "Point", "coordinates": [-71.0402479719, 48.415381275]}, "properties": {"id": "saguenay-59884", "species_group": "crabapple", "scientific_name": "Malus sp.", "common_name": "Pommier", "subtype_name": "Pommier", "zip_code": null, "ownership": "public", "ownership_raw": "Ville de Saguenay", "city": "Saguenay", "source_dataset": "Inventaire des arbres répertoriés", "source_department": "Ville de Saguenay", "source_last_edit_at": ""}}, {"type": "Feature", "geometry": {"type": "Point", "coordinates": [-71.0228143, 48.4183540007]}, "properties": {"id": "saguenay-59987", "species_group": "crabapple", "scientific_name": "Malus sp.", "common_name": "Pommier", "subtype_name": "Pommier", "zip_code": null, "ownership": "public", "ownership_raw": "Ville de Saguenay", "city": "Saguenay", "source_dataset": "Inventaire des arbres répertoriés", "source_department": "Ville de Saguenay", "source_last_edit_at": ""}}, {"type": "Feature", "geometry": {"type": "Point", "coordinates": [-71.0230458001, 48.4206394006]}, "properties": {"id": "saguenay-59996", "species_group": "crabapple", "scientific_name": "Malus sp.", "common_name": "Pommier", "subtype_name": "Pommier", "zip_code": null, "ownership": "public", "ownership_raw": "Ville de Saguenay", "city": "Saguenay", "source_dataset": "Inventaire des arbres répertoriés", "source_department": "Ville de Saguenay", "source_last_edit_at": ""}}, {"type": "Feature", "geometry": {"type": "Point", "coordinates": [-71.0224077004, 48.4210242007]}, "properties": {"id": "saguenay-59998", "species_group": "crabapple", "scientific_name": "Malus sp.", "common_name": "Pommier", "subtype_name": "Pommier", "zip_code": null, "ownership": "public", "ownership_raw": "Ville de Saguenay", "city": "Saguenay", "source_dataset": "Inventaire des arbres répertoriés", "source_department": "Ville de Saguenay", "source_last_edit_at": ""}}, {"type": "Feature", "geometry": {"type": "Point", "coordinates": [-71.0214166999, 48.4219109005]}, "properties": {"id": "saguenay-59999", "species_group": "crabapple", "scientific_name": "Malus sp.", "common_name": "Pommier", "subtype_name": "Pommier", "zip_code": null, "ownership": "public", "ownership_raw": "Ville de Saguenay", "city": "Saguenay", "source_dataset": "Inventaire des arbres répertoriés", "source_department": "Ville de Saguenay", "source_last_edit_at": ""}}, {"type": "Feature", "geometry": {"type": "Point", "coordinates": [-71.0229956002, 48.4196088007]}, "properties": {"id": "saguenay-60006", "species_group": "crabapple", "scientific_name": "Malus sp.", "common_name": "Pommier", "subtype_name": "Pommier", "zip_code": null, "ownership": "public", "ownership_raw": "Ville de Saguenay", "city": "Saguenay", "source_dataset": "Inventaire des arbres répertoriés", "source_department": "Ville de Saguenay", "source_last_edit_at": ""}}, {"type": "Feature", "geometry": {"type": "Point", "coordinates": [-71.0242656994, 48.4221924013]}, "properties": {"id": "saguenay-60009", "species_group": "crabapple", "scientific_name": "Malus sp.", "common_name": "Pommier", "subtype_name": "Pommier", "zip_code": null, "ownership": "public", "ownership_raw": "Ville de Saguenay", "city": "Saguenay", "source_dataset": "Inventaire des arbres répertoriés", "source_department": "Ville de Saguenay", "source_last_edit_at": ""}}, {"type": "Feature", "geometry": {"type": "Point", "coordinates": [-71.1707870999, 48.4129558005]}, "properties": {"id": "saguenay-6004", "species_group": "crabapple", "scientific_name": "Malus sp.", "common_name": "Pommier", "subtype_name": "Pommier", "zip_code": null, "ownership": "public", "ownership_raw": "Ville de Saguenay", "city": "Saguenay", "source_dataset": "Inventaire des arbres répertoriés", "source_department": "Ville de Saguenay", "source_last_edit_at": ""}}, {"type": "Feature", "geometry": {"type": "Point", "coordinates": [-71.0270925996, 48.4233321006]}, "properties": {"id": "saguenay-60057", "species_group": "crabapple", "scientific_name": "Malus sp.", "common_name": "Pommier", "subtype_name": "Pommier", "zip_code": null, "ownership": "public", "ownership_raw": "Ville de Saguenay", "city": "Saguenay", "source_dataset": "Inventaire des arbres répertoriés", "source_department": "Ville de Saguenay", "source_last_edit_at": ""}}, {"type": "Feature", "geometry": {"type": "Point", "coordinates": [-71.0372276998, 48.4164532006]}, "properties": {"id": "saguenay-60087", "species_group": "crabapple", "scientific_name": "Malus sp.", "common_name": "Pommier", "subtype_name": "Pommier", "zip_code": null, "ownership": "public", "ownership_raw": "Ville de Saguenay", "city": "Saguenay", "source_dataset": "Inventaire des arbres répertoriés", "source_department": "Ville de Saguenay", "source_last_edit_at": ""}}, {"type": "Feature", "geometry": {"type": "Point", "coordinates": [-71.0383032994, 48.4173759014]}, "properties": {"id": "saguenay-60120", "species_group": "crabapple", "scientific_name": "Malus sp.", "common_name": "Pommier", "subtype_name": "Pommier", "zip_code": null, "ownership": "public", "ownership_raw": "Ville de Saguenay", "city": "Saguenay", "source_dataset": "Inventaire des arbres répertoriés", "source_department": "Ville de Saguenay", "source_last_edit_at": ""}}, {"type": "Feature", "geometry": {"type": "Point", "coordinates": [-71.0363157996, 48.4146663007]}, "properties": {"id": "saguenay-60138", "species_group": "crabapple", "scientific_name": "Malus sp.", "common_name": "Pommier", "subtype_name": "Pommier", "zip_code": null, "ownership": "public", "ownership_raw": "Ville de Saguenay", "city": "Saguenay", "source_dataset": "Inventaire des arbres répertoriés", "source_department": "Ville de Saguenay", "source_last_edit_at": ""}}, {"type": "Feature", "geometry": {"type": "Point", "coordinates": [-71.0363766001, 48.4146288006]}, "properties": {"id": "saguenay-60139", "species_group": "crabapple", "scientific_name": "Malus sp.", "common_name": "Pommier", "subtype_name": "Pommier", "zip_code": null, "ownership": "public", "ownership_raw": "Ville de Saguenay", "city": "Saguenay", "source_dataset": "Inventaire des arbres répertoriés", "source_department": "Ville de Saguenay", "source_last_edit_at": ""}}, {"type": "Feature", "geometry": {"type": "Point", "coordinates": [-71.0344932006, 48.4141251013]}, "properties": {"id": "saguenay-60159", "species_group": "crabapple", "scientific_name": "Malus sp.", "common_name": "Pommier", "subtype_name": "Pommier", "zip_code": null, "ownership": "public", "ownership_raw": "Ville de Saguenay", "city": "Saguenay", "source_dataset": "Inventaire des arbres répertoriés", "source_department": "Ville de Saguenay", "source_last_edit_at": ""}}, {"type": "Feature", "geometry": {"type": "Point", "coordinates": [-71.0371734997, 48.4139854012]}, "properties": {"id": "saguenay-60184", "species_group": "crabapple", "scientific_name": "Malus sp.", "common_name": "Pommier", "subtype_name": "Pommier", "zip_code": null, "ownership": "public", "ownership_raw": "Ville de Saguenay", "city": "Saguenay", "source_dataset": "Inventaire des arbres répertoriés", "source_department": "Ville de Saguenay", "source_last_edit_at": ""}}, {"type": "Feature", "geometry": {"type": "Point", "coordinates": [-71.0371213997, 48.4139494]}, "properties": {"id": "saguenay-60185", "species_group": "crabapple", "scientific_name": "Malus sp.", "common_name": "Pommier", "subtype_name": "Pommier", "zip_code": null, "ownership": "public", "ownership_raw": "Ville de Saguenay", "city": "Saguenay", "source_dataset": "Inventaire des arbres répertoriés", "source_department": "Ville de Saguenay", "source_last_edit_at": ""}}, {"type": "Feature", "geometry": {"type": "Point", "coordinates": [-71.1714693007, 48.4141986014]}, "properties": {"id": "saguenay-6019", "species_group": "crabapple", "scientific_name": "Malus sp.", "common_name": "Pommier", "subtype_name": "Pommier", "zip_code": null, "ownership": "public", "ownership_raw": "Ville de Saguenay", "city": "Saguenay", "source_dataset": "Inventaire des arbres répertoriés", "source_department": "Ville de Saguenay", "source_last_edit_at": ""}}, {"type": "Feature", "geometry": {"type": "Point", "coordinates": [-71.0373975997, 48.4143784011]}, "properties": {"id": "saguenay-60190", "species_group": "crabapple", "scientific_name": "Malus sp.", "common_name": "Pommier", "subtype_name": "Pommier", "zip_code": null, "ownership": "public", "ownership_raw": "Ville de Saguenay", "city": "Saguenay", "source_dataset": "Inventaire des arbres répertoriés", "source_department": "Ville de Saguenay", "source_last_edit_at": ""}}, {"type": "Feature", "geometry": {"type": "Point", "coordinates": [-71.0397666999, 48.4144622012]}, "properties": {"id": "saguenay-60197", "species_group": "crabapple", "scientific_name": "Malus sp.", "common_name": "Pommier", "subtype_name": "Pommier", "zip_code": null, "ownership": "public", "ownership_raw": "Ville de Saguenay", "city": "Saguenay", "source_dataset": "Inventaire des arbres répertoriés", "source_department": "Ville de Saguenay", "source_last_edit_at": ""}}, {"type": "Feature", "geometry": {"type": "Point", "coordinates": [-71.0399518994, 48.4144711006]}, "properties": {"id": "saguenay-60198", "species_group": "crabapple", "scientific_name": "Malus sp.", "common_name": "Pommier", "subtype_name": "Pommier", "zip_code": null, "ownership": "public", "ownership_raw": "Ville de Saguenay", "city": "Saguenay", "source_dataset": "Inventaire des arbres répertoriés", "source_department": "Ville de Saguenay", "source_last_edit_at": ""}}, {"type": "Feature", "geometry": {"type": "Point", "coordinates": [-71.0407373004, 48.4145887011]}, "properties": {"id": "saguenay-60202", "species_group": "crabapple", "scientific_name": "Malus sp.", "common_name": "Pommier", "subtype_name": "Pommier", "zip_code": null, "ownership": "public", "ownership_raw": "Ville de Saguenay", "city": "Saguenay", "source_dataset": "Inventaire des arbres répertoriés", "source_department": "Ville de Saguenay", "source_last_edit_at": ""}}, {"type": "Feature", "geometry": {"type": "Point", "coordinates": [-71.0414815003, 48.4144665011]}, "properties": {"id": "saguenay-60210", "species_group": "crabapple", "scientific_name": "Malus sp.", "common_name": "Pommier", "subtype_name": "Pommier", "zip_code": null, "ownership": "public", "ownership_raw": "Ville de Saguenay", "city": "Saguenay", "source_dataset": "Inventaire des arbres répertoriés", "source_department": "Ville de Saguenay", "source_last_edit_at": ""}}, {"type": "Feature", "geometry": {"type": "Point", "coordinates": [-71.0418441003, 48.4141762011]}, "properties": {"id": "saguenay-60211", "species_group": "crabapple", "scientific_name": "Malus sp.", "common_name": "Pommier", "subtype_name": "Pommier", "zip_code": null, "ownership": "public", "ownership_raw": "Ville de Saguenay", "city": "Saguenay", "source_dataset": "Inventaire des arbres répertoriés", "source_department": "Ville de Saguenay", "source_last_edit_at": ""}}, {"type": "Feature", "geometry": {"type": "Point", "coordinates": [-71.0424327996, 48.4130419013]}, "properties": {"id": "saguenay-60282", "species_group": "crabapple", "scientific_name": "Malus sp.", "common_name": "Pommier", "subtype_name": "Pommier", "zip_code": null, "ownership": "public", "ownership_raw": "Ville de Saguenay", "city": "Saguenay", "source_dataset": "Inventaire des arbres répertoriés", "source_department": "Ville de Saguenay", "source_last_edit_at": ""}}, {"type": "Feature", "geometry": {"type": "Point", "coordinates": [-71.0431247, 48.4128226008]}, "properties": {"id": "saguenay-60287", "species_group": "crabapple", "scientific_name": "Malus sp.", "common_name": "Pommier", "subtype_name": "Pommier", "zip_code": null, "ownership": "public", "ownership_raw": "Ville de Saguenay", "city": "Saguenay", "source_dataset": "Inventaire des arbres répertoriés", "source_department": "Ville de Saguenay", "source_last_edit_at": ""}}, {"type": "Feature", "geometry": {"type": "Point", "coordinates": [-71.0431746996, 48.4127551013]}, "properties": {"id": "saguenay-60288", "species_group": "crabapple", "scientific_name": "Malus sp.", "common_name": "Pommier", "subtype_name": "Pommier", "zip_code": null, "ownership": "public", "ownership_raw": "Ville de Saguenay", "city": "Saguenay", "source_dataset": "Inventaire des arbres répertoriés", "source_department": "Ville de Saguenay", "source_last_edit_at": ""}}, {"type": "Feature", "geometry": {"type": "Point", "coordinates": [-71.0408572005, 48.4122824005]}, "properties": {"id": "saguenay-60311", "species_group": "crabapple", "scientific_name": "Malus sp.", "common_name": "Pommier", "subtype_name": "Pommier", "zip_code": null, "ownership": "public", "ownership_raw": "Ville de Saguenay", "city": "Saguenay", "source_dataset": "Inventaire des arbres répertoriés", "source_department": "Ville de Saguenay", "source_last_edit_at": ""}}, {"type": "Feature", "geometry": {"type": "Point", "coordinates": [-71.0426379003, 48.4111592008]}, "properties": {"id": "saguenay-60352", "species_group": "crabapple", "scientific_name": "Malus sp.", "common_name": "Pommier", "subtype_name": "Pommier", "zip_code": null, "ownership": "public", "ownership_raw": "Ville de Saguenay", "city": "Saguenay", "source_dataset": "Inventaire des arbres répertoriés", "source_department": "Ville de Saguenay", "source_last_edit_at": ""}}, {"type": "Feature", "geometry": {"type": "Point", "coordinates": [-71.0276064, 48.4209525008]}, "properties": {"id": "saguenay-60363", "species_group": "crabapple", "scientific_name": "Malus sp.", "common_name": "Pommier", "subtype_name": "Pommier", "zip_code": null, "ownership": "public", "ownership_raw": "Ville de Saguenay", "city": "Saguenay", "source_dataset": "Inventaire des arbres répertoriés", "source_department": "Ville de Saguenay", "source_last_edit_at": ""}}, {"type": "Feature", "geometry": {"type": "Point", "coordinates": [-71.0276371997, 48.4208579006]}, "properties": {"id": "saguenay-60364", "species_group": "crabapple", "scientific_name": "Malus sp.", "common_name": "Pommier", "subtype_name": "Pommier", "zip_code": null, "ownership": "public", "ownership_raw": "Ville de Saguenay", "city": "Saguenay", "source_dataset": "Inventaire des arbres répertoriés", "source_department": "Ville de Saguenay", "source_last_edit_at": ""}}, {"type": "Feature", "geometry": {"type": "Point", "coordinates": [-71.0253664, 48.4196324005]}, "properties": {"id": "saguenay-60375", "species_group": "crabapple", "scientific_name": "Malus sp.", "common_name": "Pommier", "subtype_name": "Pommier", "zip_code": null, "ownership": "public", "ownership_raw": "Ville de Saguenay", "city": "Saguenay", "source_dataset": "Inventaire des arbres répertoriés", "source_department": "Ville de Saguenay", "source_last_edit_at": ""}}, {"type": "Feature", "geometry": {"type": "Point", "coordinates": [-71.0262760003, 48.4230073013]}, "properties": {"id": "saguenay-60395", "species_group": "crabapple", "scientific_name": "Malus sp.", "common_name": "Pommier", "subtype_name": "Pommier", "zip_code": null, "ownership": "public", "ownership_raw": "Ville de Saguenay", "city": "Saguenay", "source_dataset": "Inventaire des arbres répertoriés", "source_department": "Ville de Saguenay", "source_last_edit_at": ""}}, {"type": "Feature", "geometry": {"type": "Point", "coordinates": [-71.0255687998, 48.4223568007]}, "properties": {"id": "saguenay-60432", "species_group": "crabapple", "scientific_name": "Malus sp.", "common_name": "Pommier", "subtype_name": "Pommier", "zip_code": null, "ownership": "public", "ownership_raw": "Ville de Saguenay", "city": "Saguenay", "source_dataset": "Inventaire des arbres répertoriés", "source_department": "Ville de Saguenay", "source_last_edit_at": ""}}, {"type": "Feature", "geometry": {"type": "Point", "coordinates": [-71.0249797998, 48.4210562013]}, "properties": {"id": "saguenay-60442", "species_group": "crabapple", "scientific_name": "Malus sp.", "common_name": "Pommier", "subtype_name": "Pommier", "zip_code": null, "ownership": "public", "ownership_raw": "Ville de Saguenay", "city": "Saguenay", "source_dataset": "Inventaire des arbres répertoriés", "source_department": "Ville de Saguenay", "source_last_edit_at": ""}}, {"type": "Feature", "geometry": {"type": "Point", "coordinates": [-71.0405645003, 48.4163044008]}, "properties": {"id": "saguenay-60446", "species_group": "crabapple", "scientific_name": "Malus sp.", "common_name": "Pommier", "subtype_name": "Pommier", "zip_code": null, "ownership": "public", "ownership_raw": "Ville de Saguenay", "city": "Saguenay", "source_dataset": "Inventaire des arbres répertoriés", "source_department": "Ville de Saguenay", "source_last_edit_at": ""}}, {"type": "Feature", "geometry": {"type": "Point", "coordinates": [-71.0440820005, 48.4166023005]}, "properties": {"id": "saguenay-60459", "species_group": "crabapple", "scientific_name": "Malus sp.", "common_name": "Pommier", "subtype_name": "Pommier", "zip_code": null, "ownership": "public", "ownership_raw": "Ville de Saguenay", "city": "Saguenay", "source_dataset": "Inventaire des arbres répertoriés", "source_department": "Ville de Saguenay", "source_last_edit_at": ""}}, {"type": "Feature", "geometry": {"type": "Point", "coordinates": [-71.0247238998, 48.4202669008]}, "properties": {"id": "saguenay-60489", "species_group": "crabapple", "scientific_name": "Malus sp.", "common_name": "Pommier", "subtype_name": "Pommier", "zip_code": null, "ownership": "public", "ownership_raw": "Ville de Saguenay", "city": "Saguenay", "source_dataset": "Inventaire des arbres répertoriés", "source_department": "Ville de Saguenay", "source_last_edit_at": ""}}, {"type": "Feature", "geometry": {"type": "Point", "coordinates": [-71.0242171004, 48.4207311009]}, "properties": {"id": "saguenay-60491", "species_group": "crabapple", "scientific_name": "Malus sp.", "common_name": "Pommier", "subtype_name": "Pommier", "zip_code": null, "ownership": "public", "ownership_raw": "Ville de Saguenay", "city": "Saguenay", "source_dataset": "Inventaire des arbres répertoriés", "source_department": "Ville de Saguenay", "source_last_edit_at": ""}}, {"type": "Feature", "geometry": {"type": "Point", "coordinates": [-71.0484557002, 48.4126669008]}, "properties": {"id": "saguenay-60571", "species_group": "crabapple", "scientific_name": "Malus sp.", "common_name": "Pommier", "subtype_name": "Pommier", "zip_code": null, "ownership": "public", "ownership_raw": "Ville de Saguenay", "city": "Saguenay", "source_dataset": "Inventaire des arbres répertoriés", "source_department": "Ville de Saguenay", "source_last_edit_at": ""}}, {"type": "Feature", "geometry": {"type": "Point", "coordinates": [-71.0485346005, 48.4126059005]}, "properties": {"id": "saguenay-60572", "species_group": "crabapple", "scientific_name": "Malus sp.", "common_name": "Pommier", "subtype_name": "Pommier", "zip_code": null, "ownership": "public", "ownership_raw": "Ville de Saguenay", "city": "Saguenay", "source_dataset": "Inventaire des arbres répertoriés", "source_department": "Ville de Saguenay", "source_last_edit_at": ""}}, {"type": "Feature", "geometry": {"type": "Point", "coordinates": [-71.0485569994, 48.412579501]}, "properties": {"id": "saguenay-60573", "species_group": "crabapple", "scientific_name": "Malus sp.", "common_name": "Pommier", "subtype_name": "Pommier", "zip_code": null, "ownership": "public", "ownership_raw": "Ville de Saguenay", "city": "Saguenay", "source_dataset": "Inventaire des arbres répertoriés", "source_department": "Ville de Saguenay", "source_last_edit_at": ""}}, {"type": "Feature", "geometry": {"type": "Point", "coordinates": [-71.0569209999, 48.4119432012]}, "properties": {"id": "saguenay-60628", "species_group": "crabapple", "scientific_name": "Malus sp.", "common_name": "Pommier", "subtype_name": "Pommier", "zip_code": null, "ownership": "public", "ownership_raw": "Ville de Saguenay", "city": "Saguenay", "source_dataset": "Inventaire des arbres répertoriés", "source_department": "Ville de Saguenay", "source_last_edit_at": ""}}, {"type": "Feature", "geometry": {"type": "Point", "coordinates": [-71.0583591001, 48.4128546013]}, "properties": {"id": "saguenay-60647", "species_group": "crabapple", "scientific_name": "Malus sp.", "common_name": "Pommier", "subtype_name": "Pommier", "zip_code": null, "ownership": "public", "ownership_raw": "Ville de Saguenay", "city": "Saguenay", "source_dataset": "Inventaire des arbres répertoriés", "source_department": "Ville de Saguenay", "source_last_edit_at": ""}}, {"type": "Feature", "geometry": {"type": "Point", "coordinates": [-71.0579857999, 48.413422501]}, "properties": {"id": "saguenay-60649", "species_group": "crabapple", "scientific_name": "Malus sp.", "common_name": "Pommier", "subtype_name": "Pommier", "zip_code": null, "ownership": "public", "ownership_raw": "Ville de Saguenay", "city": "Saguenay", "source_dataset": "Inventaire des arbres répertoriés", "source_department": "Ville de Saguenay", "source_last_edit_at": ""}}, {"type": "Feature", "geometry": {"type": "Point", "coordinates": [-71.0580544004, 48.4136285007]}, "properties": {"id": "saguenay-60651", "species_group": "crabapple", "scientific_name": "Malus sp.", "common_name": "Pommier", "subtype_name": "Pommier", "zip_code": null, "ownership": "public", "ownership_raw": "Ville de Saguenay", "city": "Saguenay", "source_dataset": "Inventaire des arbres répertoriés", "source_department": "Ville de Saguenay", "source_last_edit_at": ""}}, {"type": "Feature", "geometry": {"type": "Point", "coordinates": [-71.0579429003, 48.4137675005]}, "properties": {"id": "saguenay-60654", "species_group": "crabapple", "scientific_name": "Malus sp.", "common_name": "Pommier", "subtype_name": "Pommier", "zip_code": null, "ownership": "public", "ownership_raw": "Ville de Saguenay", "city": "Saguenay", "source_dataset": "Inventaire des arbres répertoriés", "source_department": "Ville de Saguenay", "source_last_edit_at": ""}}, {"type": "Feature", "geometry": {"type": "Point", "coordinates": [-71.0556733001, 48.4128076012]}, "properties": {"id": "saguenay-60708", "species_group": "crabapple", "scientific_name": "Malus sp.", "common_name": "Pommier", "subtype_name": "Pommier", "zip_code": null, "ownership": "public", "ownership_raw": "Ville de Saguenay", "city": "Saguenay", "source_dataset": "Inventaire des arbres répertoriés", "source_department": "Ville de Saguenay", "source_last_edit_at": ""}}, {"type": "Feature", "geometry": {"type": "Point", "coordinates": [-71.0552090006, 48.4127688007]}, "properties": {"id": "saguenay-60751", "species_group": "crabapple", "scientific_name": "Malus sp.", "common_name": "Pommier", "subtype_name": "Pommier", "zip_code": null, "ownership": "public", "ownership_raw": "Ville de Saguenay", "city": "Saguenay", "source_dataset": "Inventaire des arbres répertoriés", "source_department": "Ville de Saguenay", "source_last_edit_at": ""}}, {"type": "Feature", "geometry": {"type": "Point", "coordinates": [-71.0581866001, 48.4140395007]}, "properties": {"id": "saguenay-60787", "species_group": "crabapple", "scientific_name": "Malus sp.", "common_name": "Pommier", "subtype_name": "Pommier", "zip_code": null, "ownership": "public", "ownership_raw": "Ville de Saguenay", "city": "Saguenay", "source_dataset": "Inventaire des arbres répertoriés", "source_department": "Ville de Saguenay", "source_last_edit_at": ""}}, {"type": "Feature", "geometry": {"type": "Point", "coordinates": [-71.0582305994, 48.4141852014]}, "properties": {"id": "saguenay-60788", "species_group": "crabapple", "scientific_name": "Malus sp.", "common_name": "Pommier", "subtype_name": "Pommier", "zip_code": null, "ownership": "public", "ownership_raw": "Ville de Saguenay", "city": "Saguenay", "source_dataset": "Inventaire des arbres répertoriés", "source_department": "Ville de Saguenay", "source_last_edit_at": ""}}, {"type": "Feature", "geometry": {"type": "Point", "coordinates": [-71.0544152, 48.4133939008]}, "properties": {"id": "saguenay-60832", "species_group": "crabapple", "scientific_name": "Malus sp.", "common_name": "Pommier", "subtype_name": "Pommier", "zip_code": null, "ownership": "public", "ownership_raw": "Ville de Saguenay", "city": "Saguenay", "source_dataset": "Inventaire des arbres répertoriés", "source_department": "Ville de Saguenay", "source_last_edit_at": ""}}, {"type": "Feature", "geometry": {"type": "Point", "coordinates": [-71.0551408, 48.4144254008]}, "properties": {"id": "saguenay-60840", "species_group": "crabapple", "scientific_name": "Malus sp.", "common_name": "Pommier", "subtype_name": "Pommier", "zip_code": null, "ownership": "public", "ownership_raw": "Ville de Saguenay", "city": "Saguenay", "source_dataset": "Inventaire des arbres répertoriés", "source_department": "Ville de Saguenay", "source_last_edit_at": ""}}, {"type": "Feature", "geometry": {"type": "Point", "coordinates": [-71.0576685998, 48.4169599011]}, "properties": {"id": "saguenay-60855", "species_group": "crabapple", "scientific_name": "Malus sp.", "common_name": "Pommier", "subtype_name": "Pommier", "zip_code": null, "ownership": "public", "ownership_raw": "Ville de Saguenay", "city": "Saguenay", "source_dataset": "Inventaire des arbres répertoriés", "source_department": "Ville de Saguenay", "source_last_edit_at": ""}}, {"type": "Feature", "geometry": {"type": "Point", "coordinates": [-71.0260090998, 48.4151424006]}, "properties": {"id": "saguenay-60933", "species_group": "crabapple", "scientific_name": "Malus sp.", "common_name": "Pommier", "subtype_name": "Pommier", "zip_code": null, "ownership": "public", "ownership_raw": "Ville de Saguenay", "city": "Saguenay", "source_dataset": "Inventaire des arbres répertoriés", "source_department": "Ville de Saguenay", "source_last_edit_at": ""}}, {"type": "Feature", "geometry": {"type": "Point", "coordinates": [-71.0559026006, 48.4085636008]}, "properties": {"id": "saguenay-60996", "species_group": "crabapple", "scientific_name": "Malus sp.", "common_name": "Pommier", "subtype_name": "Pommier", "zip_code": null, "ownership": "public", "ownership_raw": "Ville de Saguenay", "city": "Saguenay", "source_dataset": "Inventaire des arbres répertoriés", "source_department": "Ville de Saguenay", "source_last_edit_at": ""}}, {"type": "Feature", "geometry": {"type": "Point", "coordinates": [-71.0558354005, 48.4085361011]}, "properties": {"id": "saguenay-60998", "species_group": "crabapple", "scientific_name": "Malus sp.", "common_name": "Pommier", "subtype_name": "Pommier", "zip_code": null, "ownership": "public", "ownership_raw": "Ville de Saguenay", "city": "Saguenay", "source_dataset": "Inventaire des arbres répertoriés", "source_department": "Ville de Saguenay", "source_last_edit_at": ""}}, {"type": "Feature", "geometry": {"type": "Point", "coordinates": [-71.0557893995, 48.4085138008]}, "properties": {"id": "saguenay-60999", "species_group": "crabapple", "scientific_name": "Malus sp.", "common_name": "Pommier", "subtype_name": "Pommier", "zip_code": null, "ownership": "public", "ownership_raw": "Ville de Saguenay", "city": "Saguenay", "source_dataset": "Inventaire des arbres répertoriés", "source_department": "Ville de Saguenay", "source_last_edit_at": ""}}, {"type": "Feature", "geometry": {"type": "Point", "coordinates": [-71.0576449994, 48.4100968013]}, "properties": {"id": "saguenay-61022", "species_group": "crabapple", "scientific_name": "Malus sp.", "common_name": "Pommier", "subtype_name": "Pommier", "zip_code": null, "ownership": "public", "ownership_raw": "Ville de Saguenay", "city": "Saguenay", "source_dataset": "Inventaire des arbres répertoriés", "source_department": "Ville de Saguenay", "source_last_edit_at": ""}}, {"type": "Feature", "geometry": {"type": "Point", "coordinates": [-71.0576336998, 48.4100362012]}, "properties": {"id": "saguenay-61023", "species_group": "crabapple", "scientific_name": "Malus sp.", "common_name": "Pommier", "subtype_name": "Pommier", "zip_code": null, "ownership": "public", "ownership_raw": "Ville de Saguenay", "city": "Saguenay", "source_dataset": "Inventaire des arbres répertoriés", "source_department": "Ville de Saguenay", "source_last_edit_at": ""}}, {"type": "Feature", "geometry": {"type": "Point", "coordinates": [-71.0576593994, 48.4099953011]}, "properties": {"id": "saguenay-61024", "species_group": "crabapple", "scientific_name": "Malus sp.", "common_name": "Pommier", "subtype_name": "Pommier", "zip_code": null, "ownership": "public", "ownership_raw": "Ville de Saguenay", "city": "Saguenay", "source_dataset": "Inventaire des arbres répertoriés", "source_department": "Ville de Saguenay", "source_last_edit_at": ""}}, {"type": "Feature", "geometry": {"type": "Point", "coordinates": [-71.0606914001, 48.4078095011]}, "properties": {"id": "saguenay-61042", "species_group": "crabapple", "scientific_name": "Malus sp.", "common_name": "Pommier", "subtype_name": "Pommier", "zip_code": null, "ownership": "public", "ownership_raw": "Ville de Saguenay", "city": "Saguenay", "source_dataset": "Inventaire des arbres répertoriés", "source_department": "Ville de Saguenay", "source_last_edit_at": ""}}, {"type": "Feature", "geometry": {"type": "Point", "coordinates": [-71.0607817001, 48.4080659007]}, "properties": {"id": "saguenay-61043", "species_group": "crabapple", "scientific_name": "Malus sp.", "common_name": "Pommier", "subtype_name": "Pommier", "zip_code": null, "ownership": "public", "ownership_raw": "Ville de Saguenay", "city": "Saguenay", "source_dataset": "Inventaire des arbres répertoriés", "source_department": "Ville de Saguenay", "source_last_edit_at": ""}}, {"type": "Feature", "geometry": {"type": "Point", "coordinates": [-71.1728046007, 48.4093002008]}, "properties": {"id": "saguenay-6108", "species_group": "crabapple", "scientific_name": "Malus sp.", "common_name": "Pommier", "subtype_name": "Pommier", "zip_code": null, "ownership": "public", "ownership_raw": "Ville de Saguenay", "city": "Saguenay", "source_dataset": "Inventaire des arbres répertoriés", "source_department": "Ville de Saguenay", "source_last_edit_at": ""}}, {"type": "Feature", "geometry": {"type": "Point", "coordinates": [-71.0625709, 48.4135040013]}, "properties": {"id": "saguenay-61159", "species_group": "crabapple", "scientific_name": "Malus sp.", "common_name": "Pommier", "subtype_name": "Pommier", "zip_code": null, "ownership": "public", "ownership_raw": "Ville de Saguenay", "city": "Saguenay", "source_dataset": "Inventaire des arbres répertoriés", "source_department": "Ville de Saguenay", "source_last_edit_at": ""}}, {"type": "Feature", "geometry": {"type": "Point", "coordinates": [-71.0164969005, 48.4175655012]}, "properties": {"id": "saguenay-61220", "species_group": "crabapple", "scientific_name": "Malus sp.", "common_name": "Pommier", "subtype_name": "Pommier", "zip_code": null, "ownership": "public", "ownership_raw": "Ville de Saguenay", "city": "Saguenay", "source_dataset": "Inventaire des arbres répertoriés", "source_department": "Ville de Saguenay", "source_last_edit_at": ""}}, {"type": "Feature", "geometry": {"type": "Point", "coordinates": [-71.0163836, 48.417697501]}, "properties": {"id": "saguenay-61221", "species_group": "crabapple", "scientific_name": "Malus sp.", "common_name": "Pommier", "subtype_name": "Pommier", "zip_code": null, "ownership": "public", "ownership_raw": "Ville de Saguenay", "city": "Saguenay", "source_dataset": "Inventaire des arbres répertoriés", "source_department": "Ville de Saguenay", "source_last_edit_at": ""}}, {"type": "Feature", "geometry": {"type": "Point", "coordinates": [-71.0857261002, 48.4132755008]}, "properties": {"id": "saguenay-61269", "species_group": "crabapple", "scientific_name": "Malus sp.", "common_name": "Pommier", "subtype_name": "Pommier", "zip_code": null, "ownership": "public", "ownership_raw": "Ville de Saguenay", "city": "Saguenay", "source_dataset": "Inventaire des arbres répertoriés", "source_department": "Ville de Saguenay", "source_last_edit_at": ""}}, {"type": "Feature", "geometry": {"type": "Point", "coordinates": [-71.0853668002, 48.413357401]}, "properties": {"id": "saguenay-61271", "species_group": "crabapple", "scientific_name": "Malus sp.", "common_name": "Pommier", "subtype_name": "Pommier", "zip_code": null, "ownership": "public", "ownership_raw": "Ville de Saguenay", "city": "Saguenay", "source_dataset": "Inventaire des arbres répertoriés", "source_department": "Ville de Saguenay", "source_last_edit_at": ""}}, {"type": "Feature", "geometry": {"type": "Point", "coordinates": [-71.0200121005, 48.4268597008]}, "properties": {"id": "saguenay-61358", "species_group": "crabapple", "scientific_name": "Malus sp.", "common_name": "Pommier", "subtype_name": "Pommier", "zip_code": null, "ownership": "public", "ownership_raw": "Ville de Saguenay", "city": "Saguenay", "source_dataset": "Inventaire des arbres répertoriés", "source_department": "Ville de Saguenay", "source_last_edit_at": ""}}, {"type": "Feature", "geometry": {"type": "Point", "coordinates": [-71.0182721006, 48.4264377009]}, "properties": {"id": "saguenay-61481", "species_group": "plum", "scientific_name": "Prunus americana", "common_name": "Prunier D'Amérique", "subtype_name": "Prunier D'Amérique", "zip_code": null, "ownership": "public", "ownership_raw": "Ville de Saguenay", "city": "Saguenay", "source_dataset": "Inventaire des arbres répertoriés", "source_department": "Ville de Saguenay", "source_last_edit_at": ""}}, {"type": "Feature", "geometry": {"type": "Point", "coordinates": [-71.0182342001, 48.4264331012]}, "properties": {"id": "saguenay-61482", "species_group": "crabapple", "scientific_name": "Malus sp.", "common_name": "Pommier", "subtype_name": "Pommier", "zip_code": null, "ownership": "public", "ownership_raw": "Ville de Saguenay", "city": "Saguenay", "source_dataset": "Inventaire des arbres répertoriés", "source_department": "Ville de Saguenay", "source_last_edit_at": ""}}, {"type": "Feature", "geometry": {"type": "Point", "coordinates": [-71.0181682998, 48.4264293013]}, "properties": {"id": "saguenay-61483", "species_group": "plum", "scientific_name": "Prunus domestica", "common_name": "Prunier Commun", "subtype_name": "European Plum", "zip_code": null, "ownership": "public", "ownership_raw": "Ville de Saguenay", "city": "Saguenay", "source_dataset": "Inventaire des arbres répertoriés", "source_department": "Ville de Saguenay", "source_last_edit_at": ""}}, {"type": "Feature", "geometry": {"type": "Point", "coordinates": [-71.0205522001, 48.4304434013]}, "properties": {"id": "saguenay-61507", "species_group": "crabapple", "scientific_name": "Malus sp.", "common_name": "Pommier", "subtype_name": "Pommier", "zip_code": null, "ownership": "public", "ownership_raw": "Ville de Saguenay", "city": "Saguenay", "source_dataset": "Inventaire des arbres répertoriés", "source_department": "Ville de Saguenay", "source_last_edit_at": ""}}, {"type": "Feature", "geometry": {"type": "Point", "coordinates": [-71.0204932006, 48.4304821007]}, "properties": {"id": "saguenay-61508", "species_group": "crabapple", "scientific_name": "Malus sp.", "common_name": "Pommier", "subtype_name": "Pommier", "zip_code": null, "ownership": "public", "ownership_raw": "Ville de Saguenay", "city": "Saguenay", "source_dataset": "Inventaire des arbres répertoriés", "source_department": "Ville de Saguenay", "source_last_edit_at": ""}}, {"type": "Feature", "geometry": {"type": "Point", "coordinates": [-71.1778807998, 48.4115690013]}, "properties": {"id": "saguenay-6151", "species_group": "crabapple", "scientific_name": "Malus sp.", "common_name": "Pommier", "subtype_name": "Pommier", "zip_code": null, "ownership": "public", "ownership_raw": "Ville de Saguenay", "city": "Saguenay", "source_dataset": "Inventaire des arbres répertoriés", "source_department": "Ville de Saguenay", "source_last_edit_at": ""}}, {"type": "Feature", "geometry": {"type": "Point", "coordinates": [-71.1779002002, 48.411609401]}, "properties": {"id": "saguenay-6152", "species_group": "crabapple", "scientific_name": "Malus sp.", "common_name": "Pommier", "subtype_name": "Pommier", "zip_code": null, "ownership": "public", "ownership_raw": "Ville de Saguenay", "city": "Saguenay", "source_dataset": "Inventaire des arbres répertoriés", "source_department": "Ville de Saguenay", "source_last_edit_at": ""}}, {"type": "Feature", "geometry": {"type": "Point", "coordinates": [-71.0659411994, 48.4245206012]}, "properties": {"id": "saguenay-61556", "species_group": "crabapple", "scientific_name": "Malus sp.", "common_name": "Pommier", "subtype_name": "Pommier", "zip_code": null, "ownership": "public", "ownership_raw": "Ville de Saguenay", "city": "Saguenay", "source_dataset": "Inventaire des arbres répertoriés", "source_department": "Ville de Saguenay", "source_last_edit_at": ""}}, {"type": "Feature", "geometry": {"type": "Point", "coordinates": [-71.0194164996, 48.4323918009]}, "properties": {"id": "saguenay-61817", "species_group": "crabapple", "scientific_name": "Malus sp.", "common_name": "Pommier", "subtype_name": "Pommier", "zip_code": null, "ownership": "public", "ownership_raw": "Ville de Saguenay", "city": "Saguenay", "source_dataset": "Inventaire des arbres répertoriés", "source_department": "Ville de Saguenay", "source_last_edit_at": ""}}, {"type": "Feature", "geometry": {"type": "Point", "coordinates": [-71.0634726994, 48.4231336007]}, "properties": {"id": "saguenay-61865", "species_group": "crabapple", "scientific_name": "Malus sp.", "common_name": "Pommier", "subtype_name": "Pommier", "zip_code": null, "ownership": "public", "ownership_raw": "Ville de Saguenay", "city": "Saguenay", "source_dataset": "Inventaire des arbres répertoriés", "source_department": "Ville de Saguenay", "source_last_edit_at": ""}}, {"type": "Feature", "geometry": {"type": "Point", "coordinates": [-71.0160240001, 48.4298717011]}, "properties": {"id": "saguenay-62017", "species_group": "crabapple", "scientific_name": "Malus sp.", "common_name": "Pommier", "subtype_name": "Pommier", "zip_code": null, "ownership": "public", "ownership_raw": "Ville de Saguenay", "city": "Saguenay", "source_dataset": "Inventaire des arbres répertoriés", "source_department": "Ville de Saguenay", "source_last_edit_at": ""}}, {"type": "Feature", "geometry": {"type": "Point", "coordinates": [-71.0165342003, 48.4292857009]}, "properties": {"id": "saguenay-62020", "species_group": "crabapple", "scientific_name": "Malus sp.", "common_name": "Pommier", "subtype_name": "Pommier", "zip_code": null, "ownership": "public", "ownership_raw": "Ville de Saguenay", "city": "Saguenay", "source_dataset": "Inventaire des arbres répertoriés", "source_department": "Ville de Saguenay", "source_last_edit_at": ""}}, {"type": "Feature", "geometry": {"type": "Point", "coordinates": [-71.1743414002, 48.4099727012]}, "properties": {"id": "saguenay-6211", "species_group": "crabapple", "scientific_name": "Malus sp.", "common_name": "Pommier", "subtype_name": "Pommier", "zip_code": null, "ownership": "public", "ownership_raw": "Ville de Saguenay", "city": "Saguenay", "source_dataset": "Inventaire des arbres répertoriés", "source_department": "Ville de Saguenay", "source_last_edit_at": ""}}, {"type": "Feature", "geometry": {"type": "Point", "coordinates": [-71.1738482004, 48.4098864996]}, "properties": {"id": "saguenay-6214", "species_group": "crabapple", "scientific_name": "Malus sp.", "common_name": "Pommier", "subtype_name": "Pommier", "zip_code": null, "ownership": "public", "ownership_raw": "Ville de Saguenay", "city": "Saguenay", "source_dataset": "Inventaire des arbres répertoriés", "source_department": "Ville de Saguenay", "source_last_edit_at": ""}}, {"type": "Feature", "geometry": {"type": "Point", "coordinates": [-71.1727962997, 48.4097805011]}, "properties": {"id": "saguenay-6222", "species_group": "crabapple", "scientific_name": "Malus sp.", "common_name": "Pommier", "subtype_name": "Pommier", "zip_code": null, "ownership": "public", "ownership_raw": "Ville de Saguenay", "city": "Saguenay", "source_dataset": "Inventaire des arbres répertoriés", "source_department": "Ville de Saguenay", "source_last_edit_at": ""}}, {"type": "Feature", "geometry": {"type": "Point", "coordinates": [-71.1710566996, 48.4099940996]}, "properties": {"id": "saguenay-6233", "species_group": "crabapple", "scientific_name": "Malus sp.", "common_name": "Pommier", "subtype_name": "Pommier", "zip_code": null, "ownership": "public", "ownership_raw": "Ville de Saguenay", "city": "Saguenay", "source_dataset": "Inventaire des arbres répertoriés", "source_department": "Ville de Saguenay", "source_last_edit_at": ""}}, {"type": "Feature", "geometry": {"type": "Point", "coordinates": [-71.0782477003, 48.4264391013]}, "properties": {"id": "saguenay-62378", "species_group": "crabapple", "scientific_name": "Malus sp.", "common_name": "Pommier", "subtype_name": "Pommier", "zip_code": null, "ownership": "public", "ownership_raw": "Ville de Saguenay", "city": "Saguenay", "source_dataset": "Inventaire des arbres répertoriés", "source_department": "Ville de Saguenay", "source_last_edit_at": ""}}, {"type": "Feature", "geometry": {"type": "Point", "coordinates": [-71.0291768005, 48.4264391006]}, "properties": {"id": "saguenay-62485", "species_group": "crabapple", "scientific_name": "Malus sp.", "common_name": "Pommier", "subtype_name": "Pommier", "zip_code": null, "ownership": "public", "ownership_raw": "Ville de Saguenay", "city": "Saguenay", "source_dataset": "Inventaire des arbres répertoriés", "source_department": "Ville de Saguenay", "source_last_edit_at": ""}}, {"type": "Feature", "geometry": {"type": "Point", "coordinates": [-71.0568032002, 48.4372594011]}, "properties": {"id": "saguenay-62551", "species_group": "crabapple", "scientific_name": "Malus sp.", "common_name": "Pommier", "subtype_name": "Pommier", "zip_code": null, "ownership": "public", "ownership_raw": "Ville de Saguenay", "city": "Saguenay", "source_dataset": "Inventaire des arbres répertoriés", "source_department": "Ville de Saguenay", "source_last_edit_at": ""}}, {"type": "Feature", "geometry": {"type": "Point", "coordinates": [-71.0567372996, 48.4372408005]}, "properties": {"id": "saguenay-62552", "species_group": "crabapple", "scientific_name": "Malus sp.", "common_name": "Pommier", "subtype_name": "Pommier", "zip_code": null, "ownership": "public", "ownership_raw": "Ville de Saguenay", "city": "Saguenay", "source_dataset": "Inventaire des arbres répertoriés", "source_department": "Ville de Saguenay", "source_last_edit_at": ""}}, {"type": "Feature", "geometry": {"type": "Point", "coordinates": [-71.0634065006, 48.4560880009]}, "properties": {"id": "saguenay-62617", "species_group": "crabapple", "scientific_name": "Malus sp.", "common_name": "Pommier", "subtype_name": "Pommier", "zip_code": null, "ownership": "public", "ownership_raw": "Ville de Saguenay", "city": "Saguenay", "source_dataset": "Inventaire des arbres répertoriés", "source_department": "Ville de Saguenay", "source_last_edit_at": ""}}, {"type": "Feature", "geometry": {"type": "Point", "coordinates": [-71.1763188005, 48.4143799012]}, "properties": {"id": "saguenay-6267", "species_group": "crabapple", "scientific_name": "Malus sp.", "common_name": "Pommier", "subtype_name": "Pommier", "zip_code": null, "ownership": "public", "ownership_raw": "Ville de Saguenay", "city": "Saguenay", "source_dataset": "Inventaire des arbres répertoriés", "source_department": "Ville de Saguenay", "source_last_edit_at": ""}}, {"type": "Feature", "geometry": {"type": "Point", "coordinates": [-71.0526932002, 48.4387845012]}, "properties": {"id": "saguenay-62671", "species_group": "crabapple", "scientific_name": "Malus sp.", "common_name": "Pommier", "subtype_name": "Pommier", "zip_code": null, "ownership": "public", "ownership_raw": "Ville de Saguenay", "city": "Saguenay", "source_dataset": "Inventaire des arbres répertoriés", "source_department": "Ville de Saguenay", "source_last_edit_at": ""}}, {"type": "Feature", "geometry": {"type": "Point", "coordinates": [-71.0412016995, 48.4397715008]}, "properties": {"id": "saguenay-62708", "species_group": "crabapple", "scientific_name": "Malus sp.", "common_name": "Pommier", "subtype_name": "Pommier", "zip_code": null, "ownership": "public", "ownership_raw": "Ville de Saguenay", "city": "Saguenay", "source_dataset": "Inventaire des arbres répertoriés", "source_department": "Ville de Saguenay", "source_last_edit_at": ""}}, {"type": "Feature", "geometry": {"type": "Point", "coordinates": [-71.1770964005, 48.4139362012]}, "properties": {"id": "saguenay-6271", "species_group": "crabapple", "scientific_name": "Malus sp.", "common_name": "Pommier", "subtype_name": "Pommier", "zip_code": null, "ownership": "public", "ownership_raw": "Ville de Saguenay", "city": "Saguenay", "source_dataset": "Inventaire des arbres répertoriés", "source_department": "Ville de Saguenay", "source_last_edit_at": ""}}, {"type": "Feature", "geometry": {"type": "Point", "coordinates": [-71.0412067003, 48.4412518009]}, "properties": {"id": "saguenay-62713", "species_group": "crabapple", "scientific_name": "Malus sp.", "common_name": "Pommier", "subtype_name": "Pommier", "zip_code": null, "ownership": "public", "ownership_raw": "Ville de Saguenay", "city": "Saguenay", "source_dataset": "Inventaire des arbres répertoriés", "source_department": "Ville de Saguenay", "source_last_edit_at": ""}}, {"type": "Feature", "geometry": {"type": "Point", "coordinates": [-71.0412500998, 48.441265101]}, "properties": {"id": "saguenay-62714", "species_group": "crabapple", "scientific_name": "Malus sp.", "common_name": "Pommier", "subtype_name": "Pommier", "zip_code": null, "ownership": "public", "ownership_raw": "Ville de Saguenay", "city": "Saguenay", "source_dataset": "Inventaire des arbres répertoriés", "source_department": "Ville de Saguenay", "source_last_edit_at": ""}}, {"type": "Feature", "geometry": {"type": "Point", "coordinates": [-71.0665091006, 48.4556166008]}, "properties": {"id": "saguenay-62764", "species_group": "crabapple", "scientific_name": "Malus sp.", "common_name": "Pommier", "subtype_name": "Pommier", "zip_code": null, "ownership": "public", "ownership_raw": "Ville de Saguenay", "city": "Saguenay", "source_dataset": "Inventaire des arbres répertoriés", "source_department": "Ville de Saguenay", "source_last_edit_at": ""}}, {"type": "Feature", "geometry": {"type": "Point", "coordinates": [-71.0598232994, 48.4560593009]}, "properties": {"id": "saguenay-62785", "species_group": "crabapple", "scientific_name": "Malus sp.", "common_name": "Pommier", "subtype_name": "Pommier", "zip_code": null, "ownership": "public", "ownership_raw": "Ville de Saguenay", "city": "Saguenay", "source_dataset": "Inventaire des arbres répertoriés", "source_department": "Ville de Saguenay", "source_last_edit_at": ""}}, {"type": "Feature", "geometry": {"type": "Point", "coordinates": [-71.0589372004, 48.4580015009]}, "properties": {"id": "saguenay-62789", "species_group": "crabapple", "scientific_name": "Malus sp.", "common_name": "Pommier", "subtype_name": "Pommier", "zip_code": null, "ownership": "public", "ownership_raw": "Ville de Saguenay", "city": "Saguenay", "source_dataset": "Inventaire des arbres répertoriés", "source_department": "Ville de Saguenay", "source_last_edit_at": ""}}, {"type": "Feature", "geometry": {"type": "Point", "coordinates": [-71.0424310004, 48.4398362013]}, "properties": {"id": "saguenay-62821", "species_group": "crabapple", "scientific_name": "Malus sp.", "common_name": "Pommier", "subtype_name": "Pommier", "zip_code": null, "ownership": "public", "ownership_raw": "Ville de Saguenay", "city": "Saguenay", "source_dataset": "Inventaire des arbres répertoriés", "source_department": "Ville de Saguenay", "source_last_edit_at": ""}}, {"type": "Feature", "geometry": {"type": "Point", "coordinates": [-71.0434755003, 48.4392135013]}, "properties": {"id": "saguenay-62824", "species_group": "crabapple", "scientific_name": "Malus sp.", "common_name": "Pommier", "subtype_name": "Pommier", "zip_code": null, "ownership": "public", "ownership_raw": "Ville de Saguenay", "city": "Saguenay", "source_dataset": "Inventaire des arbres répertoriés", "source_department": "Ville de Saguenay", "source_last_edit_at": ""}}, {"type": "Feature", "geometry": {"type": "Point", "coordinates": [-71.0438346999, 48.439415201]}, "properties": {"id": "saguenay-62825", "species_group": "crabapple", "scientific_name": "Malus sp.", "common_name": "Pommier", "subtype_name": "Pommier", "zip_code": null, "ownership": "public", "ownership_raw": "Ville de Saguenay", "city": "Saguenay", "source_dataset": "Inventaire des arbres répertoriés", "source_department": "Ville de Saguenay", "source_last_edit_at": ""}}, {"type": "Feature", "geometry": {"type": "Point", "coordinates": [-71.0483184, 48.4395115011]}, "properties": {"id": "saguenay-62855", "species_group": "crabapple", "scientific_name": "Malus sp.", "common_name": "Pommier", "subtype_name": "Pommier", "zip_code": null, "ownership": "public", "ownership_raw": "Ville de Saguenay", "city": "Saguenay", "source_dataset": "Inventaire des arbres répertoriés", "source_department": "Ville de Saguenay", "source_last_edit_at": ""}}, {"type": "Feature", "geometry": {"type": "Point", "coordinates": [-71.0475380996, 48.4415182004]}, "properties": {"id": "saguenay-62970", "species_group": "crabapple", "scientific_name": "Malus sp.", "common_name": "Pommier", "subtype_name": "Pommier", "zip_code": null, "ownership": "public", "ownership_raw": "Ville de Saguenay", "city": "Saguenay", "source_dataset": "Inventaire des arbres répertoriés", "source_department": "Ville de Saguenay", "source_last_edit_at": ""}}, {"type": "Feature", "geometry": {"type": "Point", "coordinates": [-71.1739235997, 48.4117201008]}, "properties": {"id": "saguenay-6298", "species_group": "crabapple", "scientific_name": "Malus sp.", "common_name": "Pommier", "subtype_name": "Pommier", "zip_code": null, "ownership": "public", "ownership_raw": "Ville de Saguenay", "city": "Saguenay", "source_dataset": "Inventaire des arbres répertoriés", "source_department": "Ville de Saguenay", "source_last_edit_at": ""}}, {"type": "Feature", "geometry": {"type": "Point", "coordinates": [-71.0424122004, 48.4404966008]}, "properties": {"id": "saguenay-63031", "species_group": "crabapple", "scientific_name": "Malus sp.", "common_name": "Pommier", "subtype_name": "Pommier", "zip_code": null, "ownership": "public", "ownership_raw": "Ville de Saguenay", "city": "Saguenay", "source_dataset": "Inventaire des arbres répertoriés", "source_department": "Ville de Saguenay", "source_last_edit_at": ""}}, {"type": "Feature", "geometry": {"type": "Point", "coordinates": [-71.0423102999, 48.4404750012]}, "properties": {"id": "saguenay-63033", "species_group": "crabapple", "scientific_name": "Malus sp.", "common_name": "Pommier", "subtype_name": "Pommier", "zip_code": null, "ownership": "public", "ownership_raw": "Ville de Saguenay", "city": "Saguenay", "source_dataset": "Inventaire des arbres répertoriés", "source_department": "Ville de Saguenay", "source_last_edit_at": ""}}, {"type": "Feature", "geometry": {"type": "Point", "coordinates": [-71.0464031002, 48.4400607005]}, "properties": {"id": "saguenay-63035", "species_group": "crabapple", "scientific_name": "Malus sp.", "common_name": "Pommier", "subtype_name": "Pommier", "zip_code": null, "ownership": "public", "ownership_raw": "Ville de Saguenay", "city": "Saguenay", "source_dataset": "Inventaire des arbres répertoriés", "source_department": "Ville de Saguenay", "source_last_edit_at": ""}}, {"type": "Feature", "geometry": {"type": "Point", "coordinates": [-71.1749390997, 48.4128280005]}, "properties": {"id": "saguenay-6311", "species_group": "crabapple", "scientific_name": "Malus sp.", "common_name": "Pommier", "subtype_name": "Pommier", "zip_code": null, "ownership": "public", "ownership_raw": "Ville de Saguenay", "city": "Saguenay", "source_dataset": "Inventaire des arbres répertoriés", "source_department": "Ville de Saguenay", "source_last_edit_at": ""}}, {"type": "Feature", "geometry": {"type": "Point", "coordinates": [-71.0488489998, 48.4450402013]}, "properties": {"id": "saguenay-63120", "species_group": "crabapple", "scientific_name": "Malus sp.", "common_name": "Pommier", "subtype_name": "Pommier", "zip_code": null, "ownership": "public", "ownership_raw": "Ville de Saguenay", "city": "Saguenay", "source_dataset": "Inventaire des arbres répertoriés", "source_department": "Ville de Saguenay", "source_last_edit_at": ""}}, {"type": "Feature", "geometry": {"type": "Point", "coordinates": [-71.0479342994, 48.4451976011]}, "properties": {"id": "saguenay-63122", "species_group": "crabapple", "scientific_name": "Malus sp.", "common_name": "Pommier", "subtype_name": "Pommier", "zip_code": null, "ownership": "public", "ownership_raw": "Ville de Saguenay", "city": "Saguenay", "source_dataset": "Inventaire des arbres répertoriés", "source_department": "Ville de Saguenay", "source_last_edit_at": ""}}, {"type": "Feature", "geometry": {"type": "Point", "coordinates": [-71.0477333996, 48.4452387005]}, "properties": {"id": "saguenay-63123", "species_group": "crabapple", "scientific_name": "Malus sp.", "common_name": "Pommier", "subtype_name": "Pommier", "zip_code": null, "ownership": "public", "ownership_raw": "Ville de Saguenay", "city": "Saguenay", "source_dataset": "Inventaire des arbres répertoriés", "source_department": "Ville de Saguenay", "source_last_edit_at": ""}}, {"type": "Feature", "geometry": {"type": "Point", "coordinates": [-71.0476563, 48.4452485011]}, "properties": {"id": "saguenay-63124", "species_group": "crabapple", "scientific_name": "Malus sp.", "common_name": "Pommier", "subtype_name": "Pommier", "zip_code": null, "ownership": "public", "ownership_raw": "Ville de Saguenay", "city": "Saguenay", "source_dataset": "Inventaire des arbres répertoriés", "source_department": "Ville de Saguenay", "source_last_edit_at": ""}}, {"type": "Feature", "geometry": {"type": "Point", "coordinates": [-71.0566592997, 48.4536880006]}, "properties": {"id": "saguenay-63269", "species_group": "crabapple", "scientific_name": "Malus sp.", "common_name": "Pommier", "subtype_name": "Pommier", "zip_code": null, "ownership": "public", "ownership_raw": "Ville de Saguenay", "city": "Saguenay", "source_dataset": "Inventaire des arbres répertoriés", "source_department": "Ville de Saguenay", "source_last_edit_at": ""}}, {"type": "Feature", "geometry": {"type": "Point", "coordinates": [-71.0481584002, 48.4493513009]}, "properties": {"id": "saguenay-63330", "species_group": "crabapple", "scientific_name": "Malus sp.", "common_name": "Pommier", "subtype_name": "Pommier", "zip_code": null, "ownership": "public", "ownership_raw": "Ville de Saguenay", "city": "Saguenay", "source_dataset": "Inventaire des arbres répertoriés", "source_department": "Ville de Saguenay", "source_last_edit_at": ""}}, {"type": "Feature", "geometry": {"type": "Point", "coordinates": [-71.0483180998, 48.4473318008]}, "properties": {"id": "saguenay-63335", "species_group": "crabapple", "scientific_name": "Malus sp.", "common_name": "Pommier", "subtype_name": "Pommier", "zip_code": null, "ownership": "public", "ownership_raw": "Ville de Saguenay", "city": "Saguenay", "source_dataset": "Inventaire des arbres répertoriés", "source_department": "Ville de Saguenay", "source_last_edit_at": ""}}, {"type": "Feature", "geometry": {"type": "Point", "coordinates": [-71.0419969006, 48.4458084013]}, "properties": {"id": "saguenay-63388", "species_group": "crabapple", "scientific_name": "Malus sp.", "common_name": "Pommier", "subtype_name": "Pommier", "zip_code": null, "ownership": "public", "ownership_raw": "Ville de Saguenay", "city": "Saguenay", "source_dataset": "Inventaire des arbres répertoriés", "source_department": "Ville de Saguenay", "source_last_edit_at": ""}}, {"type": "Feature", "geometry": {"type": "Point", "coordinates": [-71.0417437002, 48.4457293011]}, "properties": {"id": "saguenay-63389", "species_group": "crabapple", "scientific_name": "Malus sp.", "common_name": "Pommier", "subtype_name": "Pommier", "zip_code": null, "ownership": "public", "ownership_raw": "Ville de Saguenay", "city": "Saguenay", "source_dataset": "Inventaire des arbres répertoriés", "source_department": "Ville de Saguenay", "source_last_edit_at": ""}}, {"type": "Feature", "geometry": {"type": "Point", "coordinates": [-71.0375690996, 48.4462315008]}, "properties": {"id": "saguenay-63400", "species_group": "crabapple", "scientific_name": "Malus sp.", "common_name": "Pommier", "subtype_name": "Pommier", "zip_code": null, "ownership": "public", "ownership_raw": "Ville de Saguenay", "city": "Saguenay", "source_dataset": "Inventaire des arbres répertoriés", "source_department": "Ville de Saguenay", "source_last_edit_at": ""}}, {"type": "Feature", "geometry": {"type": "Point", "coordinates": [-71.0362518, 48.4467489011]}, "properties": {"id": "saguenay-63425", "species_group": "crabapple", "scientific_name": "Malus sp.", "common_name": "Pommier", "subtype_name": "Pommier", "zip_code": null, "ownership": "public", "ownership_raw": "Ville de Saguenay", "city": "Saguenay", "source_dataset": "Inventaire des arbres répertoriés", "source_department": "Ville de Saguenay", "source_last_edit_at": ""}}, {"type": "Feature", "geometry": {"type": "Point", "coordinates": [-71.0443131006, 48.4448984006]}, "properties": {"id": "saguenay-63435", "species_group": "crabapple", "scientific_name": "Malus sp.", "common_name": "Pommier", "subtype_name": "Pommier", "zip_code": null, "ownership": "public", "ownership_raw": "Ville de Saguenay", "city": "Saguenay", "source_dataset": "Inventaire des arbres répertoriés", "source_department": "Ville de Saguenay", "source_last_edit_at": ""}}, {"type": "Feature", "geometry": {"type": "Point", "coordinates": [-71.0444310002, 48.4449210011]}, "properties": {"id": "saguenay-63436", "species_group": "crabapple", "scientific_name": "Malus sp.", "common_name": "Pommier", "subtype_name": "Pommier", "zip_code": null, "ownership": "public", "ownership_raw": "Ville de Saguenay", "city": "Saguenay", "source_dataset": "Inventaire des arbres répertoriés", "source_department": "Ville de Saguenay", "source_last_edit_at": ""}}, {"type": "Feature", "geometry": {"type": "Point", "coordinates": [-71.1712881004, 48.4118325008]}, "properties": {"id": "saguenay-6344", "species_group": "crabapple", "scientific_name": "Malus sp.", "common_name": "Pommier", "subtype_name": "Pommier", "zip_code": null, "ownership": "public", "ownership_raw": "Ville de Saguenay", "city": "Saguenay", "source_dataset": "Inventaire des arbres répertoriés", "source_department": "Ville de Saguenay", "source_last_edit_at": ""}}, {"type": "Feature", "geometry": {"type": "Point", "coordinates": [-71.0545613996, 48.4387350006]}, "properties": {"id": "saguenay-63444", "species_group": "crabapple", "scientific_name": "Malus sp.", "common_name": "Pommier", "subtype_name": "Pommier", "zip_code": null, "ownership": "public", "ownership_raw": "Ville de Saguenay", "city": "Saguenay", "source_dataset": "Inventaire des arbres répertoriés", "source_department": "Ville de Saguenay", "source_last_edit_at": ""}}, {"type": "Feature", "geometry": {"type": "Point", "coordinates": [-71.0545743996, 48.4387038013]}, "properties": {"id": "saguenay-63445", "species_group": "crabapple", "scientific_name": "Malus sp.", "common_name": "Pommier", "subtype_name": "Pommier", "zip_code": null, "ownership": "public", "ownership_raw": "Ville de Saguenay", "city": "Saguenay", "source_dataset": "Inventaire des arbres répertoriés", "source_department": "Ville de Saguenay", "source_last_edit_at": ""}}, {"type": "Feature", "geometry": {"type": "Point", "coordinates": [-71.0524185999, 48.4534606007]}, "properties": {"id": "saguenay-63482", "species_group": "crabapple", "scientific_name": "Malus sp.", "common_name": "Pommier", "subtype_name": "Pommier", "zip_code": null, "ownership": "public", "ownership_raw": "Ville de Saguenay", "city": "Saguenay", "source_dataset": "Inventaire des arbres répertoriés", "source_department": "Ville de Saguenay", "source_last_edit_at": ""}}, {"type": "Feature", "geometry": {"type": "Point", "coordinates": [-71.0527989796, 48.453078286]}, "properties": {"id": "saguenay-63498", "species_group": "crabapple", "scientific_name": "Malus sp.", "common_name": "Pommier", "subtype_name": "Pommier", "zip_code": null, "ownership": "public", "ownership_raw": "Ville de Saguenay", "city": "Saguenay", "source_dataset": "Inventaire des arbres répertoriés", "source_department": "Ville de Saguenay", "source_last_edit_at": ""}}, {"type": "Feature", "geometry": {"type": "Point", "coordinates": [-71.0532388998, 48.4575830014]}, "properties": {"id": "saguenay-63549", "species_group": "crabapple", "scientific_name": "Malus sp.", "common_name": "Pommier", "subtype_name": "Pommier", "zip_code": null, "ownership": "public", "ownership_raw": "Ville de Saguenay", "city": "Saguenay", "source_dataset": "Inventaire des arbres répertoriés", "source_department": "Ville de Saguenay", "source_last_edit_at": ""}}, {"type": "Feature", "geometry": {"type": "Point", "coordinates": [-71.0502252001, 48.4588998007]}, "properties": {"id": "saguenay-63559", "species_group": "crabapple", "scientific_name": "Malus sp.", "common_name": "Pommier", "subtype_name": "Pommier", "zip_code": null, "ownership": "public", "ownership_raw": "Ville de Saguenay", "city": "Saguenay", "source_dataset": "Inventaire des arbres répertoriés", "source_department": "Ville de Saguenay", "source_last_edit_at": ""}}, {"type": "Feature", "geometry": {"type": "Point", "coordinates": [-71.0509099996, 48.4607579007]}, "properties": {"id": "saguenay-63563", "species_group": "crabapple", "scientific_name": "Malus sp.", "common_name": "Pommier", "subtype_name": "Pommier", "zip_code": null, "ownership": "public", "ownership_raw": "Ville de Saguenay", "city": "Saguenay", "source_dataset": "Inventaire des arbres répertoriés", "source_department": "Ville de Saguenay", "source_last_edit_at": ""}}, {"type": "Feature", "geometry": {"type": "Point", "coordinates": [-71.0549551004, 48.4474245009]}, "properties": {"id": "saguenay-63584", "species_group": "crabapple", "scientific_name": "Malus sp.", "common_name": "Pommier", "subtype_name": "Pommier", "zip_code": null, "ownership": "public", "ownership_raw": "Ville de Saguenay", "city": "Saguenay", "source_dataset": "Inventaire des arbres répertoriés", "source_department": "Ville de Saguenay", "source_last_edit_at": ""}}, {"type": "Feature", "geometry": {"type": "Point", "coordinates": [-71.0550237995, 48.4475783006]}, "properties": {"id": "saguenay-63585", "species_group": "crabapple", "scientific_name": "Malus sp.", "common_name": "Pommier", "subtype_name": "Pommier", "zip_code": null, "ownership": "public", "ownership_raw": "Ville de Saguenay", "city": "Saguenay", "source_dataset": "Inventaire des arbres répertoriés", "source_department": "Ville de Saguenay", "source_last_edit_at": ""}}, {"type": "Feature", "geometry": {"type": "Point", "coordinates": [-71.1707149005, 48.4121087008]}, "properties": {"id": "saguenay-6359", "species_group": "crabapple", "scientific_name": "Malus sp.", "common_name": "Pommier", "subtype_name": "Pommier", "zip_code": null, "ownership": "public", "ownership_raw": "Ville de Saguenay", "city": "Saguenay", "source_dataset": "Inventaire des arbres répertoriés", "source_department": "Ville de Saguenay", "source_last_edit_at": ""}}, {"type": "Feature", "geometry": {"type": "Point", "coordinates": [-71.0549101006, 48.439598401]}, "properties": {"id": "saguenay-63665", "species_group": "crabapple", "scientific_name": "Malus sp.", "common_name": "Pommier", "subtype_name": "Pommier", "zip_code": null, "ownership": "public", "ownership_raw": "Ville de Saguenay", "city": "Saguenay", "source_dataset": "Inventaire des arbres répertoriés", "source_department": "Ville de Saguenay", "source_last_edit_at": ""}}, {"type": "Feature", "geometry": {"type": "Point", "coordinates": [-71.0550392003, 48.4396264013]}, "properties": {"id": "saguenay-63667", "species_group": "crabapple", "scientific_name": "Malus sp.", "common_name": "Pommier", "subtype_name": "Pommier", "zip_code": null, "ownership": "public", "ownership_raw": "Ville de Saguenay", "city": "Saguenay", "source_dataset": "Inventaire des arbres répertoriés", "source_department": "Ville de Saguenay", "source_last_edit_at": ""}}, {"type": "Feature", "geometry": {"type": "Point", "coordinates": [-71.0580765001, 48.4397765007]}, "properties": {"id": "saguenay-63693", "species_group": "crabapple", "scientific_name": "Malus sp.", "common_name": "Pommier", "subtype_name": "Pommier", "zip_code": null, "ownership": "public", "ownership_raw": "Ville de Saguenay", "city": "Saguenay", "source_dataset": "Inventaire des arbres répertoriés", "source_department": "Ville de Saguenay", "source_last_edit_at": ""}}, {"type": "Feature", "geometry": {"type": "Point", "coordinates": [-71.0577431003, 48.4408059005]}, "properties": {"id": "saguenay-63696", "species_group": "crabapple", "scientific_name": "Malus sp.", "common_name": "Pommier", "subtype_name": "Pommier", "zip_code": null, "ownership": "public", "ownership_raw": "Ville de Saguenay", "city": "Saguenay", "source_dataset": "Inventaire des arbres répertoriés", "source_department": "Ville de Saguenay", "source_last_edit_at": ""}}, {"type": "Feature", "geometry": {"type": "Point", "coordinates": [-71.0533230997, 48.444543101]}, "properties": {"id": "saguenay-63720", "species_group": "crabapple", "scientific_name": "Malus sp.", "common_name": "Pommier", "subtype_name": "Pommier", "zip_code": null, "ownership": "public", "ownership_raw": "Ville de Saguenay", "city": "Saguenay", "source_dataset": "Inventaire des arbres répertoriés", "source_department": "Ville de Saguenay", "source_last_edit_at": ""}}, {"type": "Feature", "geometry": {"type": "Point", "coordinates": [-71.0527744005, 48.4439615009]}, "properties": {"id": "saguenay-63721", "species_group": "crabapple", "scientific_name": "Malus sp.", "common_name": "Pommier", "subtype_name": "Pommier", "zip_code": null, "ownership": "public", "ownership_raw": "Ville de Saguenay", "city": "Saguenay", "source_dataset": "Inventaire des arbres répertoriés", "source_department": "Ville de Saguenay", "source_last_edit_at": ""}}, {"type": "Feature", "geometry": {"type": "Point", "coordinates": [-71.0530188001, 48.442048701]}, "properties": {"id": "saguenay-63731", "species_group": "crabapple", "scientific_name": "Malus sp.", "common_name": "Pommier", "subtype_name": "Pommier", "zip_code": null, "ownership": "public", "ownership_raw": "Ville de Saguenay", "city": "Saguenay", "source_dataset": "Inventaire des arbres répertoriés", "source_department": "Ville de Saguenay", "source_last_edit_at": ""}}, {"type": "Feature", "geometry": {"type": "Point", "coordinates": [-71.0530896004, 48.4419001009]}, "properties": {"id": "saguenay-63732", "species_group": "crabapple", "scientific_name": "Malus sp.", "common_name": "Pommier", "subtype_name": "Pommier", "zip_code": null, "ownership": "public", "ownership_raw": "Ville de Saguenay", "city": "Saguenay", "source_dataset": "Inventaire des arbres répertoriés", "source_department": "Ville de Saguenay", "source_last_edit_at": ""}}, {"type": "Feature", "geometry": {"type": "Point", "coordinates": [-71.0194990999, 48.453893101]}, "properties": {"id": "saguenay-63766", "species_group": "crabapple", "scientific_name": "Malus sp.", "common_name": "Pommier", "subtype_name": "Pommier", "zip_code": null, "ownership": "public", "ownership_raw": "Ville de Saguenay", "city": "Saguenay", "source_dataset": "Inventaire des arbres répertoriés", "source_department": "Ville de Saguenay", "source_last_edit_at": ""}}, {"type": "Feature", "geometry": {"type": "Point", "coordinates": [-71.0599712004, 48.4426864001]}, "properties": {"id": "saguenay-63782", "species_group": "crabapple", "scientific_name": "Malus sp.", "common_name": "Pommier", "subtype_name": "Pommier", "zip_code": null, "ownership": "public", "ownership_raw": "Ville de Saguenay", "city": "Saguenay", "source_dataset": "Inventaire des arbres répertoriés", "source_department": "Ville de Saguenay", "source_last_edit_at": ""}}, {"type": "Feature", "geometry": {"type": "Point", "coordinates": [-71.0577432999, 48.450615401]}, "properties": {"id": "saguenay-63787", "species_group": "crabapple", "scientific_name": "Malus sp.", "common_name": "Pommier", "subtype_name": "Pommier", "zip_code": null, "ownership": "public", "ownership_raw": "Ville de Saguenay", "city": "Saguenay", "source_dataset": "Inventaire des arbres répertoriés", "source_department": "Ville de Saguenay", "source_last_edit_at": ""}}, {"type": "Feature", "geometry": {"type": "Point", "coordinates": [-71.0145807005, 48.4547748007]}, "properties": {"id": "saguenay-63795", "species_group": "crabapple", "scientific_name": "Malus sp.", "common_name": "Pommier", "subtype_name": "Pommier", "zip_code": null, "ownership": "public", "ownership_raw": "Ville de Saguenay", "city": "Saguenay", "source_dataset": "Inventaire des arbres répertoriés", "source_department": "Ville de Saguenay", "source_last_edit_at": ""}}, {"type": "Feature", "geometry": {"type": "Point", "coordinates": [-71.1860344007, 48.4352094996]}, "properties": {"id": "saguenay-638", "species_group": "crabapple", "scientific_name": "Malus sp.", "common_name": "Pommier", "subtype_name": "Pommier", "zip_code": null, "ownership": "public", "ownership_raw": "Ville de Saguenay", "city": "Saguenay", "source_dataset": "Inventaire des arbres répertoriés", "source_department": "Ville de Saguenay", "source_last_edit_at": ""}}, {"type": "Feature", "geometry": {"type": "Point", "coordinates": [-71.0657550004, 48.4513466011]}, "properties": {"id": "saguenay-63912", "species_group": "crabapple", "scientific_name": "Malus sp.", "common_name": "Pommier", "subtype_name": "Pommier", "zip_code": null, "ownership": "public", "ownership_raw": "Ville de Saguenay", "city": "Saguenay", "source_dataset": "Inventaire des arbres répertoriés", "source_department": "Ville de Saguenay", "source_last_edit_at": ""}}, {"type": "Feature", "geometry": {"type": "Point", "coordinates": [-71.0645825006, 48.4513294006]}, "properties": {"id": "saguenay-63914", "species_group": "crabapple", "scientific_name": "Malus sp.", "common_name": "Pommier", "subtype_name": "Pommier", "zip_code": null, "ownership": "public", "ownership_raw": "Ville de Saguenay", "city": "Saguenay", "source_dataset": "Inventaire des arbres répertoriés", "source_department": "Ville de Saguenay", "source_last_edit_at": ""}}, {"type": "Feature", "geometry": {"type": "Point", "coordinates": [-71.0652444999, 48.4532450006]}, "properties": {"id": "saguenay-63939", "species_group": "crabapple", "scientific_name": "Malus sp.", "common_name": "Pommier", "subtype_name": "Pommier", "zip_code": null, "ownership": "public", "ownership_raw": "Ville de Saguenay", "city": "Saguenay", "source_dataset": "Inventaire des arbres répertoriés", "source_department": "Ville de Saguenay", "source_last_edit_at": ""}}, {"type": "Feature", "geometry": {"type": "Point", "coordinates": [-71.0631305004, 48.4525060013]}, "properties": {"id": "saguenay-63945", "species_group": "crabapple", "scientific_name": "Malus sp.", "common_name": "Pommier", "subtype_name": "Pommier", "zip_code": null, "ownership": "public", "ownership_raw": "Ville de Saguenay", "city": "Saguenay", "source_dataset": "Inventaire des arbres répertoriés", "source_department": "Ville de Saguenay", "source_last_edit_at": ""}}, {"type": "Feature", "geometry": {"type": "Point", "coordinates": [-71.0640774, 48.4533080006]}, "properties": {"id": "saguenay-63946", "species_group": "crabapple", "scientific_name": "Malus sp.", "common_name": "Pommier", "subtype_name": "Pommier", "zip_code": null, "ownership": "public", "ownership_raw": "Ville de Saguenay", "city": "Saguenay", "source_dataset": "Inventaire des arbres répertoriés", "source_department": "Ville de Saguenay", "source_last_edit_at": ""}}, {"type": "Feature", "geometry": {"type": "Point", "coordinates": [-71.0795148003, 48.4462574006]}, "properties": {"id": "saguenay-63969", "species_group": "crabapple", "scientific_name": "Malus sp.", "common_name": "Pommier", "subtype_name": "Pommier", "zip_code": null, "ownership": "public", "ownership_raw": "Ville de Saguenay", "city": "Saguenay", "source_dataset": "Inventaire des arbres répertoriés", "source_department": "Ville de Saguenay", "source_last_edit_at": ""}}, {"type": "Feature", "geometry": {"type": "Point", "coordinates": [-71.0796056996, 48.4462355006]}, "properties": {"id": "saguenay-63970", "species_group": "crabapple", "scientific_name": "Malus sp.", "common_name": "Pommier", "subtype_name": "Pommier", "zip_code": null, "ownership": "public", "ownership_raw": "Ville de Saguenay", "city": "Saguenay", "source_dataset": "Inventaire des arbres répertoriés", "source_department": "Ville de Saguenay", "source_last_edit_at": ""}}, {"type": "Feature", "geometry": {"type": "Point", "coordinates": [-71.0934862006, 48.4490629996]}, "properties": {"id": "saguenay-64077", "species_group": "crabapple", "scientific_name": "Malus sp.", "common_name": "Pommier", "subtype_name": "Pommier", "zip_code": null, "ownership": "public", "ownership_raw": "Ville de Saguenay", "city": "Saguenay", "source_dataset": "Inventaire des arbres répertoriés", "source_department": "Ville de Saguenay", "source_last_edit_at": ""}}, {"type": "Feature", "geometry": {"type": "Point", "coordinates": [-71.0941436001, 48.4481760014]}, "properties": {"id": "saguenay-64088", "species_group": "crabapple", "scientific_name": "Malus sp.", "common_name": "Pommier", "subtype_name": "Pommier", "zip_code": null, "ownership": "public", "ownership_raw": "Ville de Saguenay", "city": "Saguenay", "source_dataset": "Inventaire des arbres répertoriés", "source_department": "Ville de Saguenay", "source_last_edit_at": ""}}, {"type": "Feature", "geometry": {"type": "Point", "coordinates": [-71.0961155998, 48.4517806006]}, "properties": {"id": "saguenay-64114", "species_group": "crabapple", "scientific_name": "Malus sp.", "common_name": "Pommier", "subtype_name": "Pommier", "zip_code": null, "ownership": "public", "ownership_raw": "Ville de Saguenay", "city": "Saguenay", "source_dataset": "Inventaire des arbres répertoriés", "source_department": "Ville de Saguenay", "source_last_edit_at": ""}}, {"type": "Feature", "geometry": {"type": "Point", "coordinates": [-71.1028354995, 48.4479040007]}, "properties": {"id": "saguenay-64167", "species_group": "crabapple", "scientific_name": "Malus sp.", "common_name": "Pommier", "subtype_name": "Pommier", "zip_code": null, "ownership": "public", "ownership_raw": "Ville de Saguenay", "city": "Saguenay", "source_dataset": "Inventaire des arbres répertoriés", "source_department": "Ville de Saguenay", "source_last_edit_at": ""}}, {"type": "Feature", "geometry": {"type": "Point", "coordinates": [-71.1033904003, 48.4465890014]}, "properties": {"id": "saguenay-64181", "species_group": "crabapple", "scientific_name": "Malus sp.", "common_name": "Pommier", "subtype_name": "Pommier", "zip_code": null, "ownership": "public", "ownership_raw": "Ville de Saguenay", "city": "Saguenay", "source_dataset": "Inventaire des arbres répertoriés", "source_department": "Ville de Saguenay", "source_last_edit_at": ""}}, {"type": "Feature", "geometry": {"type": "Point", "coordinates": [-71.1037128, 48.4456976006]}, "properties": {"id": "saguenay-64185", "species_group": "crabapple", "scientific_name": "Malus sp.", "common_name": "Pommier", "subtype_name": "Pommier", "zip_code": null, "ownership": "public", "ownership_raw": "Ville de Saguenay", "city": "Saguenay", "source_dataset": "Inventaire des arbres répertoriés", "source_department": "Ville de Saguenay", "source_last_edit_at": ""}}, {"type": "Feature", "geometry": {"type": "Point", "coordinates": [-71.1038063997, 48.4438623007]}, "properties": {"id": "saguenay-64240", "species_group": "crabapple", "scientific_name": "Malus sp.", "common_name": "Pommier", "subtype_name": "Pommier", "zip_code": null, "ownership": "public", "ownership_raw": "Ville de Saguenay", "city": "Saguenay", "source_dataset": "Inventaire des arbres répertoriés", "source_department": "Ville de Saguenay", "source_last_edit_at": ""}}, {"type": "Feature", "geometry": {"type": "Point", "coordinates": [-71.0986663003, 48.4456994009]}, "properties": {"id": "saguenay-64363", "species_group": "crabapple", "scientific_name": "Malus sp.", "common_name": "Pommier", "subtype_name": "Pommier", "zip_code": null, "ownership": "public", "ownership_raw": "Ville de Saguenay", "city": "Saguenay", "source_dataset": "Inventaire des arbres répertoriés", "source_department": "Ville de Saguenay", "source_last_edit_at": ""}}, {"type": "Feature", "geometry": {"type": "Point", "coordinates": [-71.0986394999, 48.4456672012]}, "properties": {"id": "saguenay-64364", "species_group": "crabapple", "scientific_name": "Malus sp.", "common_name": "Pommier", "subtype_name": "Pommier", "zip_code": null, "ownership": "public", "ownership_raw": "Ville de Saguenay", "city": "Saguenay", "source_dataset": "Inventaire des arbres répertoriés", "source_department": "Ville de Saguenay", "source_last_edit_at": ""}}, {"type": "Feature", "geometry": {"type": "Point", "coordinates": [-71.0911691995, 48.4502524012]}, "properties": {"id": "saguenay-64434", "species_group": "crabapple", "scientific_name": "Malus sp.", "common_name": "Pommier", "subtype_name": "Pommier", "zip_code": null, "ownership": "public", "ownership_raw": "Ville de Saguenay", "city": "Saguenay", "source_dataset": "Inventaire des arbres répertoriés", "source_department": "Ville de Saguenay", "source_last_edit_at": ""}}, {"type": "Feature", "geometry": {"type": "Point", "coordinates": [-71.0870325999, 48.4490636012]}, "properties": {"id": "saguenay-64451", "species_group": "crabapple", "scientific_name": "Malus sp.", "common_name": "Pommier", "subtype_name": "Pommier", "zip_code": null, "ownership": "public", "ownership_raw": "Ville de Saguenay", "city": "Saguenay", "source_dataset": "Inventaire des arbres répertoriés", "source_department": "Ville de Saguenay", "source_last_edit_at": ""}}, {"type": "Feature", "geometry": {"type": "Point", "coordinates": [-71.0866236007, 48.4455500007]}, "properties": {"id": "saguenay-64492", "species_group": "crabapple", "scientific_name": "Malus sp.", "common_name": "Pommier", "subtype_name": "Pommier", "zip_code": null, "ownership": "public", "ownership_raw": "Ville de Saguenay", "city": "Saguenay", "source_dataset": "Inventaire des arbres répertoriés", "source_department": "Ville de Saguenay", "source_last_edit_at": ""}}, {"type": "Feature", "geometry": {"type": "Point", "coordinates": [-71.0823852998, 48.4447495011]}, "properties": {"id": "saguenay-64660", "species_group": "crabapple", "scientific_name": "Malus sp.", "common_name": "Pommier", "subtype_name": "Pommier", "zip_code": null, "ownership": "public", "ownership_raw": "Ville de Saguenay", "city": "Saguenay", "source_dataset": "Inventaire des arbres répertoriés", "source_department": "Ville de Saguenay", "source_last_edit_at": ""}}, {"type": "Feature", "geometry": {"type": "Point", "coordinates": [-71.0816368994, 48.4442303012]}, "properties": {"id": "saguenay-64668", "species_group": "crabapple", "scientific_name": "Malus sp.", "common_name": "Pommier", "subtype_name": "Pommier", "zip_code": null, "ownership": "public", "ownership_raw": "Ville de Saguenay", "city": "Saguenay", "source_dataset": "Inventaire des arbres répertoriés", "source_department": "Ville de Saguenay", "source_last_edit_at": ""}}, {"type": "Feature", "geometry": {"type": "Point", "coordinates": [-71.0815775, 48.4442911012]}, "properties": {"id": "saguenay-64669", "species_group": "crabapple", "scientific_name": "Malus sp.", "common_name": "Pommier", "subtype_name": "Pommier", "zip_code": null, "ownership": "public", "ownership_raw": "Ville de Saguenay", "city": "Saguenay", "source_dataset": "Inventaire des arbres répertoriés", "source_department": "Ville de Saguenay", "source_last_edit_at": ""}}, {"type": "Feature", "geometry": {"type": "Point", "coordinates": [-71.0814763997, 48.444404501]}, "properties": {"id": "saguenay-64670", "species_group": "crabapple", "scientific_name": "Malus sp.", "common_name": "Pommier", "subtype_name": "Pommier", "zip_code": null, "ownership": "public", "ownership_raw": "Ville de Saguenay", "city": "Saguenay", "source_dataset": "Inventaire des arbres répertoriés", "source_department": "Ville de Saguenay", "source_last_edit_at": ""}}, {"type": "Feature", "geometry": {"type": "Point", "coordinates": [-71.0844980998, 48.4441931014]}, "properties": {"id": "saguenay-64678", "species_group": "crabapple", "scientific_name": "Malus sp.", "common_name": "Pommier", "subtype_name": "Pommier", "zip_code": null, "ownership": "public", "ownership_raw": "Ville de Saguenay", "city": "Saguenay", "source_dataset": "Inventaire des arbres répertoriés", "source_department": "Ville de Saguenay", "source_last_edit_at": ""}}, {"type": "Feature", "geometry": {"type": "Point", "coordinates": [-71.0797254007, 48.4413394014]}, "properties": {"id": "saguenay-64686", "species_group": "crabapple", "scientific_name": "Malus sp.", "common_name": "Pommier", "subtype_name": "Pommier", "zip_code": null, "ownership": "public", "ownership_raw": "Ville de Saguenay", "city": "Saguenay", "source_dataset": "Inventaire des arbres répertoriés", "source_department": "Ville de Saguenay", "source_last_edit_at": ""}}, {"type": "Feature", "geometry": {"type": "Point", "coordinates": [-71.0797236994, 48.4413467012]}, "properties": {"id": "saguenay-64687", "species_group": "crabapple", "scientific_name": "Malus sp.", "common_name": "Pommier", "subtype_name": "Pommier", "zip_code": null, "ownership": "public", "ownership_raw": "Ville de Saguenay", "city": "Saguenay", "source_dataset": "Inventaire des arbres répertoriés", "source_department": "Ville de Saguenay", "source_last_edit_at": ""}}, {"type": "Feature", "geometry": {"type": "Point", "coordinates": [-71.0797401998, 48.4413266005]}, "properties": {"id": "saguenay-64688", "species_group": "crabapple", "scientific_name": "Malus sp.", "common_name": "Pommier", "subtype_name": "Pommier", "zip_code": null, "ownership": "public", "ownership_raw": "Ville de Saguenay", "city": "Saguenay", "source_dataset": "Inventaire des arbres répertoriés", "source_department": "Ville de Saguenay", "source_last_edit_at": ""}}, {"type": "Feature", "geometry": {"type": "Point", "coordinates": [-71.0797471001, 48.4412806009]}, "properties": {"id": "saguenay-64691", "species_group": "crabapple", "scientific_name": "Malus sp.", "common_name": "Pommier", "subtype_name": "Pommier", "zip_code": null, "ownership": "public", "ownership_raw": "Ville de Saguenay", "city": "Saguenay", "source_dataset": "Inventaire des arbres répertoriés", "source_department": "Ville de Saguenay", "source_last_edit_at": ""}}, {"type": "Feature", "geometry": {"type": "Point", "coordinates": [-71.0797676002, 48.4412599008]}, "properties": {"id": "saguenay-64693", "species_group": "crabapple", "scientific_name": "Malus sp.", "common_name": "Pommier", "subtype_name": "Pommier", "zip_code": null, "ownership": "public", "ownership_raw": "Ville de Saguenay", "city": "Saguenay", "source_dataset": "Inventaire des arbres répertoriés", "source_department": "Ville de Saguenay", "source_last_edit_at": ""}}, {"type": "Feature", "geometry": {"type": "Point", "coordinates": [-71.0797536001, 48.4412587005]}, "properties": {"id": "saguenay-64694", "species_group": "crabapple", "scientific_name": "Malus sp.", "common_name": "Pommier", "subtype_name": "Pommier", "zip_code": null, "ownership": "public", "ownership_raw": "Ville de Saguenay", "city": "Saguenay", "source_dataset": "Inventaire des arbres répertoriés", "source_department": "Ville de Saguenay", "source_last_edit_at": ""}}, {"type": "Feature", "geometry": {"type": "Point", "coordinates": [-71.0865885003, 48.4426204012]}, "properties": {"id": "saguenay-64717", "species_group": "crabapple", "scientific_name": "Malus sp.", "common_name": "Pommier", "subtype_name": "Pommier", "zip_code": null, "ownership": "public", "ownership_raw": "Ville de Saguenay", "city": "Saguenay", "source_dataset": "Inventaire des arbres répertoriés", "source_department": "Ville de Saguenay", "source_last_edit_at": ""}}, {"type": "Feature", "geometry": {"type": "Point", "coordinates": [-71.0680653999, 48.4432247007]}, "properties": {"id": "saguenay-64839", "species_group": "crabapple", "scientific_name": "Malus sp.", "common_name": "Pommier", "subtype_name": "Pommier", "zip_code": null, "ownership": "public", "ownership_raw": "Ville de Saguenay", "city": "Saguenay", "source_dataset": "Inventaire des arbres répertoriés", "source_department": "Ville de Saguenay", "source_last_edit_at": ""}}, {"type": "Feature", "geometry": {"type": "Point", "coordinates": [-71.1098854006, 48.4559711006]}, "properties": {"id": "saguenay-64866", "species_group": "crabapple", "scientific_name": "Malus sp.", "common_name": "Pommier", "subtype_name": "Pommier", "zip_code": null, "ownership": "public", "ownership_raw": "Ville de Saguenay", "city": "Saguenay", "source_dataset": "Inventaire des arbres répertoriés", "source_department": "Ville de Saguenay", "source_last_edit_at": ""}}, {"type": "Feature", "geometry": {"type": "Point", "coordinates": [-71.1167710007, 48.4571975013]}, "properties": {"id": "saguenay-64917", "species_group": "crabapple", "scientific_name": "Malus sp.", "common_name": "Pommier", "subtype_name": "Pommier", "zip_code": null, "ownership": "public", "ownership_raw": "Ville de Saguenay", "city": "Saguenay", "source_dataset": "Inventaire des arbres répertoriés", "source_department": "Ville de Saguenay", "source_last_edit_at": ""}}, {"type": "Feature", "geometry": {"type": "Point", "coordinates": [-71.1741327002, 48.4109410012]}, "properties": {"id": "saguenay-6493", "species_group": "crabapple", "scientific_name": "Malus sp.", "common_name": "Pommier", "subtype_name": "Pommier", "zip_code": null, "ownership": "public", "ownership_raw": "Ville de Saguenay", "city": "Saguenay", "source_dataset": "Inventaire des arbres répertoriés", "source_department": "Ville de Saguenay", "source_last_edit_at": ""}}, {"type": "Feature", "geometry": {"type": "Point", "coordinates": [-71.0654238, 48.4482529005]}, "properties": {"id": "saguenay-64988", "species_group": "crabapple", "scientific_name": "Malus sp.", "common_name": "Pommier", "subtype_name": "Pommier", "zip_code": null, "ownership": "public", "ownership_raw": "Ville de Saguenay", "city": "Saguenay", "source_dataset": "Inventaire des arbres répertoriés", "source_department": "Ville de Saguenay", "source_last_edit_at": ""}}, {"type": "Feature", "geometry": {"type": "Point", "coordinates": [-71.0614228994, 48.4473562009]}, "properties": {"id": "saguenay-65004", "species_group": "crabapple", "scientific_name": "Malus sp.", "common_name": "Pommier", "subtype_name": "Pommier", "zip_code": null, "ownership": "public", "ownership_raw": "Ville de Saguenay", "city": "Saguenay", "source_dataset": "Inventaire des arbres répertoriés", "source_department": "Ville de Saguenay", "source_last_edit_at": ""}}, {"type": "Feature", "geometry": {"type": "Point", "coordinates": [-71.0612286994, 48.4420641007]}, "properties": {"id": "saguenay-65006", "species_group": "crabapple", "scientific_name": "Malus sp.", "common_name": "Pommier", "subtype_name": "Pommier", "zip_code": null, "ownership": "public", "ownership_raw": "Ville de Saguenay", "city": "Saguenay", "source_dataset": "Inventaire des arbres répertoriés", "source_department": "Ville de Saguenay", "source_last_edit_at": ""}}, {"type": "Feature", "geometry": {"type": "Point", "coordinates": [-71.0757804007, 48.4390212013]}, "properties": {"id": "saguenay-65178", "species_group": "crabapple", "scientific_name": "Malus sp.", "common_name": "Pommier", "subtype_name": "Pommier", "zip_code": null, "ownership": "public", "ownership_raw": "Ville de Saguenay", "city": "Saguenay", "source_dataset": "Inventaire des arbres répertoriés", "source_department": "Ville de Saguenay", "source_last_edit_at": ""}}, {"type": "Feature", "geometry": {"type": "Point", "coordinates": [-71.1009015006, 48.4578359007]}, "properties": {"id": "saguenay-65317", "species_group": "crabapple", "scientific_name": "Malus sp.", "common_name": "Pommier", "subtype_name": "Pommier", "zip_code": null, "ownership": "public", "ownership_raw": "Ville de Saguenay", "city": "Saguenay", "source_dataset": "Inventaire des arbres répertoriés", "source_department": "Ville de Saguenay", "source_last_edit_at": ""}}, {"type": "Feature", "geometry": {"type": "Point", "coordinates": [-71.1043409996, 48.4551964006]}, "properties": {"id": "saguenay-65378", "species_group": "crabapple", "scientific_name": "Malus sp.", "common_name": "Pommier", "subtype_name": "Pommier", "zip_code": null, "ownership": "public", "ownership_raw": "Ville de Saguenay", "city": "Saguenay", "source_dataset": "Inventaire des arbres répertoriés", "source_department": "Ville de Saguenay", "source_last_edit_at": ""}}, {"type": "Feature", "geometry": {"type": "Point", "coordinates": [-71.1694973003, 48.4124341009]}, "properties": {"id": "saguenay-6538", "species_group": "crabapple", "scientific_name": "Malus sp.", "common_name": "Pommier", "subtype_name": "Pommier", "zip_code": null, "ownership": "public", "ownership_raw": "Ville de Saguenay", "city": "Saguenay", "source_dataset": "Inventaire des arbres répertoriés", "source_department": "Ville de Saguenay", "source_last_edit_at": ""}}, {"type": "Feature", "geometry": {"type": "Point", "coordinates": [-71.0639383997, 48.4386721011]}, "properties": {"id": "saguenay-65393", "species_group": "crabapple", "scientific_name": "Malus sp.", "common_name": "Pommier", "subtype_name": "Pommier", "zip_code": null, "ownership": "public", "ownership_raw": "Ville de Saguenay", "city": "Saguenay", "source_dataset": "Inventaire des arbres répertoriés", "source_department": "Ville de Saguenay", "source_last_edit_at": ""}}, {"type": "Feature", "geometry": {"type": "Point", "coordinates": [-71.0635495997, 48.4388288007]}, "properties": {"id": "saguenay-65396", "species_group": "crabapple", "scientific_name": "Malus sp.", "common_name": "Pommier", "subtype_name": "Pommier", "zip_code": null, "ownership": "public", "ownership_raw": "Ville de Saguenay", "city": "Saguenay", "source_dataset": "Inventaire des arbres répertoriés", "source_department": "Ville de Saguenay", "source_last_edit_at": ""}}, {"type": "Feature", "geometry": {"type": "Point", "coordinates": [-71.0716276996, 48.4381782012]}, "properties": {"id": "saguenay-65522", "species_group": "crabapple", "scientific_name": "Malus sp.", "common_name": "Pommier", "subtype_name": "Pommier", "zip_code": null, "ownership": "public", "ownership_raw": "Ville de Saguenay", "city": "Saguenay", "source_dataset": "Inventaire des arbres répertoriés", "source_department": "Ville de Saguenay", "source_last_edit_at": ""}}, {"type": "Feature", "geometry": {"type": "Point", "coordinates": [-71.0705927002, 48.4388528014]}, "properties": {"id": "saguenay-65527", "species_group": "crabapple", "scientific_name": "Malus sp.", "common_name": "Pommier", "subtype_name": "Pommier", "zip_code": null, "ownership": "public", "ownership_raw": "Ville de Saguenay", "city": "Saguenay", "source_dataset": "Inventaire des arbres répertoriés", "source_department": "Ville de Saguenay", "source_last_edit_at": ""}}, {"type": "Feature", "geometry": {"type": "Point", "coordinates": [-71.0718239996, 48.4399450005]}, "properties": {"id": "saguenay-65543", "species_group": "crabapple", "scientific_name": "Malus sp.", "common_name": "Pommier", "subtype_name": "Pommier", "zip_code": null, "ownership": "public", "ownership_raw": "Ville de Saguenay", "city": "Saguenay", "source_dataset": "Inventaire des arbres répertoriés", "source_department": "Ville de Saguenay", "source_last_edit_at": ""}}, {"type": "Feature", "geometry": {"type": "Point", "coordinates": [-71.1870199594, 48.4337948802]}, "properties": {"id": "saguenay-65559", "species_group": "crabapple", "scientific_name": "Malus sp.", "common_name": "Pommier", "subtype_name": "Pommier", "zip_code": null, "ownership": "public", "ownership_raw": "Ville de Saguenay", "city": "Saguenay", "source_dataset": "Inventaire des arbres répertoriés", "source_department": "Ville de Saguenay", "source_last_edit_at": ""}}, {"type": "Feature", "geometry": {"type": "Point", "coordinates": [-71.18759277, 48.4339445303]}, "properties": {"id": "saguenay-65560", "species_group": "crabapple", "scientific_name": "Malus sp.", "common_name": "Pommier", "subtype_name": "Pommier", "zip_code": null, "ownership": "public", "ownership_raw": "Ville de Saguenay", "city": "Saguenay", "source_dataset": "Inventaire des arbres répertoriés", "source_department": "Ville de Saguenay", "source_last_edit_at": ""}}, {"type": "Feature", "geometry": {"type": "Point", "coordinates": [-71.18758347, 48.4338911397]}, "properties": {"id": "saguenay-65563", "species_group": "crabapple", "scientific_name": "Malus sp.", "common_name": "Pommier", "subtype_name": "Pommier", "zip_code": null, "ownership": "public", "ownership_raw": "Ville de Saguenay", "city": "Saguenay", "source_dataset": "Inventaire des arbres répertoriés", "source_department": "Ville de Saguenay", "source_last_edit_at": ""}}, {"type": "Feature", "geometry": {"type": "Point", "coordinates": [-70.8836876322, 48.3546834308]}, "properties": {"id": "saguenay-65666", "species_group": "crabapple", "scientific_name": "Malus sp.", "common_name": "Pommier", "subtype_name": "Pommier", "zip_code": null, "ownership": "public", "ownership_raw": "Ville de Saguenay", "city": "Saguenay", "source_dataset": "Inventaire des arbres répertoriés", "source_department": "Ville de Saguenay", "source_last_edit_at": ""}}, {"type": "Feature", "geometry": {"type": "Point", "coordinates": [-70.8898781487, 48.3529588163]}, "properties": {"id": "saguenay-65674", "species_group": "crabapple", "scientific_name": "Malus sp.", "common_name": "Pommier", "subtype_name": "Pommier", "zip_code": null, "ownership": "public", "ownership_raw": "Ville de Saguenay", "city": "Saguenay", "source_dataset": "Inventaire des arbres répertoriés", "source_department": "Ville de Saguenay", "source_last_edit_at": ""}}, {"type": "Feature", "geometry": {"type": "Point", "coordinates": [-70.8882723732, 48.3542640889]}, "properties": {"id": "saguenay-65679", "species_group": "crabapple", "scientific_name": "Malus sp.", "common_name": "Pommier", "subtype_name": "Pommier", "zip_code": null, "ownership": "public", "ownership_raw": "Ville de Saguenay", "city": "Saguenay", "source_dataset": "Inventaire des arbres répertoriés", "source_department": "Ville de Saguenay", "source_last_edit_at": ""}}, {"type": "Feature", "geometry": {"type": "Point", "coordinates": [-70.8873984328, 48.3546402062]}, "properties": {"id": "saguenay-65682", "species_group": "crabapple", "scientific_name": "Malus sp.", "common_name": "Pommier", "subtype_name": "Pommier", "zip_code": null, "ownership": "public", "ownership_raw": "Ville de Saguenay", "city": "Saguenay", "source_dataset": "Inventaire des arbres répertoriés", "source_department": "Ville de Saguenay", "source_last_edit_at": ""}}, {"type": "Feature", "geometry": {"type": "Point", "coordinates": [-70.8854770247, 48.3503307961]}, "properties": {"id": "saguenay-65760", "species_group": "crabapple", "scientific_name": "Malus sp.", "common_name": "Pommier", "subtype_name": "Pommier", "zip_code": null, "ownership": "public", "ownership_raw": "Ville de Saguenay", "city": "Saguenay", "source_dataset": "Inventaire des arbres répertoriés", "source_department": "Ville de Saguenay", "source_last_edit_at": ""}}, {"type": "Feature", "geometry": {"type": "Point", "coordinates": [-70.8854620086, 48.3503637895]}, "properties": {"id": "saguenay-65761", "species_group": "crabapple", "scientific_name": "Malus sp.", "common_name": "Pommier", "subtype_name": "Pommier", "zip_code": null, "ownership": "public", "ownership_raw": "Ville de Saguenay", "city": "Saguenay", "source_dataset": "Inventaire des arbres répertoriés", "source_department": "Ville de Saguenay", "source_last_edit_at": ""}}, {"type": "Feature", "geometry": {"type": "Point", "coordinates": [-70.8854532869, 48.3503971224]}, "properties": {"id": "saguenay-65762", "species_group": "crabapple", "scientific_name": "Malus sp.", "common_name": "Pommier", "subtype_name": "Pommier", "zip_code": null, "ownership": "public", "ownership_raw": "Ville de Saguenay", "city": "Saguenay", "source_dataset": "Inventaire des arbres répertoriés", "source_department": "Ville de Saguenay", "source_last_edit_at": ""}}, {"type": "Feature", "geometry": {"type": "Point", "coordinates": [-70.8854423946, 48.3504322956]}, "properties": {"id": "saguenay-65763", "species_group": "crabapple", "scientific_name": "Malus sp.", "common_name": "Pommier", "subtype_name": "Pommier", "zip_code": null, "ownership": "public", "ownership_raw": "Ville de Saguenay", "city": "Saguenay", "source_dataset": "Inventaire des arbres répertoriés", "source_department": "Ville de Saguenay", "source_last_edit_at": ""}}, {"type": "Feature", "geometry": {"type": "Point", "coordinates": [-70.8854309516, 48.3504635124]}, "properties": {"id": "saguenay-65764", "species_group": "crabapple", "scientific_name": "Malus sp.", "common_name": "Pommier", "subtype_name": "Pommier", "zip_code": null, "ownership": "public", "ownership_raw": "Ville de Saguenay", "city": "Saguenay", "source_dataset": "Inventaire des arbres répertoriés", "source_department": "Ville de Saguenay", "source_last_edit_at": ""}}, {"type": "Feature", "geometry": {"type": "Point", "coordinates": [-70.8857108028, 48.3497662647]}, "properties": {"id": "saguenay-65765", "species_group": "crabapple", "scientific_name": "Malus sp.", "common_name": "Pommier", "subtype_name": "Pommier", "zip_code": null, "ownership": "public", "ownership_raw": "Ville de Saguenay", "city": "Saguenay", "source_dataset": "Inventaire des arbres répertoriés", "source_department": "Ville de Saguenay", "source_last_edit_at": ""}}, {"type": "Feature", "geometry": {"type": "Point", "coordinates": [-70.8856823149, 48.3498399407]}, "properties": {"id": "saguenay-65766", "species_group": "crabapple", "scientific_name": "Malus sp.", "common_name": "Pommier", "subtype_name": "Pommier", "zip_code": null, "ownership": "public", "ownership_raw": "Ville de Saguenay", "city": "Saguenay", "source_dataset": "Inventaire des arbres répertoriés", "source_department": "Ville de Saguenay", "source_last_edit_at": ""}}, {"type": "Feature", "geometry": {"type": "Point", "coordinates": [-70.8876052015, 48.3505746224]}, "properties": {"id": "saguenay-65768", "species_group": "crabapple", "scientific_name": "Malus sp.", "common_name": "Pommier", "subtype_name": "Pommier", "zip_code": null, "ownership": "public", "ownership_raw": "Ville de Saguenay", "city": "Saguenay", "source_dataset": "Inventaire des arbres répertoriés", "source_department": "Ville de Saguenay", "source_last_edit_at": ""}}, {"type": "Feature", "geometry": {"type": "Point", "coordinates": [-70.887796994, 48.3504819399]}, "properties": {"id": "saguenay-65769", "species_group": "crabapple", "scientific_name": "Malus sp.", "common_name": "Pommier", "subtype_name": "Pommier", "zip_code": null, "ownership": "public", "ownership_raw": "Ville de Saguenay", "city": "Saguenay", "source_dataset": "Inventaire des arbres répertoriés", "source_department": "Ville de Saguenay", "source_last_edit_at": ""}}, {"type": "Feature", "geometry": {"type": "Point", "coordinates": [-70.8877776826, 48.3504707616]}, "properties": {"id": "saguenay-65770", "species_group": "crabapple", "scientific_name": "Malus sp.", "common_name": "Pommier", "subtype_name": "Pommier", "zip_code": null, "ownership": "public", "ownership_raw": "Ville de Saguenay", "city": "Saguenay", "source_dataset": "Inventaire des arbres répertoriés", "source_department": "Ville de Saguenay", "source_last_edit_at": ""}}, {"type": "Feature", "geometry": {"type": "Point", "coordinates": [-70.8877510542, 48.3504623053]}, "properties": {"id": "saguenay-65771", "species_group": "crabapple", "scientific_name": "Malus sp.", "common_name": "Pommier", "subtype_name": "Pommier", "zip_code": null, "ownership": "public", "ownership_raw": "Ville de Saguenay", "city": "Saguenay", "source_dataset": "Inventaire des arbres répertoriés", "source_department": "Ville de Saguenay", "source_last_edit_at": ""}}, {"type": "Feature", "geometry": {"type": "Point", "coordinates": [-70.8860593028, 48.3488637972]}, "properties": {"id": "saguenay-65780", "species_group": "crabapple", "scientific_name": "Malus sp.", "common_name": "Pommier", "subtype_name": "Pommier", "zip_code": null, "ownership": "public", "ownership_raw": "Ville de Saguenay", "city": "Saguenay", "source_dataset": "Inventaire des arbres répertoriés", "source_department": "Ville de Saguenay", "source_last_edit_at": ""}}, {"type": "Feature", "geometry": {"type": "Point", "coordinates": [-70.8899067588, 48.3448747806]}, "properties": {"id": "saguenay-65819", "species_group": "crabapple", "scientific_name": "Malus sp.", "common_name": "Pommier", "subtype_name": "Pommier", "zip_code": null, "ownership": "public", "ownership_raw": "Ville de Saguenay", "city": "Saguenay", "source_dataset": "Inventaire des arbres répertoriés", "source_department": "Ville de Saguenay", "source_last_edit_at": ""}}, {"type": "Feature", "geometry": {"type": "Point", "coordinates": [-70.8899258846, 48.344848761]}, "properties": {"id": "saguenay-65831", "species_group": "crabapple", "scientific_name": "Malus sp.", "common_name": "Pommier", "subtype_name": "Pommier", "zip_code": null, "ownership": "public", "ownership_raw": "Ville de Saguenay", "city": "Saguenay", "source_dataset": "Inventaire des arbres répertoriés", "source_department": "Ville de Saguenay", "source_last_edit_at": ""}}, {"type": "Feature", "geometry": {"type": "Point", "coordinates": [-70.879877912, 48.3407653462]}, "properties": {"id": "saguenay-65845", "species_group": "crabapple", "scientific_name": "Malus sp.", "common_name": "Pommier", "subtype_name": "Pommier", "zip_code": null, "ownership": "public", "ownership_raw": "Ville de Saguenay", "city": "Saguenay", "source_dataset": "Inventaire des arbres répertoriés", "source_department": "Ville de Saguenay", "source_last_edit_at": ""}}, {"type": "Feature", "geometry": {"type": "Point", "coordinates": [-70.8800267355, 48.3405848205]}, "properties": {"id": "saguenay-65855", "species_group": "crabapple", "scientific_name": "Malus sp.", "common_name": "Pommier", "subtype_name": "Pommier", "zip_code": null, "ownership": "public", "ownership_raw": "Ville de Saguenay", "city": "Saguenay", "source_dataset": "Inventaire des arbres répertoriés", "source_department": "Ville de Saguenay", "source_last_edit_at": ""}}, {"type": "Feature", "geometry": {"type": "Point", "coordinates": [-70.8802238689, 48.340553916]}, "properties": {"id": "saguenay-65864", "species_group": "crabapple", "scientific_name": "Malus sp.", "common_name": "Pommier", "subtype_name": "Pommier", "zip_code": null, "ownership": "public", "ownership_raw": "Ville de Saguenay", "city": "Saguenay", "source_dataset": "Inventaire des arbres répertoriés", "source_department": "Ville de Saguenay", "source_last_edit_at": ""}}, {"type": "Feature", "geometry": {"type": "Point", "coordinates": [-70.8884390813, 48.3456938225]}, "properties": {"id": "saguenay-65869", "species_group": "crabapple", "scientific_name": "Malus sp.", "common_name": "Pommier", "subtype_name": "Pommier", "zip_code": null, "ownership": "public", "ownership_raw": "Ville de Saguenay", "city": "Saguenay", "source_dataset": "Inventaire des arbres répertoriés", "source_department": "Ville de Saguenay", "source_last_edit_at": ""}}, {"type": "Feature", "geometry": {"type": "Point", "coordinates": [-70.8868761919, 48.346553125]}, "properties": {"id": "saguenay-65874", "species_group": "crabapple", "scientific_name": "Malus sp.", "common_name": "Pommier", "subtype_name": "Pommier", "zip_code": null, "ownership": "public", "ownership_raw": "Ville de Saguenay", "city": "Saguenay", "source_dataset": "Inventaire des arbres répertoriés", "source_department": "Ville de Saguenay", "source_last_edit_at": ""}}, {"type": "Feature", "geometry": {"type": "Point", "coordinates": [-70.8875611065, 48.3459303464]}, "properties": {"id": "saguenay-65892", "species_group": "crabapple", "scientific_name": "Malus sp.", "common_name": "Pommier", "subtype_name": "Pommier", "zip_code": null, "ownership": "public", "ownership_raw": "Ville de Saguenay", "city": "Saguenay", "source_dataset": "Inventaire des arbres répertoriés", "source_department": "Ville de Saguenay", "source_last_edit_at": ""}}, {"type": "Feature", "geometry": {"type": "Point", "coordinates": [-70.8804137918, 48.3405024127]}, "properties": {"id": "saguenay-65897", "species_group": "crabapple", "scientific_name": "Malus sp.", "common_name": "Pommier", "subtype_name": "Pommier", "zip_code": null, "ownership": "public", "ownership_raw": "Ville de Saguenay", "city": "Saguenay", "source_dataset": "Inventaire des arbres répertoriés", "source_department": "Ville de Saguenay", "source_last_edit_at": ""}}, {"type": "Feature", "geometry": {"type": "Point", "coordinates": [-70.8798512042, 48.3406238693]}, "properties": {"id": "saguenay-65919", "species_group": "crabapple", "scientific_name": "Malus sp.", "common_name": "Pommier", "subtype_name": "Pommier", "zip_code": null, "ownership": "public", "ownership_raw": "Ville de Saguenay", "city": "Saguenay", "source_dataset": "Inventaire des arbres répertoriés", "source_department": "Ville de Saguenay", "source_last_edit_at": ""}}, {"type": "Feature", "geometry": {"type": "Point", "coordinates": [-70.8792321603, 48.3403356924]}, "properties": {"id": "saguenay-65923", "species_group": "crabapple", "scientific_name": "Malus sp.", "common_name": "Pommier", "subtype_name": "Pommier", "zip_code": null, "ownership": "public", "ownership_raw": "Ville de Saguenay", "city": "Saguenay", "source_dataset": "Inventaire des arbres répertoriés", "source_department": "Ville de Saguenay", "source_last_edit_at": ""}}, {"type": "Feature", "geometry": {"type": "Point", "coordinates": [-70.8792844124, 48.3404592026]}, "properties": {"id": "saguenay-65964", "species_group": "crabapple", "scientific_name": "Malus sp.", "common_name": "Pommier", "subtype_name": "Pommier", "zip_code": null, "ownership": "public", "ownership_raw": "Ville de Saguenay", "city": "Saguenay", "source_dataset": "Inventaire des arbres répertoriés", "source_department": "Ville de Saguenay", "source_last_edit_at": ""}}, {"type": "Feature", "geometry": {"type": "Point", "coordinates": [-70.8809655593, 48.3403937086]}, "properties": {"id": "saguenay-65976", "species_group": "crabapple", "scientific_name": "Malus sp.", "common_name": "Pommier", "subtype_name": "Pommier", "zip_code": null, "ownership": "public", "ownership_raw": "Ville de Saguenay", "city": "Saguenay", "source_dataset": "Inventaire des arbres répertoriés", "source_department": "Ville de Saguenay", "source_last_edit_at": ""}}, {"type": "Feature", "geometry": {"type": "Point", "coordinates": [-70.8857292717, 48.3360700993]}, "properties": {"id": "saguenay-66020", "species_group": "crabapple", "scientific_name": "Malus sp.", "common_name": "Pommier", "subtype_name": "Pommier", "zip_code": null, "ownership": "public", "ownership_raw": "Ville de Saguenay", "city": "Saguenay", "source_dataset": "Inventaire des arbres répertoriés", "source_department": "Ville de Saguenay", "source_last_edit_at": ""}}, {"type": "Feature", "geometry": {"type": "Point", "coordinates": [-70.8968543595, 48.34079302]}, "properties": {"id": "saguenay-66122", "species_group": "crabapple", "scientific_name": "Malus sp.", "common_name": "Pommier", "subtype_name": "Pommier", "zip_code": null, "ownership": "public", "ownership_raw": "Ville de Saguenay", "city": "Saguenay", "source_dataset": "Inventaire des arbres répertoriés", "source_department": "Ville de Saguenay", "source_last_edit_at": ""}}, {"type": "Feature", "geometry": {"type": "Point", "coordinates": [-70.881415586, 48.3400095452]}, "properties": {"id": "saguenay-66341", "species_group": "crabapple", "scientific_name": "Malus sp.", "common_name": "Pommier", "subtype_name": "Pommier", "zip_code": null, "ownership": "public", "ownership_raw": "Ville de Saguenay", "city": "Saguenay", "source_dataset": "Inventaire des arbres répertoriés", "source_department": "Ville de Saguenay", "source_last_edit_at": ""}}, {"type": "Feature", "geometry": {"type": "Point", "coordinates": [-70.8802454513, 48.3405370565]}, "properties": {"id": "saguenay-66374", "species_group": "crabapple", "scientific_name": "Malus sp.", "common_name": "Pommier", "subtype_name": "Pommier", "zip_code": null, "ownership": "public", "ownership_raw": "Ville de Saguenay", "city": "Saguenay", "source_dataset": "Inventaire des arbres répertoriés", "source_department": "Ville de Saguenay", "source_last_edit_at": ""}}, {"type": "Feature", "geometry": {"type": "Point", "coordinates": [-70.8887322694, 48.3457058257]}, "properties": {"id": "saguenay-66382", "species_group": "crabapple", "scientific_name": "Malus sp.", "common_name": "Pommier", "subtype_name": "Pommier", "zip_code": null, "ownership": "public", "ownership_raw": "Ville de Saguenay", "city": "Saguenay", "source_dataset": "Inventaire des arbres répertoriés", "source_department": "Ville de Saguenay", "source_last_edit_at": ""}}, {"type": "Feature", "geometry": {"type": "Point", "coordinates": [-70.9037645452, 48.3474683235]}, "properties": {"id": "saguenay-66457", "species_group": "crabapple", "scientific_name": "Malus sp.", "common_name": "Pommier", "subtype_name": "Pommier", "zip_code": null, "ownership": "public", "ownership_raw": "Ville de Saguenay", "city": "Saguenay", "source_dataset": "Inventaire des arbres répertoriés", "source_department": "Ville de Saguenay", "source_last_edit_at": ""}}, {"type": "Feature", "geometry": {"type": "Point", "coordinates": [-70.9061585087, 48.3452356935]}, "properties": {"id": "saguenay-66469", "species_group": "plum", "scientific_name": "Prunus domestica", "common_name": "Prunier Commun", "subtype_name": "European Plum", "zip_code": null, "ownership": "public", "ownership_raw": "Ville de Saguenay", "city": "Saguenay", "source_dataset": "Inventaire des arbres répertoriés", "source_department": "Ville de Saguenay", "source_last_edit_at": ""}}, {"type": "Feature", "geometry": {"type": "Point", "coordinates": [-70.8916888654, 48.3420781711]}, "properties": {"id": "saguenay-66686", "species_group": "crabapple", "scientific_name": "Malus sp.", "common_name": "Pommier", "subtype_name": "Pommier", "zip_code": null, "ownership": "public", "ownership_raw": "Ville de Saguenay", "city": "Saguenay", "source_dataset": "Inventaire des arbres répertoriés", "source_department": "Ville de Saguenay", "source_last_edit_at": ""}}, {"type": "Feature", "geometry": {"type": "Point", "coordinates": [-70.8917920259, 48.3373823671]}, "properties": {"id": "saguenay-66748", "species_group": "crabapple", "scientific_name": "Malus sp.", "common_name": "Pommier", "subtype_name": "Pommier", "zip_code": null, "ownership": "public", "ownership_raw": "Ville de Saguenay", "city": "Saguenay", "source_dataset": "Inventaire des arbres répertoriés", "source_department": "Ville de Saguenay", "source_last_edit_at": ""}}, {"type": "Feature", "geometry": {"type": "Point", "coordinates": [-70.8870939864, 48.3417809094]}, "properties": {"id": "saguenay-66760", "species_group": "crabapple", "scientific_name": "Malus sp.", "common_name": "Pommier", "subtype_name": "Pommier", "zip_code": null, "ownership": "public", "ownership_raw": "Ville de Saguenay", "city": "Saguenay", "source_dataset": "Inventaire des arbres répertoriés", "source_department": "Ville de Saguenay", "source_last_edit_at": ""}}, {"type": "Feature", "geometry": {"type": "Point", "coordinates": [-70.8870708516, 48.341102113]}, "properties": {"id": "saguenay-66779", "species_group": "crabapple", "scientific_name": "Malus sp.", "common_name": "Pommier", "subtype_name": "Pommier", "zip_code": null, "ownership": "public", "ownership_raw": "Ville de Saguenay", "city": "Saguenay", "source_dataset": "Inventaire des arbres répertoriés", "source_department": "Ville de Saguenay", "source_last_edit_at": ""}}, {"type": "Feature", "geometry": {"type": "Point", "coordinates": [-71.1765093001, 48.4110517009]}, "properties": {"id": "saguenay-6681", "species_group": "crabapple", "scientific_name": "Malus sp.", "common_name": "Pommier", "subtype_name": "Pommier", "zip_code": null, "ownership": "public", "ownership_raw": "Ville de Saguenay", "city": "Saguenay", "source_dataset": "Inventaire des arbres répertoriés", "source_department": "Ville de Saguenay", "source_last_edit_at": ""}}, {"type": "Feature", "geometry": {"type": "Point", "coordinates": [-71.1766344995, 48.4111584007]}, "properties": {"id": "saguenay-6682", "species_group": "crabapple", "scientific_name": "Malus sp.", "common_name": "Pommier", "subtype_name": "Pommier", "zip_code": null, "ownership": "public", "ownership_raw": "Ville de Saguenay", "city": "Saguenay", "source_dataset": "Inventaire des arbres répertoriés", "source_department": "Ville de Saguenay", "source_last_edit_at": ""}}, {"type": "Feature", "geometry": {"type": "Point", "coordinates": [-70.8981361289, 48.3353990447]}, "properties": {"id": "saguenay-66825", "species_group": "crabapple", "scientific_name": "Malus sp.", "common_name": "Pommier", "subtype_name": "Pommier", "zip_code": null, "ownership": "public", "ownership_raw": "Ville de Saguenay", "city": "Saguenay", "source_dataset": "Inventaire des arbres répertoriés", "source_department": "Ville de Saguenay", "source_last_edit_at": ""}}, {"type": "Feature", "geometry": {"type": "Point", "coordinates": [-70.8983040743, 48.3353816382]}, "properties": {"id": "saguenay-66826", "species_group": "crabapple", "scientific_name": "Malus sp.", "common_name": "Pommier", "subtype_name": "Pommier", "zip_code": null, "ownership": "public", "ownership_raw": "Ville de Saguenay", "city": "Saguenay", "source_dataset": "Inventaire des arbres répertoriés", "source_department": "Ville de Saguenay", "source_last_edit_at": ""}}, {"type": "Feature", "geometry": {"type": "Point", "coordinates": [-70.8984770406, 48.3353642761]}, "properties": {"id": "saguenay-66827", "species_group": "crabapple", "scientific_name": "Malus sp.", "common_name": "Pommier", "subtype_name": "Pommier", "zip_code": null, "ownership": "public", "ownership_raw": "Ville de Saguenay", "city": "Saguenay", "source_dataset": "Inventaire des arbres répertoriés", "source_department": "Ville de Saguenay", "source_last_edit_at": ""}}, {"type": "Feature", "geometry": {"type": "Point", "coordinates": [-71.0736011034, 48.420641713]}, "properties": {"id": "saguenay-66855", "species_group": "crabapple", "scientific_name": "Malus sp.", "common_name": "Pommier", "subtype_name": "Pommier", "zip_code": null, "ownership": "public", "ownership_raw": "Ville de Saguenay", "city": "Saguenay", "source_dataset": "Inventaire des arbres répertoriés", "source_department": "Ville de Saguenay", "source_last_edit_at": ""}}, {"type": "Feature", "geometry": {"type": "Point", "coordinates": [-71.075194128, 48.411935317]}, "properties": {"id": "saguenay-67132", "species_group": "crabapple", "scientific_name": "Malus sp.", "common_name": "Pommier", "subtype_name": "Pommier", "zip_code": null, "ownership": "public", "ownership_raw": "Ville de Saguenay", "city": "Saguenay", "source_dataset": "Inventaire des arbres répertoriés", "source_department": "Ville de Saguenay", "source_last_edit_at": ""}}, {"type": "Feature", "geometry": {"type": "Point", "coordinates": [-70.8931527977, 48.3265998283]}, "properties": {"id": "saguenay-67155", "species_group": "crabapple", "scientific_name": "Malus sp.", "common_name": "Pommier", "subtype_name": "Pommier", "zip_code": null, "ownership": "public", "ownership_raw": "Ville de Saguenay", "city": "Saguenay", "source_dataset": "Inventaire des arbres répertoriés", "source_department": "Ville de Saguenay", "source_last_edit_at": ""}}, {"type": "Feature", "geometry": {"type": "Point", "coordinates": [-70.8903773954, 48.3276219756]}, "properties": {"id": "saguenay-67187", "species_group": "crabapple", "scientific_name": "Malus sp.", "common_name": "Pommier", "subtype_name": "Pommier", "zip_code": null, "ownership": "public", "ownership_raw": "Ville de Saguenay", "city": "Saguenay", "source_dataset": "Inventaire des arbres répertoriés", "source_department": "Ville de Saguenay", "source_last_edit_at": ""}}, {"type": "Feature", "geometry": {"type": "Point", "coordinates": [-70.8966471441, 48.3255304519]}, "properties": {"id": "saguenay-67208", "species_group": "crabapple", "scientific_name": "Malus sp.", "common_name": "Pommier", "subtype_name": "Pommier", "zip_code": null, "ownership": "public", "ownership_raw": "Ville de Saguenay", "city": "Saguenay", "source_dataset": "Inventaire des arbres répertoriés", "source_department": "Ville de Saguenay", "source_last_edit_at": ""}}, {"type": "Feature", "geometry": {"type": "Point", "coordinates": [-70.8941413164, 48.3300822825]}, "properties": {"id": "saguenay-67265", "species_group": "crabapple", "scientific_name": "Malus sp.", "common_name": "Pommier", "subtype_name": "Pommier", "zip_code": null, "ownership": "public", "ownership_raw": "Ville de Saguenay", "city": "Saguenay", "source_dataset": "Inventaire des arbres répertoriés", "source_department": "Ville de Saguenay", "source_last_edit_at": ""}}, {"type": "Feature", "geometry": {"type": "Point", "coordinates": [-70.8885548236, 48.3189089985]}, "properties": {"id": "saguenay-67298", "species_group": "crabapple", "scientific_name": "Malus sp.", "common_name": "Pommier", "subtype_name": "Pommier", "zip_code": null, "ownership": "public", "ownership_raw": "Ville de Saguenay", "city": "Saguenay", "source_dataset": "Inventaire des arbres répertoriés", "source_department": "Ville de Saguenay", "source_last_edit_at": ""}}, {"type": "Feature", "geometry": {"type": "Point", "coordinates": [-70.8880319371, 48.3198743162]}, "properties": {"id": "saguenay-67300", "species_group": "crabapple", "scientific_name": "Malus sp.", "common_name": "Pommier", "subtype_name": "Pommier", "zip_code": null, "ownership": "public", "ownership_raw": "Ville de Saguenay", "city": "Saguenay", "source_dataset": "Inventaire des arbres répertoriés", "source_department": "Ville de Saguenay", "source_last_edit_at": ""}}, {"type": "Feature", "geometry": {"type": "Point", "coordinates": [-70.881868081, 48.3216119649]}, "properties": {"id": "saguenay-67357", "species_group": "crabapple", "scientific_name": "Malus sp.", "common_name": "Pommier", "subtype_name": "Pommier", "zip_code": null, "ownership": "public", "ownership_raw": "Ville de Saguenay", "city": "Saguenay", "source_dataset": "Inventaire des arbres répertoriés", "source_department": "Ville de Saguenay", "source_last_edit_at": ""}}, {"type": "Feature", "geometry": {"type": "Point", "coordinates": [-70.8775584737, 48.3210966042]}, "properties": {"id": "saguenay-67389", "species_group": "crabapple", "scientific_name": "Malus sp.", "common_name": "Pommier", "subtype_name": "Pommier", "zip_code": null, "ownership": "public", "ownership_raw": "Ville de Saguenay", "city": "Saguenay", "source_dataset": "Inventaire des arbres répertoriés", "source_department": "Ville de Saguenay", "source_last_edit_at": ""}}, {"type": "Feature", "geometry": {"type": "Point", "coordinates": [-70.873980622, 48.3224300229]}, "properties": {"id": "saguenay-67400", "species_group": "crabapple", "scientific_name": "Malus sp.", "common_name": "Pommier", "subtype_name": "Pommier", "zip_code": null, "ownership": "public", "ownership_raw": "Ville de Saguenay", "city": "Saguenay", "source_dataset": "Inventaire des arbres répertoriés", "source_department": "Ville de Saguenay", "source_last_edit_at": ""}}, {"type": "Feature", "geometry": {"type": "Point", "coordinates": [-70.8982129541, 48.3195759406]}, "properties": {"id": "saguenay-67417", "species_group": "crabapple", "scientific_name": "Malus sp.", "common_name": "Pommier", "subtype_name": "Pommier", "zip_code": null, "ownership": "public", "ownership_raw": "Ville de Saguenay", "city": "Saguenay", "source_dataset": "Inventaire des arbres répertoriés", "source_department": "Ville de Saguenay", "source_last_edit_at": ""}}, {"type": "Feature", "geometry": {"type": "Point", "coordinates": [-70.8996771314, 48.3183645197]}, "properties": {"id": "saguenay-67419", "species_group": "crabapple", "scientific_name": "Malus sp.", "common_name": "Pommier", "subtype_name": "Pommier", "zip_code": null, "ownership": "public", "ownership_raw": "Ville de Saguenay", "city": "Saguenay", "source_dataset": "Inventaire des arbres répertoriés", "source_department": "Ville de Saguenay", "source_last_edit_at": ""}}, {"type": "Feature", "geometry": {"type": "Point", "coordinates": [-70.896743711, 48.3178959368]}, "properties": {"id": "saguenay-67420", "species_group": "crabapple", "scientific_name": "Malus sp.", "common_name": "Pommier", "subtype_name": "Pommier", "zip_code": null, "ownership": "public", "ownership_raw": "Ville de Saguenay", "city": "Saguenay", "source_dataset": "Inventaire des arbres répertoriés", "source_department": "Ville de Saguenay", "source_last_edit_at": ""}}, {"type": "Feature", "geometry": {"type": "Point", "coordinates": [-71.0805660516, 48.4062950278]}, "properties": {"id": "saguenay-67462", "species_group": "crabapple", "scientific_name": "Malus sp.", "common_name": "Pommier", "subtype_name": "Pommier", "zip_code": null, "ownership": "public", "ownership_raw": "Ville de Saguenay", "city": "Saguenay", "source_dataset": "Inventaire des arbres répertoriés", "source_department": "Ville de Saguenay", "source_last_edit_at": ""}}, {"type": "Feature", "geometry": {"type": "Point", "coordinates": [-71.0774722565, 48.4116928486]}, "properties": {"id": "saguenay-67463", "species_group": "crabapple", "scientific_name": "Malus sp.", "common_name": "Pommier", "subtype_name": "Pommier", "zip_code": null, "ownership": "public", "ownership_raw": "Ville de Saguenay", "city": "Saguenay", "source_dataset": "Inventaire des arbres répertoriés", "source_department": "Ville de Saguenay", "source_last_edit_at": ""}}, {"type": "Feature", "geometry": {"type": "Point", "coordinates": [-70.9045065128, 48.3244543868]}, "properties": {"id": "saguenay-67468", "species_group": "plum", "scientific_name": "Prunus domestica", "common_name": "Prunier Commun", "subtype_name": "European Plum", "zip_code": null, "ownership": "public", "ownership_raw": "Ville de Saguenay", "city": "Saguenay", "source_dataset": "Inventaire des arbres répertoriés", "source_department": "Ville de Saguenay", "source_last_edit_at": ""}}, {"type": "Feature", "geometry": {"type": "Point", "coordinates": [-71.2606180523, 48.4050702346]}, "properties": {"id": "saguenay-67646", "species_group": "crabapple", "scientific_name": "Malus sp.", "common_name": "Pommier", "subtype_name": "Pommier", "zip_code": null, "ownership": "public", "ownership_raw": "Ville de Saguenay", "city": "Saguenay", "source_dataset": "Inventaire des arbres répertoriés", "source_department": "Ville de Saguenay", "source_last_edit_at": ""}}, {"type": "Feature", "geometry": {"type": "Point", "coordinates": [-70.8525953101, 48.3100105619]}, "properties": {"id": "saguenay-67716", "species_group": "crabapple", "scientific_name": "Malus sp.", "common_name": "Pommier", "subtype_name": "Pommier", "zip_code": null, "ownership": "public", "ownership_raw": "Ville de Saguenay", "city": "Saguenay", "source_dataset": "Inventaire des arbres répertoriés", "source_department": "Ville de Saguenay", "source_last_edit_at": ""}}, {"type": "Feature", "geometry": {"type": "Point", "coordinates": [-70.8530217675, 48.3108971595]}, "properties": {"id": "saguenay-67718", "species_group": "crabapple", "scientific_name": "Malus sp.", "common_name": "Pommier", "subtype_name": "Pommier", "zip_code": null, "ownership": "public", "ownership_raw": "Ville de Saguenay", "city": "Saguenay", "source_dataset": "Inventaire des arbres répertoriés", "source_department": "Ville de Saguenay", "source_last_edit_at": ""}}, {"type": "Feature", "geometry": {"type": "Point", "coordinates": [-70.85304601, 48.3108694618]}, "properties": {"id": "saguenay-67719", "species_group": "crabapple", "scientific_name": "Malus sp.", "common_name": "Pommier", "subtype_name": "Pommier", "zip_code": null, "ownership": "public", "ownership_raw": "Ville de Saguenay", "city": "Saguenay", "source_dataset": "Inventaire des arbres répertoriés", "source_department": "Ville de Saguenay", "source_last_edit_at": ""}}, {"type": "Feature", "geometry": {"type": "Point", "coordinates": [-70.8532414441, 48.311371952]}, "properties": {"id": "saguenay-67724", "species_group": "crabapple", "scientific_name": "Malus sp.", "common_name": "Pommier", "subtype_name": "Pommier", "zip_code": null, "ownership": "public", "ownership_raw": "Ville de Saguenay", "city": "Saguenay", "source_dataset": "Inventaire des arbres répertoriés", "source_department": "Ville de Saguenay", "source_last_edit_at": ""}}, {"type": "Feature", "geometry": {"type": "Point", "coordinates": [-70.8540539933, 48.3117931969]}, "properties": {"id": "saguenay-67746", "species_group": "crabapple", "scientific_name": "Malus sp.", "common_name": "Pommier", "subtype_name": "Pommier", "zip_code": null, "ownership": "public", "ownership_raw": "Ville de Saguenay", "city": "Saguenay", "source_dataset": "Inventaire des arbres répertoriés", "source_department": "Ville de Saguenay", "source_last_edit_at": ""}}, {"type": "Feature", "geometry": {"type": "Point", "coordinates": [-70.9234294907, 48.3191059966]}, "properties": {"id": "saguenay-67765", "species_group": "crabapple", "scientific_name": "Malus sp.", "common_name": "Pommier", "subtype_name": "Pommier", "zip_code": null, "ownership": "public", "ownership_raw": "Ville de Saguenay", "city": "Saguenay", "source_dataset": "Inventaire des arbres répertoriés", "source_department": "Ville de Saguenay", "source_last_edit_at": ""}}, {"type": "Feature", "geometry": {"type": "Point", "coordinates": [-70.8610695926, 48.3152823403]}, "properties": {"id": "saguenay-67932", "species_group": "plum", "scientific_name": "Prunus domestica", "common_name": "Prunier Commun", "subtype_name": "European Plum", "zip_code": null, "ownership": "public", "ownership_raw": "Ville de Saguenay", "city": "Saguenay", "source_dataset": "Inventaire des arbres répertoriés", "source_department": "Ville de Saguenay", "source_last_edit_at": ""}}, {"type": "Feature", "geometry": {"type": "Point", "coordinates": [-70.8598396151, 48.3139716371]}, "properties": {"id": "saguenay-67974", "species_group": "crabapple", "scientific_name": "Malus sp.", "common_name": "Pommier", "subtype_name": "Pommier", "zip_code": null, "ownership": "public", "ownership_raw": "Ville de Saguenay", "city": "Saguenay", "source_dataset": "Inventaire des arbres répertoriés", "source_department": "Ville de Saguenay", "source_last_edit_at": ""}}, {"type": "Feature", "geometry": {"type": "Point", "coordinates": [-70.8595516469, 48.3140408733]}, "properties": {"id": "saguenay-67977", "species_group": "crabapple", "scientific_name": "Malus sp.", "common_name": "Pommier", "subtype_name": "Pommier", "zip_code": null, "ownership": "public", "ownership_raw": "Ville de Saguenay", "city": "Saguenay", "source_dataset": "Inventaire des arbres répertoriés", "source_department": "Ville de Saguenay", "source_last_edit_at": ""}}, {"type": "Feature", "geometry": {"type": "Point", "coordinates": [-70.8556771809, 48.3176859003]}, "properties": {"id": "saguenay-67985", "species_group": "crabapple", "scientific_name": "Malus sp.", "common_name": "Pommier", "subtype_name": "Pommier", "zip_code": null, "ownership": "public", "ownership_raw": "Ville de Saguenay", "city": "Saguenay", "source_dataset": "Inventaire des arbres répertoriés", "source_department": "Ville de Saguenay", "source_last_edit_at": ""}}, {"type": "Feature", "geometry": {"type": "Point", "coordinates": [-70.8557692967, 48.3176282336]}, "properties": {"id": "saguenay-67987", "species_group": "crabapple", "scientific_name": "Malus sp.", "common_name": "Pommier", "subtype_name": "Pommier", "zip_code": null, "ownership": "public", "ownership_raw": "Ville de Saguenay", "city": "Saguenay", "source_dataset": "Inventaire des arbres répertoriés", "source_department": "Ville de Saguenay", "source_last_edit_at": ""}}, {"type": "Feature", "geometry": {"type": "Point", "coordinates": [-70.8558375811, 48.3175987019]}, "properties": {"id": "saguenay-67990", "species_group": "crabapple", "scientific_name": "Malus sp.", "common_name": "Pommier", "subtype_name": "Pommier", "zip_code": null, "ownership": "public", "ownership_raw": "Ville de Saguenay", "city": "Saguenay", "source_dataset": "Inventaire des arbres répertoriés", "source_department": "Ville de Saguenay", "source_last_edit_at": ""}}, {"type": "Feature", "geometry": {"type": "Point", "coordinates": [-70.8558476144, 48.3174628892]}, "properties": {"id": "saguenay-67994", "species_group": "crabapple", "scientific_name": "Malus sp.", "common_name": "Pommier", "subtype_name": "Pommier", "zip_code": null, "ownership": "public", "ownership_raw": "Ville de Saguenay", "city": "Saguenay", "source_dataset": "Inventaire des arbres répertoriés", "source_department": "Ville de Saguenay", "source_last_edit_at": ""}}, {"type": "Feature", "geometry": {"type": "Point", "coordinates": [-70.8559700467, 48.3175569601]}, "properties": {"id": "saguenay-67995", "species_group": "crabapple", "scientific_name": "Malus sp.", "common_name": "Pommier", "subtype_name": "Pommier", "zip_code": null, "ownership": "public", "ownership_raw": "Ville de Saguenay", "city": "Saguenay", "source_dataset": "Inventaire des arbres répertoriés", "source_department": "Ville de Saguenay", "source_last_edit_at": ""}}, {"type": "Feature", "geometry": {"type": "Point", "coordinates": [-70.8560814528, 48.3174081862]}, "properties": {"id": "saguenay-67997", "species_group": "crabapple", "scientific_name": "Malus sp.", "common_name": "Pommier", "subtype_name": "Pommier", "zip_code": null, "ownership": "public", "ownership_raw": "Ville de Saguenay", "city": "Saguenay", "source_dataset": "Inventaire des arbres répertoriés", "source_department": "Ville de Saguenay", "source_last_edit_at": ""}}, {"type": "Feature", "geometry": {"type": "Point", "coordinates": [-70.856244388, 48.3173744686]}, "properties": {"id": "saguenay-68002", "species_group": "crabapple", "scientific_name": "Malus sp.", "common_name": "Pommier", "subtype_name": "Pommier", "zip_code": null, "ownership": "public", "ownership_raw": "Ville de Saguenay", "city": "Saguenay", "source_dataset": "Inventaire des arbres répertoriés", "source_department": "Ville de Saguenay", "source_last_edit_at": ""}}, {"type": "Feature", "geometry": {"type": "Point", "coordinates": [-70.8564856618, 48.317340794]}, "properties": {"id": "saguenay-68012", "species_group": "crabapple", "scientific_name": "Malus sp.", "common_name": "Pommier", "subtype_name": "Pommier", "zip_code": null, "ownership": "public", "ownership_raw": "Ville de Saguenay", "city": "Saguenay", "source_dataset": "Inventaire des arbres répertoriés", "source_department": "Ville de Saguenay", "source_last_edit_at": ""}}, {"type": "Feature", "geometry": {"type": "Point", "coordinates": [-70.8566446499, 48.3173194971]}, "properties": {"id": "saguenay-68015", "species_group": "crabapple", "scientific_name": "Malus sp.", "common_name": "Pommier", "subtype_name": "Pommier", "zip_code": null, "ownership": "public", "ownership_raw": "Ville de Saguenay", "city": "Saguenay", "source_dataset": "Inventaire des arbres répertoriés", "source_department": "Ville de Saguenay", "source_last_edit_at": ""}}, {"type": "Feature", "geometry": {"type": "Point", "coordinates": [-70.8570729944, 48.3173480849]}, "properties": {"id": "saguenay-68017", "species_group": "crabapple", "scientific_name": "Malus sp.", "common_name": "Pommier", "subtype_name": "Pommier", "zip_code": null, "ownership": "public", "ownership_raw": "Ville de Saguenay", "city": "Saguenay", "source_dataset": "Inventaire des arbres répertoriés", "source_department": "Ville de Saguenay", "source_last_edit_at": ""}}, {"type": "Feature", "geometry": {"type": "Point", "coordinates": [-70.8571508329, 48.3173347992]}, "properties": {"id": "saguenay-68021", "species_group": "crabapple", "scientific_name": "Malus sp.", "common_name": "Pommier", "subtype_name": "Pommier", "zip_code": null, "ownership": "public", "ownership_raw": "Ville de Saguenay", "city": "Saguenay", "source_dataset": "Inventaire des arbres répertoriés", "source_department": "Ville de Saguenay", "source_last_edit_at": ""}}, {"type": "Feature", "geometry": {"type": "Point", "coordinates": [-70.8573078639, 48.3173090374]}, "properties": {"id": "saguenay-68025", "species_group": "crabapple", "scientific_name": "Malus sp.", "common_name": "Pommier", "subtype_name": "Pommier", "zip_code": null, "ownership": "public", "ownership_raw": "Ville de Saguenay", "city": "Saguenay", "source_dataset": "Inventaire des arbres répertoriés", "source_department": "Ville de Saguenay", "source_last_edit_at": ""}}, {"type": "Feature", "geometry": {"type": "Point", "coordinates": [-70.8573721464, 48.3172884267]}, "properties": {"id": "saguenay-68027", "species_group": "crabapple", "scientific_name": "Malus sp.", "common_name": "Pommier", "subtype_name": "Pommier", "zip_code": null, "ownership": "public", "ownership_raw": "Ville de Saguenay", "city": "Saguenay", "source_dataset": "Inventaire des arbres répertoriés", "source_department": "Ville de Saguenay", "source_last_edit_at": ""}}, {"type": "Feature", "geometry": {"type": "Point", "coordinates": [-70.85687605, 48.3172744434]}, "properties": {"id": "saguenay-68029", "species_group": "crabapple", "scientific_name": "Malus sp.", "common_name": "Pommier", "subtype_name": "Pommier", "zip_code": null, "ownership": "public", "ownership_raw": "Ville de Saguenay", "city": "Saguenay", "source_dataset": "Inventaire des arbres répertoriés", "source_department": "Ville de Saguenay", "source_last_edit_at": ""}}, {"type": "Feature", "geometry": {"type": "Point", "coordinates": [-70.857036576, 48.3172469263]}, "properties": {"id": "saguenay-68033", "species_group": "crabapple", "scientific_name": "Malus sp.", "common_name": "Pommier", "subtype_name": "Pommier", "zip_code": null, "ownership": "public", "ownership_raw": "Ville de Saguenay", "city": "Saguenay", "source_dataset": "Inventaire des arbres répertoriés", "source_department": "Ville de Saguenay", "source_last_edit_at": ""}}, {"type": "Feature", "geometry": {"type": "Point", "coordinates": [-70.8572749419, 48.3172026974]}, "properties": {"id": "saguenay-68037", "species_group": "crabapple", "scientific_name": "Malus sp.", "common_name": "Pommier", "subtype_name": "Pommier", "zip_code": null, "ownership": "public", "ownership_raw": "Ville de Saguenay", "city": "Saguenay", "source_dataset": "Inventaire des arbres répertoriés", "source_department": "Ville de Saguenay", "source_last_edit_at": ""}}, {"type": "Feature", "geometry": {"type": "Point", "coordinates": [-70.8574372231, 48.3171716909]}, "properties": {"id": "saguenay-68038", "species_group": "crabapple", "scientific_name": "Malus sp.", "common_name": "Pommier", "subtype_name": "Pommier", "zip_code": null, "ownership": "public", "ownership_raw": "Ville de Saguenay", "city": "Saguenay", "source_dataset": "Inventaire des arbres répertoriés", "source_department": "Ville de Saguenay", "source_last_edit_at": ""}}, {"type": "Feature", "geometry": {"type": "Point", "coordinates": [-70.8598433657, 48.3173788079]}, "properties": {"id": "saguenay-68041", "species_group": "crabapple", "scientific_name": "Malus sp.", "common_name": "Pommier", "subtype_name": "Pommier", "zip_code": null, "ownership": "public", "ownership_raw": "Ville de Saguenay", "city": "Saguenay", "source_dataset": "Inventaire des arbres répertoriés", "source_department": "Ville de Saguenay", "source_last_edit_at": ""}}, {"type": "Feature", "geometry": {"type": "Point", "coordinates": [-70.8597123013, 48.317306316]}, "properties": {"id": "saguenay-68044", "species_group": "crabapple", "scientific_name": "Malus sp.", "common_name": "Pommier", "subtype_name": "Pommier", "zip_code": null, "ownership": "public", "ownership_raw": "Ville de Saguenay", "city": "Saguenay", "source_dataset": "Inventaire des arbres répertoriés", "source_department": "Ville de Saguenay", "source_last_edit_at": ""}}, {"type": "Feature", "geometry": {"type": "Point", "coordinates": [-70.8593690528, 48.3171783142]}, "properties": {"id": "saguenay-68046", "species_group": "crabapple", "scientific_name": "Malus sp.", "common_name": "Pommier", "subtype_name": "Pommier", "zip_code": null, "ownership": "public", "ownership_raw": "Ville de Saguenay", "city": "Saguenay", "source_dataset": "Inventaire des arbres répertoriés", "source_department": "Ville de Saguenay", "source_last_edit_at": ""}}, {"type": "Feature", "geometry": {"type": "Point", "coordinates": [-70.8595199731, 48.3172259632]}, "properties": {"id": "saguenay-68050", "species_group": "crabapple", "scientific_name": "Malus sp.", "common_name": "Pommier", "subtype_name": "Pommier", "zip_code": null, "ownership": "public", "ownership_raw": "Ville de Saguenay", "city": "Saguenay", "source_dataset": "Inventaire des arbres répertoriés", "source_department": "Ville de Saguenay", "source_last_edit_at": ""}}, {"type": "Feature", "geometry": {"type": "Point", "coordinates": [-70.8601069981, 48.3175801637]}, "properties": {"id": "saguenay-68051", "species_group": "crabapple", "scientific_name": "Malus sp.", "common_name": "Pommier", "subtype_name": "Pommier", "zip_code": null, "ownership": "public", "ownership_raw": "Ville de Saguenay", "city": "Saguenay", "source_dataset": "Inventaire des arbres répertoriés", "source_department": "Ville de Saguenay", "source_last_edit_at": ""}}, {"type": "Feature", "geometry": {"type": "Point", "coordinates": [-70.8602419166, 48.3177080497]}, "properties": {"id": "saguenay-68053", "species_group": "crabapple", "scientific_name": "Malus sp.", "common_name": "Pommier", "subtype_name": "Pommier", "zip_code": null, "ownership": "public", "ownership_raw": "Ville de Saguenay", "city": "Saguenay", "source_dataset": "Inventaire des arbres répertoriés", "source_department": "Ville de Saguenay", "source_last_edit_at": ""}}, {"type": "Feature", "geometry": {"type": "Point", "coordinates": [-70.8604549386, 48.3179409729]}, "properties": {"id": "saguenay-68056", "species_group": "crabapple", "scientific_name": "Malus sp.", "common_name": "Pommier", "subtype_name": "Pommier", "zip_code": null, "ownership": "public", "ownership_raw": "Ville de Saguenay", "city": "Saguenay", "source_dataset": "Inventaire des arbres répertoriés", "source_department": "Ville de Saguenay", "source_last_edit_at": ""}}, {"type": "Feature", "geometry": {"type": "Point", "coordinates": [-70.8605676095, 48.3180486306]}, "properties": {"id": "saguenay-68059", "species_group": "crabapple", "scientific_name": "Malus sp.", "common_name": "Pommier", "subtype_name": "Pommier", "zip_code": null, "ownership": "public", "ownership_raw": "Ville de Saguenay", "city": "Saguenay", "source_dataset": "Inventaire des arbres répertoriés", "source_department": "Ville de Saguenay", "source_last_edit_at": ""}}, {"type": "Feature", "geometry": {"type": "Point", "coordinates": [-70.8609037054, 48.3184645963]}, "properties": {"id": "saguenay-68063", "species_group": "crabapple", "scientific_name": "Malus sp.", "common_name": "Pommier", "subtype_name": "Pommier", "zip_code": null, "ownership": "public", "ownership_raw": "Ville de Saguenay", "city": "Saguenay", "source_dataset": "Inventaire des arbres répertoriés", "source_department": "Ville de Saguenay", "source_last_edit_at": ""}}, {"type": "Feature", "geometry": {"type": "Point", "coordinates": [-70.8609824708, 48.3185743566]}, "properties": {"id": "saguenay-68067", "species_group": "crabapple", "scientific_name": "Malus sp.", "common_name": "Pommier", "subtype_name": "Pommier", "zip_code": null, "ownership": "public", "ownership_raw": "Ville de Saguenay", "city": "Saguenay", "source_dataset": "Inventaire des arbres répertoriés", "source_department": "Ville de Saguenay", "source_last_edit_at": ""}}, {"type": "Feature", "geometry": {"type": "Point", "coordinates": [-71.0069257517, 48.343351255]}, "properties": {"id": "saguenay-68147", "species_group": "crabapple", "scientific_name": "Malus sp.", "common_name": "Pommier", "subtype_name": "Pommier", "zip_code": null, "ownership": "public", "ownership_raw": "Ville de Saguenay", "city": "Saguenay", "source_dataset": "Inventaire des arbres répertoriés", "source_department": "Ville de Saguenay", "source_last_edit_at": ""}}, {"type": "Feature", "geometry": {"type": "Point", "coordinates": [-71.0069924332, 48.3433860952]}, "properties": {"id": "saguenay-68148", "species_group": "plum", "scientific_name": "Prunus domestica", "common_name": "Prunier Commun", "subtype_name": "European Plum", "zip_code": null, "ownership": "public", "ownership_raw": "Ville de Saguenay", "city": "Saguenay", "source_dataset": "Inventaire des arbres répertoriés", "source_department": "Ville de Saguenay", "source_last_edit_at": ""}}, {"type": "Feature", "geometry": {"type": "Point", "coordinates": [-71.0095046041, 48.3444848563]}, "properties": {"id": "saguenay-68162", "species_group": "plum", "scientific_name": "Prunus domestica", "common_name": "Prunier Commun", "subtype_name": "European Plum", "zip_code": null, "ownership": "public", "ownership_raw": "Ville de Saguenay", "city": "Saguenay", "source_dataset": "Inventaire des arbres répertoriés", "source_department": "Ville de Saguenay", "source_last_edit_at": ""}}, {"type": "Feature", "geometry": {"type": "Point", "coordinates": [-71.0238308064, 48.4273384136]}, "properties": {"id": "saguenay-68256", "species_group": "crabapple", "scientific_name": "Malus sp.", "common_name": "Pommier", "subtype_name": "Pommier", "zip_code": null, "ownership": "public", "ownership_raw": "Ville de Saguenay", "city": "Saguenay", "source_dataset": "Inventaire des arbres répertoriés", "source_department": "Ville de Saguenay", "source_last_edit_at": ""}}, {"type": "Feature", "geometry": {"type": "Point", "coordinates": [-71.0282608459, 48.4289731913]}, "properties": {"id": "saguenay-68277", "species_group": "crabapple", "scientific_name": "Malus sp.", "common_name": "Pommier", "subtype_name": "Pommier", "zip_code": null, "ownership": "public", "ownership_raw": "Ville de Saguenay", "city": "Saguenay", "source_dataset": "Inventaire des arbres répertoriés", "source_department": "Ville de Saguenay", "source_last_edit_at": ""}}, {"type": "Feature", "geometry": {"type": "Point", "coordinates": [-71.0286134454, 48.4290933786]}, "properties": {"id": "saguenay-68298", "species_group": "crabapple", "scientific_name": "Malus sp.", "common_name": "Pommier", "subtype_name": "Pommier", "zip_code": null, "ownership": "public", "ownership_raw": "Ville de Saguenay", "city": "Saguenay", "source_dataset": "Inventaire des arbres répertoriés", "source_department": "Ville de Saguenay", "source_last_edit_at": ""}}, {"type": "Feature", "geometry": {"type": "Point", "coordinates": [-71.0286787885, 48.4291239588]}, "properties": {"id": "saguenay-68299", "species_group": "crabapple", "scientific_name": "Malus sp.", "common_name": "Pommier", "subtype_name": "Pommier", "zip_code": null, "ownership": "public", "ownership_raw": "Ville de Saguenay", "city": "Saguenay", "source_dataset": "Inventaire des arbres répertoriés", "source_department": "Ville de Saguenay", "source_last_edit_at": ""}}, {"type": "Feature", "geometry": {"type": "Point", "coordinates": [-71.0566196456, 48.4292795111]}, "properties": {"id": "saguenay-68350", "species_group": "crabapple", "scientific_name": "Malus sp.", "common_name": "Pommier", "subtype_name": "Pommier", "zip_code": null, "ownership": "public", "ownership_raw": "Ville de Saguenay", "city": "Saguenay", "source_dataset": "Inventaire des arbres répertoriés", "source_department": "Ville de Saguenay", "source_last_edit_at": ""}}, {"type": "Feature", "geometry": {"type": "Point", "coordinates": [-71.056801143, 48.4292528431]}, "properties": {"id": "saguenay-68351", "species_group": "crabapple", "scientific_name": "Malus sp.", "common_name": "Pommier", "subtype_name": "Pommier", "zip_code": null, "ownership": "public", "ownership_raw": "Ville de Saguenay", "city": "Saguenay", "source_dataset": "Inventaire des arbres répertoriés", "source_department": "Ville de Saguenay", "source_last_edit_at": ""}}, {"type": "Feature", "geometry": {"type": "Point", "coordinates": [-71.0572758511, 48.4292019]}, "properties": {"id": "saguenay-68353", "species_group": "crabapple", "scientific_name": "Malus sp.", "common_name": "Pommier", "subtype_name": "Pommier", "zip_code": null, "ownership": "public", "ownership_raw": "Ville de Saguenay", "city": "Saguenay", "source_dataset": "Inventaire des arbres répertoriés", "source_department": "Ville de Saguenay", "source_last_edit_at": ""}}, {"type": "Feature", "geometry": {"type": "Point", "coordinates": [-71.0574208956, 48.4291886484]}, "properties": {"id": "saguenay-68354", "species_group": "crabapple", "scientific_name": "Malus sp.", "common_name": "Pommier", "subtype_name": "Pommier", "zip_code": null, "ownership": "public", "ownership_raw": "Ville de Saguenay", "city": "Saguenay", "source_dataset": "Inventaire des arbres répertoriés", "source_department": "Ville de Saguenay", "source_last_edit_at": ""}}, {"type": "Feature", "geometry": {"type": "Point", "coordinates": [-71.0580015643, 48.4291401867]}, "properties": {"id": "saguenay-68359", "species_group": "crabapple", "scientific_name": "Malus sp.", "common_name": "Pommier", "subtype_name": "Pommier", "zip_code": null, "ownership": "public", "ownership_raw": "Ville de Saguenay", "city": "Saguenay", "source_dataset": "Inventaire des arbres répertoriés", "source_department": "Ville de Saguenay", "source_last_edit_at": ""}}, {"type": "Feature", "geometry": {"type": "Point", "coordinates": [-71.0582505056, 48.4291156276]}, "properties": {"id": "saguenay-68360", "species_group": "crabapple", "scientific_name": "Malus sp.", "common_name": "Pommier", "subtype_name": "Pommier", "zip_code": null, "ownership": "public", "ownership_raw": "Ville de Saguenay", "city": "Saguenay", "source_dataset": "Inventaire des arbres répertoriés", "source_department": "Ville de Saguenay", "source_last_edit_at": ""}}, {"type": "Feature", "geometry": {"type": "Point", "coordinates": [-71.0177014278, 48.4374159443]}, "properties": {"id": "saguenay-68537", "species_group": "crabapple", "scientific_name": "Malus sp.", "common_name": "Pommier", "subtype_name": "Pommier", "zip_code": null, "ownership": "public", "ownership_raw": "Ville de Saguenay", "city": "Saguenay", "source_dataset": "Inventaire des arbres répertoriés", "source_department": "Ville de Saguenay", "source_last_edit_at": ""}}, {"type": "Feature", "geometry": {"type": "Point", "coordinates": [-71.0499143818, 48.4117124749]}, "properties": {"id": "saguenay-68558", "species_group": "crabapple", "scientific_name": "Malus sp.", "common_name": "Pommier", "subtype_name": "Pommier", "zip_code": null, "ownership": "public", "ownership_raw": "Ville de Saguenay", "city": "Saguenay", "source_dataset": "Inventaire des arbres répertoriés", "source_department": "Ville de Saguenay", "source_last_edit_at": ""}}, {"type": "Feature", "geometry": {"type": "Point", "coordinates": [-71.0501655169, 48.4118353028]}, "properties": {"id": "saguenay-68562", "species_group": "crabapple", "scientific_name": "Malus sp.", "common_name": "Pommier", "subtype_name": "Pommier", "zip_code": null, "ownership": "public", "ownership_raw": "Ville de Saguenay", "city": "Saguenay", "source_dataset": "Inventaire des arbres répertoriés", "source_department": "Ville de Saguenay", "source_last_edit_at": ""}}, {"type": "Feature", "geometry": {"type": "Point", "coordinates": [-71.0555681507, 48.4016448387]}, "properties": {"id": "saguenay-68615", "species_group": "crabapple", "scientific_name": "Malus sp.", "common_name": "Pommier", "subtype_name": "Pommier", "zip_code": null, "ownership": "public", "ownership_raw": "Ville de Saguenay", "city": "Saguenay", "source_dataset": "Inventaire des arbres répertoriés", "source_department": "Ville de Saguenay", "source_last_edit_at": ""}}, {"type": "Feature", "geometry": {"type": "Point", "coordinates": [-71.0557180904, 48.4016636917]}, "properties": {"id": "saguenay-68616", "species_group": "crabapple", "scientific_name": "Malus sp.", "common_name": "Pommier", "subtype_name": "Pommier", "zip_code": null, "ownership": "public", "ownership_raw": "Ville de Saguenay", "city": "Saguenay", "source_dataset": "Inventaire des arbres répertoriés", "source_department": "Ville de Saguenay", "source_last_edit_at": ""}}, {"type": "Feature", "geometry": {"type": "Point", "coordinates": [-71.0595677594, 48.4026351946]}, "properties": {"id": "saguenay-68622", "species_group": "crabapple", "scientific_name": "Malus sp.", "common_name": "Pommier", "subtype_name": "Pommier", "zip_code": null, "ownership": "public", "ownership_raw": "Ville de Saguenay", "city": "Saguenay", "source_dataset": "Inventaire des arbres répertoriés", "source_department": "Ville de Saguenay", "source_last_edit_at": ""}}, {"type": "Feature", "geometry": {"type": "Point", "coordinates": [-71.0431664778, 48.4220042135]}, "properties": {"id": "saguenay-68652", "species_group": "crabapple", "scientific_name": "Malus sp.", "common_name": "Pommier", "subtype_name": "Pommier", "zip_code": null, "ownership": "public", "ownership_raw": "Ville de Saguenay", "city": "Saguenay", "source_dataset": "Inventaire des arbres répertoriés", "source_department": "Ville de Saguenay", "source_last_edit_at": ""}}, {"type": "Feature", "geometry": {"type": "Point", "coordinates": [-71.0438834852, 48.4200865311]}, "properties": {"id": "saguenay-68660", "species_group": "crabapple", "scientific_name": "Malus sp.", "common_name": "Pommier", "subtype_name": "Pommier", "zip_code": null, "ownership": "public", "ownership_raw": "Ville de Saguenay", "city": "Saguenay", "source_dataset": "Inventaire des arbres répertoriés", "source_department": "Ville de Saguenay", "source_last_edit_at": ""}}, {"type": "Feature", "geometry": {"type": "Point", "coordinates": [-71.0808696172, 48.3978528579]}, "properties": {"id": "saguenay-68970", "species_group": "crabapple", "scientific_name": "Malus sp.", "common_name": "Pommier", "subtype_name": "Pommier", "zip_code": null, "ownership": "public", "ownership_raw": "Ville de Saguenay", "city": "Saguenay", "source_dataset": "Inventaire des arbres répertoriés", "source_department": "Ville de Saguenay", "source_last_edit_at": ""}}, {"type": "Feature", "geometry": {"type": "Point", "coordinates": [-71.0830612932, 48.3986483673]}, "properties": {"id": "saguenay-68971", "species_group": "crabapple", "scientific_name": "Malus sp.", "common_name": "Pommier", "subtype_name": "Pommier", "zip_code": null, "ownership": "public", "ownership_raw": "Ville de Saguenay", "city": "Saguenay", "source_dataset": "Inventaire des arbres répertoriés", "source_department": "Ville de Saguenay", "source_last_edit_at": ""}}, {"type": "Feature", "geometry": {"type": "Point", "coordinates": [-71.0835528499, 48.3988052277]}, "properties": {"id": "saguenay-68975", "species_group": "crabapple", "scientific_name": "Malus sp.", "common_name": "Pommier", "subtype_name": "Pommier", "zip_code": null, "ownership": "public", "ownership_raw": "Ville de Saguenay", "city": "Saguenay", "source_dataset": "Inventaire des arbres répertoriés", "source_department": "Ville de Saguenay", "source_last_edit_at": ""}}, {"type": "Feature", "geometry": {"type": "Point", "coordinates": [-71.0836748595, 48.3988427196]}, "properties": {"id": "saguenay-68976", "species_group": "crabapple", "scientific_name": "Malus sp.", "common_name": "Pommier", "subtype_name": "Pommier", "zip_code": null, "ownership": "public", "ownership_raw": "Ville de Saguenay", "city": "Saguenay", "source_dataset": "Inventaire des arbres répertoriés", "source_department": "Ville de Saguenay", "source_last_edit_at": ""}}, {"type": "Feature", "geometry": {"type": "Point", "coordinates": [-71.0838076678, 48.3988802412]}, "properties": {"id": "saguenay-68977", "species_group": "crabapple", "scientific_name": "Malus sp.", "common_name": "Pommier", "subtype_name": "Pommier", "zip_code": null, "ownership": "public", "ownership_raw": "Ville de Saguenay", "city": "Saguenay", "source_dataset": "Inventaire des arbres répertoriés", "source_department": "Ville de Saguenay", "source_last_edit_at": ""}}, {"type": "Feature", "geometry": {"type": "Point", "coordinates": [-71.0806043906, 48.3977644481]}, "properties": {"id": "saguenay-68979", "species_group": "crabapple", "scientific_name": "Malus sp.", "common_name": "Pommier", "subtype_name": "Pommier", "zip_code": null, "ownership": "public", "ownership_raw": "Ville de Saguenay", "city": "Saguenay", "source_dataset": "Inventaire des arbres répertoriés", "source_department": "Ville de Saguenay", "source_last_edit_at": ""}}, {"type": "Feature", "geometry": {"type": "Point", "coordinates": [-71.0843052349, 48.3990298771]}, "properties": {"id": "saguenay-68982", "species_group": "crabapple", "scientific_name": "Malus sp.", "common_name": "Pommier", "subtype_name": "Pommier", "zip_code": null, "ownership": "public", "ownership_raw": "Ville de Saguenay", "city": "Saguenay", "source_dataset": "Inventaire des arbres répertoriés", "source_department": "Ville de Saguenay", "source_last_edit_at": ""}}, {"type": "Feature", "geometry": {"type": "Point", "coordinates": [-71.0844250576, 48.3990686664]}, "properties": {"id": "saguenay-68983", "species_group": "crabapple", "scientific_name": "Malus sp.", "common_name": "Pommier", "subtype_name": "Pommier", "zip_code": null, "ownership": "public", "ownership_raw": "Ville de Saguenay", "city": "Saguenay", "source_dataset": "Inventaire des arbres répertoriés", "source_department": "Ville de Saguenay", "source_last_edit_at": ""}}, {"type": "Feature", "geometry": {"type": "Point", "coordinates": [-71.084530805, 48.3990992608]}, "properties": {"id": "saguenay-68984", "species_group": "crabapple", "scientific_name": "Malus sp.", "common_name": "Pommier", "subtype_name": "Pommier", "zip_code": null, "ownership": "public", "ownership_raw": "Ville de Saguenay", "city": "Saguenay", "source_dataset": "Inventaire des arbres répertoriés", "source_department": "Ville de Saguenay", "source_last_edit_at": ""}}, {"type": "Feature", "geometry": {"type": "Point", "coordinates": [-71.0804954679, 48.3977185504]}, "properties": {"id": "saguenay-68986", "species_group": "crabapple", "scientific_name": "Malus sp.", "common_name": "Pommier", "subtype_name": "Pommier", "zip_code": null, "ownership": "public", "ownership_raw": "Ville de Saguenay", "city": "Saguenay", "source_dataset": "Inventaire des arbres répertoriés", "source_department": "Ville de Saguenay", "source_last_edit_at": ""}}, {"type": "Feature", "geometry": {"type": "Point", "coordinates": [-71.0850268053, 48.3992539355]}, "properties": {"id": "saguenay-68990", "species_group": "crabapple", "scientific_name": "Malus sp.", "common_name": "Pommier", "subtype_name": "Pommier", "zip_code": null, "ownership": "public", "ownership_raw": "Ville de Saguenay", "city": "Saguenay", "source_dataset": "Inventaire des arbres répertoriés", "source_department": "Ville de Saguenay", "source_last_edit_at": ""}}, {"type": "Feature", "geometry": {"type": "Point", "coordinates": [-71.0851943359, 48.399302032]}, "properties": {"id": "saguenay-68991", "species_group": "crabapple", "scientific_name": "Malus sp.", "common_name": "Pommier", "subtype_name": "Pommier", "zip_code": null, "ownership": "public", "ownership_raw": "Ville de Saguenay", "city": "Saguenay", "source_dataset": "Inventaire des arbres répertoriés", "source_department": "Ville de Saguenay", "source_last_edit_at": ""}}, {"type": "Feature", "geometry": {"type": "Point", "coordinates": [-71.0853208612, 48.3993435987]}, "properties": {"id": "saguenay-68992", "species_group": "crabapple", "scientific_name": "Malus sp.", "common_name": "Pommier", "subtype_name": "Pommier", "zip_code": null, "ownership": "public", "ownership_raw": "Ville de Saguenay", "city": "Saguenay", "source_dataset": "Inventaire des arbres répertoriés", "source_department": "Ville de Saguenay", "source_last_edit_at": ""}}, {"type": "Feature", "geometry": {"type": "Point", "coordinates": [-71.0859734975, 48.3995410794]}, "properties": {"id": "saguenay-68997", "species_group": "crabapple", "scientific_name": "Malus sp.", "common_name": "Pommier", "subtype_name": "Pommier", "zip_code": null, "ownership": "public", "ownership_raw": "Ville de Saguenay", "city": "Saguenay", "source_dataset": "Inventaire des arbres répertoriés", "source_department": "Ville de Saguenay", "source_last_edit_at": ""}}, {"type": "Feature", "geometry": {"type": "Point", "coordinates": [-71.0860963563, 48.3995727031]}, "properties": {"id": "saguenay-68999", "species_group": "crabapple", "scientific_name": "Malus sp.", "common_name": "Pommier", "subtype_name": "Pommier", "zip_code": null, "ownership": "public", "ownership_raw": "Ville de Saguenay", "city": "Saguenay", "source_dataset": "Inventaire des arbres répertoriés", "source_department": "Ville de Saguenay", "source_last_edit_at": ""}}, {"type": "Feature", "geometry": {"type": "Point", "coordinates": [-71.0862228752, 48.3996194717]}, "properties": {"id": "saguenay-69000", "species_group": "crabapple", "scientific_name": "Malus sp.", "common_name": "Pommier", "subtype_name": "Pommier", "zip_code": null, "ownership": "public", "ownership_raw": "Ville de Saguenay", "city": "Saguenay", "source_dataset": "Inventaire des arbres répertoriés", "source_department": "Ville de Saguenay", "source_last_edit_at": ""}}, {"type": "Feature", "geometry": {"type": "Point", "coordinates": [-71.0867094783, 48.3997603841]}, "properties": {"id": "saguenay-69006", "species_group": "crabapple", "scientific_name": "Malus sp.", "common_name": "Pommier", "subtype_name": "Pommier", "zip_code": null, "ownership": "public", "ownership_raw": "Ville de Saguenay", "city": "Saguenay", "source_dataset": "Inventaire des arbres répertoriés", "source_department": "Ville de Saguenay", "source_last_edit_at": ""}}, {"type": "Feature", "geometry": {"type": "Point", "coordinates": [-71.0869622019, 48.3998368601]}, "properties": {"id": "saguenay-69007", "species_group": "crabapple", "scientific_name": "Malus sp.", "common_name": "Pommier", "subtype_name": "Pommier", "zip_code": null, "ownership": "public", "ownership_raw": "Ville de Saguenay", "city": "Saguenay", "source_dataset": "Inventaire des arbres répertoriés", "source_department": "Ville de Saguenay", "source_last_edit_at": ""}}, {"type": "Feature", "geometry": {"type": "Point", "coordinates": [-71.0875990143, 48.4000307923]}, "properties": {"id": "saguenay-69015", "species_group": "crabapple", "scientific_name": "Malus sp.", "common_name": "Pommier", "subtype_name": "Pommier", "zip_code": null, "ownership": "public", "ownership_raw": "Ville de Saguenay", "city": "Saguenay", "source_dataset": "Inventaire des arbres répertoriés", "source_department": "Ville de Saguenay", "source_last_edit_at": ""}}, {"type": "Feature", "geometry": {"type": "Point", "coordinates": [-71.0885239301, 48.4002945999]}, "properties": {"id": "saguenay-69023", "species_group": "crabapple", "scientific_name": "Malus sp.", "common_name": "Pommier", "subtype_name": "Pommier", "zip_code": null, "ownership": "public", "ownership_raw": "Ville de Saguenay", "city": "Saguenay", "source_dataset": "Inventaire des arbres répertoriés", "source_department": "Ville de Saguenay", "source_last_edit_at": ""}}, {"type": "Feature", "geometry": {"type": "Point", "coordinates": [-71.0890348875, 48.4004482544]}, "properties": {"id": "saguenay-69028", "species_group": "crabapple", "scientific_name": "Malus sp.", "common_name": "Pommier", "subtype_name": "Pommier", "zip_code": null, "ownership": "public", "ownership_raw": "Ville de Saguenay", "city": "Saguenay", "source_dataset": "Inventaire des arbres répertoriés", "source_department": "Ville de Saguenay", "source_last_edit_at": ""}}, {"type": "Feature", "geometry": {"type": "Point", "coordinates": [-71.0891605945, 48.4004800824]}, "properties": {"id": "saguenay-69029", "species_group": "crabapple", "scientific_name": "Malus sp.", "common_name": "Pommier", "subtype_name": "Pommier", "zip_code": null, "ownership": "public", "ownership_raw": "Ville de Saguenay", "city": "Saguenay", "source_dataset": "Inventaire des arbres répertoriés", "source_department": "Ville de Saguenay", "source_last_edit_at": ""}}, {"type": "Feature", "geometry": {"type": "Point", "coordinates": [-71.0892763716, 48.4005207995]}, "properties": {"id": "saguenay-69030", "species_group": "crabapple", "scientific_name": "Malus sp.", "common_name": "Pommier", "subtype_name": "Pommier", "zip_code": null, "ownership": "public", "ownership_raw": "Ville de Saguenay", "city": "Saguenay", "source_dataset": "Inventaire des arbres répertoriés", "source_department": "Ville de Saguenay", "source_last_edit_at": ""}}, {"type": "Feature", "geometry": {"type": "Point", "coordinates": [-71.079115803, 48.3972374481]}, "properties": {"id": "saguenay-69035", "species_group": "crabapple", "scientific_name": "Malus sp.", "common_name": "Pommier", "subtype_name": "Pommier", "zip_code": null, "ownership": "public", "ownership_raw": "Ville de Saguenay", "city": "Saguenay", "source_dataset": "Inventaire des arbres répertoriés", "source_department": "Ville de Saguenay", "source_last_edit_at": ""}}, {"type": "Feature", "geometry": {"type": "Point", "coordinates": [-71.0897668627, 48.4006695307]}, "properties": {"id": "saguenay-69037", "species_group": "crabapple", "scientific_name": "Malus sp.", "common_name": "Pommier", "subtype_name": "Pommier", "zip_code": null, "ownership": "public", "ownership_raw": "Ville de Saguenay", "city": "Saguenay", "source_dataset": "Inventaire des arbres répertoriés", "source_department": "Ville de Saguenay", "source_last_edit_at": ""}}, {"type": "Feature", "geometry": {"type": "Point", "coordinates": [-71.0898373037, 48.4006774701]}, "properties": {"id": "saguenay-69038", "species_group": "crabapple", "scientific_name": "Malus sp.", "common_name": "Pommier", "subtype_name": "Pommier", "zip_code": null, "ownership": "public", "ownership_raw": "Ville de Saguenay", "city": "Saguenay", "source_dataset": "Inventaire des arbres répertoriés", "source_department": "Ville de Saguenay", "source_last_edit_at": ""}}, {"type": "Feature", "geometry": {"type": "Point", "coordinates": [-71.0899553573, 48.4007169849]}, "properties": {"id": "saguenay-69039", "species_group": "crabapple", "scientific_name": "Malus sp.", "common_name": "Pommier", "subtype_name": "Pommier", "zip_code": null, "ownership": "public", "ownership_raw": "Ville de Saguenay", "city": "Saguenay", "source_dataset": "Inventaire des arbres répertoriés", "source_department": "Ville de Saguenay", "source_last_edit_at": ""}}, {"type": "Feature", "geometry": {"type": "Point", "coordinates": [-71.090086246, 48.4007524899]}, "properties": {"id": "saguenay-69040", "species_group": "crabapple", "scientific_name": "Malus sp.", "common_name": "Pommier", "subtype_name": "Pommier", "zip_code": null, "ownership": "public", "ownership_raw": "Ville de Saguenay", "city": "Saguenay", "source_dataset": "Inventaire des arbres répertoriés", "source_department": "Ville de Saguenay", "source_last_edit_at": ""}}, {"type": "Feature", "geometry": {"type": "Point", "coordinates": [-71.0902262153, 48.4007931215]}, "properties": {"id": "saguenay-69041", "species_group": "crabapple", "scientific_name": "Malus sp.", "common_name": "Pommier", "subtype_name": "Pommier", "zip_code": null, "ownership": "public", "ownership_raw": "Ville de Saguenay", "city": "Saguenay", "source_dataset": "Inventaire des arbres répertoriés", "source_department": "Ville de Saguenay", "source_last_edit_at": ""}}, {"type": "Feature", "geometry": {"type": "Point", "coordinates": [-71.0906072006, 48.4009081071]}, "properties": {"id": "saguenay-69044", "species_group": "crabapple", "scientific_name": "Malus sp.", "common_name": "Pommier", "subtype_name": "Pommier", "zip_code": null, "ownership": "public", "ownership_raw": "Ville de Saguenay", "city": "Saguenay", "source_dataset": "Inventaire des arbres répertoriés", "source_department": "Ville de Saguenay", "source_last_edit_at": ""}}, {"type": "Feature", "geometry": {"type": "Point", "coordinates": [-71.0907327937, 48.4009416995]}, "properties": {"id": "saguenay-69045", "species_group": "crabapple", "scientific_name": "Malus sp.", "common_name": "Pommier", "subtype_name": "Pommier", "zip_code": null, "ownership": "public", "ownership_raw": "Ville de Saguenay", "city": "Saguenay", "source_dataset": "Inventaire des arbres répertoriés", "source_department": "Ville de Saguenay", "source_last_edit_at": ""}}, {"type": "Feature", "geometry": {"type": "Point", "coordinates": [-71.090857794, 48.400980532]}, "properties": {"id": "saguenay-69046", "species_group": "crabapple", "scientific_name": "Malus sp.", "common_name": "Pommier", "subtype_name": "Pommier", "zip_code": null, "ownership": "public", "ownership_raw": "Ville de Saguenay", "city": "Saguenay", "source_dataset": "Inventaire des arbres répertoriés", "source_department": "Ville de Saguenay", "source_last_edit_at": ""}}, {"type": "Feature", "geometry": {"type": "Point", "coordinates": [-71.0913552977, 48.4011271959]}, "properties": {"id": "saguenay-69050", "species_group": "crabapple", "scientific_name": "Malus sp.", "common_name": "Pommier", "subtype_name": "Pommier", "zip_code": null, "ownership": "public", "ownership_raw": "Ville de Saguenay", "city": "Saguenay", "source_dataset": "Inventaire des arbres répertoriés", "source_department": "Ville de Saguenay", "source_last_edit_at": ""}}, {"type": "Feature", "geometry": {"type": "Point", "coordinates": [-71.0914778526, 48.4011682203]}, "properties": {"id": "saguenay-69051", "species_group": "crabapple", "scientific_name": "Malus sp.", "common_name": "Pommier", "subtype_name": "Pommier", "zip_code": null, "ownership": "public", "ownership_raw": "Ville de Saguenay", "city": "Saguenay", "source_dataset": "Inventaire des arbres répertoriés", "source_department": "Ville de Saguenay", "source_last_edit_at": ""}}, {"type": "Feature", "geometry": {"type": "Point", "coordinates": [-71.0916057817, 48.4012039763]}, "properties": {"id": "saguenay-69052", "species_group": "crabapple", "scientific_name": "Malus sp.", "common_name": "Pommier", "subtype_name": "Pommier", "zip_code": null, "ownership": "public", "ownership_raw": "Ville de Saguenay", "city": "Saguenay", "source_dataset": "Inventaire des arbres répertoriés", "source_department": "Ville de Saguenay", "source_last_edit_at": ""}}, {"type": "Feature", "geometry": {"type": "Point", "coordinates": [-71.0781303079, 48.3968719547]}, "properties": {"id": "saguenay-69064", "species_group": "crabapple", "scientific_name": "Malus sp.", "common_name": "Pommier", "subtype_name": "Pommier", "zip_code": null, "ownership": "public", "ownership_raw": "Ville de Saguenay", "city": "Saguenay", "source_dataset": "Inventaire des arbres répertoriés", "source_department": "Ville de Saguenay", "source_last_edit_at": ""}}, {"type": "Feature", "geometry": {"type": "Point", "coordinates": [-71.0774378141, 48.3966234082]}, "properties": {"id": "saguenay-69072", "species_group": "crabapple", "scientific_name": "Malus sp.", "common_name": "Pommier", "subtype_name": "Pommier", "zip_code": null, "ownership": "public", "ownership_raw": "Ville de Saguenay", "city": "Saguenay", "source_dataset": "Inventaire des arbres répertoriés", "source_department": "Ville de Saguenay", "source_last_edit_at": ""}}, {"type": "Feature", "geometry": {"type": "Point", "coordinates": [-71.0772931189, 48.3965742703]}, "properties": {"id": "saguenay-69073", "species_group": "crabapple", "scientific_name": "Malus sp.", "common_name": "Pommier", "subtype_name": "Pommier", "zip_code": null, "ownership": "public", "ownership_raw": "Ville de Saguenay", "city": "Saguenay", "source_dataset": "Inventaire des arbres répertoriés", "source_department": "Ville de Saguenay", "source_last_edit_at": ""}}, {"type": "Feature", "geometry": {"type": "Point", "coordinates": [-71.0771486201, 48.3965159564]}, "properties": {"id": "saguenay-69078", "species_group": "crabapple", "scientific_name": "Malus sp.", "common_name": "Pommier", "subtype_name": "Pommier", "zip_code": null, "ownership": "public", "ownership_raw": "Ville de Saguenay", "city": "Saguenay", "source_dataset": "Inventaire des arbres répertoriés", "source_department": "Ville de Saguenay", "source_last_edit_at": ""}}, {"type": "Feature", "geometry": {"type": "Point", "coordinates": [-71.0891108202, 48.4007785944]}, "properties": {"id": "saguenay-69096", "species_group": "crabapple", "scientific_name": "Malus sp.", "common_name": "Pommier", "subtype_name": "Pommier", "zip_code": null, "ownership": "public", "ownership_raw": "Ville de Saguenay", "city": "Saguenay", "source_dataset": "Inventaire des arbres répertoriés", "source_department": "Ville de Saguenay", "source_last_edit_at": ""}}, {"type": "Feature", "geometry": {"type": "Point", "coordinates": [-71.089256403, 48.4008218777]}, "properties": {"id": "saguenay-69097", "species_group": "crabapple", "scientific_name": "Malus sp.", "common_name": "Pommier", "subtype_name": "Pommier", "zip_code": null, "ownership": "public", "ownership_raw": "Ville de Saguenay", "city": "Saguenay", "source_dataset": "Inventaire des arbres répertoriés", "source_department": "Ville de Saguenay", "source_last_edit_at": ""}}, {"type": "Feature", "geometry": {"type": "Point", "coordinates": [-71.0893961116, 48.4008645352]}, "properties": {"id": "saguenay-69102", "species_group": "crabapple", "scientific_name": "Malus sp.", "common_name": "Pommier", "subtype_name": "Pommier", "zip_code": null, "ownership": "public", "ownership_raw": "Ville de Saguenay", "city": "Saguenay", "source_dataset": "Inventaire des arbres répertoriés", "source_department": "Ville de Saguenay", "source_last_edit_at": ""}}, {"type": "Feature", "geometry": {"type": "Point", "coordinates": [-71.0897184137, 48.4009715104]}, "properties": {"id": "saguenay-69103", "species_group": "crabapple", "scientific_name": "Malus sp.", "common_name": "Pommier", "subtype_name": "Pommier", "zip_code": null, "ownership": "public", "ownership_raw": "Ville de Saguenay", "city": "Saguenay", "source_dataset": "Inventaire des arbres répertoriés", "source_department": "Ville de Saguenay", "source_last_edit_at": ""}}, {"type": "Feature", "geometry": {"type": "Point", "coordinates": [-71.0756800524, 48.3959905266]}, "properties": {"id": "saguenay-69109", "species_group": "crabapple", "scientific_name": "Malus sp.", "common_name": "Pommier", "subtype_name": "Pommier", "zip_code": null, "ownership": "public", "ownership_raw": "Ville de Saguenay", "city": "Saguenay", "source_dataset": "Inventaire des arbres répertoriés", "source_department": "Ville de Saguenay", "source_last_edit_at": ""}}, {"type": "Feature", "geometry": {"type": "Point", "coordinates": [-71.0904356488, 48.4011791468]}, "properties": {"id": "saguenay-69110", "species_group": "crabapple", "scientific_name": "Malus sp.", "common_name": "Pommier", "subtype_name": "Pommier", "zip_code": null, "ownership": "public", "ownership_raw": "Ville de Saguenay", "city": "Saguenay", "source_dataset": "Inventaire des arbres répertoriés", "source_department": "Ville de Saguenay", "source_last_edit_at": ""}}, {"type": "Feature", "geometry": {"type": "Point", "coordinates": [-71.075592683, 48.3959598349]}, "properties": {"id": "saguenay-69111", "species_group": "crabapple", "scientific_name": "Malus sp.", "common_name": "Pommier", "subtype_name": "Pommier", "zip_code": null, "ownership": "public", "ownership_raw": "Ville de Saguenay", "city": "Saguenay", "source_dataset": "Inventaire des arbres répertoriés", "source_department": "Ville de Saguenay", "source_last_edit_at": ""}}, {"type": "Feature", "geometry": {"type": "Point", "coordinates": [-71.0752333654, 48.3958160042]}, "properties": {"id": "saguenay-69114", "species_group": "crabapple", "scientific_name": "Malus sp.", "common_name": "Pommier", "subtype_name": "Pommier", "zip_code": null, "ownership": "public", "ownership_raw": "Ville de Saguenay", "city": "Saguenay", "source_dataset": "Inventaire des arbres répertoriés", "source_department": "Ville de Saguenay", "source_last_edit_at": ""}}, {"type": "Feature", "geometry": {"type": "Point", "coordinates": [-71.0746148933, 48.3955260188]}, "properties": {"id": "saguenay-69120", "species_group": "crabapple", "scientific_name": "Malus sp.", "common_name": "Pommier", "subtype_name": "Pommier", "zip_code": null, "ownership": "public", "ownership_raw": "Ville de Saguenay", "city": "Saguenay", "source_dataset": "Inventaire des arbres répertoriés", "source_department": "Ville de Saguenay", "source_last_edit_at": ""}}, {"type": "Feature", "geometry": {"type": "Point", "coordinates": [-71.0807238946, 48.3981593831]}, "properties": {"id": "saguenay-69133", "species_group": "crabapple", "scientific_name": "Malus sp.", "common_name": "Pommier", "subtype_name": "Pommier", "zip_code": null, "ownership": "public", "ownership_raw": "Ville de Saguenay", "city": "Saguenay", "source_dataset": "Inventaire des arbres répertoriés", "source_department": "Ville de Saguenay", "source_last_edit_at": ""}}, {"type": "Feature", "geometry": {"type": "Point", "coordinates": [-71.0805061462, 48.3980913493]}, "properties": {"id": "saguenay-69135", "species_group": "crabapple", "scientific_name": "Malus sp.", "common_name": "Pommier", "subtype_name": "Pommier", "zip_code": null, "ownership": "public", "ownership_raw": "Ville de Saguenay", "city": "Saguenay", "source_dataset": "Inventaire des arbres répertoriés", "source_department": "Ville de Saguenay", "source_last_edit_at": ""}}, {"type": "Feature", "geometry": {"type": "Point", "coordinates": [-71.0803617886, 48.3980396232]}, "properties": {"id": "saguenay-69137", "species_group": "crabapple", "scientific_name": "Malus sp.", "common_name": "Pommier", "subtype_name": "Pommier", "zip_code": null, "ownership": "public", "ownership_raw": "Ville de Saguenay", "city": "Saguenay", "source_dataset": "Inventaire des arbres répertoriés", "source_department": "Ville de Saguenay", "source_last_edit_at": ""}}, {"type": "Feature", "geometry": {"type": "Point", "coordinates": [-71.0802188341, 48.3979888072]}, "properties": {"id": "saguenay-69140", "species_group": "crabapple", "scientific_name": "Malus sp.", "common_name": "Pommier", "subtype_name": "Pommier", "zip_code": null, "ownership": "public", "ownership_raw": "Ville de Saguenay", "city": "Saguenay", "source_dataset": "Inventaire des arbres répertoriés", "source_department": "Ville de Saguenay", "source_last_edit_at": ""}}, {"type": "Feature", "geometry": {"type": "Point", "coordinates": [-71.1659581001, 48.4103120008]}, "properties": {"id": "saguenay-6944", "species_group": "crabapple", "scientific_name": "Malus sp.", "common_name": "Pommier", "subtype_name": "Pommier", "zip_code": null, "ownership": "public", "ownership_raw": "Ville de Saguenay", "city": "Saguenay", "source_dataset": "Inventaire des arbres répertoriés", "source_department": "Ville de Saguenay", "source_last_edit_at": ""}}, {"type": "Feature", "geometry": {"type": "Point", "coordinates": [-71.2138525105, 48.4289494386]}, "properties": {"id": "saguenay-69440", "species_group": "crabapple", "scientific_name": "Malus sp.", "common_name": "Pommier", "subtype_name": "Pommier", "zip_code": null, "ownership": "public", "ownership_raw": "Ville de Saguenay", "city": "Saguenay", "source_dataset": "Inventaire des arbres répertoriés", "source_department": "Ville de Saguenay", "source_last_edit_at": ""}}, {"type": "Feature", "geometry": {"type": "Point", "coordinates": [-71.2138491775, 48.4288785891]}, "properties": {"id": "saguenay-69442", "species_group": "crabapple", "scientific_name": "Malus sp.", "common_name": "Pommier", "subtype_name": "Pommier", "zip_code": null, "ownership": "public", "ownership_raw": "Ville de Saguenay", "city": "Saguenay", "source_dataset": "Inventaire des arbres répertoriés", "source_department": "Ville de Saguenay", "source_last_edit_at": ""}}, {"type": "Feature", "geometry": {"type": "Point", "coordinates": [-71.2138380079, 48.4288083343]}, "properties": {"id": "saguenay-69444", "species_group": "crabapple", "scientific_name": "Malus sp.", "common_name": "Pommier", "subtype_name": "Pommier", "zip_code": null, "ownership": "public", "ownership_raw": "Ville de Saguenay", "city": "Saguenay", "source_dataset": "Inventaire des arbres répertoriés", "source_department": "Ville de Saguenay", "source_last_edit_at": ""}}, {"type": "Feature", "geometry": {"type": "Point", "coordinates": [-71.213832932, 48.4287396335]}, "properties": {"id": "saguenay-69445", "species_group": "crabapple", "scientific_name": "Malus sp.", "common_name": "Pommier", "subtype_name": "Pommier", "zip_code": null, "ownership": "public", "ownership_raw": "Ville de Saguenay", "city": "Saguenay", "source_dataset": "Inventaire des arbres répertoriés", "source_department": "Ville de Saguenay", "source_last_edit_at": ""}}, {"type": "Feature", "geometry": {"type": "Point", "coordinates": [-71.2138280826, 48.4286714719]}, "properties": {"id": "saguenay-69446", "species_group": "crabapple", "scientific_name": "Malus sp.", "common_name": "Pommier", "subtype_name": "Pommier", "zip_code": null, "ownership": "public", "ownership_raw": "Ville de Saguenay", "city": "Saguenay", "source_dataset": "Inventaire des arbres répertoriés", "source_department": "Ville de Saguenay", "source_last_edit_at": ""}}, {"type": "Feature", "geometry": {"type": "Point", "coordinates": [-71.2138300229, 48.4286017859]}, "properties": {"id": "saguenay-69447", "species_group": "crabapple", "scientific_name": "Malus sp.", "common_name": "Pommier", "subtype_name": "Pommier", "zip_code": null, "ownership": "public", "ownership_raw": "Ville de Saguenay", "city": "Saguenay", "source_dataset": "Inventaire des arbres répertoriés", "source_department": "Ville de Saguenay", "source_last_edit_at": ""}}, {"type": "Feature", "geometry": {"type": "Point", "coordinates": [-71.2138299614, 48.4285334201]}, "properties": {"id": "saguenay-69448", "species_group": "crabapple", "scientific_name": "Malus sp.", "common_name": "Pommier", "subtype_name": "Pommier", "zip_code": null, "ownership": "public", "ownership_raw": "Ville de Saguenay", "city": "Saguenay", "source_dataset": "Inventaire des arbres répertoriés", "source_department": "Ville de Saguenay", "source_last_edit_at": ""}}, {"type": "Feature", "geometry": {"type": "Point", "coordinates": [-71.2138283536, 48.4284655171]}, "properties": {"id": "saguenay-69449", "species_group": "crabapple", "scientific_name": "Malus sp.", "common_name": "Pommier", "subtype_name": "Pommier", "zip_code": null, "ownership": "public", "ownership_raw": "Ville de Saguenay", "city": "Saguenay", "source_dataset": "Inventaire des arbres répertoriés", "source_department": "Ville de Saguenay", "source_last_edit_at": ""}}, {"type": "Feature", "geometry": {"type": "Point", "coordinates": [-71.2138303688, 48.4283947146]}, "properties": {"id": "saguenay-69451", "species_group": "crabapple", "scientific_name": "Malus sp.", "common_name": "Pommier", "subtype_name": "Pommier", "zip_code": null, "ownership": "public", "ownership_raw": "Ville de Saguenay", "city": "Saguenay", "source_dataset": "Inventaire des arbres répertoriés", "source_department": "Ville de Saguenay", "source_last_edit_at": ""}}, {"type": "Feature", "geometry": {"type": "Point", "coordinates": [-71.2138267879, 48.4283311535]}, "properties": {"id": "saguenay-69452", "species_group": "crabapple", "scientific_name": "Malus sp.", "common_name": "Pommier", "subtype_name": "Pommier", "zip_code": null, "ownership": "public", "ownership_raw": "Ville de Saguenay", "city": "Saguenay", "source_dataset": "Inventaire des arbres répertoriés", "source_department": "Ville de Saguenay", "source_last_edit_at": ""}}, {"type": "Feature", "geometry": {"type": "Point", "coordinates": [-71.2138328723, 48.4282617108]}, "properties": {"id": "saguenay-69453", "species_group": "crabapple", "scientific_name": "Malus sp.", "common_name": "Pommier", "subtype_name": "Pommier", "zip_code": null, "ownership": "public", "ownership_raw": "Ville de Saguenay", "city": "Saguenay", "source_dataset": "Inventaire des arbres répertoriés", "source_department": "Ville de Saguenay", "source_last_edit_at": ""}}, {"type": "Feature", "geometry": {"type": "Point", "coordinates": [-71.1214060163, 48.3127184108]}, "properties": {"id": "saguenay-69587", "species_group": "crabapple", "scientific_name": "Malus sp.", "common_name": "Pommier", "subtype_name": "Pommier", "zip_code": null, "ownership": "public", "ownership_raw": "Ville de Saguenay", "city": "Saguenay", "source_dataset": "Inventaire des arbres répertoriés", "source_department": "Ville de Saguenay", "source_last_edit_at": ""}}, {"type": "Feature", "geometry": {"type": "Point", "coordinates": [-71.1170562604, 48.3111639285]}, "properties": {"id": "saguenay-69614", "species_group": "crabapple", "scientific_name": "Malus sp.", "common_name": "Pommier", "subtype_name": "Pommier", "zip_code": null, "ownership": "public", "ownership_raw": "Ville de Saguenay", "city": "Saguenay", "source_dataset": "Inventaire des arbres répertoriés", "source_department": "Ville de Saguenay", "source_last_edit_at": ""}}, {"type": "Feature", "geometry": {"type": "Point", "coordinates": [-71.1172214814, 48.3110910823]}, "properties": {"id": "saguenay-69617", "species_group": "crabapple", "scientific_name": "Malus sp.", "common_name": "Pommier", "subtype_name": "Pommier", "zip_code": null, "ownership": "public", "ownership_raw": "Ville de Saguenay", "city": "Saguenay", "source_dataset": "Inventaire des arbres répertoriés", "source_department": "Ville de Saguenay", "source_last_edit_at": ""}}, {"type": "Feature", "geometry": {"type": "Point", "coordinates": [-71.1171409356, 48.3116728463]}, "properties": {"id": "saguenay-69621", "species_group": "crabapple", "scientific_name": "Malus sp.", "common_name": "Pommier", "subtype_name": "Pommier", "zip_code": null, "ownership": "public", "ownership_raw": "Ville de Saguenay", "city": "Saguenay", "source_dataset": "Inventaire des arbres répertoriés", "source_department": "Ville de Saguenay", "source_last_edit_at": ""}}, {"type": "Feature", "geometry": {"type": "Point", "coordinates": [-71.1097241802, 48.3095127983]}, "properties": {"id": "saguenay-69654", "species_group": "crabapple", "scientific_name": "Malus sp.", "common_name": "Pommier", "subtype_name": "Pommier", "zip_code": null, "ownership": "public", "ownership_raw": "Ville de Saguenay", "city": "Saguenay", "source_dataset": "Inventaire des arbres répertoriés", "source_department": "Ville de Saguenay", "source_last_edit_at": ""}}, {"type": "Feature", "geometry": {"type": "Point", "coordinates": [-71.109653345, 48.3095599402]}, "properties": {"id": "saguenay-69655", "species_group": "crabapple", "scientific_name": "Malus sp.", "common_name": "Pommier", "subtype_name": "Pommier", "zip_code": null, "ownership": "public", "ownership_raw": "Ville de Saguenay", "city": "Saguenay", "source_dataset": "Inventaire des arbres répertoriés", "source_department": "Ville de Saguenay", "source_last_edit_at": ""}}, {"type": "Feature", "geometry": {"type": "Point", "coordinates": [-71.1110377063, 48.3082630865]}, "properties": {"id": "saguenay-69665", "species_group": "crabapple", "scientific_name": "Malus sp.", "common_name": "Pommier", "subtype_name": "Pommier", "zip_code": null, "ownership": "public", "ownership_raw": "Ville de Saguenay", "city": "Saguenay", "source_dataset": "Inventaire des arbres répertoriés", "source_department": "Ville de Saguenay", "source_last_edit_at": ""}}, {"type": "Feature", "geometry": {"type": "Point", "coordinates": [-71.1150587769, 48.3059381402]}, "properties": {"id": "saguenay-69686", "species_group": "crabapple", "scientific_name": "Malus sp.", "common_name": "Pommier", "subtype_name": "Pommier", "zip_code": null, "ownership": "public", "ownership_raw": "Ville de Saguenay", "city": "Saguenay", "source_dataset": "Inventaire des arbres répertoriés", "source_department": "Ville de Saguenay", "source_last_edit_at": ""}}, {"type": "Feature", "geometry": {"type": "Point", "coordinates": [-71.1615170998, 48.4084925012]}, "properties": {"id": "saguenay-6976", "species_group": "crabapple", "scientific_name": "Malus sp.", "common_name": "Pommier", "subtype_name": "Pommier", "zip_code": null, "ownership": "public", "ownership_raw": "Ville de Saguenay", "city": "Saguenay", "source_dataset": "Inventaire des arbres répertoriés", "source_department": "Ville de Saguenay", "source_last_edit_at": ""}}, {"type": "Feature", "geometry": {"type": "Point", "coordinates": [-71.2696900611, 48.5069026876]}, "properties": {"id": "saguenay-69788", "species_group": "crabapple", "scientific_name": "Malus sp.", "common_name": "Pommier", "subtype_name": "Pommier", "zip_code": null, "ownership": "public", "ownership_raw": "Ville de Saguenay", "city": "Saguenay", "source_dataset": "Inventaire des arbres répertoriés", "source_department": "Ville de Saguenay", "source_last_edit_at": ""}}, {"type": "Feature", "geometry": {"type": "Point", "coordinates": [-71.2690141967, 48.511295906]}, "properties": {"id": "saguenay-69792", "species_group": "crabapple", "scientific_name": "Malus sp.", "common_name": "Pommier", "subtype_name": "Pommier", "zip_code": null, "ownership": "public", "ownership_raw": "Ville de Saguenay", "city": "Saguenay", "source_dataset": "Inventaire des arbres répertoriés", "source_department": "Ville de Saguenay", "source_last_edit_at": ""}}, {"type": "Feature", "geometry": {"type": "Point", "coordinates": [-71.2699747543, 48.5083312114]}, "properties": {"id": "saguenay-69801", "species_group": "crabapple", "scientific_name": "Malus sp.", "common_name": "Pommier", "subtype_name": "Pommier", "zip_code": null, "ownership": "public", "ownership_raw": "Ville de Saguenay", "city": "Saguenay", "source_dataset": "Inventaire des arbres répertoriés", "source_department": "Ville de Saguenay", "source_last_edit_at": ""}}, {"type": "Feature", "geometry": {"type": "Point", "coordinates": [-71.2694605369, 48.5118362053]}, "properties": {"id": "saguenay-69802", "species_group": "crabapple", "scientific_name": "Malus sp.", "common_name": "Pommier", "subtype_name": "Pommier", "zip_code": null, "ownership": "public", "ownership_raw": "Ville de Saguenay", "city": "Saguenay", "source_dataset": "Inventaire des arbres répertoriés", "source_department": "Ville de Saguenay", "source_last_edit_at": ""}}, {"type": "Feature", "geometry": {"type": "Point", "coordinates": [-71.275757239, 48.4695341331]}, "properties": {"id": "saguenay-69859", "species_group": "crabapple", "scientific_name": "Malus sp.", "common_name": "Pommier", "subtype_name": "Pommier", "zip_code": null, "ownership": "public", "ownership_raw": "Ville de Saguenay", "city": "Saguenay", "source_dataset": "Inventaire des arbres répertoriés", "source_department": "Ville de Saguenay", "source_last_edit_at": ""}}, {"type": "Feature", "geometry": {"type": "Point", "coordinates": [-71.2583156092, 48.4569032196]}, "properties": {"id": "saguenay-69982", "species_group": "crabapple", "scientific_name": "Malus sp.", "common_name": "Pommier", "subtype_name": "Pommier", "zip_code": null, "ownership": "public", "ownership_raw": "Ville de Saguenay", "city": "Saguenay", "source_dataset": "Inventaire des arbres répertoriés", "source_department": "Ville de Saguenay", "source_last_edit_at": ""}}, {"type": "Feature", "geometry": {"type": "Point", "coordinates": [-71.1650328002, 48.4099296996]}, "properties": {"id": "saguenay-6999", "species_group": "crabapple", "scientific_name": "Malus sp.", "common_name": "Pommier", "subtype_name": "Pommier", "zip_code": null, "ownership": "public", "ownership_raw": "Ville de Saguenay", "city": "Saguenay", "source_dataset": "Inventaire des arbres répertoriés", "source_department": "Ville de Saguenay", "source_last_edit_at": ""}}, {"type": "Feature", "geometry": {"type": "Point", "coordinates": [-71.0639643429, 48.4185757302]}, "properties": {"id": "saguenay-70088", "species_group": "crabapple", "scientific_name": "Malus sp.", "common_name": "Pommier", "subtype_name": "Pommier", "zip_code": null, "ownership": "public", "ownership_raw": "Ville de Saguenay", "city": "Saguenay", "source_dataset": "Inventaire des arbres répertoriés", "source_department": "Ville de Saguenay", "source_last_edit_at": ""}}, {"type": "Feature", "geometry": {"type": "Point", "coordinates": [-71.1655637, 48.4094895013]}, "properties": {"id": "saguenay-7035", "species_group": "crabapple", "scientific_name": "Malus sp.", "common_name": "Pommier", "subtype_name": "Pommier", "zip_code": null, "ownership": "public", "ownership_raw": "Ville de Saguenay", "city": "Saguenay", "source_dataset": "Inventaire des arbres répertoriés", "source_department": "Ville de Saguenay", "source_last_edit_at": ""}}, {"type": "Feature", "geometry": {"type": "Point", "coordinates": [-71.0567564359, 48.4295064975]}, "properties": {"id": "saguenay-70448", "species_group": "crabapple", "scientific_name": "Malus sp.", "common_name": "Pommier", "subtype_name": "Pommier", "zip_code": null, "ownership": "public", "ownership_raw": "Ville de Saguenay", "city": "Saguenay", "source_dataset": "Inventaire des arbres répertoriés", "source_department": "Ville de Saguenay", "source_last_edit_at": ""}}, {"type": "Feature", "geometry": {"type": "Point", "coordinates": [-71.0568339947, 48.4294354241]}, "properties": {"id": "saguenay-70449", "species_group": "crabapple", "scientific_name": "Malus sp.", "common_name": "Pommier", "subtype_name": "Pommier", "zip_code": null, "ownership": "public", "ownership_raw": "Ville de Saguenay", "city": "Saguenay", "source_dataset": "Inventaire des arbres répertoriés", "source_department": "Ville de Saguenay", "source_last_edit_at": ""}}, {"type": "Feature", "geometry": {"type": "Point", "coordinates": [-71.0568825523, 48.4294675509]}, "properties": {"id": "saguenay-70451", "species_group": "crabapple", "scientific_name": "Malus sp.", "common_name": "Pommier", "subtype_name": "Pommier", "zip_code": null, "ownership": "public", "ownership_raw": "Ville de Saguenay", "city": "Saguenay", "source_dataset": "Inventaire des arbres répertoriés", "source_department": "Ville de Saguenay", "source_last_edit_at": ""}}, {"type": "Feature", "geometry": {"type": "Point", "coordinates": [-71.0569288128, 48.4294947511]}, "properties": {"id": "saguenay-70452", "species_group": "crabapple", "scientific_name": "Malus sp.", "common_name": "Pommier", "subtype_name": "Pommier", "zip_code": null, "ownership": "public", "ownership_raw": "Ville de Saguenay", "city": "Saguenay", "source_dataset": "Inventaire des arbres répertoriés", "source_department": "Ville de Saguenay", "source_last_edit_at": ""}}, {"type": "Feature", "geometry": {"type": "Point", "coordinates": [-71.0568607599, 48.4295661886]}, "properties": {"id": "saguenay-70453", "species_group": "crabapple", "scientific_name": "Malus sp.", "common_name": "Pommier", "subtype_name": "Pommier", "zip_code": null, "ownership": "public", "ownership_raw": "Ville de Saguenay", "city": "Saguenay", "source_dataset": "Inventaire des arbres répertoriés", "source_department": "Ville de Saguenay", "source_last_edit_at": ""}}, {"type": "Feature", "geometry": {"type": "Point", "coordinates": [-71.0569819825, 48.4296480235]}, "properties": {"id": "saguenay-70454", "species_group": "crabapple", "scientific_name": "Malus sp.", "common_name": "Pommier", "subtype_name": "Pommier", "zip_code": null, "ownership": "public", "ownership_raw": "Ville de Saguenay", "city": "Saguenay", "source_dataset": "Inventaire des arbres répertoriés", "source_department": "Ville de Saguenay", "source_last_edit_at": ""}}, {"type": "Feature", "geometry": {"type": "Point", "coordinates": [-71.0570531696, 48.4296815876]}, "properties": {"id": "saguenay-70455", "species_group": "crabapple", "scientific_name": "Malus sp.", "common_name": "Pommier", "subtype_name": "Pommier", "zip_code": null, "ownership": "public", "ownership_raw": "Ville de Saguenay", "city": "Saguenay", "source_dataset": "Inventaire des arbres répertoriés", "source_department": "Ville de Saguenay", "source_last_edit_at": ""}}, {"type": "Feature", "geometry": {"type": "Point", "coordinates": [-71.0570956016, 48.4297126052]}, "properties": {"id": "saguenay-70458", "species_group": "crabapple", "scientific_name": "Malus sp.", "common_name": "Pommier", "subtype_name": "Pommier", "zip_code": null, "ownership": "public", "ownership_raw": "Ville de Saguenay", "city": "Saguenay", "source_dataset": "Inventaire des arbres répertoriés", "source_department": "Ville de Saguenay", "source_last_edit_at": ""}}, {"type": "Feature", "geometry": {"type": "Point", "coordinates": [-71.0586119738, 48.4295768991]}, "properties": {"id": "saguenay-70480", "species_group": "crabapple", "scientific_name": "Malus sp.", "common_name": "Pommier", "subtype_name": "Pommier", "zip_code": null, "ownership": "public", "ownership_raw": "Ville de Saguenay", "city": "Saguenay", "source_dataset": "Inventaire des arbres répertoriés", "source_department": "Ville de Saguenay", "source_last_edit_at": ""}}, {"type": "Feature", "geometry": {"type": "Point", "coordinates": [-71.0570701392, 48.4297571123]}, "properties": {"id": "saguenay-70519", "species_group": "crabapple", "scientific_name": "Malus sp.", "common_name": "Pommier", "subtype_name": "Pommier", "zip_code": null, "ownership": "public", "ownership_raw": "Ville de Saguenay", "city": "Saguenay", "source_dataset": "Inventaire des arbres répertoriés", "source_department": "Ville de Saguenay", "source_last_edit_at": ""}}, {"type": "Feature", "geometry": {"type": "Point", "coordinates": [-71.0570209466, 48.4297186085]}, "properties": {"id": "saguenay-70520", "species_group": "crabapple", "scientific_name": "Malus sp.", "common_name": "Pommier", "subtype_name": "Pommier", "zip_code": null, "ownership": "public", "ownership_raw": "Ville de Saguenay", "city": "Saguenay", "source_dataset": "Inventaire des arbres répertoriés", "source_department": "Ville de Saguenay", "source_last_edit_at": ""}}, {"type": "Feature", "geometry": {"type": "Point", "coordinates": [-71.0569929732, 48.4297595212]}, "properties": {"id": "saguenay-70521", "species_group": "crabapple", "scientific_name": "Malus sp.", "common_name": "Pommier", "subtype_name": "Pommier", "zip_code": null, "ownership": "public", "ownership_raw": "Ville de Saguenay", "city": "Saguenay", "source_dataset": "Inventaire des arbres répertoriés", "source_department": "Ville de Saguenay", "source_last_edit_at": ""}}, {"type": "Feature", "geometry": {"type": "Point", "coordinates": [-71.0564806478, 48.430622394]}, "properties": {"id": "saguenay-70547", "species_group": "crabapple", "scientific_name": "Malus sp.", "common_name": "Pommier", "subtype_name": "Pommier", "zip_code": null, "ownership": "public", "ownership_raw": "Ville de Saguenay", "city": "Saguenay", "source_dataset": "Inventaire des arbres répertoriés", "source_department": "Ville de Saguenay", "source_last_edit_at": ""}}, {"type": "Feature", "geometry": {"type": "Point", "coordinates": [-71.0564917036, 48.4305737099]}, "properties": {"id": "saguenay-70548", "species_group": "crabapple", "scientific_name": "Malus sp.", "common_name": "Pommier", "subtype_name": "Pommier", "zip_code": null, "ownership": "public", "ownership_raw": "Ville de Saguenay", "city": "Saguenay", "source_dataset": "Inventaire des arbres répertoriés", "source_department": "Ville de Saguenay", "source_last_edit_at": ""}}, {"type": "Feature", "geometry": {"type": "Point", "coordinates": [-71.0564525947, 48.4305803431]}, "properties": {"id": "saguenay-70549", "species_group": "crabapple", "scientific_name": "Malus sp.", "common_name": "Pommier", "subtype_name": "Pommier", "zip_code": null, "ownership": "public", "ownership_raw": "Ville de Saguenay", "city": "Saguenay", "source_dataset": "Inventaire des arbres répertoriés", "source_department": "Ville de Saguenay", "source_last_edit_at": ""}}, {"type": "Feature", "geometry": {"type": "Point", "coordinates": [-71.0564440677, 48.4302492996]}, "properties": {"id": "saguenay-70553", "species_group": "crabapple", "scientific_name": "Malus sp.", "common_name": "Pommier", "subtype_name": "Pommier", "zip_code": null, "ownership": "public", "ownership_raw": "Ville de Saguenay", "city": "Saguenay", "source_dataset": "Inventaire des arbres répertoriés", "source_department": "Ville de Saguenay", "source_last_edit_at": ""}}, {"type": "Feature", "geometry": {"type": "Point", "coordinates": [-71.0564651847, 48.4302091397]}, "properties": {"id": "saguenay-70554", "species_group": "crabapple", "scientific_name": "Malus sp.", "common_name": "Pommier", "subtype_name": "Pommier", "zip_code": null, "ownership": "public", "ownership_raw": "Ville de Saguenay", "city": "Saguenay", "source_dataset": "Inventaire des arbres répertoriés", "source_department": "Ville de Saguenay", "source_last_edit_at": ""}}, {"type": "Feature", "geometry": {"type": "Point", "coordinates": [-71.0564593456, 48.4301480313]}, "properties": {"id": "saguenay-70555", "species_group": "crabapple", "scientific_name": "Malus sp.", "common_name": "Pommier", "subtype_name": "Pommier", "zip_code": null, "ownership": "public", "ownership_raw": "Ville de Saguenay", "city": "Saguenay", "source_dataset": "Inventaire des arbres répertoriés", "source_department": "Ville de Saguenay", "source_last_edit_at": ""}}, {"type": "Feature", "geometry": {"type": "Point", "coordinates": [-71.0568479364, 48.4306158352]}, "properties": {"id": "saguenay-70559", "species_group": "crabapple", "scientific_name": "Malus sp.", "common_name": "Pommier", "subtype_name": "Pommier", "zip_code": null, "ownership": "public", "ownership_raw": "Ville de Saguenay", "city": "Saguenay", "source_dataset": "Inventaire des arbres répertoriés", "source_department": "Ville de Saguenay", "source_last_edit_at": ""}}, {"type": "Feature", "geometry": {"type": "Point", "coordinates": [-71.0570563322, 48.4306707576]}, "properties": {"id": "saguenay-70560", "species_group": "crabapple", "scientific_name": "Malus sp.", "common_name": "Pommier", "subtype_name": "Pommier", "zip_code": null, "ownership": "public", "ownership_raw": "Ville de Saguenay", "city": "Saguenay", "source_dataset": "Inventaire des arbres répertoriés", "source_department": "Ville de Saguenay", "source_last_edit_at": ""}}, {"type": "Feature", "geometry": {"type": "Point", "coordinates": [-71.0571264799, 48.4306745004]}, "properties": {"id": "saguenay-70561", "species_group": "crabapple", "scientific_name": "Malus sp.", "common_name": "Pommier", "subtype_name": "Pommier", "zip_code": null, "ownership": "public", "ownership_raw": "Ville de Saguenay", "city": "Saguenay", "source_dataset": "Inventaire des arbres répertoriés", "source_department": "Ville de Saguenay", "source_last_edit_at": ""}}, {"type": "Feature", "geometry": {"type": "Point", "coordinates": [-71.058697021, 48.4297428861]}, "properties": {"id": "saguenay-70605", "species_group": "crabapple", "scientific_name": "Malus baccata", "common_name": "Pommier De Siberie", "subtype_name": "Pommier De Siberie", "zip_code": null, "ownership": "public", "ownership_raw": "Ville de Saguenay", "city": "Saguenay", "source_dataset": "Inventaire des arbres répertoriés", "source_department": "Ville de Saguenay", "source_last_edit_at": ""}}, {"type": "Feature", "geometry": {"type": "Point", "coordinates": [-71.0587795011, 48.4297427294]}, "properties": {"id": "saguenay-70607", "species_group": "crabapple", "scientific_name": "Malus baccata", "common_name": "Pommier De Siberie", "subtype_name": "Pommier De Siberie", "zip_code": null, "ownership": "public", "ownership_raw": "Ville de Saguenay", "city": "Saguenay", "source_dataset": "Inventaire des arbres répertoriés", "source_department": "Ville de Saguenay", "source_last_edit_at": ""}}, {"type": "Feature", "geometry": {"type": "Point", "coordinates": [-71.0574967334, 48.4296621218]}, "properties": {"id": "saguenay-70615", "species_group": "crabapple", "scientific_name": "Malus baccata", "common_name": "Pommier De Siberie", "subtype_name": "Pommier De Siberie", "zip_code": null, "ownership": "public", "ownership_raw": "Ville de Saguenay", "city": "Saguenay", "source_dataset": "Inventaire des arbres répertoriés", "source_department": "Ville de Saguenay", "source_last_edit_at": ""}}, {"type": "Feature", "geometry": {"type": "Point", "coordinates": [-71.0574496877, 48.4296338463]}, "properties": {"id": "saguenay-70616", "species_group": "crabapple", "scientific_name": "Malus sp.", "common_name": "Pommier", "subtype_name": "Pommier", "zip_code": null, "ownership": "public", "ownership_raw": "Ville de Saguenay", "city": "Saguenay", "source_dataset": "Inventaire des arbres répertoriés", "source_department": "Ville de Saguenay", "source_last_edit_at": ""}}, {"type": "Feature", "geometry": {"type": "Point", "coordinates": [-71.0573901787, 48.4296183765]}, "properties": {"id": "saguenay-70618", "species_group": "crabapple", "scientific_name": "Malus baccata", "common_name": "Pommier De Siberie", "subtype_name": "Pommier De Siberie", "zip_code": null, "ownership": "public", "ownership_raw": "Ville de Saguenay", "city": "Saguenay", "source_dataset": "Inventaire des arbres répertoriés", "source_department": "Ville de Saguenay", "source_last_edit_at": ""}}, {"type": "Feature", "geometry": {"type": "Point", "coordinates": [-71.0572618658, 48.4296431923]}, "properties": {"id": "saguenay-70619", "species_group": "crabapple", "scientific_name": "Malus sp.", "common_name": "Pommier", "subtype_name": "Pommier", "zip_code": null, "ownership": "public", "ownership_raw": "Ville de Saguenay", "city": "Saguenay", "source_dataset": "Inventaire des arbres répertoriés", "source_department": "Ville de Saguenay", "source_last_edit_at": ""}}, {"type": "Feature", "geometry": {"type": "Point", "coordinates": [-71.0571837837, 48.4296525328]}, "properties": {"id": "saguenay-70620", "species_group": "crabapple", "scientific_name": "Malus sp.", "common_name": "Pommier", "subtype_name": "Pommier", "zip_code": null, "ownership": "public", "ownership_raw": "Ville de Saguenay", "city": "Saguenay", "source_dataset": "Inventaire des arbres répertoriés", "source_department": "Ville de Saguenay", "source_last_edit_at": ""}}, {"type": "Feature", "geometry": {"type": "Point", "coordinates": [-71.0589440977, 48.4301272352]}, "properties": {"id": "saguenay-70656", "species_group": "crabapple", "scientific_name": "Malus sp.", "common_name": "Pommier", "subtype_name": "Pommier", "zip_code": null, "ownership": "public", "ownership_raw": "Ville de Saguenay", "city": "Saguenay", "source_dataset": "Inventaire des arbres répertoriés", "source_department": "Ville de Saguenay", "source_last_edit_at": ""}}, {"type": "Feature", "geometry": {"type": "Point", "coordinates": [-71.0589019526, 48.4301609609]}, "properties": {"id": "saguenay-70657", "species_group": "crabapple", "scientific_name": "Malus sp.", "common_name": "Pommier", "subtype_name": "Pommier", "zip_code": null, "ownership": "public", "ownership_raw": "Ville de Saguenay", "city": "Saguenay", "source_dataset": "Inventaire des arbres répertoriés", "source_department": "Ville de Saguenay", "source_last_edit_at": ""}}, {"type": "Feature", "geometry": {"type": "Point", "coordinates": [-71.0588571656, 48.4302000076]}, "properties": {"id": "saguenay-70658", "species_group": "crabapple", "scientific_name": "Malus sp.", "common_name": "Pommier", "subtype_name": "Pommier", "zip_code": null, "ownership": "public", "ownership_raw": "Ville de Saguenay", "city": "Saguenay", "source_dataset": "Inventaire des arbres répertoriés", "source_department": "Ville de Saguenay", "source_last_edit_at": ""}}, {"type": "Feature", "geometry": {"type": "Point", "coordinates": [-71.0587931321, 48.4302228626]}, "properties": {"id": "saguenay-70659", "species_group": "crabapple", "scientific_name": "Malus sp.", "common_name": "Pommier", "subtype_name": "Pommier", "zip_code": null, "ownership": "public", "ownership_raw": "Ville de Saguenay", "city": "Saguenay", "source_dataset": "Inventaire des arbres répertoriés", "source_department": "Ville de Saguenay", "source_last_edit_at": ""}}, {"type": "Feature", "geometry": {"type": "Point", "coordinates": [-71.0588524356, 48.4302569564]}, "properties": {"id": "saguenay-70660", "species_group": "crabapple", "scientific_name": "Malus sp.", "common_name": "Pommier", "subtype_name": "Pommier", "zip_code": null, "ownership": "public", "ownership_raw": "Ville de Saguenay", "city": "Saguenay", "source_dataset": "Inventaire des arbres répertoriés", "source_department": "Ville de Saguenay", "source_last_edit_at": ""}}, {"type": "Feature", "geometry": {"type": "Point", "coordinates": [-71.0588861429, 48.4302855118]}, "properties": {"id": "saguenay-70661", "species_group": "crabapple", "scientific_name": "Malus sp.", "common_name": "Pommier", "subtype_name": "Pommier", "zip_code": null, "ownership": "public", "ownership_raw": "Ville de Saguenay", "city": "Saguenay", "source_dataset": "Inventaire des arbres répertoriés", "source_department": "Ville de Saguenay", "source_last_edit_at": ""}}, {"type": "Feature", "geometry": {"type": "Point", "coordinates": [-71.0589206791, 48.4302986955]}, "properties": {"id": "saguenay-70662", "species_group": "crabapple", "scientific_name": "Malus sp.", "common_name": "Pommier", "subtype_name": "Pommier", "zip_code": null, "ownership": "public", "ownership_raw": "Ville de Saguenay", "city": "Saguenay", "source_dataset": "Inventaire des arbres répertoriés", "source_department": "Ville de Saguenay", "source_last_edit_at": ""}}, {"type": "Feature", "geometry": {"type": "Point", "coordinates": [-71.0589694024, 48.4302822744]}, "properties": {"id": "saguenay-70663", "species_group": "crabapple", "scientific_name": "Malus sp.", "common_name": "Pommier", "subtype_name": "Pommier", "zip_code": null, "ownership": "public", "ownership_raw": "Ville de Saguenay", "city": "Saguenay", "source_dataset": "Inventaire des arbres répertoriés", "source_department": "Ville de Saguenay", "source_last_edit_at": ""}}, {"type": "Feature", "geometry": {"type": "Point", "coordinates": [-71.0590300029, 48.4302713465]}, "properties": {"id": "saguenay-70664", "species_group": "crabapple", "scientific_name": "Malus sp.", "common_name": "Pommier", "subtype_name": "Pommier", "zip_code": null, "ownership": "public", "ownership_raw": "Ville de Saguenay", "city": "Saguenay", "source_dataset": "Inventaire des arbres répertoriés", "source_department": "Ville de Saguenay", "source_last_edit_at": ""}}, {"type": "Feature", "geometry": {"type": "Point", "coordinates": [-71.0590603842, 48.430237043]}, "properties": {"id": "saguenay-70665", "species_group": "crabapple", "scientific_name": "Malus sp.", "common_name": "Pommier", "subtype_name": "Pommier", "zip_code": null, "ownership": "public", "ownership_raw": "Ville de Saguenay", "city": "Saguenay", "source_dataset": "Inventaire des arbres répertoriés", "source_department": "Ville de Saguenay", "source_last_edit_at": ""}}, {"type": "Feature", "geometry": {"type": "Point", "coordinates": [-71.0590354559, 48.4301958148]}, "properties": {"id": "saguenay-70666", "species_group": "crabapple", "scientific_name": "Malus sp.", "common_name": "Pommier", "subtype_name": "Pommier", "zip_code": null, "ownership": "public", "ownership_raw": "Ville de Saguenay", "city": "Saguenay", "source_dataset": "Inventaire des arbres répertoriés", "source_department": "Ville de Saguenay", "source_last_edit_at": ""}}, {"type": "Feature", "geometry": {"type": "Point", "coordinates": [-71.0589967993, 48.4301629178]}, "properties": {"id": "saguenay-70668", "species_group": "crabapple", "scientific_name": "Malus sp.", "common_name": "Pommier", "subtype_name": "Pommier", "zip_code": null, "ownership": "public", "ownership_raw": "Ville de Saguenay", "city": "Saguenay", "source_dataset": "Inventaire des arbres répertoriés", "source_department": "Ville de Saguenay", "source_last_edit_at": ""}}, {"type": "Feature", "geometry": {"type": "Point", "coordinates": [-71.0586585165, 48.430313141]}, "properties": {"id": "saguenay-70669", "species_group": "crabapple", "scientific_name": "Malus sp.", "common_name": "Pommier", "subtype_name": "Pommier", "zip_code": null, "ownership": "public", "ownership_raw": "Ville de Saguenay", "city": "Saguenay", "source_dataset": "Inventaire des arbres répertoriés", "source_department": "Ville de Saguenay", "source_last_edit_at": ""}}, {"type": "Feature", "geometry": {"type": "Point", "coordinates": [-71.0585949717, 48.4303490346]}, "properties": {"id": "saguenay-70670", "species_group": "crabapple", "scientific_name": "Malus sp.", "common_name": "Pommier", "subtype_name": "Pommier", "zip_code": null, "ownership": "public", "ownership_raw": "Ville de Saguenay", "city": "Saguenay", "source_dataset": "Inventaire des arbres répertoriés", "source_department": "Ville de Saguenay", "source_last_edit_at": ""}}, {"type": "Feature", "geometry": {"type": "Point", "coordinates": [-71.05855566, 48.4303702971]}, "properties": {"id": "saguenay-70671", "species_group": "crabapple", "scientific_name": "Malus sp.", "common_name": "Pommier", "subtype_name": "Pommier", "zip_code": null, "ownership": "public", "ownership_raw": "Ville de Saguenay", "city": "Saguenay", "source_dataset": "Inventaire des arbres répertoriés", "source_department": "Ville de Saguenay", "source_last_edit_at": ""}}, {"type": "Feature", "geometry": {"type": "Point", "coordinates": [-71.0585147756, 48.4303977613]}, "properties": {"id": "saguenay-70672", "species_group": "crabapple", "scientific_name": "Malus sp.", "common_name": "Pommier", "subtype_name": "Pommier", "zip_code": null, "ownership": "public", "ownership_raw": "Ville de Saguenay", "city": "Saguenay", "source_dataset": "Inventaire des arbres répertoriés", "source_department": "Ville de Saguenay", "source_last_edit_at": ""}}, {"type": "Feature", "geometry": {"type": "Point", "coordinates": [-71.0585757528, 48.4304280814]}, "properties": {"id": "saguenay-70673", "species_group": "crabapple", "scientific_name": "Malus sp.", "common_name": "Pommier", "subtype_name": "Pommier", "zip_code": null, "ownership": "public", "ownership_raw": "Ville de Saguenay", "city": "Saguenay", "source_dataset": "Inventaire des arbres répertoriés", "source_department": "Ville de Saguenay", "source_last_edit_at": ""}}, {"type": "Feature", "geometry": {"type": "Point", "coordinates": [-71.0586282677, 48.4304840803]}, "properties": {"id": "saguenay-70674", "species_group": "crabapple", "scientific_name": "Malus sp.", "common_name": "Pommier", "subtype_name": "Pommier", "zip_code": null, "ownership": "public", "ownership_raw": "Ville de Saguenay", "city": "Saguenay", "source_dataset": "Inventaire des arbres répertoriés", "source_department": "Ville de Saguenay", "source_last_edit_at": ""}}, {"type": "Feature", "geometry": {"type": "Point", "coordinates": [-71.0586842526, 48.4304780192]}, "properties": {"id": "saguenay-70675", "species_group": "crabapple", "scientific_name": "Malus sp.", "common_name": "Pommier", "subtype_name": "Pommier", "zip_code": null, "ownership": "public", "ownership_raw": "Ville de Saguenay", "city": "Saguenay", "source_dataset": "Inventaire des arbres répertoriés", "source_department": "Ville de Saguenay", "source_last_edit_at": ""}}, {"type": "Feature", "geometry": {"type": "Point", "coordinates": [-71.0587436895, 48.4304412965]}, "properties": {"id": "saguenay-70676", "species_group": "crabapple", "scientific_name": "Malus sp.", "common_name": "Pommier", "subtype_name": "Pommier", "zip_code": null, "ownership": "public", "ownership_raw": "Ville de Saguenay", "city": "Saguenay", "source_dataset": "Inventaire des arbres répertoriés", "source_department": "Ville de Saguenay", "source_last_edit_at": ""}}, {"type": "Feature", "geometry": {"type": "Point", "coordinates": [-71.0587889563, 48.4304149216]}, "properties": {"id": "saguenay-70677", "species_group": "crabapple", "scientific_name": "Malus sp.", "common_name": "Pommier", "subtype_name": "Pommier", "zip_code": null, "ownership": "public", "ownership_raw": "Ville de Saguenay", "city": "Saguenay", "source_dataset": "Inventaire des arbres répertoriés", "source_department": "Ville de Saguenay", "source_last_edit_at": ""}}, {"type": "Feature", "geometry": {"type": "Point", "coordinates": [-71.0587410229, 48.4303606615]}, "properties": {"id": "saguenay-70679", "species_group": "crabapple", "scientific_name": "Malus sp.", "common_name": "Pommier", "subtype_name": "Pommier", "zip_code": null, "ownership": "public", "ownership_raw": "Ville de Saguenay", "city": "Saguenay", "source_dataset": "Inventaire des arbres répertoriés", "source_department": "Ville de Saguenay", "source_last_edit_at": ""}}, {"type": "Feature", "geometry": {"type": "Point", "coordinates": [-71.0592090954, 48.4303334568]}, "properties": {"id": "saguenay-70680", "species_group": "crabapple", "scientific_name": "Malus sp.", "common_name": "Pommier", "subtype_name": "Pommier", "zip_code": null, "ownership": "public", "ownership_raw": "Ville de Saguenay", "city": "Saguenay", "source_dataset": "Inventaire des arbres répertoriés", "source_department": "Ville de Saguenay", "source_last_edit_at": ""}}, {"type": "Feature", "geometry": {"type": "Point", "coordinates": [-71.0591301188, 48.4303700975]}, "properties": {"id": "saguenay-70681", "species_group": "crabapple", "scientific_name": "Malus sp.", "common_name": "Pommier", "subtype_name": "Pommier", "zip_code": null, "ownership": "public", "ownership_raw": "Ville de Saguenay", "city": "Saguenay", "source_dataset": "Inventaire des arbres répertoriés", "source_department": "Ville de Saguenay", "source_last_edit_at": ""}}, {"type": "Feature", "geometry": {"type": "Point", "coordinates": [-71.0590670295, 48.4304115159]}, "properties": {"id": "saguenay-70682", "species_group": "crabapple", "scientific_name": "Malus sp.", "common_name": "Pommier", "subtype_name": "Pommier", "zip_code": null, "ownership": "public", "ownership_raw": "Ville de Saguenay", "city": "Saguenay", "source_dataset": "Inventaire des arbres répertoriés", "source_department": "Ville de Saguenay", "source_last_edit_at": ""}}, {"type": "Feature", "geometry": {"type": "Point", "coordinates": [-71.059120159, 48.430445644]}, "properties": {"id": "saguenay-70683", "species_group": "crabapple", "scientific_name": "Malus sp.", "common_name": "Pommier", "subtype_name": "Pommier", "zip_code": null, "ownership": "public", "ownership_raw": "Ville de Saguenay", "city": "Saguenay", "source_dataset": "Inventaire des arbres répertoriés", "source_department": "Ville de Saguenay", "source_last_edit_at": ""}}, {"type": "Feature", "geometry": {"type": "Point", "coordinates": [-71.0592602119, 48.4304797121]}, "properties": {"id": "saguenay-70684", "species_group": "crabapple", "scientific_name": "Malus sp.", "common_name": "Pommier", "subtype_name": "Pommier", "zip_code": null, "ownership": "public", "ownership_raw": "Ville de Saguenay", "city": "Saguenay", "source_dataset": "Inventaire des arbres répertoriés", "source_department": "Ville de Saguenay", "source_last_edit_at": ""}}, {"type": "Feature", "geometry": {"type": "Point", "coordinates": [-71.0593179873, 48.4304559033]}, "properties": {"id": "saguenay-70685", "species_group": "crabapple", "scientific_name": "Malus sp.", "common_name": "Pommier", "subtype_name": "Pommier", "zip_code": null, "ownership": "public", "ownership_raw": "Ville de Saguenay", "city": "Saguenay", "source_dataset": "Inventaire des arbres répertoriés", "source_department": "Ville de Saguenay", "source_last_edit_at": ""}}, {"type": "Feature", "geometry": {"type": "Point", "coordinates": [-71.0593627793, 48.4304240974]}, "properties": {"id": "saguenay-70686", "species_group": "crabapple", "scientific_name": "Malus sp.", "common_name": "Pommier", "subtype_name": "Pommier", "zip_code": null, "ownership": "public", "ownership_raw": "Ville de Saguenay", "city": "Saguenay", "source_dataset": "Inventaire des arbres répertoriés", "source_department": "Ville de Saguenay", "source_last_edit_at": ""}}, {"type": "Feature", "geometry": {"type": "Point", "coordinates": [-71.0593197787, 48.4303907017]}, "properties": {"id": "saguenay-70687", "species_group": "crabapple", "scientific_name": "Malus sp.", "common_name": "Pommier", "subtype_name": "Pommier", "zip_code": null, "ownership": "public", "ownership_raw": "Ville de Saguenay", "city": "Saguenay", "source_dataset": "Inventaire des arbres répertoriés", "source_department": "Ville de Saguenay", "source_last_edit_at": ""}}, {"type": "Feature", "geometry": {"type": "Point", "coordinates": [-71.0592687459, 48.4303627981]}, "properties": {"id": "saguenay-70689", "species_group": "crabapple", "scientific_name": "Malus sp.", "common_name": "Pommier", "subtype_name": "Pommier", "zip_code": null, "ownership": "public", "ownership_raw": "Ville de Saguenay", "city": "Saguenay", "source_dataset": "Inventaire des arbres répertoriés", "source_department": "Ville de Saguenay", "source_last_edit_at": ""}}, {"type": "Feature", "geometry": {"type": "Point", "coordinates": [-71.059620903, 48.430393919]}, "properties": {"id": "saguenay-70700", "species_group": "crabapple", "scientific_name": "Malus sp.", "common_name": "Pommier", "subtype_name": "Pommier", "zip_code": null, "ownership": "public", "ownership_raw": "Ville de Saguenay", "city": "Saguenay", "source_dataset": "Inventaire des arbres répertoriés", "source_department": "Ville de Saguenay", "source_last_edit_at": ""}}, {"type": "Feature", "geometry": {"type": "Point", "coordinates": [-71.059615852, 48.4303388427]}, "properties": {"id": "saguenay-70701", "species_group": "crabapple", "scientific_name": "Malus sp.", "common_name": "Pommier", "subtype_name": "Pommier", "zip_code": null, "ownership": "public", "ownership_raw": "Ville de Saguenay", "city": "Saguenay", "source_dataset": "Inventaire des arbres répertoriés", "source_department": "Ville de Saguenay", "source_last_edit_at": ""}}, {"type": "Feature", "geometry": {"type": "Point", "coordinates": [-71.0596807072, 48.4303460389]}, "properties": {"id": "saguenay-70702", "species_group": "crabapple", "scientific_name": "Malus sp.", "common_name": "Pommier", "subtype_name": "Pommier", "zip_code": null, "ownership": "public", "ownership_raw": "Ville de Saguenay", "city": "Saguenay", "source_dataset": "Inventaire des arbres répertoriés", "source_department": "Ville de Saguenay", "source_last_edit_at": ""}}, {"type": "Feature", "geometry": {"type": "Point", "coordinates": [-71.0597006018, 48.4303039516]}, "properties": {"id": "saguenay-70705", "species_group": "crabapple", "scientific_name": "Malus sp.", "common_name": "Pommier", "subtype_name": "Pommier", "zip_code": null, "ownership": "public", "ownership_raw": "Ville de Saguenay", "city": "Saguenay", "source_dataset": "Inventaire des arbres répertoriés", "source_department": "Ville de Saguenay", "source_last_edit_at": ""}}, {"type": "Feature", "geometry": {"type": "Point", "coordinates": [-71.0597760007, 48.4303224369]}, "properties": {"id": "saguenay-70707", "species_group": "crabapple", "scientific_name": "Malus sp.", "common_name": "Pommier", "subtype_name": "Pommier", "zip_code": null, "ownership": "public", "ownership_raw": "Ville de Saguenay", "city": "Saguenay", "source_dataset": "Inventaire des arbres répertoriés", "source_department": "Ville de Saguenay", "source_last_edit_at": ""}}, {"type": "Feature", "geometry": {"type": "Point", "coordinates": [-71.0597745395, 48.4300918378]}, "properties": {"id": "saguenay-70713", "species_group": "crabapple", "scientific_name": "Malus sp.", "common_name": "Pommier", "subtype_name": "Pommier", "zip_code": null, "ownership": "public", "ownership_raw": "Ville de Saguenay", "city": "Saguenay", "source_dataset": "Inventaire des arbres répertoriés", "source_department": "Ville de Saguenay", "source_last_edit_at": ""}}, {"type": "Feature", "geometry": {"type": "Point", "coordinates": [-71.0597015634, 48.4300076864]}, "properties": {"id": "saguenay-70718", "species_group": "crabapple", "scientific_name": "Malus sp.", "common_name": "Pommier", "subtype_name": "Pommier", "zip_code": null, "ownership": "public", "ownership_raw": "Ville de Saguenay", "city": "Saguenay", "source_dataset": "Inventaire des arbres répertoriés", "source_department": "Ville de Saguenay", "source_last_edit_at": ""}}, {"type": "Feature", "geometry": {"type": "Point", "coordinates": [-71.1651820002, 48.4083600006]}, "properties": {"id": "saguenay-7073", "species_group": "crabapple", "scientific_name": "Malus sp.", "common_name": "Pommier", "subtype_name": "Pommier", "zip_code": null, "ownership": "public", "ownership_raw": "Ville de Saguenay", "city": "Saguenay", "source_dataset": "Inventaire des arbres répertoriés", "source_department": "Ville de Saguenay", "source_last_edit_at": ""}}, {"type": "Feature", "geometry": {"type": "Point", "coordinates": [-71.0600410216, 48.4299961308]}, "properties": {"id": "saguenay-70785", "species_group": "crabapple", "scientific_name": "Malus sp.", "common_name": "Pommier", "subtype_name": "Pommier", "zip_code": null, "ownership": "public", "ownership_raw": "Ville de Saguenay", "city": "Saguenay", "source_dataset": "Inventaire des arbres répertoriés", "source_department": "Ville de Saguenay", "source_last_edit_at": ""}}, {"type": "Feature", "geometry": {"type": "Point", "coordinates": [-71.0599844271, 48.4300323844]}, "properties": {"id": "saguenay-70786", "species_group": "crabapple", "scientific_name": "Malus sp.", "common_name": "Pommier", "subtype_name": "Pommier", "zip_code": null, "ownership": "public", "ownership_raw": "Ville de Saguenay", "city": "Saguenay", "source_dataset": "Inventaire des arbres répertoriés", "source_department": "Ville de Saguenay", "source_last_edit_at": ""}}, {"type": "Feature", "geometry": {"type": "Point", "coordinates": [-71.0599737227, 48.4300845676]}, "properties": {"id": "saguenay-70787", "species_group": "crabapple", "scientific_name": "Malus sp.", "common_name": "Pommier", "subtype_name": "Pommier", "zip_code": null, "ownership": "public", "ownership_raw": "Ville de Saguenay", "city": "Saguenay", "source_dataset": "Inventaire des arbres répertoriés", "source_department": "Ville de Saguenay", "source_last_edit_at": ""}}, {"type": "Feature", "geometry": {"type": "Point", "coordinates": [-71.0599857945, 48.4301285464]}, "properties": {"id": "saguenay-70788", "species_group": "crabapple", "scientific_name": "Malus sp.", "common_name": "Pommier", "subtype_name": "Pommier", "zip_code": null, "ownership": "public", "ownership_raw": "Ville de Saguenay", "city": "Saguenay", "source_dataset": "Inventaire des arbres répertoriés", "source_department": "Ville de Saguenay", "source_last_edit_at": ""}}, {"type": "Feature", "geometry": {"type": "Point", "coordinates": [-71.0599738502, 48.4301864503]}, "properties": {"id": "saguenay-70789", "species_group": "crabapple", "scientific_name": "Malus sp.", "common_name": "Pommier", "subtype_name": "Pommier", "zip_code": null, "ownership": "public", "ownership_raw": "Ville de Saguenay", "city": "Saguenay", "source_dataset": "Inventaire des arbres répertoriés", "source_department": "Ville de Saguenay", "source_last_edit_at": ""}}, {"type": "Feature", "geometry": {"type": "Point", "coordinates": [-71.0620108444, 48.4302028934]}, "properties": {"id": "saguenay-70805", "species_group": "crabapple", "scientific_name": "Malus sp.", "common_name": "Pommier", "subtype_name": "Pommier", "zip_code": null, "ownership": "public", "ownership_raw": "Ville de Saguenay", "city": "Saguenay", "source_dataset": "Inventaire des arbres répertoriés", "source_department": "Ville de Saguenay", "source_last_edit_at": ""}}, {"type": "Feature", "geometry": {"type": "Point", "coordinates": [-71.0599664965, 48.4302953838]}, "properties": {"id": "saguenay-70810", "species_group": "crabapple", "scientific_name": "Malus sp.", "common_name": "Pommier", "subtype_name": "Pommier", "zip_code": null, "ownership": "public", "ownership_raw": "Ville de Saguenay", "city": "Saguenay", "source_dataset": "Inventaire des arbres répertoriés", "source_department": "Ville de Saguenay", "source_last_edit_at": ""}}, {"type": "Feature", "geometry": {"type": "Point", "coordinates": [-71.0600471309, 48.4303575284]}, "properties": {"id": "saguenay-70811", "species_group": "crabapple", "scientific_name": "Malus sp.", "common_name": "Pommier", "subtype_name": "Pommier", "zip_code": null, "ownership": "public", "ownership_raw": "Ville de Saguenay", "city": "Saguenay", "source_dataset": "Inventaire des arbres répertoriés", "source_department": "Ville de Saguenay", "source_last_edit_at": ""}}, {"type": "Feature", "geometry": {"type": "Point", "coordinates": [-71.0600988813, 48.4303059486]}, "properties": {"id": "saguenay-70812", "species_group": "crabapple", "scientific_name": "Malus sp.", "common_name": "Pommier", "subtype_name": "Pommier", "zip_code": null, "ownership": "public", "ownership_raw": "Ville de Saguenay", "city": "Saguenay", "source_dataset": "Inventaire des arbres répertoriés", "source_department": "Ville de Saguenay", "source_last_edit_at": ""}}, {"type": "Feature", "geometry": {"type": "Point", "coordinates": [-71.0600482844, 48.4302839224]}, "properties": {"id": "saguenay-70813", "species_group": "crabapple", "scientific_name": "Malus sp.", "common_name": "Pommier", "subtype_name": "Pommier", "zip_code": null, "ownership": "public", "ownership_raw": "Ville de Saguenay", "city": "Saguenay", "source_dataset": "Inventaire des arbres répertoriés", "source_department": "Ville de Saguenay", "source_last_edit_at": ""}}, {"type": "Feature", "geometry": {"type": "Point", "coordinates": [-71.0601477661, 48.4303887329]}, "properties": {"id": "saguenay-70814", "species_group": "crabapple", "scientific_name": "Malus sp.", "common_name": "Pommier", "subtype_name": "Pommier", "zip_code": null, "ownership": "public", "ownership_raw": "Ville de Saguenay", "city": "Saguenay", "source_dataset": "Inventaire des arbres répertoriés", "source_department": "Ville de Saguenay", "source_last_edit_at": ""}}, {"type": "Feature", "geometry": {"type": "Point", "coordinates": [-71.0608945461, 48.4305819917]}, "properties": {"id": "saguenay-70871", "species_group": "crabapple", "scientific_name": "Malus sp.", "common_name": "Pommier", "subtype_name": "Pommier", "zip_code": null, "ownership": "public", "ownership_raw": "Ville de Saguenay", "city": "Saguenay", "source_dataset": "Inventaire des arbres répertoriés", "source_department": "Ville de Saguenay", "source_last_edit_at": ""}}, {"type": "Feature", "geometry": {"type": "Point", "coordinates": [-71.0608504177, 48.4305121671]}, "properties": {"id": "saguenay-70872", "species_group": "crabapple", "scientific_name": "Malus sp.", "common_name": "Pommier", "subtype_name": "Pommier", "zip_code": null, "ownership": "public", "ownership_raw": "Ville de Saguenay", "city": "Saguenay", "source_dataset": "Inventaire des arbres répertoriés", "source_department": "Ville de Saguenay", "source_last_edit_at": ""}}, {"type": "Feature", "geometry": {"type": "Point", "coordinates": [-71.0608556471, 48.430630732]}, "properties": {"id": "saguenay-70875", "species_group": "crabapple", "scientific_name": "Malus sp.", "common_name": "Pommier", "subtype_name": "Pommier", "zip_code": null, "ownership": "public", "ownership_raw": "Ville de Saguenay", "city": "Saguenay", "source_dataset": "Inventaire des arbres répertoriés", "source_department": "Ville de Saguenay", "source_last_edit_at": ""}}, {"type": "Feature", "geometry": {"type": "Point", "coordinates": [-71.0606238847, 48.4307047925]}, "properties": {"id": "saguenay-70897", "species_group": "crabapple", "scientific_name": "Malus sp.", "common_name": "Pommier", "subtype_name": "Pommier", "zip_code": null, "ownership": "public", "ownership_raw": "Ville de Saguenay", "city": "Saguenay", "source_dataset": "Inventaire des arbres répertoriés", "source_department": "Ville de Saguenay", "source_last_edit_at": ""}}, {"type": "Feature", "geometry": {"type": "Point", "coordinates": [-71.0607417768, 48.4307004209]}, "properties": {"id": "saguenay-70900", "species_group": "crabapple", "scientific_name": "Malus sp.", "common_name": "Pommier", "subtype_name": "Pommier", "zip_code": null, "ownership": "public", "ownership_raw": "Ville de Saguenay", "city": "Saguenay", "source_dataset": "Inventaire des arbres répertoriés", "source_department": "Ville de Saguenay", "source_last_edit_at": ""}}, {"type": "Feature", "geometry": {"type": "Point", "coordinates": [-71.0620058509, 48.4302638089]}, "properties": {"id": "saguenay-70918", "species_group": "crabapple", "scientific_name": "Malus sp.", "common_name": "Pommier", "subtype_name": "Pommier", "zip_code": null, "ownership": "public", "ownership_raw": "Ville de Saguenay", "city": "Saguenay", "source_dataset": "Inventaire des arbres répertoriés", "source_department": "Ville de Saguenay", "source_last_edit_at": ""}}, {"type": "Feature", "geometry": {"type": "Point", "coordinates": [-71.0631720714, 48.4300388666]}, "properties": {"id": "saguenay-71017", "species_group": "crabapple", "scientific_name": "Malus sp.", "common_name": "Pommier", "subtype_name": "Pommier", "zip_code": null, "ownership": "public", "ownership_raw": "Ville de Saguenay", "city": "Saguenay", "source_dataset": "Inventaire des arbres répertoriés", "source_department": "Ville de Saguenay", "source_last_edit_at": ""}}, {"type": "Feature", "geometry": {"type": "Point", "coordinates": [-71.0630447902, 48.4300660186]}, "properties": {"id": "saguenay-71018", "species_group": "crabapple", "scientific_name": "Malus sp.", "common_name": "Pommier", "subtype_name": "Pommier", "zip_code": null, "ownership": "public", "ownership_raw": "Ville de Saguenay", "city": "Saguenay", "source_dataset": "Inventaire des arbres répertoriés", "source_department": "Ville de Saguenay", "source_last_edit_at": ""}}, {"type": "Feature", "geometry": {"type": "Point", "coordinates": [-71.0632311598, 48.4300626593]}, "properties": {"id": "saguenay-71019", "species_group": "crabapple", "scientific_name": "Malus sp.", "common_name": "Pommier", "subtype_name": "Pommier", "zip_code": null, "ownership": "public", "ownership_raw": "Ville de Saguenay", "city": "Saguenay", "source_dataset": "Inventaire des arbres répertoriés", "source_department": "Ville de Saguenay", "source_last_edit_at": ""}}, {"type": "Feature", "geometry": {"type": "Point", "coordinates": [-71.0632524479, 48.4301098871]}, "properties": {"id": "saguenay-71021", "species_group": "crabapple", "scientific_name": "Malus sp.", "common_name": "Pommier", "subtype_name": "Pommier", "zip_code": null, "ownership": "public", "ownership_raw": "Ville de Saguenay", "city": "Saguenay", "source_dataset": "Inventaire des arbres répertoriés", "source_department": "Ville de Saguenay", "source_last_edit_at": ""}}, {"type": "Feature", "geometry": {"type": "Point", "coordinates": [-71.063180628, 48.430072924]}, "properties": {"id": "saguenay-71022", "species_group": "crabapple", "scientific_name": "Malus sp.", "common_name": "Pommier", "subtype_name": "Pommier", "zip_code": null, "ownership": "public", "ownership_raw": "Ville de Saguenay", "city": "Saguenay", "source_dataset": "Inventaire des arbres répertoriés", "source_department": "Ville de Saguenay", "source_last_edit_at": ""}}, {"type": "Feature", "geometry": {"type": "Point", "coordinates": [-71.0631799339, 48.4301156501]}, "properties": {"id": "saguenay-71023", "species_group": "crabapple", "scientific_name": "Malus sp.", "common_name": "Pommier", "subtype_name": "Pommier", "zip_code": null, "ownership": "public", "ownership_raw": "Ville de Saguenay", "city": "Saguenay", "source_dataset": "Inventaire des arbres répertoriés", "source_department": "Ville de Saguenay", "source_last_edit_at": ""}}, {"type": "Feature", "geometry": {"type": "Point", "coordinates": [-71.0630258252, 48.4301187237]}, "properties": {"id": "saguenay-71024", "species_group": "crabapple", "scientific_name": "Malus sp.", "common_name": "Pommier", "subtype_name": "Pommier", "zip_code": null, "ownership": "public", "ownership_raw": "Ville de Saguenay", "city": "Saguenay", "source_dataset": "Inventaire des arbres répertoriés", "source_department": "Ville de Saguenay", "source_last_edit_at": ""}}, {"type": "Feature", "geometry": {"type": "Point", "coordinates": [-71.0639300576, 48.4305360326]}, "properties": {"id": "saguenay-71109", "species_group": "cherry", "scientific_name": "Prunus maackii", "common_name": "Ceriser De Mandchourie", "subtype_name": "Ceriser De Mandchourie", "zip_code": null, "ownership": "public", "ownership_raw": "Ville de Saguenay", "city": "Saguenay", "source_dataset": "Inventaire des arbres répertoriés", "source_department": "Ville de Saguenay", "source_last_edit_at": ""}}, {"type": "Feature", "geometry": {"type": "Point", "coordinates": [-71.0642805582, 48.4305753587]}, "properties": {"id": "saguenay-71132", "species_group": "crabapple", "scientific_name": "Malus sp.", "common_name": "Pommier", "subtype_name": "Pommier", "zip_code": null, "ownership": "public", "ownership_raw": "Ville de Saguenay", "city": "Saguenay", "source_dataset": "Inventaire des arbres répertoriés", "source_department": "Ville de Saguenay", "source_last_edit_at": ""}}, {"type": "Feature", "geometry": {"type": "Point", "coordinates": [-71.0643175657, 48.4305445343]}, "properties": {"id": "saguenay-71133", "species_group": "crabapple", "scientific_name": "Malus sp.", "common_name": "Pommier", "subtype_name": "Pommier", "zip_code": null, "ownership": "public", "ownership_raw": "Ville de Saguenay", "city": "Saguenay", "source_dataset": "Inventaire des arbres répertoriés", "source_department": "Ville de Saguenay", "source_last_edit_at": ""}}, {"type": "Feature", "geometry": {"type": "Point", "coordinates": [-71.0643402056, 48.430496486]}, "properties": {"id": "saguenay-71136", "species_group": "crabapple", "scientific_name": "Malus sp.", "common_name": "Pommier", "subtype_name": "Pommier", "zip_code": null, "ownership": "public", "ownership_raw": "Ville de Saguenay", "city": "Saguenay", "source_dataset": "Inventaire des arbres répertoriés", "source_department": "Ville de Saguenay", "source_last_edit_at": ""}}, {"type": "Feature", "geometry": {"type": "Point", "coordinates": [-71.0644330915, 48.4304443166]}, "properties": {"id": "saguenay-71139", "species_group": "crabapple", "scientific_name": "Malus sp.", "common_name": "Pommier", "subtype_name": "Pommier", "zip_code": null, "ownership": "public", "ownership_raw": "Ville de Saguenay", "city": "Saguenay", "source_dataset": "Inventaire des arbres répertoriés", "source_department": "Ville de Saguenay", "source_last_edit_at": ""}}, {"type": "Feature", "geometry": {"type": "Point", "coordinates": [-71.064493107, 48.430422633]}, "properties": {"id": "saguenay-71140", "species_group": "crabapple", "scientific_name": "Malus sp.", "common_name": "Pommier", "subtype_name": "Pommier", "zip_code": null, "ownership": "public", "ownership_raw": "Ville de Saguenay", "city": "Saguenay", "source_dataset": "Inventaire des arbres répertoriés", "source_department": "Ville de Saguenay", "source_last_edit_at": ""}}, {"type": "Feature", "geometry": {"type": "Point", "coordinates": [-71.0645325148, 48.430399776]}, "properties": {"id": "saguenay-71141", "species_group": "crabapple", "scientific_name": "Malus sp.", "common_name": "Pommier", "subtype_name": "Pommier", "zip_code": null, "ownership": "public", "ownership_raw": "Ville de Saguenay", "city": "Saguenay", "source_dataset": "Inventaire des arbres répertoriés", "source_department": "Ville de Saguenay", "source_last_edit_at": ""}}, {"type": "Feature", "geometry": {"type": "Point", "coordinates": [-71.0644043989, 48.4303252212]}, "properties": {"id": "saguenay-71144", "species_group": "crabapple", "scientific_name": "Malus sp.", "common_name": "Pommier", "subtype_name": "Pommier", "zip_code": null, "ownership": "public", "ownership_raw": "Ville de Saguenay", "city": "Saguenay", "source_dataset": "Inventaire des arbres répertoriés", "source_department": "Ville de Saguenay", "source_last_edit_at": ""}}, {"type": "Feature", "geometry": {"type": "Point", "coordinates": [-71.0640605778, 48.4304497965]}, "properties": {"id": "saguenay-71154", "species_group": "crabapple", "scientific_name": "Malus sp.", "common_name": "Pommier", "subtype_name": "Pommier", "zip_code": null, "ownership": "public", "ownership_raw": "Ville de Saguenay", "city": "Saguenay", "source_dataset": "Inventaire des arbres répertoriés", "source_department": "Ville de Saguenay", "source_last_edit_at": ""}}, {"type": "Feature", "geometry": {"type": "Point", "coordinates": [-71.0644801465, 48.4298718395]}, "properties": {"id": "saguenay-71166", "species_group": "crabapple", "scientific_name": "Malus sp.", "common_name": "Pommier", "subtype_name": "Pommier", "zip_code": null, "ownership": "public", "ownership_raw": "Ville de Saguenay", "city": "Saguenay", "source_dataset": "Inventaire des arbres répertoriés", "source_department": "Ville de Saguenay", "source_last_edit_at": ""}}, {"type": "Feature", "geometry": {"type": "Point", "coordinates": [-71.0645079404, 48.4298317228]}, "properties": {"id": "saguenay-71167", "species_group": "crabapple", "scientific_name": "Malus sp.", "common_name": "Pommier", "subtype_name": "Pommier", "zip_code": null, "ownership": "public", "ownership_raw": "Ville de Saguenay", "city": "Saguenay", "source_dataset": "Inventaire des arbres répertoriés", "source_department": "Ville de Saguenay", "source_last_edit_at": ""}}, {"type": "Feature", "geometry": {"type": "Point", "coordinates": [-71.0658433342, 48.4297972372]}, "properties": {"id": "saguenay-71208", "species_group": "crabapple", "scientific_name": "Malus sp.", "common_name": "Pommier", "subtype_name": "Pommier", "zip_code": null, "ownership": "public", "ownership_raw": "Ville de Saguenay", "city": "Saguenay", "source_dataset": "Inventaire des arbres répertoriés", "source_department": "Ville de Saguenay", "source_last_edit_at": ""}}, {"type": "Feature", "geometry": {"type": "Point", "coordinates": [-71.065925159, 48.4297796709]}, "properties": {"id": "saguenay-71209", "species_group": "crabapple", "scientific_name": "Malus sp.", "common_name": "Pommier", "subtype_name": "Pommier", "zip_code": null, "ownership": "public", "ownership_raw": "Ville de Saguenay", "city": "Saguenay", "source_dataset": "Inventaire des arbres répertoriés", "source_department": "Ville de Saguenay", "source_last_edit_at": ""}}, {"type": "Feature", "geometry": {"type": "Point", "coordinates": [-71.065997066, 48.4297727427]}, "properties": {"id": "saguenay-71210", "species_group": "crabapple", "scientific_name": "Malus sp.", "common_name": "Pommier", "subtype_name": "Pommier", "zip_code": null, "ownership": "public", "ownership_raw": "Ville de Saguenay", "city": "Saguenay", "source_dataset": "Inventaire des arbres répertoriés", "source_department": "Ville de Saguenay", "source_last_edit_at": ""}}, {"type": "Feature", "geometry": {"type": "Point", "coordinates": [-71.0665166087, 48.4297919261]}, "properties": {"id": "saguenay-71221", "species_group": "crabapple", "scientific_name": "Malus sp.", "common_name": "Pommier", "subtype_name": "Pommier", "zip_code": null, "ownership": "public", "ownership_raw": "Ville de Saguenay", "city": "Saguenay", "source_dataset": "Inventaire des arbres répertoriés", "source_department": "Ville de Saguenay", "source_last_edit_at": ""}}, {"type": "Feature", "geometry": {"type": "Point", "coordinates": [-71.2287545608, 48.43070207]}, "properties": {"id": "saguenay-71313", "species_group": "crabapple", "scientific_name": "Malus sp.", "common_name": "Pommier", "subtype_name": "Pommier", "zip_code": null, "ownership": "public", "ownership_raw": "Ville de Saguenay", "city": "Saguenay", "source_dataset": "Inventaire des arbres répertoriés", "source_department": "Ville de Saguenay", "source_last_edit_at": ""}}, {"type": "Feature", "geometry": {"type": "Point", "coordinates": [-71.0208459409, 48.4531811605]}, "properties": {"id": "saguenay-71384", "species_group": "crabapple", "scientific_name": "Malus sp.", "common_name": "Pommier", "subtype_name": "Pommier", "zip_code": null, "ownership": "public", "ownership_raw": "Ville de Saguenay", "city": "Saguenay", "source_dataset": "Inventaire des arbres répertoriés", "source_department": "Ville de Saguenay", "source_last_edit_at": ""}}, {"type": "Feature", "geometry": {"type": "Point", "coordinates": [-71.0186952875, 48.4522836438]}, "properties": {"id": "saguenay-71400", "species_group": "crabapple", "scientific_name": "Malus sp.", "common_name": "Pommier", "subtype_name": "Pommier", "zip_code": null, "ownership": "public", "ownership_raw": "Ville de Saguenay", "city": "Saguenay", "source_dataset": "Inventaire des arbres répertoriés", "source_department": "Ville de Saguenay", "source_last_edit_at": ""}}, {"type": "Feature", "geometry": {"type": "Point", "coordinates": [-71.0392124842, 48.4405764997]}, "properties": {"id": "saguenay-71422", "species_group": "crabapple", "scientific_name": "Malus sp.", "common_name": "Pommier", "subtype_name": "Pommier", "zip_code": null, "ownership": "public", "ownership_raw": "Ville de Saguenay", "city": "Saguenay", "source_dataset": "Inventaire des arbres répertoriés", "source_department": "Ville de Saguenay", "source_last_edit_at": ""}}, {"type": "Feature", "geometry": {"type": "Point", "coordinates": [-71.0418389275, 48.4466319803]}, "properties": {"id": "saguenay-71434", "species_group": "crabapple", "scientific_name": "Malus sp.", "common_name": "Pommier", "subtype_name": "Pommier", "zip_code": null, "ownership": "public", "ownership_raw": "Ville de Saguenay", "city": "Saguenay", "source_dataset": "Inventaire des arbres répertoriés", "source_department": "Ville de Saguenay", "source_last_edit_at": ""}}, {"type": "Feature", "geometry": {"type": "Point", "coordinates": [-71.0419264769, 48.4466791526]}, "properties": {"id": "saguenay-71437", "species_group": "crabapple", "scientific_name": "Malus sp.", "common_name": "Pommier", "subtype_name": "Pommier", "zip_code": null, "ownership": "public", "ownership_raw": "Ville de Saguenay", "city": "Saguenay", "source_dataset": "Inventaire des arbres répertoriés", "source_department": "Ville de Saguenay", "source_last_edit_at": ""}}, {"type": "Feature", "geometry": {"type": "Point", "coordinates": [-71.0418722202, 48.4467352868]}, "properties": {"id": "saguenay-71438", "species_group": "crabapple", "scientific_name": "Malus sp.", "common_name": "Pommier", "subtype_name": "Pommier", "zip_code": null, "ownership": "public", "ownership_raw": "Ville de Saguenay", "city": "Saguenay", "source_dataset": "Inventaire des arbres répertoriés", "source_department": "Ville de Saguenay", "source_last_edit_at": ""}}, {"type": "Feature", "geometry": {"type": "Point", "coordinates": [-71.0418150018, 48.4466866046]}, "properties": {"id": "saguenay-71439", "species_group": "crabapple", "scientific_name": "Malus sp.", "common_name": "Pommier", "subtype_name": "Pommier", "zip_code": null, "ownership": "public", "ownership_raw": "Ville de Saguenay", "city": "Saguenay", "source_dataset": "Inventaire des arbres répertoriés", "source_department": "Ville de Saguenay", "source_last_edit_at": ""}}, {"type": "Feature", "geometry": {"type": "Point", "coordinates": [-71.0557781172, 48.4425491541]}, "properties": {"id": "saguenay-71482", "species_group": "crabapple", "scientific_name": "Malus sp.", "common_name": "Pommier", "subtype_name": "Pommier", "zip_code": null, "ownership": "public", "ownership_raw": "Ville de Saguenay", "city": "Saguenay", "source_dataset": "Inventaire des arbres répertoriés", "source_department": "Ville de Saguenay", "source_last_edit_at": ""}}, {"type": "Feature", "geometry": {"type": "Point", "coordinates": [-71.0556524377, 48.442546052]}, "properties": {"id": "saguenay-71483", "species_group": "crabapple", "scientific_name": "Malus sp.", "common_name": "Pommier", "subtype_name": "Pommier", "zip_code": null, "ownership": "public", "ownership_raw": "Ville de Saguenay", "city": "Saguenay", "source_dataset": "Inventaire des arbres répertoriés", "source_department": "Ville de Saguenay", "source_last_edit_at": ""}}, {"type": "Feature", "geometry": {"type": "Point", "coordinates": [-71.0557282825, 48.4425689546]}, "properties": {"id": "saguenay-71484", "species_group": "crabapple", "scientific_name": "Malus sp.", "common_name": "Pommier", "subtype_name": "Pommier", "zip_code": null, "ownership": "public", "ownership_raw": "Ville de Saguenay", "city": "Saguenay", "source_dataset": "Inventaire des arbres répertoriés", "source_department": "Ville de Saguenay", "source_last_edit_at": ""}}, {"type": "Feature", "geometry": {"type": "Point", "coordinates": [-71.0550039953, 48.4424776009]}, "properties": {"id": "saguenay-71487", "species_group": "crabapple", "scientific_name": "Malus sp.", "common_name": "Pommier", "subtype_name": "Pommier", "zip_code": null, "ownership": "public", "ownership_raw": "Ville de Saguenay", "city": "Saguenay", "source_dataset": "Inventaire des arbres répertoriés", "source_department": "Ville de Saguenay", "source_last_edit_at": ""}}, {"type": "Feature", "geometry": {"type": "Point", "coordinates": [-71.0549702996, 48.4425721376]}, "properties": {"id": "saguenay-71488", "species_group": "crabapple", "scientific_name": "Malus sp.", "common_name": "Pommier", "subtype_name": "Pommier", "zip_code": null, "ownership": "public", "ownership_raw": "Ville de Saguenay", "city": "Saguenay", "source_dataset": "Inventaire des arbres répertoriés", "source_department": "Ville de Saguenay", "source_last_edit_at": ""}}, {"type": "Feature", "geometry": {"type": "Point", "coordinates": [-71.0549424492, 48.4426359276]}, "properties": {"id": "saguenay-71489", "species_group": "crabapple", "scientific_name": "Malus sp.", "common_name": "Pommier", "subtype_name": "Pommier", "zip_code": null, "ownership": "public", "ownership_raw": "Ville de Saguenay", "city": "Saguenay", "source_dataset": "Inventaire des arbres répertoriés", "source_department": "Ville de Saguenay", "source_last_edit_at": ""}}, {"type": "Feature", "geometry": {"type": "Point", "coordinates": [-71.0547556204, 48.4426289471]}, "properties": {"id": "saguenay-71490", "species_group": "crabapple", "scientific_name": "Malus sp.", "common_name": "Pommier", "subtype_name": "Pommier", "zip_code": null, "ownership": "public", "ownership_raw": "Ville de Saguenay", "city": "Saguenay", "source_dataset": "Inventaire des arbres répertoriés", "source_department": "Ville de Saguenay", "source_last_edit_at": ""}}, {"type": "Feature", "geometry": {"type": "Point", "coordinates": [-71.0546767706, 48.442646992]}, "properties": {"id": "saguenay-71491", "species_group": "crabapple", "scientific_name": "Malus sp.", "common_name": "Pommier", "subtype_name": "Pommier", "zip_code": null, "ownership": "public", "ownership_raw": "Ville de Saguenay", "city": "Saguenay", "source_dataset": "Inventaire des arbres répertoriés", "source_department": "Ville de Saguenay", "source_last_edit_at": ""}}, {"type": "Feature", "geometry": {"type": "Point", "coordinates": [-71.0546315309, 48.4426739425]}, "properties": {"id": "saguenay-71492", "species_group": "crabapple", "scientific_name": "Malus sp.", "common_name": "Pommier", "subtype_name": "Pommier", "zip_code": null, "ownership": "public", "ownership_raw": "Ville de Saguenay", "city": "Saguenay", "source_dataset": "Inventaire des arbres répertoriés", "source_department": "Ville de Saguenay", "source_last_edit_at": ""}}, {"type": "Feature", "geometry": {"type": "Point", "coordinates": [-71.0545810936, 48.4427205101]}, "properties": {"id": "saguenay-71493", "species_group": "crabapple", "scientific_name": "Malus sp.", "common_name": "Pommier", "subtype_name": "Pommier", "zip_code": null, "ownership": "public", "ownership_raw": "Ville de Saguenay", "city": "Saguenay", "source_dataset": "Inventaire des arbres répertoriés", "source_department": "Ville de Saguenay", "source_last_edit_at": ""}}, {"type": "Feature", "geometry": {"type": "Point", "coordinates": [-71.0545794302, 48.4427523536]}, "properties": {"id": "saguenay-71494", "species_group": "crabapple", "scientific_name": "Malus sp.", "common_name": "Pommier", "subtype_name": "Pommier", "zip_code": null, "ownership": "public", "ownership_raw": "Ville de Saguenay", "city": "Saguenay", "source_dataset": "Inventaire des arbres répertoriés", "source_department": "Ville de Saguenay", "source_last_edit_at": ""}}, {"type": "Feature", "geometry": {"type": "Point", "coordinates": [-71.054700068, 48.4431434009]}, "properties": {"id": "saguenay-71499", "species_group": "crabapple", "scientific_name": "Malus sp.", "common_name": "Pommier", "subtype_name": "Pommier", "zip_code": null, "ownership": "public", "ownership_raw": "Ville de Saguenay", "city": "Saguenay", "source_dataset": "Inventaire des arbres répertoriés", "source_department": "Ville de Saguenay", "source_last_edit_at": ""}}, {"type": "Feature", "geometry": {"type": "Point", "coordinates": [-71.0548634396, 48.4429370285]}, "properties": {"id": "saguenay-71500", "species_group": "crabapple", "scientific_name": "Malus sp.", "common_name": "Pommier", "subtype_name": "Pommier", "zip_code": null, "ownership": "public", "ownership_raw": "Ville de Saguenay", "city": "Saguenay", "source_dataset": "Inventaire des arbres répertoriés", "source_department": "Ville de Saguenay", "source_last_edit_at": ""}}, {"type": "Feature", "geometry": {"type": "Point", "coordinates": [-71.0519417341, 48.4543829642]}, "properties": {"id": "saguenay-71509", "species_group": "crabapple", "scientific_name": "Malus sp.", "common_name": "Pommier", "subtype_name": "Pommier", "zip_code": null, "ownership": "public", "ownership_raw": "Ville de Saguenay", "city": "Saguenay", "source_dataset": "Inventaire des arbres répertoriés", "source_department": "Ville de Saguenay", "source_last_edit_at": ""}}, {"type": "Feature", "geometry": {"type": "Point", "coordinates": [-71.1080578521, 48.4595604758]}, "properties": {"id": "saguenay-71577", "species_group": "crabapple", "scientific_name": "Malus sp.", "common_name": "Pommier", "subtype_name": "Pommier", "zip_code": null, "ownership": "public", "ownership_raw": "Ville de Saguenay", "city": "Saguenay", "source_dataset": "Inventaire des arbres répertoriés", "source_department": "Ville de Saguenay", "source_last_edit_at": ""}}, {"type": "Feature", "geometry": {"type": "Point", "coordinates": [-71.1080285778, 48.4596290888]}, "properties": {"id": "saguenay-71578", "species_group": "crabapple", "scientific_name": "Malus sp.", "common_name": "Pommier", "subtype_name": "Pommier", "zip_code": null, "ownership": "public", "ownership_raw": "Ville de Saguenay", "city": "Saguenay", "source_dataset": "Inventaire des arbres répertoriés", "source_department": "Ville de Saguenay", "source_last_edit_at": ""}}, {"type": "Feature", "geometry": {"type": "Point", "coordinates": [-71.1081709404, 48.459645191]}, "properties": {"id": "saguenay-71579", "species_group": "crabapple", "scientific_name": "Malus sp.", "common_name": "Pommier", "subtype_name": "Pommier", "zip_code": null, "ownership": "public", "ownership_raw": "Ville de Saguenay", "city": "Saguenay", "source_dataset": "Inventaire des arbres répertoriés", "source_department": "Ville de Saguenay", "source_last_edit_at": ""}}, {"type": "Feature", "geometry": {"type": "Point", "coordinates": [-71.1023072996, 48.4458991838]}, "properties": {"id": "saguenay-71598", "species_group": "crabapple", "scientific_name": "Malus sp.", "common_name": "Pommier", "subtype_name": "Pommier", "zip_code": null, "ownership": "public", "ownership_raw": "Ville de Saguenay", "city": "Saguenay", "source_dataset": "Inventaire des arbres répertoriés", "source_department": "Ville de Saguenay", "source_last_edit_at": ""}}, {"type": "Feature", "geometry": {"type": "Point", "coordinates": [-71.1022701656, 48.4458865179]}, "properties": {"id": "saguenay-71599", "species_group": "crabapple", "scientific_name": "Malus sp.", "common_name": "Pommier", "subtype_name": "Pommier", "zip_code": null, "ownership": "public", "ownership_raw": "Ville de Saguenay", "city": "Saguenay", "source_dataset": "Inventaire des arbres répertoriés", "source_department": "Ville de Saguenay", "source_last_edit_at": ""}}, {"type": "Feature", "geometry": {"type": "Point", "coordinates": [-71.1021368998, 48.4459015487]}, "properties": {"id": "saguenay-71600", "species_group": "crabapple", "scientific_name": "Malus sp.", "common_name": "Pommier", "subtype_name": "Pommier", "zip_code": null, "ownership": "public", "ownership_raw": "Ville de Saguenay", "city": "Saguenay", "source_dataset": "Inventaire des arbres répertoriés", "source_department": "Ville de Saguenay", "source_last_edit_at": ""}}, {"type": "Feature", "geometry": {"type": "Point", "coordinates": [-71.1020908015, 48.4458983597]}, "properties": {"id": "saguenay-71602", "species_group": "crabapple", "scientific_name": "Malus sp.", "common_name": "Pommier", "subtype_name": "Pommier", "zip_code": null, "ownership": "public", "ownership_raw": "Ville de Saguenay", "city": "Saguenay", "source_dataset": "Inventaire des arbres répertoriés", "source_department": "Ville de Saguenay", "source_last_edit_at": ""}}, {"type": "Feature", "geometry": {"type": "Point", "coordinates": [-71.1019545076, 48.4455730844]}, "properties": {"id": "saguenay-71608", "species_group": "crabapple", "scientific_name": "Malus sp.", "common_name": "Pommier", "subtype_name": "Pommier", "zip_code": null, "ownership": "public", "ownership_raw": "Ville de Saguenay", "city": "Saguenay", "source_dataset": "Inventaire des arbres répertoriés", "source_department": "Ville de Saguenay", "source_last_edit_at": ""}}, {"type": "Feature", "geometry": {"type": "Point", "coordinates": [-71.0825853931, 48.4397171239]}, "properties": {"id": "saguenay-71619", "species_group": "crabapple", "scientific_name": "Malus sp.", "common_name": "Pommier", "subtype_name": "Pommier", "zip_code": null, "ownership": "public", "ownership_raw": "Ville de Saguenay", "city": "Saguenay", "source_dataset": "Inventaire des arbres répertoriés", "source_department": "Ville de Saguenay", "source_last_edit_at": ""}}, {"type": "Feature", "geometry": {"type": "Point", "coordinates": [-71.0826453728, 48.439675954]}, "properties": {"id": "saguenay-71621", "species_group": "crabapple", "scientific_name": "Malus sp.", "common_name": "Pommier", "subtype_name": "Pommier", "zip_code": null, "ownership": "public", "ownership_raw": "Ville de Saguenay", "city": "Saguenay", "source_dataset": "Inventaire des arbres répertoriés", "source_department": "Ville de Saguenay", "source_last_edit_at": ""}}, {"type": "Feature", "geometry": {"type": "Point", "coordinates": [-71.0328197236, 48.4288659683]}, "properties": {"id": "saguenay-71653", "species_group": "crabapple", "scientific_name": "Malus sp.", "common_name": "Pommier", "subtype_name": "Pommier", "zip_code": null, "ownership": "public", "ownership_raw": "Ville de Saguenay", "city": "Saguenay", "source_dataset": "Inventaire des arbres répertoriés", "source_department": "Ville de Saguenay", "source_last_edit_at": ""}}, {"type": "Feature", "geometry": {"type": "Point", "coordinates": [-71.0325682102, 48.4287494048]}, "properties": {"id": "saguenay-71654", "species_group": "crabapple", "scientific_name": "Malus sp.", "common_name": "Pommier", "subtype_name": "Pommier", "zip_code": null, "ownership": "public", "ownership_raw": "Ville de Saguenay", "city": "Saguenay", "source_dataset": "Inventaire des arbres répertoriés", "source_department": "Ville de Saguenay", "source_last_edit_at": ""}}, {"type": "Feature", "geometry": {"type": "Point", "coordinates": [-71.0327474442, 48.4288172873]}, "properties": {"id": "saguenay-71655", "species_group": "crabapple", "scientific_name": "Malus sp.", "common_name": "Pommier", "subtype_name": "Pommier", "zip_code": null, "ownership": "public", "ownership_raw": "Ville de Saguenay", "city": "Saguenay", "source_dataset": "Inventaire des arbres répertoriés", "source_department": "Ville de Saguenay", "source_last_edit_at": ""}}, {"type": "Feature", "geometry": {"type": "Point", "coordinates": [-71.0326998695, 48.4287879483]}, "properties": {"id": "saguenay-71656", "species_group": "crabapple", "scientific_name": "Malus sp.", "common_name": "Pommier", "subtype_name": "Pommier", "zip_code": null, "ownership": "public", "ownership_raw": "Ville de Saguenay", "city": "Saguenay", "source_dataset": "Inventaire des arbres répertoriés", "source_department": "Ville de Saguenay", "source_last_edit_at": ""}}, {"type": "Feature", "geometry": {"type": "Point", "coordinates": [-71.0326204164, 48.4287618337]}, "properties": {"id": "saguenay-71657", "species_group": "crabapple", "scientific_name": "Malus sp.", "common_name": "Pommier", "subtype_name": "Pommier", "zip_code": null, "ownership": "public", "ownership_raw": "Ville de Saguenay", "city": "Saguenay", "source_dataset": "Inventaire des arbres répertoriés", "source_department": "Ville de Saguenay", "source_last_edit_at": ""}}, {"type": "Feature", "geometry": {"type": "Point", "coordinates": [-71.0328035953, 48.429282044]}, "properties": {"id": "saguenay-71662", "species_group": "crabapple", "scientific_name": "Malus sp.", "common_name": "Pommier", "subtype_name": "Pommier", "zip_code": null, "ownership": "public", "ownership_raw": "Ville de Saguenay", "city": "Saguenay", "source_dataset": "Inventaire des arbres répertoriés", "source_department": "Ville de Saguenay", "source_last_edit_at": ""}}, {"type": "Feature", "geometry": {"type": "Point", "coordinates": [-71.0417541687, 48.4282363119]}, "properties": {"id": "saguenay-71664", "species_group": "crabapple", "scientific_name": "Malus sp.", "common_name": "Pommier", "subtype_name": "Pommier", "zip_code": null, "ownership": "public", "ownership_raw": "Ville de Saguenay", "city": "Saguenay", "source_dataset": "Inventaire des arbres répertoriés", "source_department": "Ville de Saguenay", "source_last_edit_at": ""}}, {"type": "Feature", "geometry": {"type": "Point", "coordinates": [-71.1367605448, 48.4359072472]}, "properties": {"id": "saguenay-71695", "species_group": "crabapple", "scientific_name": "Malus sp.", "common_name": "Pommier", "subtype_name": "Pommier", "zip_code": null, "ownership": "public", "ownership_raw": "Ville de Saguenay", "city": "Saguenay", "source_dataset": "Inventaire des arbres répertoriés", "source_department": "Ville de Saguenay", "source_last_edit_at": ""}}, {"type": "Feature", "geometry": {"type": "Point", "coordinates": [-71.1368975459, 48.4359487135]}, "properties": {"id": "saguenay-71696", "species_group": "crabapple", "scientific_name": "Malus sp.", "common_name": "Pommier", "subtype_name": "Pommier", "zip_code": null, "ownership": "public", "ownership_raw": "Ville de Saguenay", "city": "Saguenay", "source_dataset": "Inventaire des arbres répertoriés", "source_department": "Ville de Saguenay", "source_last_edit_at": ""}}, {"type": "Feature", "geometry": {"type": "Point", "coordinates": [-71.1369729163, 48.4359448112]}, "properties": {"id": "saguenay-71697", "species_group": "crabapple", "scientific_name": "Malus sp.", "common_name": "Pommier", "subtype_name": "Pommier", "zip_code": null, "ownership": "public", "ownership_raw": "Ville de Saguenay", "city": "Saguenay", "source_dataset": "Inventaire des arbres répertoriés", "source_department": "Ville de Saguenay", "source_last_edit_at": ""}}, {"type": "Feature", "geometry": {"type": "Point", "coordinates": [-71.1370551858, 48.435978903]}, "properties": {"id": "saguenay-71698", "species_group": "crabapple", "scientific_name": "Malus sp.", "common_name": "Pommier", "subtype_name": "Pommier", "zip_code": null, "ownership": "public", "ownership_raw": "Ville de Saguenay", "city": "Saguenay", "source_dataset": "Inventaire des arbres répertoriés", "source_department": "Ville de Saguenay", "source_last_edit_at": ""}}, {"type": "Feature", "geometry": {"type": "Point", "coordinates": [-71.1369861857, 48.4360095295]}, "properties": {"id": "saguenay-71699", "species_group": "crabapple", "scientific_name": "Malus sp.", "common_name": "Pommier", "subtype_name": "Pommier", "zip_code": null, "ownership": "public", "ownership_raw": "Ville de Saguenay", "city": "Saguenay", "source_dataset": "Inventaire des arbres répertoriés", "source_department": "Ville de Saguenay", "source_last_edit_at": ""}}, {"type": "Feature", "geometry": {"type": "Point", "coordinates": [-71.1369208429, 48.4360380987]}, "properties": {"id": "saguenay-71700", "species_group": "crabapple", "scientific_name": "Malus baccata", "common_name": "Pommier De Siberie", "subtype_name": "Pommier De Siberie", "zip_code": null, "ownership": "public", "ownership_raw": "Ville de Saguenay", "city": "Saguenay", "source_dataset": "Inventaire des arbres répertoriés", "source_department": "Ville de Saguenay", "source_last_edit_at": ""}}, {"type": "Feature", "geometry": {"type": "Point", "coordinates": [-71.1368504, 48.4360684678]}, "properties": {"id": "saguenay-71701", "species_group": "crabapple", "scientific_name": "Malus baccata", "common_name": "Pommier De Siberie", "subtype_name": "Pommier De Siberie", "zip_code": null, "ownership": "public", "ownership_raw": "Ville de Saguenay", "city": "Saguenay", "source_dataset": "Inventaire des arbres répertoriés", "source_department": "Ville de Saguenay", "source_last_edit_at": ""}}, {"type": "Feature", "geometry": {"type": "Point", "coordinates": [-71.1367874947, 48.4360873586]}, "properties": {"id": "saguenay-71702", "species_group": "crabapple", "scientific_name": "Malus sp.", "common_name": "Pommier", "subtype_name": "Pommier", "zip_code": null, "ownership": "public", "ownership_raw": "Ville de Saguenay", "city": "Saguenay", "source_dataset": "Inventaire des arbres répertoriés", "source_department": "Ville de Saguenay", "source_last_edit_at": ""}}, {"type": "Feature", "geometry": {"type": "Point", "coordinates": [-71.1367097523, 48.4361170197]}, "properties": {"id": "saguenay-71703", "species_group": "crabapple", "scientific_name": "Malus sp.", "common_name": "Pommier", "subtype_name": "Pommier", "zip_code": null, "ownership": "public", "ownership_raw": "Ville de Saguenay", "city": "Saguenay", "source_dataset": "Inventaire des arbres répertoriés", "source_department": "Ville de Saguenay", "source_last_edit_at": ""}}, {"type": "Feature", "geometry": {"type": "Point", "coordinates": [-71.1366403141, 48.4361437677]}, "properties": {"id": "saguenay-71704", "species_group": "crabapple", "scientific_name": "Malus sp.", "common_name": "Pommier", "subtype_name": "Pommier", "zip_code": null, "ownership": "public", "ownership_raw": "Ville de Saguenay", "city": "Saguenay", "source_dataset": "Inventaire des arbres répertoriés", "source_department": "Ville de Saguenay", "source_last_edit_at": ""}}, {"type": "Feature", "geometry": {"type": "Point", "coordinates": [-71.1365593931, 48.4361765078]}, "properties": {"id": "saguenay-71705", "species_group": "crabapple", "scientific_name": "Malus sp.", "common_name": "Pommier", "subtype_name": "Pommier", "zip_code": null, "ownership": "public", "ownership_raw": "Ville de Saguenay", "city": "Saguenay", "source_dataset": "Inventaire des arbres répertoriés", "source_department": "Ville de Saguenay", "source_last_edit_at": ""}}, {"type": "Feature", "geometry": {"type": "Point", "coordinates": [-71.1364831649, 48.4361988655]}, "properties": {"id": "saguenay-71706", "species_group": "crabapple", "scientific_name": "Malus baccata", "common_name": "Pommier De Siberie", "subtype_name": "Pommier De Siberie", "zip_code": null, "ownership": "public", "ownership_raw": "Ville de Saguenay", "city": "Saguenay", "source_dataset": "Inventaire des arbres répertoriés", "source_department": "Ville de Saguenay", "source_last_edit_at": ""}}, {"type": "Feature", "geometry": {"type": "Point", "coordinates": [-71.1364130102, 48.4362063578]}, "properties": {"id": "saguenay-71707", "species_group": "crabapple", "scientific_name": "Malus baccata", "common_name": "Pommier De Siberie", "subtype_name": "Pommier De Siberie", "zip_code": null, "ownership": "public", "ownership_raw": "Ville de Saguenay", "city": "Saguenay", "source_dataset": "Inventaire des arbres répertoriés", "source_department": "Ville de Saguenay", "source_last_edit_at": ""}}, {"type": "Feature", "geometry": {"type": "Point", "coordinates": [-71.1363384495, 48.4362117068]}, "properties": {"id": "saguenay-71708", "species_group": "crabapple", "scientific_name": "Malus sp.", "common_name": "Pommier", "subtype_name": "Pommier", "zip_code": null, "ownership": "public", "ownership_raw": "Ville de Saguenay", "city": "Saguenay", "source_dataset": "Inventaire des arbres répertoriés", "source_department": "Ville de Saguenay", "source_last_edit_at": ""}}, {"type": "Feature", "geometry": {"type": "Point", "coordinates": [-71.1362745184, 48.4361796491]}, "properties": {"id": "saguenay-71709", "species_group": "crabapple", "scientific_name": "Malus sp.", "common_name": "Pommier", "subtype_name": "Pommier", "zip_code": null, "ownership": "public", "ownership_raw": "Ville de Saguenay", "city": "Saguenay", "source_dataset": "Inventaire des arbres répertoriés", "source_department": "Ville de Saguenay", "source_last_edit_at": ""}}, {"type": "Feature", "geometry": {"type": "Point", "coordinates": [-71.1361852511, 48.436105767]}, "properties": {"id": "saguenay-71710", "species_group": "crabapple", "scientific_name": "Malus sp.", "common_name": "Pommier", "subtype_name": "Pommier", "zip_code": null, "ownership": "public", "ownership_raw": "Ville de Saguenay", "city": "Saguenay", "source_dataset": "Inventaire des arbres répertoriés", "source_department": "Ville de Saguenay", "source_last_edit_at": ""}}, {"type": "Feature", "geometry": {"type": "Point", "coordinates": [-71.1368453936, 48.4360102818]}, "properties": {"id": "saguenay-71718", "species_group": "crabapple", "scientific_name": "Malus sp.", "common_name": "Pommier", "subtype_name": "Pommier", "zip_code": null, "ownership": "public", "ownership_raw": "Ville de Saguenay", "city": "Saguenay", "source_dataset": "Inventaire des arbres répertoriés", "source_department": "Ville de Saguenay", "source_last_edit_at": ""}}, {"type": "Feature", "geometry": {"type": "Point", "coordinates": [-71.1367737954, 48.4360314791]}, "properties": {"id": "saguenay-71719", "species_group": "crabapple", "scientific_name": "Malus sp.", "common_name": "Pommier", "subtype_name": "Pommier", "zip_code": null, "ownership": "public", "ownership_raw": "Ville de Saguenay", "city": "Saguenay", "source_dataset": "Inventaire des arbres répertoriés", "source_department": "Ville de Saguenay", "source_last_edit_at": ""}}, {"type": "Feature", "geometry": {"type": "Point", "coordinates": [-71.1366948782, 48.4360454326]}, "properties": {"id": "saguenay-71721", "species_group": "crabapple", "scientific_name": "Malus sp.", "common_name": "Pommier", "subtype_name": "Pommier", "zip_code": null, "ownership": "public", "ownership_raw": "Ville de Saguenay", "city": "Saguenay", "source_dataset": "Inventaire des arbres répertoriés", "source_department": "Ville de Saguenay", "source_last_edit_at": ""}}, {"type": "Feature", "geometry": {"type": "Point", "coordinates": [-71.1366173311, 48.4360636875]}, "properties": {"id": "saguenay-71723", "species_group": "crabapple", "scientific_name": "Malus sp.", "common_name": "Pommier", "subtype_name": "Pommier", "zip_code": null, "ownership": "public", "ownership_raw": "Ville de Saguenay", "city": "Saguenay", "source_dataset": "Inventaire des arbres répertoriés", "source_department": "Ville de Saguenay", "source_last_edit_at": ""}}, {"type": "Feature", "geometry": {"type": "Point", "coordinates": [-71.0918914212, 48.4244579088]}, "properties": {"id": "saguenay-71803", "species_group": "crabapple", "scientific_name": "Malus sp.", "common_name": "Pommier", "subtype_name": "Pommier", "zip_code": null, "ownership": "public", "ownership_raw": "Ville de Saguenay", "city": "Saguenay", "source_dataset": "Inventaire des arbres répertoriés", "source_department": "Ville de Saguenay", "source_last_edit_at": ""}}, {"type": "Feature", "geometry": {"type": "Point", "coordinates": [-71.0918994791, 48.4244308057]}, "properties": {"id": "saguenay-71809", "species_group": "crabapple", "scientific_name": "Malus sp.", "common_name": "Pommier", "subtype_name": "Pommier", "zip_code": null, "ownership": "public", "ownership_raw": "Ville de Saguenay", "city": "Saguenay", "source_dataset": "Inventaire des arbres répertoriés", "source_department": "Ville de Saguenay", "source_last_edit_at": ""}}, {"type": "Feature", "geometry": {"type": "Point", "coordinates": [-71.0941368217, 48.4250417722]}, "properties": {"id": "saguenay-71820", "species_group": "crabapple", "scientific_name": "Malus sp.", "common_name": "Pommier", "subtype_name": "Pommier", "zip_code": null, "ownership": "public", "ownership_raw": "Ville de Saguenay", "city": "Saguenay", "source_dataset": "Inventaire des arbres répertoriés", "source_department": "Ville de Saguenay", "source_last_edit_at": ""}}, {"type": "Feature", "geometry": {"type": "Point", "coordinates": [-71.0940869624, 48.4250468674]}, "properties": {"id": "saguenay-71821", "species_group": "crabapple", "scientific_name": "Malus sp.", "common_name": "Pommier", "subtype_name": "Pommier", "zip_code": null, "ownership": "public", "ownership_raw": "Ville de Saguenay", "city": "Saguenay", "source_dataset": "Inventaire des arbres répertoriés", "source_department": "Ville de Saguenay", "source_last_edit_at": ""}}, {"type": "Feature", "geometry": {"type": "Point", "coordinates": [-71.0938161815, 48.4250453106]}, "properties": {"id": "saguenay-71824", "species_group": "crabapple", "scientific_name": "Malus sp.", "common_name": "Pommier", "subtype_name": "Pommier", "zip_code": null, "ownership": "public", "ownership_raw": "Ville de Saguenay", "city": "Saguenay", "source_dataset": "Inventaire des arbres répertoriés", "source_department": "Ville de Saguenay", "source_last_edit_at": ""}}, {"type": "Feature", "geometry": {"type": "Point", "coordinates": [-71.0939278183, 48.4250483158]}, "properties": {"id": "saguenay-71827", "species_group": "crabapple", "scientific_name": "Malus sp.", "common_name": "Pommier", "subtype_name": "Pommier", "zip_code": null, "ownership": "public", "ownership_raw": "Ville de Saguenay", "city": "Saguenay", "source_dataset": "Inventaire des arbres répertoriés", "source_department": "Ville de Saguenay", "source_last_edit_at": ""}}, {"type": "Feature", "geometry": {"type": "Point", "coordinates": [-71.0944006768, 48.4249949779]}, "properties": {"id": "saguenay-71830", "species_group": "crabapple", "scientific_name": "Malus sp.", "common_name": "Pommier", "subtype_name": "Pommier", "zip_code": null, "ownership": "public", "ownership_raw": "Ville de Saguenay", "city": "Saguenay", "source_dataset": "Inventaire des arbres répertoriés", "source_department": "Ville de Saguenay", "source_last_edit_at": ""}}, {"type": "Feature", "geometry": {"type": "Point", "coordinates": [-71.0747219528, 48.4256782408]}, "properties": {"id": "saguenay-71855", "species_group": "crabapple", "scientific_name": "Malus sp.", "common_name": "Pommier", "subtype_name": "Pommier", "zip_code": null, "ownership": "public", "ownership_raw": "Ville de Saguenay", "city": "Saguenay", "source_dataset": "Inventaire des arbres répertoriés", "source_department": "Ville de Saguenay", "source_last_edit_at": ""}}, {"type": "Feature", "geometry": {"type": "Point", "coordinates": [-71.0746899206, 48.4256881493]}, "properties": {"id": "saguenay-71857", "species_group": "crabapple", "scientific_name": "Malus sp.", "common_name": "Pommier", "subtype_name": "Pommier", "zip_code": null, "ownership": "public", "ownership_raw": "Ville de Saguenay", "city": "Saguenay", "source_dataset": "Inventaire des arbres répertoriés", "source_department": "Ville de Saguenay", "source_last_edit_at": ""}}, {"type": "Feature", "geometry": {"type": "Point", "coordinates": [-71.0746743174, 48.4258018297]}, "properties": {"id": "saguenay-71864", "species_group": "crabapple", "scientific_name": "Malus sp.", "common_name": "Pommier", "subtype_name": "Pommier", "zip_code": null, "ownership": "public", "ownership_raw": "Ville de Saguenay", "city": "Saguenay", "source_dataset": "Inventaire des arbres répertoriés", "source_department": "Ville de Saguenay", "source_last_edit_at": ""}}, {"type": "Feature", "geometry": {"type": "Point", "coordinates": [-71.07469208, 48.4257436415]}, "properties": {"id": "saguenay-71865", "species_group": "crabapple", "scientific_name": "Malus sp.", "common_name": "Pommier", "subtype_name": "Pommier", "zip_code": null, "ownership": "public", "ownership_raw": "Ville de Saguenay", "city": "Saguenay", "source_dataset": "Inventaire des arbres répertoriés", "source_department": "Ville de Saguenay", "source_last_edit_at": ""}}, {"type": "Feature", "geometry": {"type": "Point", "coordinates": [-71.1657690996, 48.4062947005]}, "properties": {"id": "saguenay-7193", "species_group": "crabapple", "scientific_name": "Malus sp.", "common_name": "Pommier", "subtype_name": "Pommier", "zip_code": null, "ownership": "public", "ownership_raw": "Ville de Saguenay", "city": "Saguenay", "source_dataset": "Inventaire des arbres répertoriés", "source_department": "Ville de Saguenay", "source_last_edit_at": ""}}, {"type": "Feature", "geometry": {"type": "Point", "coordinates": [-71.116139688, 48.4115292643]}, "properties": {"id": "saguenay-71967", "species_group": "crabapple", "scientific_name": "Malus sp.", "common_name": "Pommier", "subtype_name": "Pommier", "zip_code": null, "ownership": "public", "ownership_raw": "Ville de Saguenay", "city": "Saguenay", "source_dataset": "Inventaire des arbres répertoriés", "source_department": "Ville de Saguenay", "source_last_edit_at": ""}}, {"type": "Feature", "geometry": {"type": "Point", "coordinates": [-71.1160955134, 48.4113399562]}, "properties": {"id": "saguenay-71979", "species_group": "crabapple", "scientific_name": "Malus sp.", "common_name": "Pommier", "subtype_name": "Pommier", "zip_code": null, "ownership": "public", "ownership_raw": "Ville de Saguenay", "city": "Saguenay", "source_dataset": "Inventaire des arbres répertoriés", "source_department": "Ville de Saguenay", "source_last_edit_at": ""}}, {"type": "Feature", "geometry": {"type": "Point", "coordinates": [-71.1160958726, 48.4113240629]}, "properties": {"id": "saguenay-71981", "species_group": "crabapple", "scientific_name": "Malus sp.", "common_name": "Pommier", "subtype_name": "Pommier", "zip_code": null, "ownership": "public", "ownership_raw": "Ville de Saguenay", "city": "Saguenay", "source_dataset": "Inventaire des arbres répertoriés", "source_department": "Ville de Saguenay", "source_last_edit_at": ""}}, {"type": "Feature", "geometry": {"type": "Point", "coordinates": [-71.1326749968, 48.3991411327]}, "properties": {"id": "saguenay-71983", "species_group": "crabapple", "scientific_name": "Malus sp.", "common_name": "Pommier", "subtype_name": "Pommier", "zip_code": null, "ownership": "public", "ownership_raw": "Ville de Saguenay", "city": "Saguenay", "source_dataset": "Inventaire des arbres répertoriés", "source_department": "Ville de Saguenay", "source_last_edit_at": ""}}, {"type": "Feature", "geometry": {"type": "Point", "coordinates": [-71.1329864078, 48.3992264406]}, "properties": {"id": "saguenay-71984", "species_group": "crabapple", "scientific_name": "Malus sp.", "common_name": "Pommier", "subtype_name": "Pommier", "zip_code": null, "ownership": "public", "ownership_raw": "Ville de Saguenay", "city": "Saguenay", "source_dataset": "Inventaire des arbres répertoriés", "source_department": "Ville de Saguenay", "source_last_edit_at": ""}}, {"type": "Feature", "geometry": {"type": "Point", "coordinates": [-71.1329877575, 48.3991368762]}, "properties": {"id": "saguenay-71985", "species_group": "crabapple", "scientific_name": "Malus sp.", "common_name": "Pommier", "subtype_name": "Pommier", "zip_code": null, "ownership": "public", "ownership_raw": "Ville de Saguenay", "city": "Saguenay", "source_dataset": "Inventaire des arbres répertoriés", "source_department": "Ville de Saguenay", "source_last_edit_at": ""}}, {"type": "Feature", "geometry": {"type": "Point", "coordinates": [-71.0926198999, 48.4104977729]}, "properties": {"id": "saguenay-71994", "species_group": "crabapple", "scientific_name": "Malus sp.", "common_name": "Pommier", "subtype_name": "Pommier", "zip_code": null, "ownership": "public", "ownership_raw": "Ville de Saguenay", "city": "Saguenay", "source_dataset": "Inventaire des arbres répertoriés", "source_department": "Ville de Saguenay", "source_last_edit_at": ""}}, {"type": "Feature", "geometry": {"type": "Point", "coordinates": [-71.0925201065, 48.4106431597]}, "properties": {"id": "saguenay-71997", "species_group": "crabapple", "scientific_name": "Malus sp.", "common_name": "Pommier", "subtype_name": "Pommier", "zip_code": null, "ownership": "public", "ownership_raw": "Ville de Saguenay", "city": "Saguenay", "source_dataset": "Inventaire des arbres répertoriés", "source_department": "Ville de Saguenay", "source_last_edit_at": ""}}, {"type": "Feature", "geometry": {"type": "Point", "coordinates": [-71.0876754619, 48.401958426]}, "properties": {"id": "saguenay-72034", "species_group": "crabapple", "scientific_name": "Malus sp.", "common_name": "Pommier", "subtype_name": "Pommier", "zip_code": null, "ownership": "public", "ownership_raw": "Ville de Saguenay", "city": "Saguenay", "source_dataset": "Inventaire des arbres répertoriés", "source_department": "Ville de Saguenay", "source_last_edit_at": ""}}, {"type": "Feature", "geometry": {"type": "Point", "coordinates": [-71.0876529018, 48.4020094863]}, "properties": {"id": "saguenay-72036", "species_group": "crabapple", "scientific_name": "Malus sp.", "common_name": "Pommier", "subtype_name": "Pommier", "zip_code": null, "ownership": "public", "ownership_raw": "Ville de Saguenay", "city": "Saguenay", "source_dataset": "Inventaire des arbres répertoriés", "source_department": "Ville de Saguenay", "source_last_edit_at": ""}}, {"type": "Feature", "geometry": {"type": "Point", "coordinates": [-71.0875015228, 48.4022275469]}, "properties": {"id": "saguenay-72037", "species_group": "crabapple", "scientific_name": "Malus sp.", "common_name": "Pommier", "subtype_name": "Pommier", "zip_code": null, "ownership": "public", "ownership_raw": "Ville de Saguenay", "city": "Saguenay", "source_dataset": "Inventaire des arbres répertoriés", "source_department": "Ville de Saguenay", "source_last_edit_at": ""}}, {"type": "Feature", "geometry": {"type": "Point", "coordinates": [-71.0874513522, 48.4022674212]}, "properties": {"id": "saguenay-72039", "species_group": "crabapple", "scientific_name": "Malus sp.", "common_name": "Pommier", "subtype_name": "Pommier", "zip_code": null, "ownership": "public", "ownership_raw": "Ville de Saguenay", "city": "Saguenay", "source_dataset": "Inventaire des arbres répertoriés", "source_department": "Ville de Saguenay", "source_last_edit_at": ""}}, {"type": "Feature", "geometry": {"type": "Point", "coordinates": [-71.0875837064, 48.4020977345]}, "properties": {"id": "saguenay-72040", "species_group": "crabapple", "scientific_name": "Malus sp.", "common_name": "Pommier", "subtype_name": "Pommier", "zip_code": null, "ownership": "public", "ownership_raw": "Ville de Saguenay", "city": "Saguenay", "source_dataset": "Inventaire des arbres répertoriés", "source_department": "Ville de Saguenay", "source_last_edit_at": ""}}, {"type": "Feature", "geometry": {"type": "Point", "coordinates": [-71.0873382948, 48.4024413246]}, "properties": {"id": "saguenay-72041", "species_group": "crabapple", "scientific_name": "Malus sp.", "common_name": "Pommier", "subtype_name": "Pommier", "zip_code": null, "ownership": "public", "ownership_raw": "Ville de Saguenay", "city": "Saguenay", "source_dataset": "Inventaire des arbres répertoriés", "source_department": "Ville de Saguenay", "source_last_edit_at": ""}}, {"type": "Feature", "geometry": {"type": "Point", "coordinates": [-71.0873710854, 48.4024029223]}, "properties": {"id": "saguenay-72044", "species_group": "crabapple", "scientific_name": "Malus sp.", "common_name": "Pommier", "subtype_name": "Pommier", "zip_code": null, "ownership": "public", "ownership_raw": "Ville de Saguenay", "city": "Saguenay", "source_dataset": "Inventaire des arbres répertoriés", "source_department": "Ville de Saguenay", "source_last_edit_at": ""}}, {"type": "Feature", "geometry": {"type": "Point", "coordinates": [-71.0874175076, 48.4023590243]}, "properties": {"id": "saguenay-72047", "species_group": "crabapple", "scientific_name": "Malus sp.", "common_name": "Pommier", "subtype_name": "Pommier", "zip_code": null, "ownership": "public", "ownership_raw": "Ville de Saguenay", "city": "Saguenay", "source_dataset": "Inventaire des arbres répertoriés", "source_department": "Ville de Saguenay", "source_last_edit_at": ""}}, {"type": "Feature", "geometry": {"type": "Point", "coordinates": [-71.0430450014, 48.4244776091]}, "properties": {"id": "saguenay-72080", "species_group": "crabapple", "scientific_name": "Malus sp.", "common_name": "Pommier", "subtype_name": "Pommier", "zip_code": null, "ownership": "public", "ownership_raw": "Ville de Saguenay", "city": "Saguenay", "source_dataset": "Inventaire des arbres répertoriés", "source_department": "Ville de Saguenay", "source_last_edit_at": ""}}, {"type": "Feature", "geometry": {"type": "Point", "coordinates": [-71.035173202, 48.4239503872]}, "properties": {"id": "saguenay-72100", "species_group": "crabapple", "scientific_name": "Malus sp.", "common_name": "Pommier", "subtype_name": "Pommier", "zip_code": null, "ownership": "public", "ownership_raw": "Ville de Saguenay", "city": "Saguenay", "source_dataset": "Inventaire des arbres répertoriés", "source_department": "Ville de Saguenay", "source_last_edit_at": ""}}, {"type": "Feature", "geometry": {"type": "Point", "coordinates": [-71.0373213852, 48.426977137]}, "properties": {"id": "saguenay-72112", "species_group": "crabapple", "scientific_name": "Malus sp.", "common_name": "Pommier", "subtype_name": "Pommier", "zip_code": null, "ownership": "public", "ownership_raw": "Ville de Saguenay", "city": "Saguenay", "source_dataset": "Inventaire des arbres répertoriés", "source_department": "Ville de Saguenay", "source_last_edit_at": ""}}, {"type": "Feature", "geometry": {"type": "Point", "coordinates": [-71.0354680318, 48.4268888728]}, "properties": {"id": "saguenay-72124", "species_group": "crabapple", "scientific_name": "Malus sp.", "common_name": "Pommier", "subtype_name": "Pommier", "zip_code": null, "ownership": "public", "ownership_raw": "Ville de Saguenay", "city": "Saguenay", "source_dataset": "Inventaire des arbres répertoriés", "source_department": "Ville de Saguenay", "source_last_edit_at": ""}}, {"type": "Feature", "geometry": {"type": "Point", "coordinates": [-71.0352078142, 48.4267863472]}, "properties": {"id": "saguenay-72129", "species_group": "crabapple", "scientific_name": "Malus sp.", "common_name": "Pommier", "subtype_name": "Pommier", "zip_code": null, "ownership": "public", "ownership_raw": "Ville de Saguenay", "city": "Saguenay", "source_dataset": "Inventaire des arbres répertoriés", "source_department": "Ville de Saguenay", "source_last_edit_at": ""}}, {"type": "Feature", "geometry": {"type": "Point", "coordinates": [-71.0206405154, 48.4239185696]}, "properties": {"id": "saguenay-72196", "species_group": "crabapple", "scientific_name": "Malus sp.", "common_name": "Pommier", "subtype_name": "Pommier", "zip_code": null, "ownership": "public", "ownership_raw": "Ville de Saguenay", "city": "Saguenay", "source_dataset": "Inventaire des arbres répertoriés", "source_department": "Ville de Saguenay", "source_last_edit_at": ""}}, {"type": "Feature", "geometry": {"type": "Point", "coordinates": [-71.0204950779, 48.4239179352]}, "properties": {"id": "saguenay-72198", "species_group": "crabapple", "scientific_name": "Malus sp.", "common_name": "Pommier", "subtype_name": "Pommier", "zip_code": null, "ownership": "public", "ownership_raw": "Ville de Saguenay", "city": "Saguenay", "source_dataset": "Inventaire des arbres répertoriés", "source_department": "Ville de Saguenay", "source_last_edit_at": ""}}, {"type": "Feature", "geometry": {"type": "Point", "coordinates": [-71.0204646496, 48.4238857408]}, "properties": {"id": "saguenay-72199", "species_group": "crabapple", "scientific_name": "Malus sp.", "common_name": "Pommier", "subtype_name": "Pommier", "zip_code": null, "ownership": "public", "ownership_raw": "Ville de Saguenay", "city": "Saguenay", "source_dataset": "Inventaire des arbres répertoriés", "source_department": "Ville de Saguenay", "source_last_edit_at": ""}}, {"type": "Feature", "geometry": {"type": "Point", "coordinates": [-71.0204584996, 48.4238527575]}, "properties": {"id": "saguenay-72200", "species_group": "crabapple", "scientific_name": "Malus sp.", "common_name": "Pommier", "subtype_name": "Pommier", "zip_code": null, "ownership": "public", "ownership_raw": "Ville de Saguenay", "city": "Saguenay", "source_dataset": "Inventaire des arbres répertoriés", "source_department": "Ville de Saguenay", "source_last_edit_at": ""}}, {"type": "Feature", "geometry": {"type": "Point", "coordinates": [-71.0279614055, 48.4230087823]}, "properties": {"id": "saguenay-72217", "species_group": "crabapple", "scientific_name": "Malus sp.", "common_name": "Pommier", "subtype_name": "Pommier", "zip_code": null, "ownership": "public", "ownership_raw": "Ville de Saguenay", "city": "Saguenay", "source_dataset": "Inventaire des arbres répertoriés", "source_department": "Ville de Saguenay", "source_last_edit_at": ""}}, {"type": "Feature", "geometry": {"type": "Point", "coordinates": [-71.0279612086, 48.4229545483]}, "properties": {"id": "saguenay-72218", "species_group": "crabapple", "scientific_name": "Malus sp.", "common_name": "Pommier", "subtype_name": "Pommier", "zip_code": null, "ownership": "public", "ownership_raw": "Ville de Saguenay", "city": "Saguenay", "source_dataset": "Inventaire des arbres répertoriés", "source_department": "Ville de Saguenay", "source_last_edit_at": ""}}, {"type": "Feature", "geometry": {"type": "Point", "coordinates": [-71.0279643049, 48.4229277252]}, "properties": {"id": "saguenay-72219", "species_group": "crabapple", "scientific_name": "Malus sp.", "common_name": "Pommier", "subtype_name": "Pommier", "zip_code": null, "ownership": "public", "ownership_raw": "Ville de Saguenay", "city": "Saguenay", "source_dataset": "Inventaire des arbres répertoriés", "source_department": "Ville de Saguenay", "source_last_edit_at": ""}}, {"type": "Feature", "geometry": {"type": "Point", "coordinates": [-71.0444295166, 48.4158596707]}, "properties": {"id": "saguenay-72251", "species_group": "crabapple", "scientific_name": "Malus sp.", "common_name": "Pommier", "subtype_name": "Pommier", "zip_code": null, "ownership": "public", "ownership_raw": "Ville de Saguenay", "city": "Saguenay", "source_dataset": "Inventaire des arbres répertoriés", "source_department": "Ville de Saguenay", "source_last_edit_at": ""}}, {"type": "Feature", "geometry": {"type": "Point", "coordinates": [-71.0440769647, 48.4156902189]}, "properties": {"id": "saguenay-72254", "species_group": "crabapple", "scientific_name": "Malus sp.", "common_name": "Pommier", "subtype_name": "Pommier", "zip_code": null, "ownership": "public", "ownership_raw": "Ville de Saguenay", "city": "Saguenay", "source_dataset": "Inventaire des arbres répertoriés", "source_department": "Ville de Saguenay", "source_last_edit_at": ""}}, {"type": "Feature", "geometry": {"type": "Point", "coordinates": [-71.0720149049, 48.4088401603]}, "properties": {"id": "saguenay-72294", "species_group": "crabapple", "scientific_name": "Malus sp.", "common_name": "Pommier", "subtype_name": "Pommier", "zip_code": null, "ownership": "public", "ownership_raw": "Ville de Saguenay", "city": "Saguenay", "source_dataset": "Inventaire des arbres répertoriés", "source_department": "Ville de Saguenay", "source_last_edit_at": ""}}, {"type": "Feature", "geometry": {"type": "Point", "coordinates": [-71.0722129581, 48.4088803568]}, "properties": {"id": "saguenay-72307", "species_group": "crabapple", "scientific_name": "Malus sp.", "common_name": "Pommier", "subtype_name": "Pommier", "zip_code": null, "ownership": "public", "ownership_raw": "Ville de Saguenay", "city": "Saguenay", "source_dataset": "Inventaire des arbres répertoriés", "source_department": "Ville de Saguenay", "source_last_edit_at": ""}}, {"type": "Feature", "geometry": {"type": "Point", "coordinates": [-71.0722672339, 48.4088696567]}, "properties": {"id": "saguenay-72308", "species_group": "crabapple", "scientific_name": "Malus sp.", "common_name": "Pommier", "subtype_name": "Pommier", "zip_code": null, "ownership": "public", "ownership_raw": "Ville de Saguenay", "city": "Saguenay", "source_dataset": "Inventaire des arbres répertoriés", "source_department": "Ville de Saguenay", "source_last_edit_at": ""}}, {"type": "Feature", "geometry": {"type": "Point", "coordinates": [-71.072322192, 48.4088889523]}, "properties": {"id": "saguenay-72312", "species_group": "crabapple", "scientific_name": "Malus sp.", "common_name": "Pommier", "subtype_name": "Pommier", "zip_code": null, "ownership": "public", "ownership_raw": "Ville de Saguenay", "city": "Saguenay", "source_dataset": "Inventaire des arbres répertoriés", "source_department": "Ville de Saguenay", "source_last_edit_at": ""}}, {"type": "Feature", "geometry": {"type": "Point", "coordinates": [-71.0723150682, 48.4089384964]}, "properties": {"id": "saguenay-72314", "species_group": "crabapple", "scientific_name": "Malus sp.", "common_name": "Pommier", "subtype_name": "Pommier", "zip_code": null, "ownership": "public", "ownership_raw": "Ville de Saguenay", "city": "Saguenay", "source_dataset": "Inventaire des arbres répertoriés", "source_department": "Ville de Saguenay", "source_last_edit_at": ""}}, {"type": "Feature", "geometry": {"type": "Point", "coordinates": [-71.0722535397, 48.40891357]}, "properties": {"id": "saguenay-72317", "species_group": "crabapple", "scientific_name": "Malus sp.", "common_name": "Pommier", "subtype_name": "Pommier", "zip_code": null, "ownership": "public", "ownership_raw": "Ville de Saguenay", "city": "Saguenay", "source_dataset": "Inventaire des arbres répertoriés", "source_department": "Ville de Saguenay", "source_last_edit_at": ""}}, {"type": "Feature", "geometry": {"type": "Point", "coordinates": [-71.0677433642, 48.4063779984]}, "properties": {"id": "saguenay-72363", "species_group": "crabapple", "scientific_name": "Malus sp.", "common_name": "Pommier", "subtype_name": "Pommier", "zip_code": null, "ownership": "public", "ownership_raw": "Ville de Saguenay", "city": "Saguenay", "source_dataset": "Inventaire des arbres répertoriés", "source_department": "Ville de Saguenay", "source_last_edit_at": ""}}, {"type": "Feature", "geometry": {"type": "Point", "coordinates": [-71.0677216845, 48.406411569]}, "properties": {"id": "saguenay-72364", "species_group": "crabapple", "scientific_name": "Malus sp.", "common_name": "Pommier", "subtype_name": "Pommier", "zip_code": null, "ownership": "public", "ownership_raw": "Ville de Saguenay", "city": "Saguenay", "source_dataset": "Inventaire des arbres répertoriés", "source_department": "Ville de Saguenay", "source_last_edit_at": ""}}, {"type": "Feature", "geometry": {"type": "Point", "coordinates": [-71.0675397621, 48.4066225388]}, "properties": {"id": "saguenay-72365", "species_group": "crabapple", "scientific_name": "Malus sp.", "common_name": "Pommier", "subtype_name": "Pommier", "zip_code": null, "ownership": "public", "ownership_raw": "Ville de Saguenay", "city": "Saguenay", "source_dataset": "Inventaire des arbres répertoriés", "source_department": "Ville de Saguenay", "source_last_edit_at": ""}}, {"type": "Feature", "geometry": {"type": "Point", "coordinates": [-71.0676839987, 48.4064452374]}, "properties": {"id": "saguenay-72366", "species_group": "crabapple", "scientific_name": "Malus sp.", "common_name": "Pommier", "subtype_name": "Pommier", "zip_code": null, "ownership": "public", "ownership_raw": "Ville de Saguenay", "city": "Saguenay", "source_dataset": "Inventaire des arbres répertoriés", "source_department": "Ville de Saguenay", "source_last_edit_at": ""}}, {"type": "Feature", "geometry": {"type": "Point", "coordinates": [-71.0675732404, 48.4066039299]}, "properties": {"id": "saguenay-72368", "species_group": "crabapple", "scientific_name": "Malus sp.", "common_name": "Pommier", "subtype_name": "Pommier", "zip_code": null, "ownership": "public", "ownership_raw": "Ville de Saguenay", "city": "Saguenay", "source_dataset": "Inventaire des arbres répertoriés", "source_department": "Ville de Saguenay", "source_last_edit_at": ""}}, {"type": "Feature", "geometry": {"type": "Point", "coordinates": [-71.0792527737, 48.3954306862]}, "properties": {"id": "saguenay-72380", "species_group": "crabapple", "scientific_name": "Malus sp.", "common_name": "Pommier", "subtype_name": "Pommier", "zip_code": null, "ownership": "public", "ownership_raw": "Ville de Saguenay", "city": "Saguenay", "source_dataset": "Inventaire des arbres répertoriés", "source_department": "Ville de Saguenay", "source_last_edit_at": ""}}, {"type": "Feature", "geometry": {"type": "Point", "coordinates": [-71.079274025, 48.3954056517]}, "properties": {"id": "saguenay-72385", "species_group": "crabapple", "scientific_name": "Malus sp.", "common_name": "Pommier", "subtype_name": "Pommier", "zip_code": null, "ownership": "public", "ownership_raw": "Ville de Saguenay", "city": "Saguenay", "source_dataset": "Inventaire des arbres répertoriés", "source_department": "Ville de Saguenay", "source_last_edit_at": ""}}, {"type": "Feature", "geometry": {"type": "Point", "coordinates": [-71.0792906966, 48.3953846623]}, "properties": {"id": "saguenay-72387", "species_group": "crabapple", "scientific_name": "Malus sp.", "common_name": "Pommier", "subtype_name": "Pommier", "zip_code": null, "ownership": "public", "ownership_raw": "Ville de Saguenay", "city": "Saguenay", "source_dataset": "Inventaire des arbres répertoriés", "source_department": "Ville de Saguenay", "source_last_edit_at": ""}}, {"type": "Feature", "geometry": {"type": "Point", "coordinates": [-71.0792642778, 48.3953778943]}, "properties": {"id": "saguenay-72389", "species_group": "crabapple", "scientific_name": "Malus sp.", "common_name": "Pommier", "subtype_name": "Pommier", "zip_code": null, "ownership": "public", "ownership_raw": "Ville de Saguenay", "city": "Saguenay", "source_dataset": "Inventaire des arbres répertoriés", "source_department": "Ville de Saguenay", "source_last_edit_at": ""}}, {"type": "Feature", "geometry": {"type": "Point", "coordinates": [-71.0792379849, 48.3953605542]}, "properties": {"id": "saguenay-72391", "species_group": "crabapple", "scientific_name": "Malus sp.", "common_name": "Pommier", "subtype_name": "Pommier", "zip_code": null, "ownership": "public", "ownership_raw": "Ville de Saguenay", "city": "Saguenay", "source_dataset": "Inventaire des arbres répertoriés", "source_department": "Ville de Saguenay", "source_last_edit_at": ""}}, {"type": "Feature", "geometry": {"type": "Point", "coordinates": [-71.0787351983, 48.3953721007]}, "properties": {"id": "saguenay-72398", "species_group": "crabapple", "scientific_name": "Malus sp.", "common_name": "Pommier", "subtype_name": "Pommier", "zip_code": null, "ownership": "public", "ownership_raw": "Ville de Saguenay", "city": "Saguenay", "source_dataset": "Inventaire des arbres répertoriés", "source_department": "Ville de Saguenay", "source_last_edit_at": ""}}, {"type": "Feature", "geometry": {"type": "Point", "coordinates": [-71.0787726904, 48.3953265279]}, "properties": {"id": "saguenay-72401", "species_group": "crabapple", "scientific_name": "Malus sp.", "common_name": "Pommier", "subtype_name": "Pommier", "zip_code": null, "ownership": "public", "ownership_raw": "Ville de Saguenay", "city": "Saguenay", "source_dataset": "Inventaire des arbres répertoriés", "source_department": "Ville de Saguenay", "source_last_edit_at": ""}}, {"type": "Feature", "geometry": {"type": "Point", "coordinates": [-71.0789925125, 48.3952641094]}, "properties": {"id": "saguenay-72405", "species_group": "crabapple", "scientific_name": "Malus sp.", "common_name": "Pommier", "subtype_name": "Pommier", "zip_code": null, "ownership": "public", "ownership_raw": "Ville de Saguenay", "city": "Saguenay", "source_dataset": "Inventaire des arbres répertoriés", "source_department": "Ville de Saguenay", "source_last_edit_at": ""}}, {"type": "Feature", "geometry": {"type": "Point", "coordinates": [-71.0788264936, 48.3952513873]}, "properties": {"id": "saguenay-72408", "species_group": "crabapple", "scientific_name": "Malus sp.", "common_name": "Pommier", "subtype_name": "Pommier", "zip_code": null, "ownership": "public", "ownership_raw": "Ville de Saguenay", "city": "Saguenay", "source_dataset": "Inventaire des arbres répertoriés", "source_department": "Ville de Saguenay", "source_last_edit_at": ""}}, {"type": "Feature", "geometry": {"type": "Point", "coordinates": [-71.0764591263, 48.4164473982]}, "properties": {"id": "saguenay-72425", "species_group": "crabapple", "scientific_name": "Malus sp.", "common_name": "Pommier", "subtype_name": "Pommier", "zip_code": null, "ownership": "public", "ownership_raw": "Ville de Saguenay", "city": "Saguenay", "source_dataset": "Inventaire des arbres répertoriés", "source_department": "Ville de Saguenay", "source_last_edit_at": ""}}, {"type": "Feature", "geometry": {"type": "Point", "coordinates": [-71.063469933, 48.4279161326]}, "properties": {"id": "saguenay-72513", "species_group": "crabapple", "scientific_name": "Malus sp.", "common_name": "Pommier", "subtype_name": "Pommier", "zip_code": null, "ownership": "public", "ownership_raw": "Ville de Saguenay", "city": "Saguenay", "source_dataset": "Inventaire des arbres répertoriés", "source_department": "Ville de Saguenay", "source_last_edit_at": ""}}, {"type": "Feature", "geometry": {"type": "Point", "coordinates": [-71.1068313012, 48.3078071413]}, "properties": {"id": "saguenay-72530", "species_group": "crabapple", "scientific_name": "Malus sp.", "common_name": "Pommier", "subtype_name": "Pommier", "zip_code": null, "ownership": "public", "ownership_raw": "Ville de Saguenay", "city": "Saguenay", "source_dataset": "Inventaire des arbres répertoriés", "source_department": "Ville de Saguenay", "source_last_edit_at": ""}}, {"type": "Feature", "geometry": {"type": "Point", "coordinates": [-71.1065889078, 48.3077759478]}, "properties": {"id": "saguenay-72531", "species_group": "crabapple", "scientific_name": "Malus sp.", "common_name": "Pommier", "subtype_name": "Pommier", "zip_code": null, "ownership": "public", "ownership_raw": "Ville de Saguenay", "city": "Saguenay", "source_dataset": "Inventaire des arbres répertoriés", "source_department": "Ville de Saguenay", "source_last_edit_at": ""}}, {"type": "Feature", "geometry": {"type": "Point", "coordinates": [-71.1065141971, 48.3077149889]}, "properties": {"id": "saguenay-72532", "species_group": "crabapple", "scientific_name": "Malus sp.", "common_name": "Pommier", "subtype_name": "Pommier", "zip_code": null, "ownership": "public", "ownership_raw": "Ville de Saguenay", "city": "Saguenay", "source_dataset": "Inventaire des arbres répertoriés", "source_department": "Ville de Saguenay", "source_last_edit_at": ""}}, {"type": "Feature", "geometry": {"type": "Point", "coordinates": [-71.1064919324, 48.3076941303]}, "properties": {"id": "saguenay-72533", "species_group": "crabapple", "scientific_name": "Malus sp.", "common_name": "Pommier", "subtype_name": "Pommier", "zip_code": null, "ownership": "public", "ownership_raw": "Ville de Saguenay", "city": "Saguenay", "source_dataset": "Inventaire des arbres répertoriés", "source_department": "Ville de Saguenay", "source_last_edit_at": ""}}, {"type": "Feature", "geometry": {"type": "Point", "coordinates": [-71.10624041, 48.3076740101]}, "properties": {"id": "saguenay-72534", "species_group": "crabapple", "scientific_name": "Malus sp.", "common_name": "Pommier", "subtype_name": "Pommier", "zip_code": null, "ownership": "public", "ownership_raw": "Ville de Saguenay", "city": "Saguenay", "source_dataset": "Inventaire des arbres répertoriés", "source_department": "Ville de Saguenay", "source_last_edit_at": ""}}, {"type": "Feature", "geometry": {"type": "Point", "coordinates": [-71.1062397537, 48.3077683963]}, "properties": {"id": "saguenay-72535", "species_group": "crabapple", "scientific_name": "Malus sp.", "common_name": "Pommier", "subtype_name": "Pommier", "zip_code": null, "ownership": "public", "ownership_raw": "Ville de Saguenay", "city": "Saguenay", "source_dataset": "Inventaire des arbres répertoriés", "source_department": "Ville de Saguenay", "source_last_edit_at": ""}}, {"type": "Feature", "geometry": {"type": "Point", "coordinates": [-71.1064984482, 48.3076699973]}, "properties": {"id": "saguenay-72538", "species_group": "crabapple", "scientific_name": "Malus sp.", "common_name": "Pommier", "subtype_name": "Pommier", "zip_code": null, "ownership": "public", "ownership_raw": "Ville de Saguenay", "city": "Saguenay", "source_dataset": "Inventaire des arbres répertoriés", "source_department": "Ville de Saguenay", "source_last_edit_at": ""}}, {"type": "Feature", "geometry": {"type": "Point", "coordinates": [-71.1065165947, 48.3076492638]}, "properties": {"id": "saguenay-72539", "species_group": "crabapple", "scientific_name": "Malus sp.", "common_name": "Pommier", "subtype_name": "Pommier", "zip_code": null, "ownership": "public", "ownership_raw": "Ville de Saguenay", "city": "Saguenay", "source_dataset": "Inventaire des arbres répertoriés", "source_department": "Ville de Saguenay", "source_last_edit_at": ""}}, {"type": "Feature", "geometry": {"type": "Point", "coordinates": [-71.1068586883, 48.30769703]}, "properties": {"id": "saguenay-72540", "species_group": "crabapple", "scientific_name": "Malus sp.", "common_name": "Pommier", "subtype_name": "Pommier", "zip_code": null, "ownership": "public", "ownership_raw": "Ville de Saguenay", "city": "Saguenay", "source_dataset": "Inventaire des arbres répertoriés", "source_department": "Ville de Saguenay", "source_last_edit_at": ""}}, {"type": "Feature", "geometry": {"type": "Point", "coordinates": [-71.1068501735, 48.3077506265]}, "properties": {"id": "saguenay-72541", "species_group": "crabapple", "scientific_name": "Malus sp.", "common_name": "Pommier", "subtype_name": "Pommier", "zip_code": null, "ownership": "public", "ownership_raw": "Ville de Saguenay", "city": "Saguenay", "source_dataset": "Inventaire des arbres répertoriés", "source_department": "Ville de Saguenay", "source_last_edit_at": ""}}, {"type": "Feature", "geometry": {"type": "Point", "coordinates": [-71.1059637644, 48.3071452014]}, "properties": {"id": "saguenay-72557", "species_group": "crabapple", "scientific_name": "Malus sp.", "common_name": "Pommier", "subtype_name": "Pommier", "zip_code": null, "ownership": "public", "ownership_raw": "Ville de Saguenay", "city": "Saguenay", "source_dataset": "Inventaire des arbres répertoriés", "source_department": "Ville de Saguenay", "source_last_edit_at": ""}}, {"type": "Feature", "geometry": {"type": "Point", "coordinates": [-71.1058867285, 48.3071413117]}, "properties": {"id": "saguenay-72559", "species_group": "crabapple", "scientific_name": "Malus sp.", "common_name": "Pommier", "subtype_name": "Pommier", "zip_code": null, "ownership": "public", "ownership_raw": "Ville de Saguenay", "city": "Saguenay", "source_dataset": "Inventaire des arbres répertoriés", "source_department": "Ville de Saguenay", "source_last_edit_at": ""}}, {"type": "Feature", "geometry": {"type": "Point", "coordinates": [-71.1058228408, 48.3073627862]}, "properties": {"id": "saguenay-72561", "species_group": "crabapple", "scientific_name": "Malus sp.", "common_name": "Pommier", "subtype_name": "Pommier", "zip_code": null, "ownership": "public", "ownership_raw": "Ville de Saguenay", "city": "Saguenay", "source_dataset": "Inventaire des arbres répertoriés", "source_department": "Ville de Saguenay", "source_last_edit_at": ""}}, {"type": "Feature", "geometry": {"type": "Point", "coordinates": [-71.1058580437, 48.3072261141]}, "properties": {"id": "saguenay-72563", "species_group": "crabapple", "scientific_name": "Malus sp.", "common_name": "Pommier", "subtype_name": "Pommier", "zip_code": null, "ownership": "public", "ownership_raw": "Ville de Saguenay", "city": "Saguenay", "source_dataset": "Inventaire des arbres répertoriés", "source_department": "Ville de Saguenay", "source_last_edit_at": ""}}, {"type": "Feature", "geometry": {"type": "Point", "coordinates": [-71.1058777702, 48.3074860051]}, "properties": {"id": "saguenay-72564", "species_group": "crabapple", "scientific_name": "Malus sp.", "common_name": "Pommier", "subtype_name": "Pommier", "zip_code": null, "ownership": "public", "ownership_raw": "Ville de Saguenay", "city": "Saguenay", "source_dataset": "Inventaire des arbres répertoriés", "source_department": "Ville de Saguenay", "source_last_edit_at": ""}}, {"type": "Feature", "geometry": {"type": "Point", "coordinates": [-71.1059795662, 48.307506854]}, "properties": {"id": "saguenay-72565", "species_group": "crabapple", "scientific_name": "Malus sp.", "common_name": "Pommier", "subtype_name": "Pommier", "zip_code": null, "ownership": "public", "ownership_raw": "Ville de Saguenay", "city": "Saguenay", "source_dataset": "Inventaire des arbres répertoriés", "source_department": "Ville de Saguenay", "source_last_edit_at": ""}}, {"type": "Feature", "geometry": {"type": "Point", "coordinates": [-71.1059912895, 48.3075331097]}, "properties": {"id": "saguenay-72567", "species_group": "crabapple", "scientific_name": "Malus sp.", "common_name": "Pommier", "subtype_name": "Pommier", "zip_code": null, "ownership": "public", "ownership_raw": "Ville de Saguenay", "city": "Saguenay", "source_dataset": "Inventaire des arbres répertoriés", "source_department": "Ville de Saguenay", "source_last_edit_at": ""}}, {"type": "Feature", "geometry": {"type": "Point", "coordinates": [-71.1060467815, 48.3076376341]}, "properties": {"id": "saguenay-72569", "species_group": "crabapple", "scientific_name": "Malus sp.", "common_name": "Pommier", "subtype_name": "Pommier", "zip_code": null, "ownership": "public", "ownership_raw": "Ville de Saguenay", "city": "Saguenay", "source_dataset": "Inventaire des arbres répertoriés", "source_department": "Ville de Saguenay", "source_last_edit_at": ""}}, {"type": "Feature", "geometry": {"type": "Point", "coordinates": [-71.1061640717, 48.3076703489]}, "properties": {"id": "saguenay-72572", "species_group": "crabapple", "scientific_name": "Malus sp.", "common_name": "Pommier", "subtype_name": "Pommier", "zip_code": null, "ownership": "public", "ownership_raw": "Ville de Saguenay", "city": "Saguenay", "source_dataset": "Inventaire des arbres répertoriés", "source_department": "Ville de Saguenay", "source_last_edit_at": ""}}, {"type": "Feature", "geometry": {"type": "Point", "coordinates": [-71.1060497476, 48.3078474976]}, "properties": {"id": "saguenay-72583", "species_group": "crabapple", "scientific_name": "Malus sp.", "common_name": "Pommier", "subtype_name": "Pommier", "zip_code": null, "ownership": "public", "ownership_raw": "Ville de Saguenay", "city": "Saguenay", "source_dataset": "Inventaire des arbres répertoriés", "source_department": "Ville de Saguenay", "source_last_edit_at": ""}}, {"type": "Feature", "geometry": {"type": "Point", "coordinates": [-71.1055871171, 48.3079886571]}, "properties": {"id": "saguenay-72584", "species_group": "crabapple", "scientific_name": "Malus sp.", "common_name": "Pommier", "subtype_name": "Pommier", "zip_code": null, "ownership": "public", "ownership_raw": "Ville de Saguenay", "city": "Saguenay", "source_dataset": "Inventaire des arbres répertoriés", "source_department": "Ville de Saguenay", "source_last_edit_at": ""}}, {"type": "Feature", "geometry": {"type": "Point", "coordinates": [-71.1060108811, 48.3078708162]}, "properties": {"id": "saguenay-72585", "species_group": "crabapple", "scientific_name": "Malus sp.", "common_name": "Pommier", "subtype_name": "Pommier", "zip_code": null, "ownership": "public", "ownership_raw": "Ville de Saguenay", "city": "Saguenay", "source_dataset": "Inventaire des arbres répertoriés", "source_department": "Ville de Saguenay", "source_last_edit_at": ""}}, {"type": "Feature", "geometry": {"type": "Point", "coordinates": [-71.1056619631, 48.3080213485]}, "properties": {"id": "saguenay-72586", "species_group": "crabapple", "scientific_name": "Malus sp.", "common_name": "Pommier", "subtype_name": "Pommier", "zip_code": null, "ownership": "public", "ownership_raw": "Ville de Saguenay", "city": "Saguenay", "source_dataset": "Inventaire des arbres répertoriés", "source_department": "Ville de Saguenay", "source_last_edit_at": ""}}, {"type": "Feature", "geometry": {"type": "Point", "coordinates": [-71.1057335401, 48.3080468969]}, "properties": {"id": "saguenay-72588", "species_group": "crabapple", "scientific_name": "Malus sp.", "common_name": "Pommier", "subtype_name": "Pommier", "zip_code": null, "ownership": "public", "ownership_raw": "Ville de Saguenay", "city": "Saguenay", "source_dataset": "Inventaire des arbres répertoriés", "source_department": "Ville de Saguenay", "source_last_edit_at": ""}}, {"type": "Feature", "geometry": {"type": "Point", "coordinates": [-71.105864616, 48.3078952637]}, "properties": {"id": "saguenay-72591", "species_group": "crabapple", "scientific_name": "Malus sp.", "common_name": "Pommier", "subtype_name": "Pommier", "zip_code": null, "ownership": "public", "ownership_raw": "Ville de Saguenay", "city": "Saguenay", "source_dataset": "Inventaire des arbres répertoriés", "source_department": "Ville de Saguenay", "source_last_edit_at": ""}}, {"type": "Feature", "geometry": {"type": "Point", "coordinates": [-71.130122163, 48.3196232979]}, "properties": {"id": "saguenay-72596", "species_group": "crabapple", "scientific_name": "Malus sp.", "common_name": "Pommier", "subtype_name": "Pommier", "zip_code": null, "ownership": "public", "ownership_raw": "Ville de Saguenay", "city": "Saguenay", "source_dataset": "Inventaire des arbres répertoriés", "source_department": "Ville de Saguenay", "source_last_edit_at": ""}}, {"type": "Feature", "geometry": {"type": "Point", "coordinates": [-71.1301921311, 48.3196576774]}, "properties": {"id": "saguenay-72597", "species_group": "crabapple", "scientific_name": "Malus sp.", "common_name": "Pommier", "subtype_name": "Pommier", "zip_code": null, "ownership": "public", "ownership_raw": "Ville de Saguenay", "city": "Saguenay", "source_dataset": "Inventaire des arbres répertoriés", "source_department": "Ville de Saguenay", "source_last_edit_at": ""}}, {"type": "Feature", "geometry": {"type": "Point", "coordinates": [-71.1302666636, 48.3196872057]}, "properties": {"id": "saguenay-72598", "species_group": "crabapple", "scientific_name": "Malus sp.", "common_name": "Pommier", "subtype_name": "Pommier", "zip_code": null, "ownership": "public", "ownership_raw": "Ville de Saguenay", "city": "Saguenay", "source_dataset": "Inventaire des arbres répertoriés", "source_department": "Ville de Saguenay", "source_last_edit_at": ""}}, {"type": "Feature", "geometry": {"type": "Point", "coordinates": [-71.1303411038, 48.3197162497]}, "properties": {"id": "saguenay-72599", "species_group": "crabapple", "scientific_name": "Malus sp.", "common_name": "Pommier", "subtype_name": "Pommier", "zip_code": null, "ownership": "public", "ownership_raw": "Ville de Saguenay", "city": "Saguenay", "source_dataset": "Inventaire des arbres répertoriés", "source_department": "Ville de Saguenay", "source_last_edit_at": ""}}, {"type": "Feature", "geometry": {"type": "Point", "coordinates": [-71.1304070546, 48.319704088]}, "properties": {"id": "saguenay-72600", "species_group": "crabapple", "scientific_name": "Malus sp.", "common_name": "Pommier", "subtype_name": "Pommier", "zip_code": null, "ownership": "public", "ownership_raw": "Ville de Saguenay", "city": "Saguenay", "source_dataset": "Inventaire des arbres répertoriés", "source_department": "Ville de Saguenay", "source_last_edit_at": ""}}, {"type": "Feature", "geometry": {"type": "Point", "coordinates": [-71.1305412797, 48.3195611672]}, "properties": {"id": "saguenay-72601", "species_group": "crabapple", "scientific_name": "Malus sp.", "common_name": "Pommier", "subtype_name": "Pommier", "zip_code": null, "ownership": "public", "ownership_raw": "Ville de Saguenay", "city": "Saguenay", "source_dataset": "Inventaire des arbres répertoriés", "source_department": "Ville de Saguenay", "source_last_edit_at": ""}}, {"type": "Feature", "geometry": {"type": "Point", "coordinates": [-71.1304996137, 48.3196082744]}, "properties": {"id": "saguenay-72602", "species_group": "crabapple", "scientific_name": "Malus sp.", "common_name": "Pommier", "subtype_name": "Pommier", "zip_code": null, "ownership": "public", "ownership_raw": "Ville de Saguenay", "city": "Saguenay", "source_dataset": "Inventaire des arbres répertoriés", "source_department": "Ville de Saguenay", "source_last_edit_at": ""}}, {"type": "Feature", "geometry": {"type": "Point", "coordinates": [-71.1304498707, 48.319656524]}, "properties": {"id": "saguenay-72603", "species_group": "crabapple", "scientific_name": "Malus sp.", "common_name": "Pommier", "subtype_name": "Pommier", "zip_code": null, "ownership": "public", "ownership_raw": "Ville de Saguenay", "city": "Saguenay", "source_dataset": "Inventaire des arbres répertoriés", "source_department": "Ville de Saguenay", "source_last_edit_at": ""}}, {"type": "Feature", "geometry": {"type": "Point", "coordinates": [-71.1823252102, 48.428092469]}, "properties": {"id": "saguenay-72671", "species_group": "crabapple", "scientific_name": "Malus sp.", "common_name": "Pommier", "subtype_name": "Pommier", "zip_code": null, "ownership": "public", "ownership_raw": "Ville de Saguenay", "city": "Saguenay", "source_dataset": "Inventaire des arbres répertoriés", "source_department": "Ville de Saguenay", "source_last_edit_at": ""}}, {"type": "Feature", "geometry": {"type": "Point", "coordinates": [-71.1842803866, 48.4263818461]}, "properties": {"id": "saguenay-72675", "species_group": "crabapple", "scientific_name": "Malus sp.", "common_name": "Pommier", "subtype_name": "Pommier", "zip_code": null, "ownership": "public", "ownership_raw": "Ville de Saguenay", "city": "Saguenay", "source_dataset": "Inventaire des arbres répertoriés", "source_department": "Ville de Saguenay", "source_last_edit_at": ""}}, {"type": "Feature", "geometry": {"type": "Point", "coordinates": [-71.1845330346, 48.4263536118]}, "properties": {"id": "saguenay-72681", "species_group": "crabapple", "scientific_name": "Malus sp.", "common_name": "Pommier", "subtype_name": "Pommier", "zip_code": null, "ownership": "public", "ownership_raw": "Ville de Saguenay", "city": "Saguenay", "source_dataset": "Inventaire des arbres répertoriés", "source_department": "Ville de Saguenay", "source_last_edit_at": ""}}, {"type": "Feature", "geometry": {"type": "Point", "coordinates": [-71.1843782888, 48.4266866938]}, "properties": {"id": "saguenay-72684", "species_group": "crabapple", "scientific_name": "Malus sp.", "common_name": "Pommier", "subtype_name": "Pommier", "zip_code": null, "ownership": "public", "ownership_raw": "Ville de Saguenay", "city": "Saguenay", "source_dataset": "Inventaire des arbres répertoriés", "source_department": "Ville de Saguenay", "source_last_edit_at": ""}}, {"type": "Feature", "geometry": {"type": "Point", "coordinates": [-71.1843764571, 48.4268528138]}, "properties": {"id": "saguenay-72701", "species_group": "crabapple", "scientific_name": "Malus sp.", "common_name": "Pommier", "subtype_name": "Pommier", "zip_code": null, "ownership": "public", "ownership_raw": "Ville de Saguenay", "city": "Saguenay", "source_dataset": "Inventaire des arbres répertoriés", "source_department": "Ville de Saguenay", "source_last_edit_at": ""}}, {"type": "Feature", "geometry": {"type": "Point", "coordinates": [-71.1361580062, 48.4352497175]}, "properties": {"id": "saguenay-72751", "species_group": "crabapple", "scientific_name": "Malus sp.", "common_name": "Pommier", "subtype_name": "Pommier", "zip_code": null, "ownership": "public", "ownership_raw": "Ville de Saguenay", "city": "Saguenay", "source_dataset": "Inventaire des arbres répertoriés", "source_department": "Ville de Saguenay", "source_last_edit_at": ""}}, {"type": "Feature", "geometry": {"type": "Point", "coordinates": [-71.1828691677, 48.4366695124]}, "properties": {"id": "saguenay-72818", "species_group": "crabapple", "scientific_name": "Malus sp.", "common_name": "Pommier", "subtype_name": "Pommier", "zip_code": null, "ownership": "public", "ownership_raw": "Ville de Saguenay", "city": "Saguenay", "source_dataset": "Inventaire des arbres répertoriés", "source_department": "Ville de Saguenay", "source_last_edit_at": ""}}, {"type": "Feature", "geometry": {"type": "Point", "coordinates": [-71.0889977332, 48.4222220397]}, "properties": {"id": "saguenay-72834", "species_group": "crabapple", "scientific_name": "Malus sp.", "common_name": "Pommier", "subtype_name": "Pommier", "zip_code": null, "ownership": "public", "ownership_raw": "Ville de Saguenay", "city": "Saguenay", "source_dataset": "Inventaire des arbres répertoriés", "source_department": "Ville de Saguenay", "source_last_edit_at": ""}}, {"type": "Feature", "geometry": {"type": "Point", "coordinates": [-71.1828272852, 48.4366880734]}, "properties": {"id": "saguenay-72841", "species_group": "crabapple", "scientific_name": "Malus sp.", "common_name": "Pommier", "subtype_name": "Pommier", "zip_code": null, "ownership": "public", "ownership_raw": "Ville de Saguenay", "city": "Saguenay", "source_dataset": "Inventaire des arbres répertoriés", "source_department": "Ville de Saguenay", "source_last_edit_at": ""}}, {"type": "Feature", "geometry": {"type": "Point", "coordinates": [-71.0893000052, 48.4223835835]}, "properties": {"id": "saguenay-72848", "species_group": "crabapple", "scientific_name": "Malus sp.", "common_name": "Pommier", "subtype_name": "Pommier", "zip_code": null, "ownership": "public", "ownership_raw": "Ville de Saguenay", "city": "Saguenay", "source_dataset": "Inventaire des arbres répertoriés", "source_department": "Ville de Saguenay", "source_last_edit_at": ""}}, {"type": "Feature", "geometry": {"type": "Point", "coordinates": [-71.0893185218, 48.4224368233]}, "properties": {"id": "saguenay-72850", "species_group": "crabapple", "scientific_name": "Malus sp.", "common_name": "Pommier", "subtype_name": "Pommier", "zip_code": null, "ownership": "public", "ownership_raw": "Ville de Saguenay", "city": "Saguenay", "source_dataset": "Inventaire des arbres répertoriés", "source_department": "Ville de Saguenay", "source_last_edit_at": ""}}, {"type": "Feature", "geometry": {"type": "Point", "coordinates": [-71.1827170567, 48.4367242874]}, "properties": {"id": "saguenay-72853", "species_group": "crabapple", "scientific_name": "Malus sp.", "common_name": "Pommier", "subtype_name": "Pommier", "zip_code": null, "ownership": "public", "ownership_raw": "Ville de Saguenay", "city": "Saguenay", "source_dataset": "Inventaire des arbres répertoriés", "source_department": "Ville de Saguenay", "source_last_edit_at": ""}}, {"type": "Feature", "geometry": {"type": "Point", "coordinates": [-71.2020055408, 48.4270871724]}, "properties": {"id": "saguenay-72984", "species_group": "crabapple", "scientific_name": "Malus sp.", "common_name": "Pommier", "subtype_name": "Pommier", "zip_code": null, "ownership": "public", "ownership_raw": "Ville de Saguenay", "city": "Saguenay", "source_dataset": "Inventaire des arbres répertoriés", "source_department": "Ville de Saguenay", "source_last_edit_at": ""}}, {"type": "Feature", "geometry": {"type": "Point", "coordinates": [-71.1916609999, 48.4342454997]}, "properties": {"id": "saguenay-730", "species_group": "crabapple", "scientific_name": "Malus sp.", "common_name": "Pommier", "subtype_name": "Pommier", "zip_code": null, "ownership": "public", "ownership_raw": "Ville de Saguenay", "city": "Saguenay", "source_dataset": "Inventaire des arbres répertoriés", "source_department": "Ville de Saguenay", "source_last_edit_at": ""}}, {"type": "Feature", "geometry": {"type": "Point", "coordinates": [-71.1522609001, 48.4022118008]}, "properties": {"id": "saguenay-7301", "species_group": "crabapple", "scientific_name": "Malus sp.", "common_name": "Pommier", "subtype_name": "Pommier", "zip_code": null, "ownership": "public", "ownership_raw": "Ville de Saguenay", "city": "Saguenay", "source_dataset": "Inventaire des arbres répertoriés", "source_department": "Ville de Saguenay", "source_last_edit_at": ""}}, {"type": "Feature", "geometry": {"type": "Point", "coordinates": [-71.2020052601, 48.4268263124]}, "properties": {"id": "saguenay-73019", "species_group": "crabapple", "scientific_name": "Malus sp.", "common_name": "Pommier", "subtype_name": "Pommier", "zip_code": null, "ownership": "public", "ownership_raw": "Ville de Saguenay", "city": "Saguenay", "source_dataset": "Inventaire des arbres répertoriés", "source_department": "Ville de Saguenay", "source_last_edit_at": ""}}, {"type": "Feature", "geometry": {"type": "Point", "coordinates": [-71.2020667994, 48.4267888218]}, "properties": {"id": "saguenay-73021", "species_group": "crabapple", "scientific_name": "Malus sp.", "common_name": "Pommier", "subtype_name": "Pommier", "zip_code": null, "ownership": "public", "ownership_raw": "Ville de Saguenay", "city": "Saguenay", "source_dataset": "Inventaire des arbres répertoriés", "source_department": "Ville de Saguenay", "source_last_edit_at": ""}}, {"type": "Feature", "geometry": {"type": "Point", "coordinates": [-71.2018246498, 48.4270108132]}, "properties": {"id": "saguenay-73026", "species_group": "crabapple", "scientific_name": "Malus sp.", "common_name": "Pommier", "subtype_name": "Pommier", "zip_code": null, "ownership": "public", "ownership_raw": "Ville de Saguenay", "city": "Saguenay", "source_dataset": "Inventaire des arbres répertoriés", "source_department": "Ville de Saguenay", "source_last_edit_at": ""}}, {"type": "Feature", "geometry": {"type": "Point", "coordinates": [-71.2018997779, 48.427024881]}, "properties": {"id": "saguenay-73028", "species_group": "crabapple", "scientific_name": "Malus sp.", "common_name": "Pommier", "subtype_name": "Pommier", "zip_code": null, "ownership": "public", "ownership_raw": "Ville de Saguenay", "city": "Saguenay", "source_dataset": "Inventaire des arbres répertoriés", "source_department": "Ville de Saguenay", "source_last_edit_at": ""}}, {"type": "Feature", "geometry": {"type": "Point", "coordinates": [-71.2019787319, 48.4270358207]}, "properties": {"id": "saguenay-73029", "species_group": "crabapple", "scientific_name": "Malus sp.", "common_name": "Pommier", "subtype_name": "Pommier", "zip_code": null, "ownership": "public", "ownership_raw": "Ville de Saguenay", "city": "Saguenay", "source_dataset": "Inventaire des arbres répertoriés", "source_department": "Ville de Saguenay", "source_last_edit_at": ""}}, {"type": "Feature", "geometry": {"type": "Point", "coordinates": [-71.2020329448, 48.4270341696]}, "properties": {"id": "saguenay-73030", "species_group": "crabapple", "scientific_name": "Malus sp.", "common_name": "Pommier", "subtype_name": "Pommier", "zip_code": null, "ownership": "public", "ownership_raw": "Ville de Saguenay", "city": "Saguenay", "source_dataset": "Inventaire des arbres répertoriés", "source_department": "Ville de Saguenay", "source_last_edit_at": ""}}, {"type": "Feature", "geometry": {"type": "Point", "coordinates": [-71.2021063157, 48.4270464313]}, "properties": {"id": "saguenay-73035", "species_group": "crabapple", "scientific_name": "Malus sp.", "common_name": "Pommier", "subtype_name": "Pommier", "zip_code": null, "ownership": "public", "ownership_raw": "Ville de Saguenay", "city": "Saguenay", "source_dataset": "Inventaire des arbres répertoriés", "source_department": "Ville de Saguenay", "source_last_edit_at": ""}}, {"type": "Feature", "geometry": {"type": "Point", "coordinates": [-71.187568293, 48.4158027529]}, "properties": {"id": "saguenay-73083", "species_group": "crabapple", "scientific_name": "Malus sp.", "common_name": "Pommier", "subtype_name": "Pommier", "zip_code": null, "ownership": "public", "ownership_raw": "Ville de Saguenay", "city": "Saguenay", "source_dataset": "Inventaire des arbres répertoriés", "source_department": "Ville de Saguenay", "source_last_edit_at": ""}}, {"type": "Feature", "geometry": {"type": "Point", "coordinates": [-71.1524798998, 48.4027460006]}, "properties": {"id": "saguenay-7309", "species_group": "crabapple", "scientific_name": "Malus sp.", "common_name": "Pommier", "subtype_name": "Pommier", "zip_code": null, "ownership": "public", "ownership_raw": "Ville de Saguenay", "city": "Saguenay", "source_dataset": "Inventaire des arbres répertoriés", "source_department": "Ville de Saguenay", "source_last_edit_at": ""}}, {"type": "Feature", "geometry": {"type": "Point", "coordinates": [-71.2018215537, 48.4172661127]}, "properties": {"id": "saguenay-73111", "species_group": "crabapple", "scientific_name": "Malus sp.", "common_name": "Pommier", "subtype_name": "Pommier", "zip_code": null, "ownership": "public", "ownership_raw": "Ville de Saguenay", "city": "Saguenay", "source_dataset": "Inventaire des arbres répertoriés", "source_department": "Ville de Saguenay", "source_last_edit_at": ""}}, {"type": "Feature", "geometry": {"type": "Point", "coordinates": [-71.2018234911, 48.4171750151]}, "properties": {"id": "saguenay-73112", "species_group": "crabapple", "scientific_name": "Malus sp.", "common_name": "Pommier", "subtype_name": "Pommier", "zip_code": null, "ownership": "public", "ownership_raw": "Ville de Saguenay", "city": "Saguenay", "source_dataset": "Inventaire des arbres répertoriés", "source_department": "Ville de Saguenay", "source_last_edit_at": ""}}, {"type": "Feature", "geometry": {"type": "Point", "coordinates": [-71.2013555447, 48.4138917125]}, "properties": {"id": "saguenay-73117", "species_group": "crabapple", "scientific_name": "Malus sp.", "common_name": "Pommier", "subtype_name": "Pommier", "zip_code": null, "ownership": "public", "ownership_raw": "Ville de Saguenay", "city": "Saguenay", "source_dataset": "Inventaire des arbres répertoriés", "source_department": "Ville de Saguenay", "source_last_edit_at": ""}}, {"type": "Feature", "geometry": {"type": "Point", "coordinates": [-71.2012890707, 48.4136152679]}, "properties": {"id": "saguenay-73118", "species_group": "crabapple", "scientific_name": "Malus sp.", "common_name": "Pommier", "subtype_name": "Pommier", "zip_code": null, "ownership": "public", "ownership_raw": "Ville de Saguenay", "city": "Saguenay", "source_dataset": "Inventaire des arbres répertoriés", "source_department": "Ville de Saguenay", "source_last_edit_at": ""}}, {"type": "Feature", "geometry": {"type": "Point", "coordinates": [-71.2012261315, 48.4135958334]}, "properties": {"id": "saguenay-73119", "species_group": "crabapple", "scientific_name": "Malus sp.", "common_name": "Pommier", "subtype_name": "Pommier", "zip_code": null, "ownership": "public", "ownership_raw": "Ville de Saguenay", "city": "Saguenay", "source_dataset": "Inventaire des arbres répertoriés", "source_department": "Ville de Saguenay", "source_last_edit_at": ""}}, {"type": "Feature", "geometry": {"type": "Point", "coordinates": [-71.201359966, 48.4138739892]}, "properties": {"id": "saguenay-73120", "species_group": "crabapple", "scientific_name": "Malus sp.", "common_name": "Pommier", "subtype_name": "Pommier", "zip_code": null, "ownership": "public", "ownership_raw": "Ville de Saguenay", "city": "Saguenay", "source_dataset": "Inventaire des arbres répertoriés", "source_department": "Ville de Saguenay", "source_last_edit_at": ""}}, {"type": "Feature", "geometry": {"type": "Point", "coordinates": [-71.2011754087, 48.4135785926]}, "properties": {"id": "saguenay-73121", "species_group": "crabapple", "scientific_name": "Malus sp.", "common_name": "Pommier", "subtype_name": "Pommier", "zip_code": null, "ownership": "public", "ownership_raw": "Ville de Saguenay", "city": "Saguenay", "source_dataset": "Inventaire des arbres répertoriés", "source_department": "Ville de Saguenay", "source_last_edit_at": ""}}, {"type": "Feature", "geometry": {"type": "Point", "coordinates": [-71.2013600523, 48.413842643]}, "properties": {"id": "saguenay-73124", "species_group": "crabapple", "scientific_name": "Malus sp.", "common_name": "Pommier", "subtype_name": "Pommier", "zip_code": null, "ownership": "public", "ownership_raw": "Ville de Saguenay", "city": "Saguenay", "source_dataset": "Inventaire des arbres répertoriés", "source_department": "Ville de Saguenay", "source_last_edit_at": ""}}, {"type": "Feature", "geometry": {"type": "Point", "coordinates": [-71.2013481915, 48.413753135]}, "properties": {"id": "saguenay-73127", "species_group": "crabapple", "scientific_name": "Malus sp.", "common_name": "Pommier", "subtype_name": "Pommier", "zip_code": null, "ownership": "public", "ownership_raw": "Ville de Saguenay", "city": "Saguenay", "source_dataset": "Inventaire des arbres répertoriés", "source_department": "Ville de Saguenay", "source_last_edit_at": ""}}, {"type": "Feature", "geometry": {"type": "Point", "coordinates": [-71.2005111286, 48.4053269045]}, "properties": {"id": "saguenay-73131", "species_group": "crabapple", "scientific_name": "Malus sp.", "common_name": "Pommier", "subtype_name": "Pommier", "zip_code": null, "ownership": "public", "ownership_raw": "Ville de Saguenay", "city": "Saguenay", "source_dataset": "Inventaire des arbres répertoriés", "source_department": "Ville de Saguenay", "source_last_edit_at": ""}}, {"type": "Feature", "geometry": {"type": "Point", "coordinates": [-71.2005449617, 48.4053653607]}, "properties": {"id": "saguenay-73133", "species_group": "crabapple", "scientific_name": "Malus sp.", "common_name": "Pommier", "subtype_name": "Pommier", "zip_code": null, "ownership": "public", "ownership_raw": "Ville de Saguenay", "city": "Saguenay", "source_dataset": "Inventaire des arbres répertoriés", "source_department": "Ville de Saguenay", "source_last_edit_at": ""}}, {"type": "Feature", "geometry": {"type": "Point", "coordinates": [-71.2006181401, 48.4053507587]}, "properties": {"id": "saguenay-73135", "species_group": "crabapple", "scientific_name": "Malus sp.", "common_name": "Pommier", "subtype_name": "Pommier", "zip_code": null, "ownership": "public", "ownership_raw": "Ville de Saguenay", "city": "Saguenay", "source_dataset": "Inventaire des arbres répertoriés", "source_department": "Ville de Saguenay", "source_last_edit_at": ""}}, {"type": "Feature", "geometry": {"type": "Point", "coordinates": [-71.2006452235, 48.4053848885]}, "properties": {"id": "saguenay-73136", "species_group": "crabapple", "scientific_name": "Malus sp.", "common_name": "Pommier", "subtype_name": "Pommier", "zip_code": null, "ownership": "public", "ownership_raw": "Ville de Saguenay", "city": "Saguenay", "source_dataset": "Inventaire des arbres répertoriés", "source_department": "Ville de Saguenay", "source_last_edit_at": ""}}, {"type": "Feature", "geometry": {"type": "Point", "coordinates": [-71.2006003354, 48.4053197805]}, "properties": {"id": "saguenay-73138", "species_group": "crabapple", "scientific_name": "Malus sp.", "common_name": "Pommier", "subtype_name": "Pommier", "zip_code": null, "ownership": "public", "ownership_raw": "Ville de Saguenay", "city": "Saguenay", "source_dataset": "Inventaire des arbres répertoriés", "source_department": "Ville de Saguenay", "source_last_edit_at": ""}}, {"type": "Feature", "geometry": {"type": "Point", "coordinates": [-71.1774219703, 48.4086039008]}, "properties": {"id": "saguenay-73139", "species_group": "crabapple", "scientific_name": "Malus sp.", "common_name": "Pommier", "subtype_name": "Pommier", "zip_code": null, "ownership": "public", "ownership_raw": "Ville de Saguenay", "city": "Saguenay", "source_dataset": "Inventaire des arbres répertoriés", "source_department": "Ville de Saguenay", "source_last_edit_at": ""}}, {"type": "Feature", "geometry": {"type": "Point", "coordinates": [-71.1779269937, 48.4081313529]}, "properties": {"id": "saguenay-73140", "species_group": "crabapple", "scientific_name": "Malus sp.", "common_name": "Pommier", "subtype_name": "Pommier", "zip_code": null, "ownership": "public", "ownership_raw": "Ville de Saguenay", "city": "Saguenay", "source_dataset": "Inventaire des arbres répertoriés", "source_department": "Ville de Saguenay", "source_last_edit_at": ""}}, {"type": "Feature", "geometry": {"type": "Point", "coordinates": [-71.1772828179, 48.4085357258]}, "properties": {"id": "saguenay-73142", "species_group": "crabapple", "scientific_name": "Malus sp.", "common_name": "Pommier", "subtype_name": "Pommier", "zip_code": null, "ownership": "public", "ownership_raw": "Ville de Saguenay", "city": "Saguenay", "source_dataset": "Inventaire des arbres répertoriés", "source_department": "Ville de Saguenay", "source_last_edit_at": ""}}, {"type": "Feature", "geometry": {"type": "Point", "coordinates": [-71.1771606532, 48.4084662383]}, "properties": {"id": "saguenay-73143", "species_group": "crabapple", "scientific_name": "Malus sp.", "common_name": "Pommier", "subtype_name": "Pommier", "zip_code": null, "ownership": "public", "ownership_raw": "Ville de Saguenay", "city": "Saguenay", "source_dataset": "Inventaire des arbres répertoriés", "source_department": "Ville de Saguenay", "source_last_edit_at": ""}}, {"type": "Feature", "geometry": {"type": "Point", "coordinates": [-71.1772334337, 48.4085022245]}, "properties": {"id": "saguenay-73144", "species_group": "crabapple", "scientific_name": "Malus sp.", "common_name": "Pommier", "subtype_name": "Pommier", "zip_code": null, "ownership": "public", "ownership_raw": "Ville de Saguenay", "city": "Saguenay", "source_dataset": "Inventaire des arbres répertoriés", "source_department": "Ville de Saguenay", "source_last_edit_at": ""}}, {"type": "Feature", "geometry": {"type": "Point", "coordinates": [-71.1773518511, 48.4085734311]}, "properties": {"id": "saguenay-73145", "species_group": "crabapple", "scientific_name": "Malus sp.", "common_name": "Pommier", "subtype_name": "Pommier", "zip_code": null, "ownership": "public", "ownership_raw": "Ville de Saguenay", "city": "Saguenay", "source_dataset": "Inventaire des arbres répertoriés", "source_department": "Ville de Saguenay", "source_last_edit_at": ""}}, {"type": "Feature", "geometry": {"type": "Point", "coordinates": [-71.1878832998, 48.415381574]}, "properties": {"id": "saguenay-73148", "species_group": "crabapple", "scientific_name": "Malus sp.", "common_name": "Pommier", "subtype_name": "Pommier", "zip_code": null, "ownership": "public", "ownership_raw": "Ville de Saguenay", "city": "Saguenay", "source_dataset": "Inventaire des arbres répertoriés", "source_department": "Ville de Saguenay", "source_last_edit_at": ""}}, {"type": "Feature", "geometry": {"type": "Point", "coordinates": [-71.1879204999, 48.4153973068]}, "properties": {"id": "saguenay-73150", "species_group": "crabapple", "scientific_name": "Malus sp.", "common_name": "Pommier", "subtype_name": "Pommier", "zip_code": null, "ownership": "public", "ownership_raw": "Ville de Saguenay", "city": "Saguenay", "source_dataset": "Inventaire des arbres répertoriés", "source_department": "Ville de Saguenay", "source_last_edit_at": ""}}, {"type": "Feature", "geometry": {"type": "Point", "coordinates": [-71.1879370109, 48.4154043016]}, "properties": {"id": "saguenay-73153", "species_group": "crabapple", "scientific_name": "Malus sp.", "common_name": "Pommier", "subtype_name": "Pommier", "zip_code": null, "ownership": "public", "ownership_raw": "Ville de Saguenay", "city": "Saguenay", "source_dataset": "Inventaire des arbres répertoriés", "source_department": "Ville de Saguenay", "source_last_edit_at": ""}}, {"type": "Feature", "geometry": {"type": "Point", "coordinates": [-71.1879995519, 48.4154335923]}, "properties": {"id": "saguenay-73154", "species_group": "crabapple", "scientific_name": "Malus sp.", "common_name": "Pommier", "subtype_name": "Pommier", "zip_code": null, "ownership": "public", "ownership_raw": "Ville de Saguenay", "city": "Saguenay", "source_dataset": "Inventaire des arbres répertoriés", "source_department": "Ville de Saguenay", "source_last_edit_at": ""}}, {"type": "Feature", "geometry": {"type": "Point", "coordinates": [-71.1880651437, 48.4154388536]}, "properties": {"id": "saguenay-73155", "species_group": "crabapple", "scientific_name": "Malus sp.", "common_name": "Pommier", "subtype_name": "Pommier", "zip_code": null, "ownership": "public", "ownership_raw": "Ville de Saguenay", "city": "Saguenay", "source_dataset": "Inventaire des arbres répertoriés", "source_department": "Ville de Saguenay", "source_last_edit_at": ""}}, {"type": "Feature", "geometry": {"type": "Point", "coordinates": [-71.1624453349, 48.3990164414]}, "properties": {"id": "saguenay-73338", "species_group": "crabapple", "scientific_name": "Malus sp.", "common_name": "Pommier", "subtype_name": "Pommier", "zip_code": null, "ownership": "public", "ownership_raw": "Ville de Saguenay", "city": "Saguenay", "source_dataset": "Inventaire des arbres répertoriés", "source_department": "Ville de Saguenay", "source_last_edit_at": ""}}, {"type": "Feature", "geometry": {"type": "Point", "coordinates": [-71.1568461523, 48.3971486677]}, "properties": {"id": "saguenay-73347", "species_group": "crabapple", "scientific_name": "Malus sp.", "common_name": "Pommier", "subtype_name": "Pommier", "zip_code": null, "ownership": "public", "ownership_raw": "Ville de Saguenay", "city": "Saguenay", "source_dataset": "Inventaire des arbres répertoriés", "source_department": "Ville de Saguenay", "source_last_edit_at": ""}}, {"type": "Feature", "geometry": {"type": "Point", "coordinates": [-71.156939258, 48.3971552872]}, "properties": {"id": "saguenay-73348", "species_group": "crabapple", "scientific_name": "Malus sp.", "common_name": "Pommier", "subtype_name": "Pommier", "zip_code": null, "ownership": "public", "ownership_raw": "Ville de Saguenay", "city": "Saguenay", "source_dataset": "Inventaire des arbres répertoriés", "source_department": "Ville de Saguenay", "source_last_edit_at": ""}}, {"type": "Feature", "geometry": {"type": "Point", "coordinates": [-71.1568863097, 48.397121462]}, "properties": {"id": "saguenay-73349", "species_group": "crabapple", "scientific_name": "Malus sp.", "common_name": "Pommier", "subtype_name": "Pommier", "zip_code": null, "ownership": "public", "ownership_raw": "Ville de Saguenay", "city": "Saguenay", "source_dataset": "Inventaire des arbres répertoriés", "source_department": "Ville de Saguenay", "source_last_edit_at": ""}}, {"type": "Feature", "geometry": {"type": "Point", "coordinates": [-71.1569093899, 48.3971883125]}, "properties": {"id": "saguenay-73350", "species_group": "crabapple", "scientific_name": "Malus sp.", "common_name": "Pommier", "subtype_name": "Pommier", "zip_code": null, "ownership": "public", "ownership_raw": "Ville de Saguenay", "city": "Saguenay", "source_dataset": "Inventaire des arbres répertoriés", "source_department": "Ville de Saguenay", "source_last_edit_at": ""}}, {"type": "Feature", "geometry": {"type": "Point", "coordinates": [-71.1568354048, 48.3970984413]}, "properties": {"id": "saguenay-73351", "species_group": "crabapple", "scientific_name": "Malus sp.", "common_name": "Pommier", "subtype_name": "Pommier", "zip_code": null, "ownership": "public", "ownership_raw": "Ville de Saguenay", "city": "Saguenay", "source_dataset": "Inventaire des arbres répertoriés", "source_department": "Ville de Saguenay", "source_last_edit_at": ""}}, {"type": "Feature", "geometry": {"type": "Point", "coordinates": [-71.1568818106, 48.3972172128]}, "properties": {"id": "saguenay-73352", "species_group": "crabapple", "scientific_name": "Malus sp.", "common_name": "Pommier", "subtype_name": "Pommier", "zip_code": null, "ownership": "public", "ownership_raw": "Ville de Saguenay", "city": "Saguenay", "source_dataset": "Inventaire des arbres répertoriés", "source_department": "Ville de Saguenay", "source_last_edit_at": ""}}, {"type": "Feature", "geometry": {"type": "Point", "coordinates": [-71.1567917286, 48.3970769208]}, "properties": {"id": "saguenay-73353", "species_group": "crabapple", "scientific_name": "Malus sp.", "common_name": "Pommier", "subtype_name": "Pommier", "zip_code": null, "ownership": "public", "ownership_raw": "Ville de Saguenay", "city": "Saguenay", "source_dataset": "Inventaire des arbres répertoriés", "source_department": "Ville de Saguenay", "source_last_edit_at": ""}}, {"type": "Feature", "geometry": {"type": "Point", "coordinates": [-71.1568438628, 48.3972375084]}, "properties": {"id": "saguenay-73354", "species_group": "crabapple", "scientific_name": "Malus sp.", "common_name": "Pommier", "subtype_name": "Pommier", "zip_code": null, "ownership": "public", "ownership_raw": "Ville de Saguenay", "city": "Saguenay", "source_dataset": "Inventaire des arbres répertoriés", "source_department": "Ville de Saguenay", "source_last_edit_at": ""}}, {"type": "Feature", "geometry": {"type": "Point", "coordinates": [-71.1566320041, 48.3973084639]}, "properties": {"id": "saguenay-73358", "species_group": "crabapple", "scientific_name": "Malus sp.", "common_name": "Pommier", "subtype_name": "Pommier", "zip_code": null, "ownership": "public", "ownership_raw": "Ville de Saguenay", "city": "Saguenay", "source_dataset": "Inventaire des arbres répertoriés", "source_department": "Ville de Saguenay", "source_last_edit_at": ""}}, {"type": "Feature", "geometry": {"type": "Point", "coordinates": [-71.1565399404, 48.3972610894]}, "properties": {"id": "saguenay-73362", "species_group": "crabapple", "scientific_name": "Malus sp.", "common_name": "Pommier", "subtype_name": "Pommier", "zip_code": null, "ownership": "public", "ownership_raw": "Ville de Saguenay", "city": "Saguenay", "source_dataset": "Inventaire des arbres répertoriés", "source_department": "Ville de Saguenay", "source_last_edit_at": ""}}, {"type": "Feature", "geometry": {"type": "Point", "coordinates": [-71.1784714861, 48.4146758756]}, "properties": {"id": "saguenay-73442", "species_group": "crabapple", "scientific_name": "Malus sp.", "common_name": "Pommier", "subtype_name": "Pommier", "zip_code": null, "ownership": "public", "ownership_raw": "Ville de Saguenay", "city": "Saguenay", "source_dataset": "Inventaire des arbres répertoriés", "source_department": "Ville de Saguenay", "source_last_edit_at": ""}}, {"type": "Feature", "geometry": {"type": "Point", "coordinates": [-71.1778584448, 48.4147514032]}, "properties": {"id": "saguenay-73449", "species_group": "crabapple", "scientific_name": "Malus sp.", "common_name": "Pommier", "subtype_name": "Pommier", "zip_code": null, "ownership": "public", "ownership_raw": "Ville de Saguenay", "city": "Saguenay", "source_dataset": "Inventaire des arbres répertoriés", "source_department": "Ville de Saguenay", "source_last_edit_at": ""}}, {"type": "Feature", "geometry": {"type": "Point", "coordinates": [-71.2376278846, 48.4196372843]}, "properties": {"id": "saguenay-73676", "species_group": "crabapple", "scientific_name": "Malus sp.", "common_name": "Pommier", "subtype_name": "Pommier", "zip_code": null, "ownership": "public", "ownership_raw": "Ville de Saguenay", "city": "Saguenay", "source_dataset": "Inventaire des arbres répertoriés", "source_department": "Ville de Saguenay", "source_last_edit_at": ""}}, {"type": "Feature", "geometry": {"type": "Point", "coordinates": [-71.2375168268, 48.4200558302]}, "properties": {"id": "saguenay-73683", "species_group": "crabapple", "scientific_name": "Malus sp.", "common_name": "Pommier", "subtype_name": "Pommier", "zip_code": null, "ownership": "public", "ownership_raw": "Ville de Saguenay", "city": "Saguenay", "source_dataset": "Inventaire des arbres répertoriés", "source_department": "Ville de Saguenay", "source_last_edit_at": ""}}, {"type": "Feature", "geometry": {"type": "Point", "coordinates": [-71.237491532, 48.4201007037]}, "properties": {"id": "saguenay-73684", "species_group": "crabapple", "scientific_name": "Malus sp.", "common_name": "Pommier", "subtype_name": "Pommier", "zip_code": null, "ownership": "public", "ownership_raw": "Ville de Saguenay", "city": "Saguenay", "source_dataset": "Inventaire des arbres répertoriés", "source_department": "Ville de Saguenay", "source_last_edit_at": ""}}, {"type": "Feature", "geometry": {"type": "Point", "coordinates": [-71.2374742674, 48.4201389675]}, "properties": {"id": "saguenay-73685", "species_group": "crabapple", "scientific_name": "Malus sp.", "common_name": "Pommier", "subtype_name": "Pommier", "zip_code": null, "ownership": "public", "ownership_raw": "Ville de Saguenay", "city": "Saguenay", "source_dataset": "Inventaire des arbres répertoriés", "source_department": "Ville de Saguenay", "source_last_edit_at": ""}}, {"type": "Feature", "geometry": {"type": "Point", "coordinates": [-71.23949245, 48.4241804148]}, "properties": {"id": "saguenay-73709", "species_group": "crabapple", "scientific_name": "Malus sp.", "common_name": "Pommier", "subtype_name": "Pommier", "zip_code": null, "ownership": "public", "ownership_raw": "Ville de Saguenay", "city": "Saguenay", "source_dataset": "Inventaire des arbres répertoriés", "source_department": "Ville de Saguenay", "source_last_edit_at": ""}}, {"type": "Feature", "geometry": {"type": "Point", "coordinates": [-71.2394620079, 48.4241201282]}, "properties": {"id": "saguenay-73711", "species_group": "crabapple", "scientific_name": "Malus sp.", "common_name": "Pommier", "subtype_name": "Pommier", "zip_code": null, "ownership": "public", "ownership_raw": "Ville de Saguenay", "city": "Saguenay", "source_dataset": "Inventaire des arbres répertoriés", "source_department": "Ville de Saguenay", "source_last_edit_at": ""}}, {"type": "Feature", "geometry": {"type": "Point", "coordinates": [-71.2438421439, 48.4223215331]}, "properties": {"id": "saguenay-73786", "species_group": "crabapple", "scientific_name": "Malus sp.", "common_name": "Pommier", "subtype_name": "Pommier", "zip_code": null, "ownership": "public", "ownership_raw": "Ville de Saguenay", "city": "Saguenay", "source_dataset": "Inventaire des arbres répertoriés", "source_department": "Ville de Saguenay", "source_last_edit_at": ""}}, {"type": "Feature", "geometry": {"type": "Point", "coordinates": [-71.2483399123, 48.4266200686]}, "properties": {"id": "saguenay-74004", "species_group": "crabapple", "scientific_name": "Malus sp.", "common_name": "Pommier", "subtype_name": "Pommier", "zip_code": null, "ownership": "public", "ownership_raw": "Ville de Saguenay", "city": "Saguenay", "source_dataset": "Inventaire des arbres répertoriés", "source_department": "Ville de Saguenay", "source_last_edit_at": ""}}, {"type": "Feature", "geometry": {"type": "Point", "coordinates": [-71.248325688, 48.4265966016]}, "properties": {"id": "saguenay-74007", "species_group": "crabapple", "scientific_name": "Malus sp.", "common_name": "Pommier", "subtype_name": "Pommier", "zip_code": null, "ownership": "public", "ownership_raw": "Ville de Saguenay", "city": "Saguenay", "source_dataset": "Inventaire des arbres répertoriés", "source_department": "Ville de Saguenay", "source_last_edit_at": ""}}, {"type": "Feature", "geometry": {"type": "Point", "coordinates": [-71.2483101184, 48.4265733573]}, "properties": {"id": "saguenay-74008", "species_group": "crabapple", "scientific_name": "Malus sp.", "common_name": "Pommier", "subtype_name": "Pommier", "zip_code": null, "ownership": "public", "ownership_raw": "Ville de Saguenay", "city": "Saguenay", "source_dataset": "Inventaire des arbres répertoriés", "source_department": "Ville de Saguenay", "source_last_edit_at": ""}}, {"type": "Feature", "geometry": {"type": "Point", "coordinates": [-71.2456853188, 48.4252983654]}, "properties": {"id": "saguenay-74076", "species_group": "crabapple", "scientific_name": "Malus sp.", "common_name": "Pommier", "subtype_name": "Pommier", "zip_code": null, "ownership": "public", "ownership_raw": "Ville de Saguenay", "city": "Saguenay", "source_dataset": "Inventaire des arbres répertoriés", "source_department": "Ville de Saguenay", "source_last_edit_at": ""}}, {"type": "Feature", "geometry": {"type": "Point", "coordinates": [-71.2456431267, 48.4252959721]}, "properties": {"id": "saguenay-74077", "species_group": "crabapple", "scientific_name": "Malus sp.", "common_name": "Pommier", "subtype_name": "Pommier", "zip_code": null, "ownership": "public", "ownership_raw": "Ville de Saguenay", "city": "Saguenay", "source_dataset": "Inventaire des arbres répertoriés", "source_department": "Ville de Saguenay", "source_last_edit_at": ""}}, {"type": "Feature", "geometry": {"type": "Point", "coordinates": [-71.2455964131, 48.4252868357]}, "properties": {"id": "saguenay-74078", "species_group": "crabapple", "scientific_name": "Malus sp.", "common_name": "Pommier", "subtype_name": "Pommier", "zip_code": null, "ownership": "public", "ownership_raw": "Ville de Saguenay", "city": "Saguenay", "source_dataset": "Inventaire des arbres répertoriés", "source_department": "Ville de Saguenay", "source_last_edit_at": ""}}, {"type": "Feature", "geometry": {"type": "Point", "coordinates": [-71.2406273837, 48.4149346946]}, "properties": {"id": "saguenay-74194", "species_group": "crabapple", "scientific_name": "Malus sp.", "common_name": "Pommier", "subtype_name": "Pommier", "zip_code": null, "ownership": "public", "ownership_raw": "Ville de Saguenay", "city": "Saguenay", "source_dataset": "Inventaire des arbres répertoriés", "source_department": "Ville de Saguenay", "source_last_edit_at": ""}}, {"type": "Feature", "geometry": {"type": "Point", "coordinates": [-71.2585049672, 48.4032609984]}, "properties": {"id": "saguenay-74300", "species_group": "crabapple", "scientific_name": "Malus sp.", "common_name": "Pommier", "subtype_name": "Pommier", "zip_code": null, "ownership": "public", "ownership_raw": "Ville de Saguenay", "city": "Saguenay", "source_dataset": "Inventaire des arbres répertoriés", "source_department": "Ville de Saguenay", "source_last_edit_at": ""}}, {"type": "Feature", "geometry": {"type": "Point", "coordinates": [-71.2591197513, 48.4032808569]}, "properties": {"id": "saguenay-74302", "species_group": "crabapple", "scientific_name": "Malus sp.", "common_name": "Pommier", "subtype_name": "Pommier", "zip_code": null, "ownership": "public", "ownership_raw": "Ville de Saguenay", "city": "Saguenay", "source_dataset": "Inventaire des arbres répertoriés", "source_department": "Ville de Saguenay", "source_last_edit_at": ""}}, {"type": "Feature", "geometry": {"type": "Point", "coordinates": [-71.2635071424, 48.4008080675]}, "properties": {"id": "saguenay-74309", "species_group": "crabapple", "scientific_name": "Malus sp.", "common_name": "Pommier", "subtype_name": "Pommier", "zip_code": null, "ownership": "public", "ownership_raw": "Ville de Saguenay", "city": "Saguenay", "source_dataset": "Inventaire des arbres répertoriés", "source_department": "Ville de Saguenay", "source_last_edit_at": ""}}, {"type": "Feature", "geometry": {"type": "Point", "coordinates": [-71.2637047212, 48.4008225028]}, "properties": {"id": "saguenay-74313", "species_group": "crabapple", "scientific_name": "Malus sp.", "common_name": "Pommier", "subtype_name": "Pommier", "zip_code": null, "ownership": "public", "ownership_raw": "Ville de Saguenay", "city": "Saguenay", "source_dataset": "Inventaire des arbres répertoriés", "source_department": "Ville de Saguenay", "source_last_edit_at": ""}}, {"type": "Feature", "geometry": {"type": "Point", "coordinates": [-71.2447924735, 48.3998863562]}, "properties": {"id": "saguenay-74359", "species_group": "crabapple", "scientific_name": "Malus sp.", "common_name": "Pommier", "subtype_name": "Pommier", "zip_code": null, "ownership": "public", "ownership_raw": "Ville de Saguenay", "city": "Saguenay", "source_dataset": "Inventaire des arbres répertoriés", "source_department": "Ville de Saguenay", "source_last_edit_at": ""}}, {"type": "Feature", "geometry": {"type": "Point", "coordinates": [-71.2441222571, 48.3997920562]}, "properties": {"id": "saguenay-74363", "species_group": "crabapple", "scientific_name": "Malus sp.", "common_name": "Pommier", "subtype_name": "Pommier", "zip_code": null, "ownership": "public", "ownership_raw": "Ville de Saguenay", "city": "Saguenay", "source_dataset": "Inventaire des arbres répertoriés", "source_department": "Ville de Saguenay", "source_last_edit_at": ""}}, {"type": "Feature", "geometry": {"type": "Point", "coordinates": [-71.2448670259, 48.3994645691]}, "properties": {"id": "saguenay-74399", "species_group": "crabapple", "scientific_name": "Malus sp.", "common_name": "Pommier", "subtype_name": "Pommier", "zip_code": null, "ownership": "public", "ownership_raw": "Ville de Saguenay", "city": "Saguenay", "source_dataset": "Inventaire des arbres répertoriés", "source_department": "Ville de Saguenay", "source_last_edit_at": ""}}, {"type": "Feature", "geometry": {"type": "Point", "coordinates": [-71.244987335, 48.3994158264]}, "properties": {"id": "saguenay-74403", "species_group": "crabapple", "scientific_name": "Malus sp.", "common_name": "Pommier", "subtype_name": "Pommier", "zip_code": null, "ownership": "public", "ownership_raw": "Ville de Saguenay", "city": "Saguenay", "source_dataset": "Inventaire des arbres répertoriés", "source_department": "Ville de Saguenay", "source_last_edit_at": ""}}, {"type": "Feature", "geometry": {"type": "Point", "coordinates": [-71.2450364565, 48.399297648]}, "properties": {"id": "saguenay-74406", "species_group": "crabapple", "scientific_name": "Malus sp.", "common_name": "Pommier", "subtype_name": "Pommier", "zip_code": null, "ownership": "public", "ownership_raw": "Ville de Saguenay", "city": "Saguenay", "source_dataset": "Inventaire des arbres répertoriés", "source_department": "Ville de Saguenay", "source_last_edit_at": ""}}, {"type": "Feature", "geometry": {"type": "Point", "coordinates": [-71.2449990333, 48.3992168125]}, "properties": {"id": "saguenay-74409", "species_group": "crabapple", "scientific_name": "Malus sp.", "common_name": "Pommier", "subtype_name": "Pommier", "zip_code": null, "ownership": "public", "ownership_raw": "Ville de Saguenay", "city": "Saguenay", "source_dataset": "Inventaire des arbres répertoriés", "source_department": "Ville de Saguenay", "source_last_edit_at": ""}}, {"type": "Feature", "geometry": {"type": "Point", "coordinates": [-71.2448667065, 48.3991732095]}, "properties": {"id": "saguenay-74412", "species_group": "crabapple", "scientific_name": "Malus sp.", "common_name": "Pommier", "subtype_name": "Pommier", "zip_code": null, "ownership": "public", "ownership_raw": "Ville de Saguenay", "city": "Saguenay", "source_dataset": "Inventaire des arbres répertoriés", "source_department": "Ville de Saguenay", "source_last_edit_at": ""}}, {"type": "Feature", "geometry": {"type": "Point", "coordinates": [-71.2460075587, 48.3988623621]}, "properties": {"id": "saguenay-74424", "species_group": "crabapple", "scientific_name": "Malus sp.", "common_name": "Pommier", "subtype_name": "Pommier", "zip_code": null, "ownership": "public", "ownership_raw": "Ville de Saguenay", "city": "Saguenay", "source_dataset": "Inventaire des arbres répertoriés", "source_department": "Ville de Saguenay", "source_last_edit_at": ""}}, {"type": "Feature", "geometry": {"type": "Point", "coordinates": [-71.2447411782, 48.3994274015]}, "properties": {"id": "saguenay-74435", "species_group": "crabapple", "scientific_name": "Malus sp.", "common_name": "Pommier", "subtype_name": "Pommier", "zip_code": null, "ownership": "public", "ownership_raw": "Ville de Saguenay", "city": "Saguenay", "source_dataset": "Inventaire des arbres répertoriés", "source_department": "Ville de Saguenay", "source_last_edit_at": ""}}, {"type": "Feature", "geometry": {"type": "Point", "coordinates": [-71.2081981608, 48.4201460271]}, "properties": {"id": "saguenay-74512", "species_group": "crabapple", "scientific_name": "Malus sp.", "common_name": "Pommier", "subtype_name": "Pommier", "zip_code": null, "ownership": "public", "ownership_raw": "Ville de Saguenay", "city": "Saguenay", "source_dataset": "Inventaire des arbres répertoriés", "source_department": "Ville de Saguenay", "source_last_edit_at": ""}}, {"type": "Feature", "geometry": {"type": "Point", "coordinates": [-71.2681625706, 48.4215606189]}, "properties": {"id": "saguenay-74924", "species_group": "crabapple", "scientific_name": "Malus sp.", "common_name": "Pommier", "subtype_name": "Pommier", "zip_code": null, "ownership": "public", "ownership_raw": "Ville de Saguenay", "city": "Saguenay", "source_dataset": "Inventaire des arbres répertoriés", "source_department": "Ville de Saguenay", "source_last_edit_at": ""}}, {"type": "Feature", "geometry": {"type": "Point", "coordinates": [-71.2681414692, 48.4216216396]}, "properties": {"id": "saguenay-74925", "species_group": "crabapple", "scientific_name": "Malus sp.", "common_name": "Pommier", "subtype_name": "Pommier", "zip_code": null, "ownership": "public", "ownership_raw": "Ville de Saguenay", "city": "Saguenay", "source_dataset": "Inventaire des arbres répertoriés", "source_department": "Ville de Saguenay", "source_last_edit_at": ""}}, {"type": "Feature", "geometry": {"type": "Point", "coordinates": [-71.2680766476, 48.4216099287]}, "properties": {"id": "saguenay-74926", "species_group": "crabapple", "scientific_name": "Malus sp.", "common_name": "Pommier", "subtype_name": "Pommier", "zip_code": null, "ownership": "public", "ownership_raw": "Ville de Saguenay", "city": "Saguenay", "source_dataset": "Inventaire des arbres répertoriés", "source_department": "Ville de Saguenay", "source_last_edit_at": ""}}, {"type": "Feature", "geometry": {"type": "Point", "coordinates": [-71.2662864033, 48.4065294507]}, "properties": {"id": "saguenay-74986", "species_group": "crabapple", "scientific_name": "Malus sp.", "common_name": "Pommier", "subtype_name": "Pommier", "zip_code": null, "ownership": "public", "ownership_raw": "Ville de Saguenay", "city": "Saguenay", "source_dataset": "Inventaire des arbres répertoriés", "source_department": "Ville de Saguenay", "source_last_edit_at": ""}}, {"type": "Feature", "geometry": {"type": "Point", "coordinates": [-71.2661976429, 48.4065129551]}, "properties": {"id": "saguenay-74988", "species_group": "crabapple", "scientific_name": "Malus sp.", "common_name": "Pommier", "subtype_name": "Pommier", "zip_code": null, "ownership": "public", "ownership_raw": "Ville de Saguenay", "city": "Saguenay", "source_dataset": "Inventaire des arbres répertoriés", "source_department": "Ville de Saguenay", "source_last_edit_at": ""}}, {"type": "Feature", "geometry": {"type": "Point", "coordinates": [-71.2659734083, 48.406494541]}, "properties": {"id": "saguenay-74990", "species_group": "crabapple", "scientific_name": "Malus sp.", "common_name": "Pommier", "subtype_name": "Pommier", "zip_code": null, "ownership": "public", "ownership_raw": "Ville de Saguenay", "city": "Saguenay", "source_dataset": "Inventaire des arbres répertoriés", "source_department": "Ville de Saguenay", "source_last_edit_at": ""}}, {"type": "Feature", "geometry": {"type": "Point", "coordinates": [-71.2658728491, 48.4065012867]}, "properties": {"id": "saguenay-74992", "species_group": "crabapple", "scientific_name": "Malus sp.", "common_name": "Pommier", "subtype_name": "Pommier", "zip_code": null, "ownership": "public", "ownership_raw": "Ville de Saguenay", "city": "Saguenay", "source_dataset": "Inventaire des arbres répertoriés", "source_department": "Ville de Saguenay", "source_last_edit_at": ""}}, {"type": "Feature", "geometry": {"type": "Point", "coordinates": [-71.265761699, 48.4065122328]}, "properties": {"id": "saguenay-74995", "species_group": "crabapple", "scientific_name": "Malus sp.", "common_name": "Pommier", "subtype_name": "Pommier", "zip_code": null, "ownership": "public", "ownership_raw": "Ville de Saguenay", "city": "Saguenay", "source_dataset": "Inventaire des arbres répertoriés", "source_department": "Ville de Saguenay", "source_last_edit_at": ""}}, {"type": "Feature", "geometry": {"type": "Point", "coordinates": [-71.3746651041, 48.3415693715]}, "properties": {"id": "saguenay-75280", "species_group": "crabapple", "scientific_name": "Malus sp.", "common_name": "Pommier", "subtype_name": "Pommier", "zip_code": null, "ownership": "public", "ownership_raw": "Ville de Saguenay", "city": "Saguenay", "source_dataset": "Inventaire des arbres répertoriés", "source_department": "Ville de Saguenay", "source_last_edit_at": ""}}, {"type": "Feature", "geometry": {"type": "Point", "coordinates": [-71.3746060085, 48.3414944218]}, "properties": {"id": "saguenay-75283", "species_group": "crabapple", "scientific_name": "Malus sp.", "common_name": "Pommier", "subtype_name": "Pommier", "zip_code": null, "ownership": "public", "ownership_raw": "Ville de Saguenay", "city": "Saguenay", "source_dataset": "Inventaire des arbres répertoriés", "source_department": "Ville de Saguenay", "source_last_edit_at": ""}}, {"type": "Feature", "geometry": {"type": "Point", "coordinates": [-70.8582736769, 48.3146372662]}, "properties": {"id": "saguenay-75586", "species_group": "crabapple", "scientific_name": "Malus sp.", "common_name": "Pommier", "subtype_name": "Pommier", "zip_code": null, "ownership": "public", "ownership_raw": "Ville de Saguenay", "city": "Saguenay", "source_dataset": "Inventaire des arbres répertoriés", "source_department": "Ville de Saguenay", "source_last_edit_at": ""}}, {"type": "Feature", "geometry": {"type": "Point", "coordinates": [-70.858234214, 48.3146374926]}, "properties": {"id": "saguenay-75587", "species_group": "crabapple", "scientific_name": "Malus sp.", "common_name": "Pommier", "subtype_name": "Pommier", "zip_code": null, "ownership": "public", "ownership_raw": "Ville de Saguenay", "city": "Saguenay", "source_dataset": "Inventaire des arbres répertoriés", "source_department": "Ville de Saguenay", "source_last_edit_at": ""}}, {"type": "Feature", "geometry": {"type": "Point", "coordinates": [-70.8582113494, 48.3146504028]}, "properties": {"id": "saguenay-75589", "species_group": "crabapple", "scientific_name": "Malus sp.", "common_name": "Pommier", "subtype_name": "Pommier", "zip_code": null, "ownership": "public", "ownership_raw": "Ville de Saguenay", "city": "Saguenay", "source_dataset": "Inventaire des arbres répertoriés", "source_department": "Ville de Saguenay", "source_last_edit_at": ""}}, {"type": "Feature", "geometry": {"type": "Point", "coordinates": [-70.886717759, 48.3270754076]}, "properties": {"id": "saguenay-75620", "species_group": "crabapple", "scientific_name": "Malus sp.", "common_name": "Pommier", "subtype_name": "Pommier", "zip_code": null, "ownership": "public", "ownership_raw": "Ville de Saguenay", "city": "Saguenay", "source_dataset": "Inventaire des arbres répertoriés", "source_department": "Ville de Saguenay", "source_last_edit_at": ""}}, {"type": "Feature", "geometry": {"type": "Point", "coordinates": [-70.8864668574, 48.3272998848]}, "properties": {"id": "saguenay-75621", "species_group": "crabapple", "scientific_name": "Malus sp.", "common_name": "Pommier", "subtype_name": "Pommier", "zip_code": null, "ownership": "public", "ownership_raw": "Ville de Saguenay", "city": "Saguenay", "source_dataset": "Inventaire des arbres répertoriés", "source_department": "Ville de Saguenay", "source_last_edit_at": ""}}, {"type": "Feature", "geometry": {"type": "Point", "coordinates": [-70.8865080578, 48.3272894968]}, "properties": {"id": "saguenay-75622", "species_group": "crabapple", "scientific_name": "Malus sp.", "common_name": "Pommier", "subtype_name": "Pommier", "zip_code": null, "ownership": "public", "ownership_raw": "Ville de Saguenay", "city": "Saguenay", "source_dataset": "Inventaire des arbres répertoriés", "source_department": "Ville de Saguenay", "source_last_edit_at": ""}}, {"type": "Feature", "geometry": {"type": "Point", "coordinates": [-70.8865560646, 48.3272760091]}, "properties": {"id": "saguenay-75623", "species_group": "crabapple", "scientific_name": "Malus sp.", "common_name": "Pommier", "subtype_name": "Pommier", "zip_code": null, "ownership": "public", "ownership_raw": "Ville de Saguenay", "city": "Saguenay", "source_dataset": "Inventaire des arbres répertoriés", "source_department": "Ville de Saguenay", "source_last_edit_at": ""}}, {"type": "Feature", "geometry": {"type": "Point", "coordinates": [-70.8866784182, 48.3270848405]}, "properties": {"id": "saguenay-75624", "species_group": "crabapple", "scientific_name": "Malus sp.", "common_name": "Pommier", "subtype_name": "Pommier", "zip_code": null, "ownership": "public", "ownership_raw": "Ville de Saguenay", "city": "Saguenay", "source_dataset": "Inventaire des arbres répertoriés", "source_department": "Ville de Saguenay", "source_last_edit_at": ""}}, {"type": "Feature", "geometry": {"type": "Point", "coordinates": [-70.8870565057, 48.327691242]}, "properties": {"id": "saguenay-75636", "species_group": "crabapple", "scientific_name": "Malus sp.", "common_name": "Pommier", "subtype_name": "Pommier", "zip_code": null, "ownership": "public", "ownership_raw": "Ville de Saguenay", "city": "Saguenay", "source_dataset": "Inventaire des arbres répertoriés", "source_department": "Ville de Saguenay", "source_last_edit_at": ""}}, {"type": "Feature", "geometry": {"type": "Point", "coordinates": [-70.8865243427, 48.3276938319]}, "properties": {"id": "saguenay-75643", "species_group": "crabapple", "scientific_name": "Malus sp.", "common_name": "Pommier", "subtype_name": "Pommier", "zip_code": null, "ownership": "public", "ownership_raw": "Ville de Saguenay", "city": "Saguenay", "source_dataset": "Inventaire des arbres répertoriés", "source_department": "Ville de Saguenay", "source_last_edit_at": ""}}, {"type": "Feature", "geometry": {"type": "Point", "coordinates": [-70.8865035509, 48.3276651201]}, "properties": {"id": "saguenay-75646", "species_group": "crabapple", "scientific_name": "Malus sp.", "common_name": "Pommier", "subtype_name": "Pommier", "zip_code": null, "ownership": "public", "ownership_raw": "Ville de Saguenay", "city": "Saguenay", "source_dataset": "Inventaire des arbres répertoriés", "source_department": "Ville de Saguenay", "source_last_edit_at": ""}}, {"type": "Feature", "geometry": {"type": "Point", "coordinates": [-70.8864818589, 48.3276416737]}, "properties": {"id": "saguenay-75648", "species_group": "crabapple", "scientific_name": "Malus sp.", "common_name": "Pommier", "subtype_name": "Pommier", "zip_code": null, "ownership": "public", "ownership_raw": "Ville de Saguenay", "city": "Saguenay", "source_dataset": "Inventaire des arbres répertoriés", "source_department": "Ville de Saguenay", "source_last_edit_at": ""}}, {"type": "Feature", "geometry": {"type": "Point", "coordinates": [-70.8864649078, 48.3276196738]}, "properties": {"id": "saguenay-75651", "species_group": "crabapple", "scientific_name": "Malus sp.", "common_name": "Pommier", "subtype_name": "Pommier", "zip_code": null, "ownership": "public", "ownership_raw": "Ville de Saguenay", "city": "Saguenay", "source_dataset": "Inventaire des arbres répertoriés", "source_department": "Ville de Saguenay", "source_last_edit_at": ""}}, {"type": "Feature", "geometry": {"type": "Point", "coordinates": [-70.8864524095, 48.3275995557]}, "properties": {"id": "saguenay-75652", "species_group": "crabapple", "scientific_name": "Malus sp.", "common_name": "Pommier", "subtype_name": "Pommier", "zip_code": null, "ownership": "public", "ownership_raw": "Ville de Saguenay", "city": "Saguenay", "source_dataset": "Inventaire des arbres répertoriés", "source_department": "Ville de Saguenay", "source_last_edit_at": ""}}, {"type": "Feature", "geometry": {"type": "Point", "coordinates": [-70.8864376252, 48.3275806883]}, "properties": {"id": "saguenay-75653", "species_group": "crabapple", "scientific_name": "Malus sp.", "common_name": "Pommier", "subtype_name": "Pommier", "zip_code": null, "ownership": "public", "ownership_raw": "Ville de Saguenay", "city": "Saguenay", "source_dataset": "Inventaire des arbres répertoriés", "source_department": "Ville de Saguenay", "source_last_edit_at": ""}}, {"type": "Feature", "geometry": {"type": "Point", "coordinates": [-70.8864199634, 48.3275624449]}, "properties": {"id": "saguenay-75656", "species_group": "crabapple", "scientific_name": "Malus sp.", "common_name": "Pommier", "subtype_name": "Pommier", "zip_code": null, "ownership": "public", "ownership_raw": "Ville de Saguenay", "city": "Saguenay", "source_dataset": "Inventaire des arbres répertoriés", "source_department": "Ville de Saguenay", "source_last_edit_at": ""}}, {"type": "Feature", "geometry": {"type": "Point", "coordinates": [-70.8892676554, 48.3280586689]}, "properties": {"id": "saguenay-75681", "species_group": "crabapple", "scientific_name": "Malus sp.", "common_name": "Pommier", "subtype_name": "Pommier", "zip_code": null, "ownership": "public", "ownership_raw": "Ville de Saguenay", "city": "Saguenay", "source_dataset": "Inventaire des arbres répertoriés", "source_department": "Ville de Saguenay", "source_last_edit_at": ""}}, {"type": "Feature", "geometry": {"type": "Point", "coordinates": [-70.897128425, 48.3262092863]}, "properties": {"id": "saguenay-75735", "species_group": "crabapple", "scientific_name": "Malus sp.", "common_name": "Pommier", "subtype_name": "Pommier", "zip_code": null, "ownership": "public", "ownership_raw": "Ville de Saguenay", "city": "Saguenay", "source_dataset": "Inventaire des arbres répertoriés", "source_department": "Ville de Saguenay", "source_last_edit_at": ""}}, {"type": "Feature", "geometry": {"type": "Point", "coordinates": [-70.897121632, 48.3262538013]}, "properties": {"id": "saguenay-75736", "species_group": "crabapple", "scientific_name": "Malus sp.", "common_name": "Pommier", "subtype_name": "Pommier", "zip_code": null, "ownership": "public", "ownership_raw": "Ville de Saguenay", "city": "Saguenay", "source_dataset": "Inventaire des arbres répertoriés", "source_department": "Ville de Saguenay", "source_last_edit_at": ""}}, {"type": "Feature", "geometry": {"type": "Point", "coordinates": [-70.8971141992, 48.3262920002]}, "properties": {"id": "saguenay-75737", "species_group": "crabapple", "scientific_name": "Malus sp.", "common_name": "Pommier", "subtype_name": "Pommier", "zip_code": null, "ownership": "public", "ownership_raw": "Ville de Saguenay", "city": "Saguenay", "source_dataset": "Inventaire des arbres répertoriés", "source_department": "Ville de Saguenay", "source_last_edit_at": ""}}, {"type": "Feature", "geometry": {"type": "Point", "coordinates": [-70.8919531617, 48.3422054908]}, "properties": {"id": "saguenay-75775", "species_group": "crabapple", "scientific_name": "Malus sp.", "common_name": "Pommier", "subtype_name": "Pommier", "zip_code": null, "ownership": "public", "ownership_raw": "Ville de Saguenay", "city": "Saguenay", "source_dataset": "Inventaire des arbres répertoriés", "source_department": "Ville de Saguenay", "source_last_edit_at": ""}}, {"type": "Feature", "geometry": {"type": "Point", "coordinates": [-71.1473825994, 48.3999281009]}, "properties": {"id": "saguenay-7580", "species_group": "crabapple", "scientific_name": "Malus sp.", "common_name": "Pommier", "subtype_name": "Pommier", "zip_code": null, "ownership": "public", "ownership_raw": "Ville de Saguenay", "city": "Saguenay", "source_dataset": "Inventaire des arbres répertoriés", "source_department": "Ville de Saguenay", "source_last_edit_at": ""}}, {"type": "Feature", "geometry": {"type": "Point", "coordinates": [-70.8835475306, 48.3411766262]}, "properties": {"id": "saguenay-75829", "species_group": "crabapple", "scientific_name": "Malus sp.", "common_name": "Pommier", "subtype_name": "Pommier", "zip_code": null, "ownership": "public", "ownership_raw": "Ville de Saguenay", "city": "Saguenay", "source_dataset": "Inventaire des arbres répertoriés", "source_department": "Ville de Saguenay", "source_last_edit_at": ""}}, {"type": "Feature", "geometry": {"type": "Point", "coordinates": [-70.8835754194, 48.3412065443]}, "properties": {"id": "saguenay-75830", "species_group": "crabapple", "scientific_name": "Malus sp.", "common_name": "Pommier", "subtype_name": "Pommier", "zip_code": null, "ownership": "public", "ownership_raw": "Ville de Saguenay", "city": "Saguenay", "source_dataset": "Inventaire des arbres répertoriés", "source_department": "Ville de Saguenay", "source_last_edit_at": ""}}, {"type": "Feature", "geometry": {"type": "Point", "coordinates": [-70.8979244779, 48.3185086277]}, "properties": {"id": "saguenay-75879", "species_group": "crabapple", "scientific_name": "Malus sp.", "common_name": "Pommier", "subtype_name": "Pommier", "zip_code": null, "ownership": "public", "ownership_raw": "Ville de Saguenay", "city": "Saguenay", "source_dataset": "Inventaire des arbres répertoriés", "source_department": "Ville de Saguenay", "source_last_edit_at": ""}}, {"type": "Feature", "geometry": {"type": "Point", "coordinates": [-70.8979771503, 48.3184630931]}, "properties": {"id": "saguenay-75881", "species_group": "crabapple", "scientific_name": "Malus sp.", "common_name": "Pommier", "subtype_name": "Pommier", "zip_code": null, "ownership": "public", "ownership_raw": "Ville de Saguenay", "city": "Saguenay", "source_dataset": "Inventaire des arbres répertoriés", "source_department": "Ville de Saguenay", "source_last_edit_at": ""}}, {"type": "Feature", "geometry": {"type": "Point", "coordinates": [-70.8980516521, 48.3184032203]}, "properties": {"id": "saguenay-75888", "species_group": "crabapple", "scientific_name": "Malus sp.", "common_name": "Pommier", "subtype_name": "Pommier", "zip_code": null, "ownership": "public", "ownership_raw": "Ville de Saguenay", "city": "Saguenay", "source_dataset": "Inventaire des arbres répertoriés", "source_department": "Ville de Saguenay", "source_last_edit_at": ""}}, {"type": "Feature", "geometry": {"type": "Point", "coordinates": [-70.8980690386, 48.3183752022]}, "properties": {"id": "saguenay-75897", "species_group": "crabapple", "scientific_name": "Malus sp.", "common_name": "Pommier", "subtype_name": "Pommier", "zip_code": null, "ownership": "public", "ownership_raw": "Ville de Saguenay", "city": "Saguenay", "source_dataset": "Inventaire des arbres répertoriés", "source_department": "Ville de Saguenay", "source_last_edit_at": ""}}, {"type": "Feature", "geometry": {"type": "Point", "coordinates": [-71.1452607994, 48.398974101]}, "properties": {"id": "saguenay-7592", "species_group": "crabapple", "scientific_name": "Malus sp.", "common_name": "Pommier", "subtype_name": "Pommier", "zip_code": null, "ownership": "public", "ownership_raw": "Ville de Saguenay", "city": "Saguenay", "source_dataset": "Inventaire des arbres répertoriés", "source_department": "Ville de Saguenay", "source_last_edit_at": ""}}, {"type": "Feature", "geometry": {"type": "Point", "coordinates": [-70.8778303574, 48.3399094444]}, "properties": {"id": "saguenay-76038", "species_group": "crabapple", "scientific_name": "Malus sp.", "common_name": "Pommier", "subtype_name": "Pommier", "zip_code": null, "ownership": "public", "ownership_raw": "Ville de Saguenay", "city": "Saguenay", "source_dataset": "Inventaire des arbres répertoriés", "source_department": "Ville de Saguenay", "source_last_edit_at": ""}}, {"type": "Feature", "geometry": {"type": "Point", "coordinates": [-70.8787613818, 48.3429462045]}, "properties": {"id": "saguenay-76070", "species_group": "crabapple", "scientific_name": "Malus sp.", "common_name": "Pommier", "subtype_name": "Pommier", "zip_code": null, "ownership": "public", "ownership_raw": "Ville de Saguenay", "city": "Saguenay", "source_dataset": "Inventaire des arbres répertoriés", "source_department": "Ville de Saguenay", "source_last_edit_at": ""}}, {"type": "Feature", "geometry": {"type": "Point", "coordinates": [-70.8787992671, 48.3430183634]}, "properties": {"id": "saguenay-76071", "species_group": "crabapple", "scientific_name": "Malus sp.", "common_name": "Pommier", "subtype_name": "Pommier", "zip_code": null, "ownership": "public", "ownership_raw": "Ville de Saguenay", "city": "Saguenay", "source_dataset": "Inventaire des arbres répertoriés", "source_department": "Ville de Saguenay", "source_last_edit_at": ""}}, {"type": "Feature", "geometry": {"type": "Point", "coordinates": [-70.8788501383, 48.3431348054]}, "properties": {"id": "saguenay-76072", "species_group": "crabapple", "scientific_name": "Malus sp.", "common_name": "Pommier", "subtype_name": "Pommier", "zip_code": null, "ownership": "public", "ownership_raw": "Ville de Saguenay", "city": "Saguenay", "source_dataset": "Inventaire des arbres répertoriés", "source_department": "Ville de Saguenay", "source_last_edit_at": ""}}, {"type": "Feature", "geometry": {"type": "Point", "coordinates": [-70.8788447541, 48.3432025558]}, "properties": {"id": "saguenay-76073", "species_group": "crabapple", "scientific_name": "Malus sp.", "common_name": "Pommier", "subtype_name": "Pommier", "zip_code": null, "ownership": "public", "ownership_raw": "Ville de Saguenay", "city": "Saguenay", "source_dataset": "Inventaire des arbres répertoriés", "source_department": "Ville de Saguenay", "source_last_edit_at": ""}}, {"type": "Feature", "geometry": {"type": "Point", "coordinates": [-70.8789151986, 48.3434023227]}, "properties": {"id": "saguenay-76076", "species_group": "crabapple", "scientific_name": "Malus sp.", "common_name": "Pommier", "subtype_name": "Pommier", "zip_code": null, "ownership": "public", "ownership_raw": "Ville de Saguenay", "city": "Saguenay", "source_dataset": "Inventaire des arbres répertoriés", "source_department": "Ville de Saguenay", "source_last_edit_at": ""}}, {"type": "Feature", "geometry": {"type": "Point", "coordinates": [-71.1434920996, 48.3998246006]}, "properties": {"id": "saguenay-7609", "species_group": "crabapple", "scientific_name": "Malus sp.", "common_name": "Pommier", "subtype_name": "Pommier", "zip_code": null, "ownership": "public", "ownership_raw": "Ville de Saguenay", "city": "Saguenay", "source_dataset": "Inventaire des arbres répertoriés", "source_department": "Ville de Saguenay", "source_last_edit_at": ""}}, {"type": "Feature", "geometry": {"type": "Point", "coordinates": [-71.1432496004, 48.4000558998]}, "properties": {"id": "saguenay-7611", "species_group": "crabapple", "scientific_name": "Malus sp.", "common_name": "Pommier", "subtype_name": "Pommier", "zip_code": null, "ownership": "public", "ownership_raw": "Ville de Saguenay", "city": "Saguenay", "source_dataset": "Inventaire des arbres répertoriés", "source_department": "Ville de Saguenay", "source_last_edit_at": ""}}, {"type": "Feature", "geometry": {"type": "Point", "coordinates": [-70.8778476101, 48.34147892]}, "properties": {"id": "saguenay-76142", "species_group": "crabapple", "scientific_name": "Malus sp.", "common_name": "Pommier", "subtype_name": "Pommier", "zip_code": null, "ownership": "public", "ownership_raw": "Ville de Saguenay", "city": "Saguenay", "source_dataset": "Inventaire des arbres répertoriés", "source_department": "Ville de Saguenay", "source_last_edit_at": ""}}, {"type": "Feature", "geometry": {"type": "Point", "coordinates": [-70.8778076744, 48.3414893312]}, "properties": {"id": "saguenay-76143", "species_group": "crabapple", "scientific_name": "Malus sp.", "common_name": "Pommier", "subtype_name": "Pommier", "zip_code": null, "ownership": "public", "ownership_raw": "Ville de Saguenay", "city": "Saguenay", "source_dataset": "Inventaire des arbres répertoriés", "source_department": "Ville de Saguenay", "source_last_edit_at": ""}}, {"type": "Feature", "geometry": {"type": "Point", "coordinates": [-70.8777078502, 48.3412605924]}, "properties": {"id": "saguenay-76145", "species_group": "crabapple", "scientific_name": "Malus sp.", "common_name": "Pommier", "subtype_name": "Pommier", "zip_code": null, "ownership": "public", "ownership_raw": "Ville de Saguenay", "city": "Saguenay", "source_dataset": "Inventaire des arbres répertoriés", "source_department": "Ville de Saguenay", "source_last_edit_at": ""}}, {"type": "Feature", "geometry": {"type": "Point", "coordinates": [-70.8776087989, 48.3408552723]}, "properties": {"id": "saguenay-76151", "species_group": "crabapple", "scientific_name": "Malus sp.", "common_name": "Pommier", "subtype_name": "Pommier", "zip_code": null, "ownership": "public", "ownership_raw": "Ville de Saguenay", "city": "Saguenay", "source_dataset": "Inventaire des arbres répertoriés", "source_department": "Ville de Saguenay", "source_last_edit_at": ""}}, {"type": "Feature", "geometry": {"type": "Point", "coordinates": [-71.1440846667, 48.3995009132]}, "properties": {"id": "saguenay-7620", "species_group": "crabapple", "scientific_name": "Malus sp.", "common_name": "Pommier", "subtype_name": "Pommier", "zip_code": null, "ownership": "public", "ownership_raw": "Ville de Saguenay", "city": "Saguenay", "source_dataset": "Inventaire des arbres répertoriés", "source_department": "Ville de Saguenay", "source_last_edit_at": ""}}, {"type": "Feature", "geometry": {"type": "Point", "coordinates": [-70.8535211598, 48.3173736061]}, "properties": {"id": "saguenay-76408", "species_group": "crabapple", "scientific_name": "Malus sp.", "common_name": "Pommier", "subtype_name": "Pommier", "zip_code": null, "ownership": "public", "ownership_raw": "Ville de Saguenay", "city": "Saguenay", "source_dataset": "Inventaire des arbres répertoriés", "source_department": "Ville de Saguenay", "source_last_edit_at": ""}}, {"type": "Feature", "geometry": {"type": "Point", "coordinates": [-70.8534971384, 48.317469637]}, "properties": {"id": "saguenay-76410", "species_group": "crabapple", "scientific_name": "Malus sp.", "common_name": "Pommier", "subtype_name": "Pommier", "zip_code": null, "ownership": "public", "ownership_raw": "Ville de Saguenay", "city": "Saguenay", "source_dataset": "Inventaire des arbres répertoriés", "source_department": "Ville de Saguenay", "source_last_edit_at": ""}}, {"type": "Feature", "geometry": {"type": "Point", "coordinates": [-70.8531967576, 48.317309496]}, "properties": {"id": "saguenay-76412", "species_group": "crabapple", "scientific_name": "Malus sp.", "common_name": "Pommier", "subtype_name": "Pommier", "zip_code": null, "ownership": "public", "ownership_raw": "Ville de Saguenay", "city": "Saguenay", "source_dataset": "Inventaire des arbres répertoriés", "source_department": "Ville de Saguenay", "source_last_edit_at": ""}}, {"type": "Feature", "geometry": {"type": "Point", "coordinates": [-70.8531320767, 48.3172816108]}, "properties": {"id": "saguenay-76413", "species_group": "crabapple", "scientific_name": "Malus sp.", "common_name": "Pommier", "subtype_name": "Pommier", "zip_code": null, "ownership": "public", "ownership_raw": "Ville de Saguenay", "city": "Saguenay", "source_dataset": "Inventaire des arbres répertoriés", "source_department": "Ville de Saguenay", "source_last_edit_at": ""}}, {"type": "Feature", "geometry": {"type": "Point", "coordinates": [-70.8530519639, 48.3172673647]}, "properties": {"id": "saguenay-76414", "species_group": "crabapple", "scientific_name": "Malus sp.", "common_name": "Pommier", "subtype_name": "Pommier", "zip_code": null, "ownership": "public", "ownership_raw": "Ville de Saguenay", "city": "Saguenay", "source_dataset": "Inventaire des arbres répertoriés", "source_department": "Ville de Saguenay", "source_last_edit_at": ""}}, {"type": "Feature", "geometry": {"type": "Point", "coordinates": [-70.853140447, 48.3175143878]}, "properties": {"id": "saguenay-76415", "species_group": "crabapple", "scientific_name": "Malus sp.", "common_name": "Pommier", "subtype_name": "Pommier", "zip_code": null, "ownership": "public", "ownership_raw": "Ville de Saguenay", "city": "Saguenay", "source_dataset": "Inventaire des arbres répertoriés", "source_department": "Ville de Saguenay", "source_last_edit_at": ""}}, {"type": "Feature", "geometry": {"type": "Point", "coordinates": [-71.1797003932, 48.4330499537]}, "properties": {"id": "saguenay-76512", "species_group": "crabapple", "scientific_name": "Malus sp.", "common_name": "Pommier", "subtype_name": "Pommier", "zip_code": null, "ownership": "public", "ownership_raw": "Ville de Saguenay", "city": "Saguenay", "source_dataset": "Inventaire des arbres répertoriés", "source_department": "Ville de Saguenay", "source_last_edit_at": ""}}, {"type": "Feature", "geometry": {"type": "Point", "coordinates": [-71.1796330272, 48.4330038919]}, "properties": {"id": "saguenay-76515", "species_group": "crabapple", "scientific_name": "Malus sp.", "common_name": "Pommier", "subtype_name": "Pommier", "zip_code": null, "ownership": "public", "ownership_raw": "Ville de Saguenay", "city": "Saguenay", "source_dataset": "Inventaire des arbres répertoriés", "source_department": "Ville de Saguenay", "source_last_edit_at": ""}}, {"type": "Feature", "geometry": {"type": "Point", "coordinates": [-71.0642305679, 48.4375866554]}, "properties": {"id": "saguenay-76593", "species_group": "crabapple", "scientific_name": "Malus sp.", "common_name": "Pommier", "subtype_name": "Pommier", "zip_code": null, "ownership": "public", "ownership_raw": "Ville de Saguenay", "city": "Saguenay", "source_dataset": "Inventaire des arbres répertoriés", "source_department": "Ville de Saguenay", "source_last_edit_at": ""}}, {"type": "Feature", "geometry": {"type": "Point", "coordinates": [-71.0647328297, 48.4374568639]}, "properties": {"id": "saguenay-76594", "species_group": "crabapple", "scientific_name": "Malus sp.", "common_name": "Pommier", "subtype_name": "Pommier", "zip_code": null, "ownership": "public", "ownership_raw": "Ville de Saguenay", "city": "Saguenay", "source_dataset": "Inventaire des arbres répertoriés", "source_department": "Ville de Saguenay", "source_last_edit_at": ""}}, {"type": "Feature", "geometry": {"type": "Point", "coordinates": [-71.1854731483, 48.4386525516]}, "properties": {"id": "saguenay-76648", "species_group": "crabapple", "scientific_name": "Malus sp.", "common_name": "Pommier", "subtype_name": "Pommier", "zip_code": null, "ownership": "public", "ownership_raw": "Ville de Saguenay", "city": "Saguenay", "source_dataset": "Inventaire des arbres répertoriés", "source_department": "Ville de Saguenay", "source_last_edit_at": ""}}, {"type": "Feature", "geometry": {"type": "Point", "coordinates": [-71.1896909881, 48.4361299658]}, "properties": {"id": "saguenay-76723", "species_group": "crabapple", "scientific_name": "Malus sp.", "common_name": "Pommier", "subtype_name": "Pommier", "zip_code": null, "ownership": "public", "ownership_raw": "Ville de Saguenay", "city": "Saguenay", "source_dataset": "Inventaire des arbres répertoriés", "source_department": "Ville de Saguenay", "source_last_edit_at": ""}}, {"type": "Feature", "geometry": {"type": "Point", "coordinates": [-71.1879646197, 48.4361744199]}, "properties": {"id": "saguenay-76787", "species_group": "crabapple", "scientific_name": "Malus sp.", "common_name": "Pommier", "subtype_name": "Pommier", "zip_code": null, "ownership": "public", "ownership_raw": "Ville de Saguenay", "city": "Saguenay", "source_dataset": "Inventaire des arbres répertoriés", "source_department": "Ville de Saguenay", "source_last_edit_at": ""}}, {"type": "Feature", "geometry": {"type": "Point", "coordinates": [-71.1879327708, 48.4345572534]}, "properties": {"id": "saguenay-76807", "species_group": "crabapple", "scientific_name": "Malus sp.", "common_name": "Pommier", "subtype_name": "Pommier", "zip_code": null, "ownership": "public", "ownership_raw": "Ville de Saguenay", "city": "Saguenay", "source_dataset": "Inventaire des arbres répertoriés", "source_department": "Ville de Saguenay", "source_last_edit_at": ""}}, {"type": "Feature", "geometry": {"type": "Point", "coordinates": [-71.1865427776, 48.4329852541]}, "properties": {"id": "saguenay-76816", "species_group": "crabapple", "scientific_name": "Malus sp.", "common_name": "Pommier", "subtype_name": "Pommier", "zip_code": null, "ownership": "public", "ownership_raw": "Ville de Saguenay", "city": "Saguenay", "source_dataset": "Inventaire des arbres répertoriés", "source_department": "Ville de Saguenay", "source_last_edit_at": ""}}, {"type": "Feature", "geometry": {"type": "Point", "coordinates": [-71.1865449802, 48.4330375889]}, "properties": {"id": "saguenay-76817", "species_group": "crabapple", "scientific_name": "Malus sp.", "common_name": "Pommier", "subtype_name": "Pommier", "zip_code": null, "ownership": "public", "ownership_raw": "Ville de Saguenay", "city": "Saguenay", "source_dataset": "Inventaire des arbres répertoriés", "source_department": "Ville de Saguenay", "source_last_edit_at": ""}}, {"type": "Feature", "geometry": {"type": "Point", "coordinates": [-71.1865498414, 48.4330595383]}, "properties": {"id": "saguenay-76818", "species_group": "crabapple", "scientific_name": "Malus sp.", "common_name": "Pommier", "subtype_name": "Pommier", "zip_code": null, "ownership": "public", "ownership_raw": "Ville de Saguenay", "city": "Saguenay", "source_dataset": "Inventaire des arbres répertoriés", "source_department": "Ville de Saguenay", "source_last_edit_at": ""}}, {"type": "Feature", "geometry": {"type": "Point", "coordinates": [-71.1865586051, 48.433092176]}, "properties": {"id": "saguenay-76819", "species_group": "crabapple", "scientific_name": "Malus sp.", "common_name": "Pommier", "subtype_name": "Pommier", "zip_code": null, "ownership": "public", "ownership_raw": "Ville de Saguenay", "city": "Saguenay", "source_dataset": "Inventaire des arbres répertoriés", "source_department": "Ville de Saguenay", "source_last_edit_at": ""}}, {"type": "Feature", "geometry": {"type": "Point", "coordinates": [-71.1865603592, 48.4331272696]}, "properties": {"id": "saguenay-76820", "species_group": "crabapple", "scientific_name": "Malus sp.", "common_name": "Pommier", "subtype_name": "Pommier", "zip_code": null, "ownership": "public", "ownership_raw": "Ville de Saguenay", "city": "Saguenay", "source_dataset": "Inventaire des arbres répertoriés", "source_department": "Ville de Saguenay", "source_last_edit_at": ""}}, {"type": "Feature", "geometry": {"type": "Point", "coordinates": [-71.1865660373, 48.4332219944]}, "properties": {"id": "saguenay-76821", "species_group": "crabapple", "scientific_name": "Malus sp.", "common_name": "Pommier", "subtype_name": "Pommier", "zip_code": null, "ownership": "public", "ownership_raw": "Ville de Saguenay", "city": "Saguenay", "source_dataset": "Inventaire des arbres répertoriés", "source_department": "Ville de Saguenay", "source_last_edit_at": ""}}, {"type": "Feature", "geometry": {"type": "Point", "coordinates": [-71.1865531836, 48.4332607637]}, "properties": {"id": "saguenay-76822", "species_group": "crabapple", "scientific_name": "Malus sp.", "common_name": "Pommier", "subtype_name": "Pommier", "zip_code": null, "ownership": "public", "ownership_raw": "Ville de Saguenay", "city": "Saguenay", "source_dataset": "Inventaire des arbres répertoriés", "source_department": "Ville de Saguenay", "source_last_edit_at": ""}}, {"type": "Feature", "geometry": {"type": "Point", "coordinates": [-71.1865567581, 48.4332821127]}, "properties": {"id": "saguenay-76823", "species_group": "crabapple", "scientific_name": "Malus sp.", "common_name": "Pommier", "subtype_name": "Pommier", "zip_code": null, "ownership": "public", "ownership_raw": "Ville de Saguenay", "city": "Saguenay", "source_dataset": "Inventaire des arbres répertoriés", "source_department": "Ville de Saguenay", "source_last_edit_at": ""}}, {"type": "Feature", "geometry": {"type": "Point", "coordinates": [-71.1865585024, 48.4333130691]}, "properties": {"id": "saguenay-76824", "species_group": "crabapple", "scientific_name": "Malus sp.", "common_name": "Pommier", "subtype_name": "Pommier", "zip_code": null, "ownership": "public", "ownership_raw": "Ville de Saguenay", "city": "Saguenay", "source_dataset": "Inventaire des arbres répertoriés", "source_department": "Ville de Saguenay", "source_last_edit_at": ""}}, {"type": "Feature", "geometry": {"type": "Point", "coordinates": [-71.1865523349, 48.4333620848]}, "properties": {"id": "saguenay-76825", "species_group": "crabapple", "scientific_name": "Malus sp.", "common_name": "Pommier", "subtype_name": "Pommier", "zip_code": null, "ownership": "public", "ownership_raw": "Ville de Saguenay", "city": "Saguenay", "source_dataset": "Inventaire des arbres répertoriés", "source_department": "Ville de Saguenay", "source_last_edit_at": ""}}, {"type": "Feature", "geometry": {"type": "Point", "coordinates": [-71.1865565504, 48.4334619044]}, "properties": {"id": "saguenay-76827", "species_group": "crabapple", "scientific_name": "Malus sp.", "common_name": "Pommier", "subtype_name": "Pommier", "zip_code": null, "ownership": "public", "ownership_raw": "Ville de Saguenay", "city": "Saguenay", "source_dataset": "Inventaire des arbres répertoriés", "source_department": "Ville de Saguenay", "source_last_edit_at": ""}}, {"type": "Feature", "geometry": {"type": "Point", "coordinates": [-71.1865572822, 48.4334870316]}, "properties": {"id": "saguenay-76828", "species_group": "crabapple", "scientific_name": "Malus sp.", "common_name": "Pommier", "subtype_name": "Pommier", "zip_code": null, "ownership": "public", "ownership_raw": "Ville de Saguenay", "city": "Saguenay", "source_dataset": "Inventaire des arbres répertoriés", "source_department": "Ville de Saguenay", "source_last_edit_at": ""}}, {"type": "Feature", "geometry": {"type": "Point", "coordinates": [-71.1866201483, 48.4336794826]}, "properties": {"id": "saguenay-76835", "species_group": "crabapple", "scientific_name": "Malus sp.", "common_name": "Pommier", "subtype_name": "Pommier", "zip_code": null, "ownership": "public", "ownership_raw": "Ville de Saguenay", "city": "Saguenay", "source_dataset": "Inventaire des arbres répertoriés", "source_department": "Ville de Saguenay", "source_last_edit_at": ""}}, {"type": "Feature", "geometry": {"type": "Point", "coordinates": [-71.1861246177, 48.4360134327]}, "properties": {"id": "saguenay-76839", "species_group": "crabapple", "scientific_name": "Malus sp.", "common_name": "Pommier", "subtype_name": "Pommier", "zip_code": null, "ownership": "public", "ownership_raw": "Ville de Saguenay", "city": "Saguenay", "source_dataset": "Inventaire des arbres répertoriés", "source_department": "Ville de Saguenay", "source_last_edit_at": ""}}, {"type": "Feature", "geometry": {"type": "Point", "coordinates": [-71.1861146842, 48.435983375]}, "properties": {"id": "saguenay-76840", "species_group": "crabapple", "scientific_name": "Malus sp.", "common_name": "Pommier", "subtype_name": "Pommier", "zip_code": null, "ownership": "public", "ownership_raw": "Ville de Saguenay", "city": "Saguenay", "source_dataset": "Inventaire des arbres répertoriés", "source_department": "Ville de Saguenay", "source_last_edit_at": ""}}, {"type": "Feature", "geometry": {"type": "Point", "coordinates": [-71.1861082406, 48.4359473039]}, "properties": {"id": "saguenay-76841", "species_group": "crabapple", "scientific_name": "Malus sp.", "common_name": "Pommier", "subtype_name": "Pommier", "zip_code": null, "ownership": "public", "ownership_raw": "Ville de Saguenay", "city": "Saguenay", "source_dataset": "Inventaire des arbres répertoriés", "source_department": "Ville de Saguenay", "source_last_edit_at": ""}}, {"type": "Feature", "geometry": {"type": "Point", "coordinates": [-71.1861023118, 48.4359143281]}, "properties": {"id": "saguenay-76842", "species_group": "crabapple", "scientific_name": "Malus sp.", "common_name": "Pommier", "subtype_name": "Pommier", "zip_code": null, "ownership": "public", "ownership_raw": "Ville de Saguenay", "city": "Saguenay", "source_dataset": "Inventaire des arbres répertoriés", "source_department": "Ville de Saguenay", "source_last_edit_at": ""}}, {"type": "Feature", "geometry": {"type": "Point", "coordinates": [-71.1861012475, 48.435879047]}, "properties": {"id": "saguenay-76843", "species_group": "crabapple", "scientific_name": "Malus sp.", "common_name": "Pommier", "subtype_name": "Pommier", "zip_code": null, "ownership": "public", "ownership_raw": "Ville de Saguenay", "city": "Saguenay", "source_dataset": "Inventaire des arbres répertoriés", "source_department": "Ville de Saguenay", "source_last_edit_at": ""}}, {"type": "Feature", "geometry": {"type": "Point", "coordinates": [-71.1861757504, 48.434354481]}, "properties": {"id": "saguenay-76856", "species_group": "crabapple", "scientific_name": "Malus sp.", "common_name": "Pommier", "subtype_name": "Pommier", "zip_code": null, "ownership": "public", "ownership_raw": "Ville de Saguenay", "city": "Saguenay", "source_dataset": "Inventaire des arbres répertoriés", "source_department": "Ville de Saguenay", "source_last_edit_at": ""}}, {"type": "Feature", "geometry": {"type": "Point", "coordinates": [-71.1741398975, 48.410795844]}, "properties": {"id": "saguenay-76983", "species_group": "crabapple", "scientific_name": "Malus sp.", "common_name": "Pommier", "subtype_name": "Pommier", "zip_code": null, "ownership": "public", "ownership_raw": "Ville de Saguenay", "city": "Saguenay", "source_dataset": "Inventaire des arbres répertoriés", "source_department": "Ville de Saguenay", "source_last_edit_at": ""}}, {"type": "Feature", "geometry": {"type": "Point", "coordinates": [-71.1811299148, 48.4199429249]}, "properties": {"id": "saguenay-76989", "species_group": "crabapple", "scientific_name": "Malus baccata", "common_name": "Pommier De Siberie", "subtype_name": "Pommier De Siberie", "zip_code": null, "ownership": "public", "ownership_raw": "Ville de Saguenay", "city": "Saguenay", "source_dataset": "Inventaire des arbres répertoriés", "source_department": "Ville de Saguenay", "source_last_edit_at": ""}}, {"type": "Feature", "geometry": {"type": "Point", "coordinates": [-71.0638421326, 48.4263362786]}, "properties": {"id": "saguenay-77014", "species_group": "plum", "scientific_name": "Prunus domestica", "common_name": "Prunier Commun", "subtype_name": "European Plum", "zip_code": null, "ownership": "public", "ownership_raw": "Ville de Saguenay", "city": "Saguenay", "source_dataset": "Inventaire des arbres répertoriés", "source_department": "Ville de Saguenay", "source_last_edit_at": ""}}, {"type": "Feature", "geometry": {"type": "Point", "coordinates": [-71.0638718805, 48.4263368425]}, "properties": {"id": "saguenay-77015", "species_group": "plum", "scientific_name": "Prunus domestica", "common_name": "Prunier Commun", "subtype_name": "European Plum", "zip_code": null, "ownership": "public", "ownership_raw": "Ville de Saguenay", "city": "Saguenay", "source_dataset": "Inventaire des arbres répertoriés", "source_department": "Ville de Saguenay", "source_last_edit_at": ""}}, {"type": "Feature", "geometry": {"type": "Point", "coordinates": [-71.0639030357, 48.4263369677]}, "properties": {"id": "saguenay-77016", "species_group": "plum", "scientific_name": "Prunus domestica", "common_name": "Prunier Commun", "subtype_name": "European Plum", "zip_code": null, "ownership": "public", "ownership_raw": "Ville de Saguenay", "city": "Saguenay", "source_dataset": "Inventaire des arbres répertoriés", "source_department": "Ville de Saguenay", "source_last_edit_at": ""}}, {"type": "Feature", "geometry": {"type": "Point", "coordinates": [-71.0641075171, 48.426346554]}, "properties": {"id": "saguenay-77017", "species_group": "plum", "scientific_name": "Prunus domestica", "common_name": "Prunier Commun", "subtype_name": "European Plum", "zip_code": null, "ownership": "public", "ownership_raw": "Ville de Saguenay", "city": "Saguenay", "source_dataset": "Inventaire des arbres répertoriés", "source_department": "Ville de Saguenay", "source_last_edit_at": ""}}, {"type": "Feature", "geometry": {"type": "Point", "coordinates": [-71.1831486269, 48.4256983452]}, "properties": {"id": "saguenay-77023", "species_group": "crabapple", "scientific_name": "Malus sp.", "common_name": "Pommier", "subtype_name": "Pommier", "zip_code": null, "ownership": "public", "ownership_raw": "Ville de Saguenay", "city": "Saguenay", "source_dataset": "Inventaire des arbres répertoriés", "source_department": "Ville de Saguenay", "source_last_edit_at": ""}}, {"type": "Feature", "geometry": {"type": "Point", "coordinates": [-71.1829475124, 48.4272045843]}, "properties": {"id": "saguenay-77025", "species_group": "crabapple", "scientific_name": "Malus sp.", "common_name": "Pommier", "subtype_name": "Pommier", "zip_code": null, "ownership": "public", "ownership_raw": "Ville de Saguenay", "city": "Saguenay", "source_dataset": "Inventaire des arbres répertoriés", "source_department": "Ville de Saguenay", "source_last_edit_at": ""}}, {"type": "Feature", "geometry": {"type": "Point", "coordinates": [-71.2631967581, 48.4115608575]}, "properties": {"id": "saguenay-77058", "species_group": "crabapple", "scientific_name": "Malus sp.", "common_name": "Pommier", "subtype_name": "Pommier", "zip_code": null, "ownership": "public", "ownership_raw": "Ville de Saguenay", "city": "Saguenay", "source_dataset": "Inventaire des arbres répertoriés", "source_department": "Ville de Saguenay", "source_last_edit_at": ""}}, {"type": "Feature", "geometry": {"type": "Point", "coordinates": [-71.2641593485, 48.4117103191]}, "properties": {"id": "saguenay-77059", "species_group": "crabapple", "scientific_name": "Malus sp.", "common_name": "Pommier", "subtype_name": "Pommier", "zip_code": null, "ownership": "public", "ownership_raw": "Ville de Saguenay", "city": "Saguenay", "source_dataset": "Inventaire des arbres répertoriés", "source_department": "Ville de Saguenay", "source_last_edit_at": ""}}, {"type": "Feature", "geometry": {"type": "Point", "coordinates": [-71.2639363379, 48.4116840078]}, "properties": {"id": "saguenay-77060", "species_group": "crabapple", "scientific_name": "Malus sp.", "common_name": "Pommier", "subtype_name": "Pommier", "zip_code": null, "ownership": "public", "ownership_raw": "Ville de Saguenay", "city": "Saguenay", "source_dataset": "Inventaire des arbres répertoriés", "source_department": "Ville de Saguenay", "source_last_edit_at": ""}}, {"type": "Feature", "geometry": {"type": "Point", "coordinates": [-71.2650657082, 48.4115777505]}, "properties": {"id": "saguenay-77062", "species_group": "crabapple", "scientific_name": "Malus sp.", "common_name": "Pommier", "subtype_name": "Pommier", "zip_code": null, "ownership": "public", "ownership_raw": "Ville de Saguenay", "city": "Saguenay", "source_dataset": "Inventaire des arbres répertoriés", "source_department": "Ville de Saguenay", "source_last_edit_at": ""}}, {"type": "Feature", "geometry": {"type": "Point", "coordinates": [-71.0815966311, 48.392622344]}, "properties": {"id": "saguenay-77127", "species_group": "crabapple", "scientific_name": "Malus sp.", "common_name": "Pommier", "subtype_name": "Pommier", "zip_code": null, "ownership": "public", "ownership_raw": "Ville de Saguenay", "city": "Saguenay", "source_dataset": "Inventaire des arbres répertoriés", "source_department": "Ville de Saguenay", "source_last_edit_at": ""}}, {"type": "Feature", "geometry": {"type": "Point", "coordinates": [-71.0827148684, 48.393046358]}, "properties": {"id": "saguenay-77128", "species_group": "crabapple", "scientific_name": "Malus sp.", "common_name": "Pommier", "subtype_name": "Pommier", "zip_code": null, "ownership": "public", "ownership_raw": "Ville de Saguenay", "city": "Saguenay", "source_dataset": "Inventaire des arbres répertoriés", "source_department": "Ville de Saguenay", "source_last_edit_at": ""}}, {"type": "Feature", "geometry": {"type": "Point", "coordinates": [-71.0771407811, 48.4446603966]}, "properties": {"id": "saguenay-77131", "species_group": "crabapple", "scientific_name": "Malus sp.", "common_name": "Pommier", "subtype_name": "Pommier", "zip_code": null, "ownership": "public", "ownership_raw": "Ville de Saguenay", "city": "Saguenay", "source_dataset": "Inventaire des arbres répertoriés", "source_department": "Ville de Saguenay", "source_last_edit_at": ""}}, {"type": "Feature", "geometry": {"type": "Point", "coordinates": [-71.0772058998, 48.4446254231]}, "properties": {"id": "saguenay-77132", "species_group": "crabapple", "scientific_name": "Malus sp.", "common_name": "Pommier", "subtype_name": "Pommier", "zip_code": null, "ownership": "public", "ownership_raw": "Ville de Saguenay", "city": "Saguenay", "source_dataset": "Inventaire des arbres répertoriés", "source_department": "Ville de Saguenay", "source_last_edit_at": ""}}, {"type": "Feature", "geometry": {"type": "Point", "coordinates": [-71.0773083347, 48.4446221148]}, "properties": {"id": "saguenay-77133", "species_group": "crabapple", "scientific_name": "Malus sp.", "common_name": "Pommier", "subtype_name": "Pommier", "zip_code": null, "ownership": "public", "ownership_raw": "Ville de Saguenay", "city": "Saguenay", "source_dataset": "Inventaire des arbres répertoriés", "source_department": "Ville de Saguenay", "source_last_edit_at": ""}}, {"type": "Feature", "geometry": {"type": "Point", "coordinates": [-71.0773634823, 48.4445966914]}, "properties": {"id": "saguenay-77134", "species_group": "crabapple", "scientific_name": "Malus sp.", "common_name": "Pommier", "subtype_name": "Pommier", "zip_code": null, "ownership": "public", "ownership_raw": "Ville de Saguenay", "city": "Saguenay", "source_dataset": "Inventaire des arbres répertoriés", "source_department": "Ville de Saguenay", "source_last_edit_at": ""}}, {"type": "Feature", "geometry": {"type": "Point", "coordinates": [-71.0774343318, 48.4446226006]}, "properties": {"id": "saguenay-77135", "species_group": "crabapple", "scientific_name": "Malus sp.", "common_name": "Pommier", "subtype_name": "Pommier", "zip_code": null, "ownership": "public", "ownership_raw": "Ville de Saguenay", "city": "Saguenay", "source_dataset": "Inventaire des arbres répertoriés", "source_department": "Ville de Saguenay", "source_last_edit_at": ""}}, {"type": "Feature", "geometry": {"type": "Point", "coordinates": [-71.0775113547, 48.4446004202]}, "properties": {"id": "saguenay-77136", "species_group": "crabapple", "scientific_name": "Malus sp.", "common_name": "Pommier", "subtype_name": "Pommier", "zip_code": null, "ownership": "public", "ownership_raw": "Ville de Saguenay", "city": "Saguenay", "source_dataset": "Inventaire des arbres répertoriés", "source_department": "Ville de Saguenay", "source_last_edit_at": ""}}, {"type": "Feature", "geometry": {"type": "Point", "coordinates": [-71.0721130724, 48.4087621728]}, "properties": {"id": "saguenay-77174", "species_group": "crabapple", "scientific_name": "Malus sp.", "common_name": "Pommier", "subtype_name": "Pommier", "zip_code": null, "ownership": "public", "ownership_raw": "Ville de Saguenay", "city": "Saguenay", "source_dataset": "Inventaire des arbres répertoriés", "source_department": "Ville de Saguenay", "source_last_edit_at": ""}}, {"type": "Feature", "geometry": {"type": "Point", "coordinates": [-71.0719740482, 48.4088545432]}, "properties": {"id": "saguenay-77175", "species_group": "crabapple", "scientific_name": "Malus sp.", "common_name": "Pommier", "subtype_name": "Pommier", "zip_code": null, "ownership": "public", "ownership_raw": "Ville de Saguenay", "city": "Saguenay", "source_dataset": "Inventaire des arbres répertoriés", "source_department": "Ville de Saguenay", "source_last_edit_at": ""}}, {"type": "Feature", "geometry": {"type": "Point", "coordinates": [-71.0768960821, 48.4123254463]}, "properties": {"id": "saguenay-77203", "species_group": "crabapple", "scientific_name": "Malus sp.", "common_name": "Pommier", "subtype_name": "Pommier", "zip_code": null, "ownership": "public", "ownership_raw": "Ville de Saguenay", "city": "Saguenay", "source_dataset": "Inventaire des arbres répertoriés", "source_department": "Ville de Saguenay", "source_last_edit_at": ""}}, {"type": "Feature", "geometry": {"type": "Point", "coordinates": [-71.1750068847, 48.413996868]}, "properties": {"id": "saguenay-77216", "species_group": "crabapple", "scientific_name": "Malus sp.", "common_name": "Pommier", "subtype_name": "Pommier", "zip_code": null, "ownership": "public", "ownership_raw": "Ville de Saguenay", "city": "Saguenay", "source_dataset": "Inventaire des arbres répertoriés", "source_department": "Ville de Saguenay", "source_last_edit_at": ""}}, {"type": "Feature", "geometry": {"type": "Point", "coordinates": [-71.1953088229, 48.4164274336]}, "properties": {"id": "saguenay-77256", "species_group": "crabapple", "scientific_name": "Malus sp.", "common_name": "Pommier", "subtype_name": "Pommier", "zip_code": null, "ownership": "public", "ownership_raw": "Ville de Saguenay", "city": "Saguenay", "source_dataset": "Inventaire des arbres répertoriés", "source_department": "Ville de Saguenay", "source_last_edit_at": ""}}, {"type": "Feature", "geometry": {"type": "Point", "coordinates": [-71.1786337321, 48.4321094057]}, "properties": {"id": "saguenay-77616", "species_group": "cherry", "scientific_name": "Prunus maackii", "common_name": "Ceriser De Mandchourie", "subtype_name": "Ceriser De Mandchourie", "zip_code": null, "ownership": "public", "ownership_raw": "Ville de Saguenay", "city": "Saguenay", "source_dataset": "Inventaire des arbres répertoriés", "source_department": "Ville de Saguenay", "source_last_edit_at": ""}}, {"type": "Feature", "geometry": {"type": "Point", "coordinates": [-71.1765512674, 48.4322470537]}, "properties": {"id": "saguenay-77618", "species_group": "cherry", "scientific_name": "Prunus maackii", "common_name": "Ceriser De Mandchourie", "subtype_name": "Ceriser De Mandchourie", "zip_code": null, "ownership": "public", "ownership_raw": "Ville de Saguenay", "city": "Saguenay", "source_dataset": "Inventaire des arbres répertoriés", "source_department": "Ville de Saguenay", "source_last_edit_at": ""}}, {"type": "Feature", "geometry": {"type": "Point", "coordinates": [-71.1762126319, 48.4322750994]}, "properties": {"id": "saguenay-77619", "species_group": "cherry", "scientific_name": "Prunus maackii", "common_name": "Ceriser De Mandchourie", "subtype_name": "Ceriser De Mandchourie", "zip_code": null, "ownership": "public", "ownership_raw": "Ville de Saguenay", "city": "Saguenay", "source_dataset": "Inventaire des arbres répertoriés", "source_department": "Ville de Saguenay", "source_last_edit_at": ""}}, {"type": "Feature", "geometry": {"type": "Point", "coordinates": [-71.0420055207, 48.4282998652]}, "properties": {"id": "saguenay-77629", "species_group": "crabapple", "scientific_name": "Malus sp.", "common_name": "Pommier", "subtype_name": "Pommier", "zip_code": null, "ownership": "public", "ownership_raw": "Ville de Saguenay", "city": "Saguenay", "source_dataset": "Inventaire des arbres répertoriés", "source_department": "Ville de Saguenay", "source_last_edit_at": ""}}, {"type": "Feature", "geometry": {"type": "Point", "coordinates": [-71.1865813394, 48.4325793072]}, "properties": {"id": "saguenay-77659", "species_group": "crabapple", "scientific_name": "Malus sp.", "common_name": "Pommier", "subtype_name": "Pommier", "zip_code": null, "ownership": "public", "ownership_raw": "Ville de Saguenay", "city": "Saguenay", "source_dataset": "Inventaire des arbres répertoriés", "source_department": "Ville de Saguenay", "source_last_edit_at": ""}}, {"type": "Feature", "geometry": {"type": "Point", "coordinates": [-71.1865938507, 48.4325309839]}, "properties": {"id": "saguenay-77660", "species_group": "crabapple", "scientific_name": "Malus sp.", "common_name": "Pommier", "subtype_name": "Pommier", "zip_code": null, "ownership": "public", "ownership_raw": "Ville de Saguenay", "city": "Saguenay", "source_dataset": "Inventaire des arbres répertoriés", "source_department": "Ville de Saguenay", "source_last_edit_at": ""}}, {"type": "Feature", "geometry": {"type": "Point", "coordinates": [-71.1865785022, 48.4324778587]}, "properties": {"id": "saguenay-77661", "species_group": "crabapple", "scientific_name": "Malus sp.", "common_name": "Pommier", "subtype_name": "Pommier", "zip_code": null, "ownership": "public", "ownership_raw": "Ville de Saguenay", "city": "Saguenay", "source_dataset": "Inventaire des arbres répertoriés", "source_department": "Ville de Saguenay", "source_last_edit_at": ""}}, {"type": "Feature", "geometry": {"type": "Point", "coordinates": [-71.186574825, 48.4324385603]}, "properties": {"id": "saguenay-77662", "species_group": "crabapple", "scientific_name": "Malus sp.", "common_name": "Pommier", "subtype_name": "Pommier", "zip_code": null, "ownership": "public", "ownership_raw": "Ville de Saguenay", "city": "Saguenay", "source_dataset": "Inventaire des arbres répertoriés", "source_department": "Ville de Saguenay", "source_last_edit_at": ""}}, {"type": "Feature", "geometry": {"type": "Point", "coordinates": [-71.1865699574, 48.4324041886]}, "properties": {"id": "saguenay-77663", "species_group": "crabapple", "scientific_name": "Malus sp.", "common_name": "Pommier", "subtype_name": "Pommier", "zip_code": null, "ownership": "public", "ownership_raw": "Ville de Saguenay", "city": "Saguenay", "source_dataset": "Inventaire des arbres répertoriés", "source_department": "Ville de Saguenay", "source_last_edit_at": ""}}, {"type": "Feature", "geometry": {"type": "Point", "coordinates": [-71.1865756907, 48.4323615684]}, "properties": {"id": "saguenay-77664", "species_group": "crabapple", "scientific_name": "Malus sp.", "common_name": "Pommier", "subtype_name": "Pommier", "zip_code": null, "ownership": "public", "ownership_raw": "Ville de Saguenay", "city": "Saguenay", "source_dataset": "Inventaire des arbres répertoriés", "source_department": "Ville de Saguenay", "source_last_edit_at": ""}}, {"type": "Feature", "geometry": {"type": "Point", "coordinates": [-71.186581887, 48.4323237301]}, "properties": {"id": "saguenay-77665", "species_group": "crabapple", "scientific_name": "Malus sp.", "common_name": "Pommier", "subtype_name": "Pommier", "zip_code": null, "ownership": "public", "ownership_raw": "Ville de Saguenay", "city": "Saguenay", "source_dataset": "Inventaire des arbres répertoriés", "source_department": "Ville de Saguenay", "source_last_edit_at": ""}}, {"type": "Feature", "geometry": {"type": "Point", "coordinates": [-71.1865709097, 48.4322948065]}, "properties": {"id": "saguenay-77666", "species_group": "crabapple", "scientific_name": "Malus sp.", "common_name": "Pommier", "subtype_name": "Pommier", "zip_code": null, "ownership": "public", "ownership_raw": "Ville de Saguenay", "city": "Saguenay", "source_dataset": "Inventaire des arbres répertoriés", "source_department": "Ville de Saguenay", "source_last_edit_at": ""}}, {"type": "Feature", "geometry": {"type": "Point", "coordinates": [-71.2620815443, 48.4073037081]}, "properties": {"id": "saguenay-77681", "species_group": "crabapple", "scientific_name": "Malus sp.", "common_name": "Pommier", "subtype_name": "Pommier", "zip_code": null, "ownership": "public", "ownership_raw": "Ville de Saguenay", "city": "Saguenay", "source_dataset": "Inventaire des arbres répertoriés", "source_department": "Ville de Saguenay", "source_last_edit_at": ""}}, {"type": "Feature", "geometry": {"type": "Point", "coordinates": [-71.262177915, 48.4072606912]}, "properties": {"id": "saguenay-77683", "species_group": "crabapple", "scientific_name": "Malus sp.", "common_name": "Pommier", "subtype_name": "Pommier", "zip_code": null, "ownership": "public", "ownership_raw": "Ville de Saguenay", "city": "Saguenay", "source_dataset": "Inventaire des arbres répertoriés", "source_department": "Ville de Saguenay", "source_last_edit_at": ""}}, {"type": "Feature", "geometry": {"type": "Point", "coordinates": [-71.2613540154, 48.3996695682]}, "properties": {"id": "saguenay-77903", "species_group": "crabapple", "scientific_name": "Malus sp.", "common_name": "Pommier", "subtype_name": "Pommier", "zip_code": null, "ownership": "public", "ownership_raw": "Ville de Saguenay", "city": "Saguenay", "source_dataset": "Inventaire des arbres répertoriés", "source_department": "Ville de Saguenay", "source_last_edit_at": ""}}, {"type": "Feature", "geometry": {"type": "Point", "coordinates": [-71.2612529364, 48.3996312977]}, "properties": {"id": "saguenay-77904", "species_group": "crabapple", "scientific_name": "Malus sp.", "common_name": "Pommier", "subtype_name": "Pommier", "zip_code": null, "ownership": "public", "ownership_raw": "Ville de Saguenay", "city": "Saguenay", "source_dataset": "Inventaire des arbres répertoriés", "source_department": "Ville de Saguenay", "source_last_edit_at": ""}}, {"type": "Feature", "geometry": {"type": "Point", "coordinates": [-71.1912485364, 48.4164070277]}, "properties": {"id": "saguenay-77916", "species_group": "crabapple", "scientific_name": "Malus sp.", "common_name": "Pommier", "subtype_name": "Pommier", "zip_code": null, "ownership": "public", "ownership_raw": "Ville de Saguenay", "city": "Saguenay", "source_dataset": "Inventaire des arbres répertoriés", "source_department": "Ville de Saguenay", "source_last_edit_at": ""}}, {"type": "Feature", "geometry": {"type": "Point", "coordinates": [-71.1914445712, 48.4164073042]}, "properties": {"id": "saguenay-77917", "species_group": "crabapple", "scientific_name": "Malus sp.", "common_name": "Pommier", "subtype_name": "Pommier", "zip_code": null, "ownership": "public", "ownership_raw": "Ville de Saguenay", "city": "Saguenay", "source_dataset": "Inventaire des arbres répertoriés", "source_department": "Ville de Saguenay", "source_last_edit_at": ""}}, {"type": "Feature", "geometry": {"type": "Point", "coordinates": [-71.1773341405, 48.4298466051]}, "properties": {"id": "saguenay-77922", "species_group": "crabapple", "scientific_name": "Malus sp.", "common_name": "Pommier", "subtype_name": "Pommier", "zip_code": null, "ownership": "public", "ownership_raw": "Ville de Saguenay", "city": "Saguenay", "source_dataset": "Inventaire des arbres répertoriés", "source_department": "Ville de Saguenay", "source_last_edit_at": ""}}, {"type": "Feature", "geometry": {"type": "Point", "coordinates": [-71.1800324399, 48.4298965484]}, "properties": {"id": "saguenay-77925", "species_group": "crabapple", "scientific_name": "Malus sp.", "common_name": "Pommier", "subtype_name": "Pommier", "zip_code": null, "ownership": "public", "ownership_raw": "Ville de Saguenay", "city": "Saguenay", "source_dataset": "Inventaire des arbres répertoriés", "source_department": "Ville de Saguenay", "source_last_edit_at": ""}}, {"type": "Feature", "geometry": {"type": "Point", "coordinates": [-71.1865767809, 48.4326105144]}, "properties": {"id": "saguenay-77957", "species_group": "crabapple", "scientific_name": "Malus sp.", "common_name": "Pommier", "subtype_name": "Pommier", "zip_code": null, "ownership": "public", "ownership_raw": "Ville de Saguenay", "city": "Saguenay", "source_dataset": "Inventaire des arbres répertoriés", "source_department": "Ville de Saguenay", "source_last_edit_at": ""}}, {"type": "Feature", "geometry": {"type": "Point", "coordinates": [-71.1477101004, 48.4060026006]}, "properties": {"id": "saguenay-7856", "species_group": "crabapple", "scientific_name": "Malus sp.", "common_name": "Pommier", "subtype_name": "Pommier", "zip_code": null, "ownership": "public", "ownership_raw": "Ville de Saguenay", "city": "Saguenay", "source_dataset": "Inventaire des arbres répertoriés", "source_department": "Ville de Saguenay", "source_last_edit_at": ""}}, {"type": "Feature", "geometry": {"type": "Point", "coordinates": [-71.1470390006, 48.4041926009]}, "properties": {"id": "saguenay-7888", "species_group": "crabapple", "scientific_name": "Malus sp.", "common_name": "Pommier", "subtype_name": "Pommier", "zip_code": null, "ownership": "public", "ownership_raw": "Ville de Saguenay", "city": "Saguenay", "source_dataset": "Inventaire des arbres répertoriés", "source_department": "Ville de Saguenay", "source_last_edit_at": ""}}, {"type": "Feature", "geometry": {"type": "Point", "coordinates": [-71.1454799002, 48.4026547005]}, "properties": {"id": "saguenay-7938", "species_group": "crabapple", "scientific_name": "Malus sp.", "common_name": "Pommier", "subtype_name": "Pommier", "zip_code": null, "ownership": "public", "ownership_raw": "Ville de Saguenay", "city": "Saguenay", "source_dataset": "Inventaire des arbres répertoriés", "source_department": "Ville de Saguenay", "source_last_edit_at": ""}}, {"type": "Feature", "geometry": {"type": "Point", "coordinates": [-71.1452058968, 48.4016825328]}, "properties": {"id": "saguenay-7940", "species_group": "crabapple", "scientific_name": "Malus sp.", "common_name": "Pommier", "subtype_name": "Pommier", "zip_code": null, "ownership": "public", "ownership_raw": "Ville de Saguenay", "city": "Saguenay", "source_dataset": "Inventaire des arbres répertoriés", "source_department": "Ville de Saguenay", "source_last_edit_at": ""}}, {"type": "Feature", "geometry": {"type": "Point", "coordinates": [-71.1415730799, 48.400838685]}, "properties": {"id": "saguenay-8128", "species_group": "crabapple", "scientific_name": "Malus sp.", "common_name": "Pommier", "subtype_name": "Pommier", "zip_code": null, "ownership": "public", "ownership_raw": "Ville de Saguenay", "city": "Saguenay", "source_dataset": "Inventaire des arbres répertoriés", "source_department": "Ville de Saguenay", "source_last_edit_at": ""}}, {"type": "Feature", "geometry": {"type": "Point", "coordinates": [-71.1574969004, 48.3996328006]}, "properties": {"id": "saguenay-8318", "species_group": "crabapple", "scientific_name": "Malus sp.", "common_name": "Pommier", "subtype_name": "Pommier", "zip_code": null, "ownership": "public", "ownership_raw": "Ville de Saguenay", "city": "Saguenay", "source_dataset": "Inventaire des arbres répertoriés", "source_department": "Ville de Saguenay", "source_last_edit_at": ""}}, {"type": "Feature", "geometry": {"type": "Point", "coordinates": [-71.1595628994, 48.3976345006]}, "properties": {"id": "saguenay-8330", "species_group": "crabapple", "scientific_name": "Malus sp.", "common_name": "Pommier", "subtype_name": "Pommier", "zip_code": null, "ownership": "public", "ownership_raw": "Ville de Saguenay", "city": "Saguenay", "source_dataset": "Inventaire des arbres répertoriés", "source_department": "Ville de Saguenay", "source_last_edit_at": ""}}, {"type": "Feature", "geometry": {"type": "Point", "coordinates": [-71.1592105003, 48.3979682012]}, "properties": {"id": "saguenay-8333", "species_group": "crabapple", "scientific_name": "Malus sp.", "common_name": "Pommier", "subtype_name": "Pommier", "zip_code": null, "ownership": "public", "ownership_raw": "Ville de Saguenay", "city": "Saguenay", "source_dataset": "Inventaire des arbres répertoriés", "source_department": "Ville de Saguenay", "source_last_edit_at": ""}}, {"type": "Feature", "geometry": {"type": "Point", "coordinates": [-71.1586106676, 48.3987820183]}, "properties": {"id": "saguenay-8337", "species_group": "crabapple", "scientific_name": "Malus sp.", "common_name": "Pommier", "subtype_name": "Pommier", "zip_code": null, "ownership": "public", "ownership_raw": "Ville de Saguenay", "city": "Saguenay", "source_dataset": "Inventaire des arbres répertoriés", "source_department": "Ville de Saguenay", "source_last_edit_at": ""}}, {"type": "Feature", "geometry": {"type": "Point", "coordinates": [-71.1600057589, 48.3978465086]}, "properties": {"id": "saguenay-8365", "species_group": "crabapple", "scientific_name": "Malus sp.", "common_name": "Pommier", "subtype_name": "Pommier", "zip_code": null, "ownership": "public", "ownership_raw": "Ville de Saguenay", "city": "Saguenay", "source_dataset": "Inventaire des arbres répertoriés", "source_department": "Ville de Saguenay", "source_last_edit_at": ""}}, {"type": "Feature", "geometry": {"type": "Point", "coordinates": [-71.1603501418, 48.3971182482]}, "properties": {"id": "saguenay-8369", "species_group": "crabapple", "scientific_name": "Malus sp.", "common_name": "Pommier", "subtype_name": "Pommier", "zip_code": null, "ownership": "public", "ownership_raw": "Ville de Saguenay", "city": "Saguenay", "source_dataset": "Inventaire des arbres répertoriés", "source_department": "Ville de Saguenay", "source_last_edit_at": ""}}, {"type": "Feature", "geometry": {"type": "Point", "coordinates": [-71.1613498999, 48.396798301]}, "properties": {"id": "saguenay-8538", "species_group": "crabapple", "scientific_name": "Malus sp.", "common_name": "Pommier", "subtype_name": "Pommier", "zip_code": null, "ownership": "public", "ownership_raw": "Ville de Saguenay", "city": "Saguenay", "source_dataset": "Inventaire des arbres répertoriés", "source_department": "Ville de Saguenay", "source_last_edit_at": ""}}, {"type": "Feature", "geometry": {"type": "Point", "coordinates": [-71.1636927, 48.3969531013]}, "properties": {"id": "saguenay-8549", "species_group": "crabapple", "scientific_name": "Malus sp.", "common_name": "Pommier", "subtype_name": "Pommier", "zip_code": null, "ownership": "public", "ownership_raw": "Ville de Saguenay", "city": "Saguenay", "source_dataset": "Inventaire des arbres répertoriés", "source_department": "Ville de Saguenay", "source_last_edit_at": ""}}, {"type": "Feature", "geometry": {"type": "Point", "coordinates": [-71.1667317994, 48.399442401]}, "properties": {"id": "saguenay-8562", "species_group": "crabapple", "scientific_name": "Malus sp.", "common_name": "Pommier", "subtype_name": "Pommier", "zip_code": null, "ownership": "public", "ownership_raw": "Ville de Saguenay", "city": "Saguenay", "source_dataset": "Inventaire des arbres répertoriés", "source_department": "Ville de Saguenay", "source_last_edit_at": ""}}, {"type": "Feature", "geometry": {"type": "Point", "coordinates": [-71.1667908001, 48.3991248009]}, "properties": {"id": "saguenay-8564", "species_group": "crabapple", "scientific_name": "Malus sp.", "common_name": "Pommier", "subtype_name": "Pommier", "zip_code": null, "ownership": "public", "ownership_raw": "Ville de Saguenay", "city": "Saguenay", "source_dataset": "Inventaire des arbres répertoriés", "source_department": "Ville de Saguenay", "source_last_edit_at": ""}}, {"type": "Feature", "geometry": {"type": "Point", "coordinates": [-71.1627177998, 48.3993883004]}, "properties": {"id": "saguenay-8584", "species_group": "crabapple", "scientific_name": "Malus sp.", "common_name": "Pommier", "subtype_name": "Pommier", "zip_code": null, "ownership": "public", "ownership_raw": "Ville de Saguenay", "city": "Saguenay", "source_dataset": "Inventaire des arbres répertoriés", "source_department": "Ville de Saguenay", "source_last_edit_at": ""}}, {"type": "Feature", "geometry": {"type": "Point", "coordinates": [-71.1803509902, 48.4297356948]}, "properties": {"id": "saguenay-87", "species_group": "crabapple", "scientific_name": "Malus sp.", "common_name": "Pommier", "subtype_name": "Pommier", "zip_code": null, "ownership": "public", "ownership_raw": "Ville de Saguenay", "city": "Saguenay", "source_dataset": "Inventaire des arbres répertoriés", "source_department": "Ville de Saguenay", "source_last_edit_at": ""}}, {"type": "Feature", "geometry": {"type": "Point", "coordinates": [-71.1971979002, 48.4061274013]}, "properties": {"id": "saguenay-9123", "species_group": "crabapple", "scientific_name": "Malus sp.", "common_name": "Pommier", "subtype_name": "Pommier", "zip_code": null, "ownership": "public", "ownership_raw": "Ville de Saguenay", "city": "Saguenay", "source_dataset": "Inventaire des arbres répertoriés", "source_department": "Ville de Saguenay", "source_last_edit_at": ""}}, {"type": "Feature", "geometry": {"type": "Point", "coordinates": [-71.1802000996, 48.4326007003]}, "properties": {"id": "saguenay-913", "species_group": "crabapple", "scientific_name": "Malus sp.", "common_name": "Pommier", "subtype_name": "Pommier", "zip_code": null, "ownership": "public", "ownership_raw": "Ville de Saguenay", "city": "Saguenay", "source_dataset": "Inventaire des arbres répertoriés", "source_department": "Ville de Saguenay", "source_last_edit_at": ""}}, {"type": "Feature", "geometry": {"type": "Point", "coordinates": [-71.1958454997, 48.4062969006]}, "properties": {"id": "saguenay-9130", "species_group": "crabapple", "scientific_name": "Malus baccata", "common_name": "Pommier De Siberie", "subtype_name": "Pommier De Siberie", "zip_code": null, "ownership": "public", "ownership_raw": "Ville de Saguenay", "city": "Saguenay", "source_dataset": "Inventaire des arbres répertoriés", "source_department": "Ville de Saguenay", "source_last_edit_at": ""}}, {"type": "Feature", "geometry": {"type": "Point", "coordinates": [-71.1799641905, 48.4303959945]}, "properties": {"id": "saguenay-94", "species_group": "crabapple", "scientific_name": "Malus sp.", "common_name": "Pommier", "subtype_name": "Pommier", "zip_code": null, "ownership": "public", "ownership_raw": "Ville de Saguenay", "city": "Saguenay", "source_dataset": "Inventaire des arbres répertoriés", "source_department": "Ville de Saguenay", "source_last_edit_at": ""}}, {"type": "Feature", "geometry": {"type": "Point", "coordinates": [-71.236627, 48.4021606005]}, "properties": {"id": "saguenay-9464", "species_group": "crabapple", "scientific_name": "Malus sp.", "common_name": "Pommier", "subtype_name": "Pommier", "zip_code": null, "ownership": "public", "ownership_raw": "Ville de Saguenay", "city": "Saguenay", "source_dataset": "Inventaire des arbres répertoriés", "source_department": "Ville de Saguenay", "source_last_edit_at": ""}}, {"type": "Feature", "geometry": {"type": "Point", "coordinates": [-71.2421191001, 48.3987354006]}, "properties": {"id": "saguenay-9728", "species_group": "crabapple", "scientific_name": "Malus sp.", "common_name": "Pommier", "subtype_name": "Pommier", "zip_code": null, "ownership": "public", "ownership_raw": "Ville de Saguenay", "city": "Saguenay", "source_dataset": "Inventaire des arbres répertoriés", "source_department": "Ville de Saguenay", "source_last_edit_at": ""}}, {"type": "Feature", "geometry": {"type": "Point", "coordinates": [-71.2428977004, 48.3995874002]}, "properties": {"id": "saguenay-9936", "species_group": "crabapple", "scientific_name": "Malus sp.", "common_name": "Pommier", "subtype_name": "Pommier", "zip_code": null, "ownership": "public", "ownership_raw": "Ville de Saguenay", "city": "Saguenay", "source_dataset": "Inventaire des arbres répertoriés", "source_department": "Ville de Saguenay", "source_last_edit_at": ""}}, {"type": "Feature", "geometry": {"type": "Point", "coordinates": [-71.2442641378, 48.3978106941]}, "properties": {"id": "saguenay-9948", "species_group": "crabapple", "scientific_name": "Malus sp.", "common_name": "Pommier", "subtype_name": "Pommier", "zip_code": null, "ownership": "public", "ownership_raw": "Ville de Saguenay", "city": "Saguenay", "source_dataset": "Inventaire des arbres répertoriés", "source_department": "Ville de Saguenay", "source_last_edit_at": ""}}, {"type": "Feature", "geometry": {"type": "Point", "coordinates": [-71.2481262432, 48.3983553508]}, "properties": {"id": "saguenay-9960", "species_group": "crabapple", "scientific_name": "Malus sp.", "common_name": "Pommier", "subtype_name": "Pommier", "zip_code": null, "ownership": "public", "ownership_raw": "Ville de Saguenay", "city": "Saguenay", "source_dataset": "Inventaire des arbres répertoriés", "source_department": "Ville de Saguenay", "source_last_edit_at": ""}}]}