{"type": "FeatureCollection", "features": [{"type": "Feature", "geometry": {"type": "Point", "coordinates": [-77.23285340325697, 39.14782667352399]}, "properties": {"id": "gaithersburg-10189", "species_group": "crabapple", "scientific_name": "Malus floribunda", "common_name": "Crabapple", "subtype_name": "Malus floribunda", "zip_code": "20878", "ownership": "public", "ownership_raw": "City of Gaithersburg", "city": "Gaithersburg", "source_dataset": "Street Trees View", "source_department": "City of Gaithersburg", "source_last_edit_at": "2025-06-11T14:32:58.720000+00:00"}}, {"type": "Feature", "geometry": {"type": "Point", "coordinates": [-77.23280401756767, 39.14797005221353]}, "properties": {"id": "gaithersburg-10190", "species_group": "crabapple", "scientific_name": "Malus floribunda", "common_name": "Crabapple", "subtype_name": "Malus floribunda", "zip_code": "20878", "ownership": "public", "ownership_raw": "City of Gaithersburg", "city": "Gaithersburg", "source_dataset": "Street Trees View", "source_department": "City of Gaithersburg", "source_last_edit_at": "2025-06-11T14:32:58.720000+00:00"}}, {"type": "Feature", "geometry": {"type": "Point", "coordinates": [-77.23277616517068, 39.14805865790762]}, "properties": {"id": "gaithersburg-10191", "species_group": "crabapple", "scientific_name": "Malus floribunda", "common_name": "Crabapple", "subtype_name": "Malus floribunda", "zip_code": "20878", "ownership": "public", "ownership_raw": "City of Gaithersburg", "city": "Gaithersburg", "source_dataset": "Street Trees View", "source_department": "City of Gaithersburg", "source_last_edit_at": "2025-06-11T14:32:58.720000+00:00"}}, {"type": "Feature", "geometry": {"type": "Point", "coordinates": [-77.23251362700951, 39.14932651945646]}, "properties": {"id": "gaithersburg-10207", "species_group": "crabapple", "scientific_name": "Malus floribunda", "common_name": "Crabapple", "subtype_name": "Malus floribunda", "zip_code": "20878", "ownership": "public", "ownership_raw": "City of Gaithersburg", "city": "Gaithersburg", "source_dataset": "Street Trees View", "source_department": "City of Gaithersburg", "source_last_edit_at": "2025-06-11T14:32:58.720000+00:00"}}, {"type": "Feature", "geometry": {"type": "Point", "coordinates": [-77.23253262027646, 39.14922108485153]}, "properties": {"id": "gaithersburg-10208", "species_group": "crabapple", "scientific_name": "Malus floribunda", "common_name": "Crabapple", "subtype_name": "Malus floribunda", "zip_code": "20878", "ownership": "public", "ownership_raw": "City of Gaithersburg", "city": "Gaithersburg", "source_dataset": "Street Trees View", "source_department": "City of Gaithersburg", "source_last_edit_at": "2025-06-11T14:32:58.720000+00:00"}}, {"type": "Feature", "geometry": {"type": "Point", "coordinates": [-77.23254554613588, 39.14916492378055]}, "properties": {"id": "gaithersburg-10209", "species_group": "crabapple", "scientific_name": "Malus floribunda", "common_name": "Crabapple", "subtype_name": "Malus floribunda", "zip_code": "20878", "ownership": "public", "ownership_raw": "City of Gaithersburg", "city": "Gaithersburg", "source_dataset": "Street Trees View", "source_department": "City of Gaithersburg", "source_last_edit_at": "2025-06-11T14:32:58.720000+00:00"}}, {"type": "Feature", "geometry": {"type": "Point", "coordinates": [-77.23385588473973, 39.15411816666074]}, "properties": {"id": "gaithersburg-10282", "species_group": "cherry", "scientific_name": "Prunus serrulata", "common_name": "Japanese Flowering Cherry", "subtype_name": "Japanese Flowering Cherry", "zip_code": "20878", "ownership": "public", "ownership_raw": "City of Gaithersburg", "city": "Gaithersburg", "source_dataset": "Street Trees View", "source_department": "City of Gaithersburg", "source_last_edit_at": "2025-06-11T14:32:58.720000+00:00"}}, {"type": "Feature", "geometry": {"type": "Point", "coordinates": [-77.23437417129024, 39.15396123132376]}, "properties": {"id": "gaithersburg-10288", "species_group": "crabapple", "scientific_name": "Malus floribunda", "common_name": "Crabapple", "subtype_name": "Malus floribunda", "zip_code": "20878", "ownership": "public", "ownership_raw": "City of Gaithersburg", "city": "Gaithersburg", "source_dataset": "Street Trees View", "source_department": "City of Gaithersburg", "source_last_edit_at": "2025-06-11T14:32:58.720000+00:00"}}, {"type": "Feature", "geometry": {"type": "Point", "coordinates": [-77.23555480932129, 39.142265600348956]}, "properties": {"id": "gaithersburg-10375", "species_group": "cherry", "scientific_name": "Prunus serrulata", "common_name": "Japanese Flowering Cherry", "subtype_name": "Japanese Flowering Cherry", "zip_code": "20878", "ownership": "public", "ownership_raw": "City of Gaithersburg", "city": "Gaithersburg", "source_dataset": "Street Trees View", "source_department": "City of Gaithersburg", "source_last_edit_at": "2025-06-11T14:32:58.720000+00:00"}}, {"type": "Feature", "geometry": {"type": "Point", "coordinates": [-77.23556102121069, 39.14231241822503]}, "properties": {"id": "gaithersburg-10376", "species_group": "cherry", "scientific_name": "Prunus serrulata", "common_name": "Japanese Flowering Cherry", "subtype_name": "Japanese Flowering Cherry", "zip_code": "20878", "ownership": "public", "ownership_raw": "City of Gaithersburg", "city": "Gaithersburg", "source_dataset": "Street Trees View", "source_department": "City of Gaithersburg", "source_last_edit_at": "2025-06-11T14:32:58.720000+00:00"}}, {"type": "Feature", "geometry": {"type": "Point", "coordinates": [-77.23556240923959, 39.14235672988242]}, "properties": {"id": "gaithersburg-10377", "species_group": "cherry", "scientific_name": "Prunus serrulata", "common_name": "Japanese Flowering Cherry", "subtype_name": "Japanese Flowering Cherry", "zip_code": "20878", "ownership": "public", "ownership_raw": "City of Gaithersburg", "city": "Gaithersburg", "source_dataset": "Street Trees View", "source_department": "City of Gaithersburg", "source_last_edit_at": "2025-06-11T14:32:58.720000+00:00"}}, {"type": "Feature", "geometry": {"type": "Point", "coordinates": [-77.23779852864233, 39.14206372494054]}, "properties": {"id": "gaithersburg-10378", "species_group": "cherry", "scientific_name": "Prunus serrulata", "common_name": "Japanese Flowering Cherry", "subtype_name": "Japanese Flowering Cherry", "zip_code": "20878", "ownership": "public", "ownership_raw": "City of Gaithersburg", "city": "Gaithersburg", "source_dataset": "Street Trees View", "source_department": "City of Gaithersburg", "source_last_edit_at": "2025-06-11T14:32:58.720000+00:00"}}, {"type": "Feature", "geometry": {"type": "Point", "coordinates": [-77.21816495960717, 39.147725413374765]}, "properties": {"id": "gaithersburg-10412", "species_group": "cherry", "scientific_name": "Prunus serrulata", "common_name": "Japanese Flowering Cherry", "subtype_name": "Japanese Flowering Cherry", "zip_code": "20899", "ownership": "public", "ownership_raw": "City of Gaithersburg", "city": "Gaithersburg", "source_dataset": "Street Trees View", "source_department": "City of Gaithersburg", "source_last_edit_at": "2025-06-11T14:32:58.720000+00:00"}}, {"type": "Feature", "geometry": {"type": "Point", "coordinates": [-77.21826732670208, 39.14769623271118]}, "properties": {"id": "gaithersburg-10413", "species_group": "cherry", "scientific_name": "Prunus serrulata", "common_name": "Japanese Flowering Cherry", "subtype_name": "Japanese Flowering Cherry", "zip_code": "20899", "ownership": "public", "ownership_raw": "City of Gaithersburg", "city": "Gaithersburg", "source_dataset": "Street Trees View", "source_department": "City of Gaithersburg", "source_last_edit_at": "2025-06-11T14:32:58.720000+00:00"}}, {"type": "Feature", "geometry": {"type": "Point", "coordinates": [-77.21811364429766, 39.14772723386845]}, "properties": {"id": "gaithersburg-10414", "species_group": "cherry", "scientific_name": "Prunus serrulata", "common_name": "Japanese Flowering Cherry", "subtype_name": "Japanese Flowering Cherry", "zip_code": "20899", "ownership": "public", "ownership_raw": "City of Gaithersburg", "city": "Gaithersburg", "source_dataset": "Street Trees View", "source_department": "City of Gaithersburg", "source_last_edit_at": "2025-06-11T14:32:58.720000+00:00"}}, {"type": "Feature", "geometry": {"type": "Point", "coordinates": [-77.2180528235057, 39.14773140686724]}, "properties": {"id": "gaithersburg-10415", "species_group": "cherry", "scientific_name": "Prunus serrulata", "common_name": "Japanese Flowering Cherry", "subtype_name": "Japanese Flowering Cherry", "zip_code": "20899", "ownership": "public", "ownership_raw": "City of Gaithersburg", "city": "Gaithersburg", "source_dataset": "Street Trees View", "source_department": "City of Gaithersburg", "source_last_edit_at": "2025-06-11T14:32:58.720000+00:00"}}, {"type": "Feature", "geometry": {"type": "Point", "coordinates": [-77.21797361829728, 39.14768656780244]}, "properties": {"id": "gaithersburg-10416", "species_group": "cherry", "scientific_name": "Prunus serrulata", "common_name": "Japanese Flowering Cherry", "subtype_name": "Japanese Flowering Cherry", "zip_code": "20899", "ownership": "public", "ownership_raw": "City of Gaithersburg", "city": "Gaithersburg", "source_dataset": "Street Trees View", "source_department": "City of Gaithersburg", "source_last_edit_at": "2025-06-11T14:32:58.720000+00:00"}}, {"type": "Feature", "geometry": {"type": "Point", "coordinates": [-77.21776447421705, 39.14783225029212]}, "properties": {"id": "gaithersburg-10417", "species_group": "cherry", "scientific_name": "Prunus serrulata", "common_name": "Japanese Flowering Cherry", "subtype_name": "Japanese Flowering Cherry", "zip_code": "20899", "ownership": "public", "ownership_raw": "City of Gaithersburg", "city": "Gaithersburg", "source_dataset": "Street Trees View", "source_department": "City of Gaithersburg", "source_last_edit_at": "2025-06-11T14:32:58.720000+00:00"}}, {"type": "Feature", "geometry": {"type": "Point", "coordinates": [-77.21783206198747, 39.14794149324423]}, "properties": {"id": "gaithersburg-10418", "species_group": "cherry", "scientific_name": "Prunus serrulata", "common_name": "Japanese Flowering Cherry", "subtype_name": "Japanese Flowering Cherry", "zip_code": "20899", "ownership": "public", "ownership_raw": "City of Gaithersburg", "city": "Gaithersburg", "source_dataset": "Street Trees View", "source_department": "City of Gaithersburg", "source_last_edit_at": "2025-06-11T14:32:58.720000+00:00"}}, {"type": "Feature", "geometry": {"type": "Point", "coordinates": [-77.21784256561789, 39.14796661837843]}, "properties": {"id": "gaithersburg-10419", "species_group": "cherry", "scientific_name": "Prunus serrulata", "common_name": "Japanese Flowering Cherry", "subtype_name": "Japanese Flowering Cherry", "zip_code": "20899", "ownership": "public", "ownership_raw": "City of Gaithersburg", "city": "Gaithersburg", "source_dataset": "Street Trees View", "source_department": "City of Gaithersburg", "source_last_edit_at": "2025-06-11T14:32:58.720000+00:00"}}, {"type": "Feature", "geometry": {"type": "Point", "coordinates": [-77.2178290583559, 39.14798664191366]}, "properties": {"id": "gaithersburg-10420", "species_group": "cherry", "scientific_name": "Prunus serrulata", "common_name": "Japanese Flowering Cherry", "subtype_name": "Japanese Flowering Cherry", "zip_code": "20899", "ownership": "public", "ownership_raw": "City of Gaithersburg", "city": "Gaithersburg", "source_dataset": "Street Trees View", "source_department": "City of Gaithersburg", "source_last_edit_at": "2025-06-11T14:32:58.720000+00:00"}}, {"type": "Feature", "geometry": {"type": "Point", "coordinates": [-77.21779281853259, 39.14802536213867]}, "properties": {"id": "gaithersburg-10421", "species_group": "cherry", "scientific_name": "Prunus serrulata", "common_name": "Japanese Flowering Cherry", "subtype_name": "Japanese Flowering Cherry", "zip_code": "20899", "ownership": "public", "ownership_raw": "City of Gaithersburg", "city": "Gaithersburg", "source_dataset": "Street Trees View", "source_department": "City of Gaithersburg", "source_last_edit_at": "2025-06-11T14:32:58.720000+00:00"}}, {"type": "Feature", "geometry": {"type": "Point", "coordinates": [-77.21769903849496, 39.14199286671338]}, "properties": {"id": "gaithersburg-10438", "species_group": "cherry", "scientific_name": "Prunus serrulata", "common_name": "Japanese Flowering Cherry", "subtype_name": "Japanese Flowering Cherry", "zip_code": "20878", "ownership": "public", "ownership_raw": "City of Gaithersburg", "city": "Gaithersburg", "source_dataset": "Street Trees View", "source_department": "City of Gaithersburg", "source_last_edit_at": "2025-06-11T14:32:58.720000+00:00"}}, {"type": "Feature", "geometry": {"type": "Point", "coordinates": [-77.21739452111629, 39.141901599754554]}, "properties": {"id": "gaithersburg-10439", "species_group": "cherry", "scientific_name": "Prunus serrulata", "common_name": "Japanese Flowering Cherry", "subtype_name": "Japanese Flowering Cherry", "zip_code": "20899", "ownership": "public", "ownership_raw": "City of Gaithersburg", "city": "Gaithersburg", "source_dataset": "Street Trees View", "source_department": "City of Gaithersburg", "source_last_edit_at": "2025-06-11T14:32:58.720000+00:00"}}, {"type": "Feature", "geometry": {"type": "Point", "coordinates": [-77.22045167134372, 39.14308392968975]}, "properties": {"id": "gaithersburg-10444", "species_group": "cherry", "scientific_name": "Prunus serrulata", "common_name": "Japanese Flowering Cherry", "subtype_name": "Japanese Flowering Cherry", "zip_code": "20878", "ownership": "public", "ownership_raw": "City of Gaithersburg", "city": "Gaithersburg", "source_dataset": "Street Trees View", "source_department": "City of Gaithersburg", "source_last_edit_at": "2025-06-11T14:32:58.720000+00:00"}}, {"type": "Feature", "geometry": {"type": "Point", "coordinates": [-77.22047065135807, 39.14301375119129]}, "properties": {"id": "gaithersburg-10445", "species_group": "cherry", "scientific_name": "Prunus serrulata", "common_name": "Japanese Flowering Cherry", "subtype_name": "Japanese Flowering Cherry", "zip_code": "20878", "ownership": "public", "ownership_raw": "City of Gaithersburg", "city": "Gaithersburg", "source_dataset": "Street Trees View", "source_department": "City of Gaithersburg", "source_last_edit_at": "2025-06-11T14:32:58.720000+00:00"}}, {"type": "Feature", "geometry": {"type": "Point", "coordinates": [-77.2204856927752, 39.14294289639581]}, "properties": {"id": "gaithersburg-10446", "species_group": "cherry", "scientific_name": "Prunus serrulata", "common_name": "Japanese Flowering Cherry", "subtype_name": "Japanese Flowering Cherry", "zip_code": "20878", "ownership": "public", "ownership_raw": "City of Gaithersburg", "city": "Gaithersburg", "source_dataset": "Street Trees View", "source_department": "City of Gaithersburg", "source_last_edit_at": "2025-06-11T14:32:58.720000+00:00"}}, {"type": "Feature", "geometry": {"type": "Point", "coordinates": [-77.22047856415175, 39.142870329455086]}, "properties": {"id": "gaithersburg-10447", "species_group": "cherry", "scientific_name": "Prunus serrulata", "common_name": "Japanese Flowering Cherry", "subtype_name": "Japanese Flowering Cherry", "zip_code": "20878", "ownership": "public", "ownership_raw": "City of Gaithersburg", "city": "Gaithersburg", "source_dataset": "Street Trees View", "source_department": "City of Gaithersburg", "source_last_edit_at": "2025-06-11T14:32:58.720000+00:00"}}, {"type": "Feature", "geometry": {"type": "Point", "coordinates": [-77.220435231958, 39.142810667770185]}, "properties": {"id": "gaithersburg-10448", "species_group": "cherry", "scientific_name": "Prunus serrulata", "common_name": "Japanese Flowering Cherry", "subtype_name": "Japanese Flowering Cherry", "zip_code": "20878", "ownership": "public", "ownership_raw": "City of Gaithersburg", "city": "Gaithersburg", "source_dataset": "Street Trees View", "source_department": "City of Gaithersburg", "source_last_edit_at": "2025-06-11T14:32:58.720000+00:00"}}, {"type": "Feature", "geometry": {"type": "Point", "coordinates": [-77.22028638571373, 39.142726260579764]}, "properties": {"id": "gaithersburg-10465", "species_group": "cherry", "scientific_name": "Prunus serrulata", "common_name": "Japanese Flowering Cherry", "subtype_name": "Japanese Flowering Cherry", "zip_code": "20878", "ownership": "public", "ownership_raw": "City of Gaithersburg", "city": "Gaithersburg", "source_dataset": "Street Trees View", "source_department": "City of Gaithersburg", "source_last_edit_at": "2025-06-11T14:32:58.720000+00:00"}}, {"type": "Feature", "geometry": {"type": "Point", "coordinates": [-77.20962015057965, 39.140772287640154]}, "properties": {"id": "gaithersburg-10473", "species_group": "cherry", "scientific_name": "Prunus serrulata", "common_name": "Japanese Flowering Cherry", "subtype_name": "Japanese Flowering Cherry", "zip_code": "20877", "ownership": "public", "ownership_raw": "City of Gaithersburg", "city": "Gaithersburg", "source_dataset": "Street Trees View", "source_department": "City of Gaithersburg", "source_last_edit_at": "2025-06-11T14:32:58.720000+00:00"}}, {"type": "Feature", "geometry": {"type": "Point", "coordinates": [-77.20960853406565, 39.14094193283534]}, "properties": {"id": "gaithersburg-10474", "species_group": "cherry", "scientific_name": "Prunus serrulata", "common_name": "Japanese Flowering Cherry", "subtype_name": "Japanese Flowering Cherry", "zip_code": "20877", "ownership": "public", "ownership_raw": "City of Gaithersburg", "city": "Gaithersburg", "source_dataset": "Street Trees View", "source_department": "City of Gaithersburg", "source_last_edit_at": "2025-06-11T14:32:58.720000+00:00"}}, {"type": "Feature", "geometry": {"type": "Point", "coordinates": [-77.20961184316732, 39.14084963903985]}, "properties": {"id": "gaithersburg-10475", "species_group": "cherry", "scientific_name": "Prunus serrulata", "common_name": "Japanese Flowering Cherry", "subtype_name": "Japanese Flowering Cherry", "zip_code": "20877", "ownership": "public", "ownership_raw": "City of Gaithersburg", "city": "Gaithersburg", "source_dataset": "Street Trees View", "source_department": "City of Gaithersburg", "source_last_edit_at": "2025-06-11T14:32:58.720000+00:00"}}, {"type": "Feature", "geometry": {"type": "Point", "coordinates": [-77.20960243627962, 39.14103154905817]}, "properties": {"id": "gaithersburg-10476", "species_group": "cherry", "scientific_name": "Prunus serrulata", "common_name": "Japanese Flowering Cherry", "subtype_name": "Japanese Flowering Cherry", "zip_code": "20877", "ownership": "public", "ownership_raw": "City of Gaithersburg", "city": "Gaithersburg", "source_dataset": "Street Trees View", "source_department": "City of Gaithersburg", "source_last_edit_at": "2025-06-11T14:32:58.720000+00:00"}}, {"type": "Feature", "geometry": {"type": "Point", "coordinates": [-77.20935909405966, 39.14076538479102]}, "properties": {"id": "gaithersburg-10477", "species_group": "cherry", "scientific_name": "Prunus serrulata", "common_name": "Japanese Flowering Cherry", "subtype_name": "Japanese Flowering Cherry", "zip_code": "20877", "ownership": "public", "ownership_raw": "City of Gaithersburg", "city": "Gaithersburg", "source_dataset": "Street Trees View", "source_department": "City of Gaithersburg", "source_last_edit_at": "2025-06-11T14:32:58.720000+00:00"}}, {"type": "Feature", "geometry": {"type": "Point", "coordinates": [-77.20935304370354, 39.14085156890446]}, "properties": {"id": "gaithersburg-10478", "species_group": "cherry", "scientific_name": "Prunus serrulata", "common_name": "Japanese Flowering Cherry", "subtype_name": "Japanese Flowering Cherry", "zip_code": "20877", "ownership": "public", "ownership_raw": "City of Gaithersburg", "city": "Gaithersburg", "source_dataset": "Street Trees View", "source_department": "City of Gaithersburg", "source_last_edit_at": "2025-06-11T14:32:58.720000+00:00"}}, {"type": "Feature", "geometry": {"type": "Point", "coordinates": [-77.20934429109644, 39.14098563580301]}, "properties": {"id": "gaithersburg-10479", "species_group": "cherry", "scientific_name": "Prunus serrulata", "common_name": "Japanese Flowering Cherry", "subtype_name": "Japanese Flowering Cherry", "zip_code": "20877", "ownership": "public", "ownership_raw": "City of Gaithersburg", "city": "Gaithersburg", "source_dataset": "Street Trees View", "source_department": "City of Gaithersburg", "source_last_edit_at": "2025-06-11T14:32:58.720000+00:00"}}, {"type": "Feature", "geometry": {"type": "Point", "coordinates": [-77.20934536106296, 39.141094439577635]}, "properties": {"id": "gaithersburg-10480", "species_group": "cherry", "scientific_name": "Prunus serrulata", "common_name": "Japanese Flowering Cherry", "subtype_name": "Japanese Flowering Cherry", "zip_code": "20877", "ownership": "public", "ownership_raw": "City of Gaithersburg", "city": "Gaithersburg", "source_dataset": "Street Trees View", "source_department": "City of Gaithersburg", "source_last_edit_at": "2025-06-11T14:32:58.720000+00:00"}}, {"type": "Feature", "geometry": {"type": "Point", "coordinates": [-77.20935760168295, 39.14123508348724]}, "properties": {"id": "gaithersburg-10481", "species_group": "cherry", "scientific_name": "Prunus serrulata", "common_name": "Japanese Flowering Cherry", "subtype_name": "Japanese Flowering Cherry", "zip_code": "20877", "ownership": "public", "ownership_raw": "City of Gaithersburg", "city": "Gaithersburg", "source_dataset": "Street Trees View", "source_department": "City of Gaithersburg", "source_last_edit_at": "2025-06-11T14:32:58.720000+00:00"}}, {"type": "Feature", "geometry": {"type": "Point", "coordinates": [-77.20946856216759, 39.14076935629605]}, "properties": {"id": "gaithersburg-10482", "species_group": "cherry", "scientific_name": "Prunus serrulata", "common_name": "Japanese Flowering Cherry", "subtype_name": "Japanese Flowering Cherry", "zip_code": "20877", "ownership": "public", "ownership_raw": "City of Gaithersburg", "city": "Gaithersburg", "source_dataset": "Street Trees View", "source_department": "City of Gaithersburg", "source_last_edit_at": "2025-06-11T14:32:58.720000+00:00"}}, {"type": "Feature", "geometry": {"type": "Point", "coordinates": [-77.20946458157366, 39.14084659366008]}, "properties": {"id": "gaithersburg-10483", "species_group": "cherry", "scientific_name": "Prunus serrulata", "common_name": "Japanese Flowering Cherry", "subtype_name": "Japanese Flowering Cherry", "zip_code": "20877", "ownership": "public", "ownership_raw": "City of Gaithersburg", "city": "Gaithersburg", "source_dataset": "Street Trees View", "source_department": "City of Gaithersburg", "source_last_edit_at": "2025-06-11T14:32:58.720000+00:00"}}, {"type": "Feature", "geometry": {"type": "Point", "coordinates": [-77.20945387263188, 39.140938870046156]}, "properties": {"id": "gaithersburg-10484", "species_group": "cherry", "scientific_name": "Prunus serrulata", "common_name": "Japanese Flowering Cherry", "subtype_name": "Japanese Flowering Cherry", "zip_code": "20877", "ownership": "public", "ownership_raw": "City of Gaithersburg", "city": "Gaithersburg", "source_dataset": "Street Trees View", "source_department": "City of Gaithersburg", "source_last_edit_at": "2025-06-11T14:32:58.720000+00:00"}}, {"type": "Feature", "geometry": {"type": "Point", "coordinates": [-77.20945323956106, 39.14105417967695]}, "properties": {"id": "gaithersburg-10485", "species_group": "cherry", "scientific_name": "Prunus serrulata", "common_name": "Japanese Flowering Cherry", "subtype_name": "Japanese Flowering Cherry", "zip_code": "20877", "ownership": "public", "ownership_raw": "City of Gaithersburg", "city": "Gaithersburg", "source_dataset": "Street Trees View", "source_department": "City of Gaithersburg", "source_last_edit_at": "2025-06-11T14:32:58.720000+00:00"}}, {"type": "Feature", "geometry": {"type": "Point", "coordinates": [-77.20946251404929, 39.14116757453518]}, "properties": {"id": "gaithersburg-10486", "species_group": "cherry", "scientific_name": "Prunus serrulata", "common_name": "Japanese Flowering Cherry", "subtype_name": "Japanese Flowering Cherry", "zip_code": "20877", "ownership": "public", "ownership_raw": "City of Gaithersburg", "city": "Gaithersburg", "source_dataset": "Street Trees View", "source_department": "City of Gaithersburg", "source_last_edit_at": "2025-06-11T14:32:58.720000+00:00"}}, {"type": "Feature", "geometry": {"type": "Point", "coordinates": [-77.2094732172036, 39.14127667456609]}, "properties": {"id": "gaithersburg-10487", "species_group": "cherry", "scientific_name": "Prunus serrulata", "common_name": "Japanese Flowering Cherry", "subtype_name": "Japanese Flowering Cherry", "zip_code": "20877", "ownership": "public", "ownership_raw": "City of Gaithersburg", "city": "Gaithersburg", "source_dataset": "Street Trees View", "source_department": "City of Gaithersburg", "source_last_edit_at": "2025-06-11T14:32:58.720000+00:00"}}, {"type": "Feature", "geometry": {"type": "Point", "coordinates": [-77.20933552406055, 39.141594057602866]}, "properties": {"id": "gaithersburg-10488", "species_group": "cherry", "scientific_name": "Prunus serrulata", "common_name": "Japanese Flowering Cherry", "subtype_name": "Japanese Flowering Cherry", "zip_code": "20877", "ownership": "public", "ownership_raw": "City of Gaithersburg", "city": "Gaithersburg", "source_dataset": "Street Trees View", "source_department": "City of Gaithersburg", "source_last_edit_at": "2025-06-11T14:32:58.720000+00:00"}}, {"type": "Feature", "geometry": {"type": "Point", "coordinates": [-77.20932570001712, 39.14170488957846]}, "properties": {"id": "gaithersburg-10489", "species_group": "cherry", "scientific_name": "Prunus serrulata", "common_name": "Japanese Flowering Cherry", "subtype_name": "Japanese Flowering Cherry", "zip_code": "20877", "ownership": "public", "ownership_raw": "City of Gaithersburg", "city": "Gaithersburg", "source_dataset": "Street Trees View", "source_department": "City of Gaithersburg", "source_last_edit_at": "2025-06-11T14:32:58.720000+00:00"}}, {"type": "Feature", "geometry": {"type": "Point", "coordinates": [-77.20932250765075, 39.14180004044633]}, "properties": {"id": "gaithersburg-10490", "species_group": "cherry", "scientific_name": "Prunus serrulata", "common_name": "Japanese Flowering Cherry", "subtype_name": "Japanese Flowering Cherry", "zip_code": "20877", "ownership": "public", "ownership_raw": "City of Gaithersburg", "city": "Gaithersburg", "source_dataset": "Street Trees View", "source_department": "City of Gaithersburg", "source_last_edit_at": "2025-06-11T14:32:58.720000+00:00"}}, {"type": "Feature", "geometry": {"type": "Point", "coordinates": [-77.20934299448876, 39.142074138026565]}, "properties": {"id": "gaithersburg-10491", "species_group": "cherry", "scientific_name": "Prunus serrulata", "common_name": "Japanese Flowering Cherry", "subtype_name": "Japanese Flowering Cherry", "zip_code": "20877", "ownership": "public", "ownership_raw": "City of Gaithersburg", "city": "Gaithersburg", "source_dataset": "Street Trees View", "source_department": "City of Gaithersburg", "source_last_edit_at": "2025-06-11T14:32:58.720000+00:00"}}, {"type": "Feature", "geometry": {"type": "Point", "coordinates": [-77.20936809332514, 39.142182838505285]}, "properties": {"id": "gaithersburg-10492", "species_group": "cherry", "scientific_name": "Prunus serrulata", "common_name": "Japanese Flowering Cherry", "subtype_name": "Japanese Flowering Cherry", "zip_code": "20877", "ownership": "public", "ownership_raw": "City of Gaithersburg", "city": "Gaithersburg", "source_dataset": "Street Trees View", "source_department": "City of Gaithersburg", "source_last_edit_at": "2025-06-11T14:32:58.720000+00:00"}}, {"type": "Feature", "geometry": {"type": "Point", "coordinates": [-77.20940526190854, 39.14229550882133]}, "properties": {"id": "gaithersburg-10493", "species_group": "cherry", "scientific_name": "Prunus serrulata", "common_name": "Japanese Flowering Cherry", "subtype_name": "Japanese Flowering Cherry", "zip_code": "20877", "ownership": "public", "ownership_raw": "City of Gaithersburg", "city": "Gaithersburg", "source_dataset": "Street Trees View", "source_department": "City of Gaithersburg", "source_last_edit_at": "2025-06-11T14:32:58.720000+00:00"}}, {"type": "Feature", "geometry": {"type": "Point", "coordinates": [-77.20944902221186, 39.14240321839948]}, "properties": {"id": "gaithersburg-10494", "species_group": "cherry", "scientific_name": "Prunus serrulata", "common_name": "Japanese Flowering Cherry", "subtype_name": "Japanese Flowering Cherry", "zip_code": "20877", "ownership": "public", "ownership_raw": "City of Gaithersburg", "city": "Gaithersburg", "source_dataset": "Street Trees View", "source_department": "City of Gaithersburg", "source_last_edit_at": "2025-06-11T14:32:58.720000+00:00"}}, {"type": "Feature", "geometry": {"type": "Point", "coordinates": [-77.20955796399326, 39.142600964422975]}, "properties": {"id": "gaithersburg-10495", "species_group": "cherry", "scientific_name": "Prunus serrulata", "common_name": "Japanese Flowering Cherry", "subtype_name": "Japanese Flowering Cherry", "zip_code": "20877", "ownership": "public", "ownership_raw": "City of Gaithersburg", "city": "Gaithersburg", "source_dataset": "Street Trees View", "source_department": "City of Gaithersburg", "source_last_edit_at": "2025-06-11T14:32:58.720000+00:00"}}, {"type": "Feature", "geometry": {"type": "Point", "coordinates": [-77.20962914238817, 39.14270050067685]}, "properties": {"id": "gaithersburg-10496", "species_group": "cherry", "scientific_name": "Prunus serrulata", "common_name": "Japanese Flowering Cherry", "subtype_name": "Japanese Flowering Cherry", "zip_code": "20877", "ownership": "public", "ownership_raw": "City of Gaithersburg", "city": "Gaithersburg", "source_dataset": "Street Trees View", "source_department": "City of Gaithersburg", "source_last_edit_at": "2025-06-11T14:32:58.720000+00:00"}}, {"type": "Feature", "geometry": {"type": "Point", "coordinates": [-77.20971290281406, 39.14280583618969]}, "properties": {"id": "gaithersburg-10497", "species_group": "cherry", "scientific_name": "Prunus serrulata", "common_name": "Japanese Flowering Cherry", "subtype_name": "Japanese Flowering Cherry", "zip_code": "20877", "ownership": "public", "ownership_raw": "City of Gaithersburg", "city": "Gaithersburg", "source_dataset": "Street Trees View", "source_department": "City of Gaithersburg", "source_last_edit_at": "2025-06-11T14:32:58.720000+00:00"}}, {"type": "Feature", "geometry": {"type": "Point", "coordinates": [-77.20995439630869, 39.143033079736256]}, "properties": {"id": "gaithersburg-10498", "species_group": "cherry", "scientific_name": "Prunus serrulata", "common_name": "Japanese Flowering Cherry", "subtype_name": "Japanese Flowering Cherry", "zip_code": "20877", "ownership": "public", "ownership_raw": "City of Gaithersburg", "city": "Gaithersburg", "source_dataset": "Street Trees View", "source_department": "City of Gaithersburg", "source_last_edit_at": "2025-06-11T14:32:58.720000+00:00"}}, {"type": "Feature", "geometry": {"type": "Point", "coordinates": [-77.21010317402283, 39.14314012530475]}, "properties": {"id": "gaithersburg-10499", "species_group": "cherry", "scientific_name": "Prunus serrulata", "common_name": "Japanese Flowering Cherry", "subtype_name": "Japanese Flowering Cherry", "zip_code": "20877", "ownership": "public", "ownership_raw": "City of Gaithersburg", "city": "Gaithersburg", "source_dataset": "Street Trees View", "source_department": "City of Gaithersburg", "source_last_edit_at": "2025-06-11T14:32:58.720000+00:00"}}, {"type": "Feature", "geometry": {"type": "Point", "coordinates": [-77.21027438024959, 39.143239183677494]}, "properties": {"id": "gaithersburg-10500", "species_group": "cherry", "scientific_name": "Prunus serrulata", "common_name": "Japanese Flowering Cherry", "subtype_name": "Japanese Flowering Cherry", "zip_code": "20877", "ownership": "public", "ownership_raw": "City of Gaithersburg", "city": "Gaithersburg", "source_dataset": "Street Trees View", "source_department": "City of Gaithersburg", "source_last_edit_at": "2025-06-11T14:32:58.720000+00:00"}}, {"type": "Feature", "geometry": {"type": "Point", "coordinates": [-77.21120904258316, 39.14357379839845]}, "properties": {"id": "gaithersburg-10501", "species_group": "cherry", "scientific_name": "Prunus serrulata", "common_name": "Japanese Flowering Cherry", "subtype_name": "Japanese Flowering Cherry", "zip_code": "20877", "ownership": "public", "ownership_raw": "City of Gaithersburg", "city": "Gaithersburg", "source_dataset": "Street Trees View", "source_department": "City of Gaithersburg", "source_last_edit_at": "2025-06-11T14:32:58.720000+00:00"}}, {"type": "Feature", "geometry": {"type": "Point", "coordinates": [-77.21143864116871, 39.143645394632216]}, "properties": {"id": "gaithersburg-10502", "species_group": "cherry", "scientific_name": "Prunus serrulata", "common_name": "Japanese Flowering Cherry", "subtype_name": "Japanese Flowering Cherry", "zip_code": "20877", "ownership": "public", "ownership_raw": "City of Gaithersburg", "city": "Gaithersburg", "source_dataset": "Street Trees View", "source_department": "City of Gaithersburg", "source_last_edit_at": "2025-06-11T14:32:58.720000+00:00"}}, {"type": "Feature", "geometry": {"type": "Point", "coordinates": [-77.21156556120962, 39.14368348979251]}, "properties": {"id": "gaithersburg-10503", "species_group": "cherry", "scientific_name": "Prunus serrulata", "common_name": "Japanese Flowering Cherry", "subtype_name": "Japanese Flowering Cherry", "zip_code": "20877", "ownership": "public", "ownership_raw": "City of Gaithersburg", "city": "Gaithersburg", "source_dataset": "Street Trees View", "source_department": "City of Gaithersburg", "source_last_edit_at": "2025-06-11T14:32:58.720000+00:00"}}, {"type": "Feature", "geometry": {"type": "Point", "coordinates": [-77.21169285493099, 39.14372194175441]}, "properties": {"id": "gaithersburg-10504", "species_group": "cherry", "scientific_name": "Prunus serrulata", "common_name": "Japanese Flowering Cherry", "subtype_name": "Japanese Flowering Cherry", "zip_code": "20877", "ownership": "public", "ownership_raw": "City of Gaithersburg", "city": "Gaithersburg", "source_dataset": "Street Trees View", "source_department": "City of Gaithersburg", "source_last_edit_at": "2025-06-11T14:32:58.720000+00:00"}}, {"type": "Feature", "geometry": {"type": "Point", "coordinates": [-77.21184621555432, 39.14377009393256]}, "properties": {"id": "gaithersburg-10505", "species_group": "cherry", "scientific_name": "Prunus serrulata", "common_name": "Japanese Flowering Cherry", "subtype_name": "Japanese Flowering Cherry", "zip_code": "20877", "ownership": "public", "ownership_raw": "City of Gaithersburg", "city": "Gaithersburg", "source_dataset": "Street Trees View", "source_department": "City of Gaithersburg", "source_last_edit_at": "2025-06-11T14:32:58.720000+00:00"}}, {"type": "Feature", "geometry": {"type": "Point", "coordinates": [-77.2119823057411, 39.14381165993142]}, "properties": {"id": "gaithersburg-10506", "species_group": "cherry", "scientific_name": "Prunus serrulata", "common_name": "Japanese Flowering Cherry", "subtype_name": "Japanese Flowering Cherry", "zip_code": "20877", "ownership": "public", "ownership_raw": "City of Gaithersburg", "city": "Gaithersburg", "source_dataset": "Street Trees View", "source_department": "City of Gaithersburg", "source_last_edit_at": "2025-06-11T14:32:58.720000+00:00"}}, {"type": "Feature", "geometry": {"type": "Point", "coordinates": [-77.2121239690264, 39.143851924854886]}, "properties": {"id": "gaithersburg-10507", "species_group": "cherry", "scientific_name": "Prunus serrulata", "common_name": "Japanese Flowering Cherry", "subtype_name": "Japanese Flowering Cherry", "zip_code": "20877", "ownership": "public", "ownership_raw": "City of Gaithersburg", "city": "Gaithersburg", "source_dataset": "Street Trees View", "source_department": "City of Gaithersburg", "source_last_edit_at": "2025-06-11T14:32:58.720000+00:00"}}, {"type": "Feature", "geometry": {"type": "Point", "coordinates": [-77.21242057436537, 39.143942395575706]}, "properties": {"id": "gaithersburg-10508", "species_group": "cherry", "scientific_name": "Prunus serrulata", "common_name": "Japanese Flowering Cherry", "subtype_name": "Japanese Flowering Cherry", "zip_code": "20877", "ownership": "public", "ownership_raw": "City of Gaithersburg", "city": "Gaithersburg", "source_dataset": "Street Trees View", "source_department": "City of Gaithersburg", "source_last_edit_at": "2025-06-11T14:32:58.720000+00:00"}}, {"type": "Feature", "geometry": {"type": "Point", "coordinates": [-77.21268126843836, 39.144019402626164]}, "properties": {"id": "gaithersburg-10509", "species_group": "cherry", "scientific_name": "Prunus serrulata", "common_name": "Japanese Flowering Cherry", "subtype_name": "Japanese Flowering Cherry", "zip_code": "20877", "ownership": "public", "ownership_raw": "City of Gaithersburg", "city": "Gaithersburg", "source_dataset": "Street Trees View", "source_department": "City of Gaithersburg", "source_last_edit_at": "2025-06-11T14:32:58.720000+00:00"}}, {"type": "Feature", "geometry": {"type": "Point", "coordinates": [-77.21281090051541, 39.14406148292044]}, "properties": {"id": "gaithersburg-10510", "species_group": "cherry", "scientific_name": "Prunus serrulata", "common_name": "Japanese Flowering Cherry", "subtype_name": "Japanese Flowering Cherry", "zip_code": "20877", "ownership": "public", "ownership_raw": "City of Gaithersburg", "city": "Gaithersburg", "source_dataset": "Street Trees View", "source_department": "City of Gaithersburg", "source_last_edit_at": "2025-06-11T14:32:58.720000+00:00"}}, {"type": "Feature", "geometry": {"type": "Point", "coordinates": [-77.2102188110311, 39.14899942411388]}, "properties": {"id": "gaithersburg-10541", "species_group": "crabapple", "scientific_name": "Malus floribunda", "common_name": "Crabapple", "subtype_name": "Malus floribunda", "zip_code": "20877", "ownership": "public", "ownership_raw": "City of Gaithersburg", "city": "Gaithersburg", "source_dataset": "Street Trees View", "source_department": "City of Gaithersburg", "source_last_edit_at": "2025-06-11T14:32:58.720000+00:00"}}, {"type": "Feature", "geometry": {"type": "Point", "coordinates": [-77.21278082304056, 39.14389374812439]}, "properties": {"id": "gaithersburg-10546", "species_group": "cherry", "scientific_name": "Prunus serrulata", "common_name": "Japanese Flowering Cherry", "subtype_name": "Japanese Flowering Cherry", "zip_code": "20877", "ownership": "public", "ownership_raw": "City of Gaithersburg", "city": "Gaithersburg", "source_dataset": "Street Trees View", "source_department": "City of Gaithersburg", "source_last_edit_at": "2025-06-11T14:32:58.720000+00:00"}}, {"type": "Feature", "geometry": {"type": "Point", "coordinates": [-77.21263668946891, 39.14384571194826]}, "properties": {"id": "gaithersburg-10547", "species_group": "cherry", "scientific_name": "Prunus serrulata", "common_name": "Japanese Flowering Cherry", "subtype_name": "Japanese Flowering Cherry", "zip_code": "20877", "ownership": "public", "ownership_raw": "City of Gaithersburg", "city": "Gaithersburg", "source_dataset": "Street Trees View", "source_department": "City of Gaithersburg", "source_last_edit_at": "2025-06-11T14:32:58.720000+00:00"}}, {"type": "Feature", "geometry": {"type": "Point", "coordinates": [-77.21247336652188, 39.14379735096034]}, "properties": {"id": "gaithersburg-10548", "species_group": "cherry", "scientific_name": "Prunus serrulata", "common_name": "Japanese Flowering Cherry", "subtype_name": "Japanese Flowering Cherry", "zip_code": "20877", "ownership": "public", "ownership_raw": "City of Gaithersburg", "city": "Gaithersburg", "source_dataset": "Street Trees View", "source_department": "City of Gaithersburg", "source_last_edit_at": "2025-06-11T14:32:58.720000+00:00"}}, {"type": "Feature", "geometry": {"type": "Point", "coordinates": [-77.21236199381458, 39.14376267684707]}, "properties": {"id": "gaithersburg-10549", "species_group": "cherry", "scientific_name": "Prunus serrulata", "common_name": "Japanese Flowering Cherry", "subtype_name": "Japanese Flowering Cherry", "zip_code": "20877", "ownership": "public", "ownership_raw": "City of Gaithersburg", "city": "Gaithersburg", "source_dataset": "Street Trees View", "source_department": "City of Gaithersburg", "source_last_edit_at": "2025-06-11T14:32:58.720000+00:00"}}, {"type": "Feature", "geometry": {"type": "Point", "coordinates": [-77.21225638314266, 39.14373149987466]}, "properties": {"id": "gaithersburg-10550", "species_group": "cherry", "scientific_name": "Prunus serrulata", "common_name": "Japanese Flowering Cherry", "subtype_name": "Japanese Flowering Cherry", "zip_code": "20877", "ownership": "public", "ownership_raw": "City of Gaithersburg", "city": "Gaithersburg", "source_dataset": "Street Trees View", "source_department": "City of Gaithersburg", "source_last_edit_at": "2025-06-11T14:32:58.720000+00:00"}}, {"type": "Feature", "geometry": {"type": "Point", "coordinates": [-77.2121484241067, 39.143697540910885]}, "properties": {"id": "gaithersburg-10551", "species_group": "cherry", "scientific_name": "Prunus serrulata", "common_name": "Japanese Flowering Cherry", "subtype_name": "Japanese Flowering Cherry", "zip_code": "20877", "ownership": "public", "ownership_raw": "City of Gaithersburg", "city": "Gaithersburg", "source_dataset": "Street Trees View", "source_department": "City of Gaithersburg", "source_last_edit_at": "2025-06-11T14:32:58.720000+00:00"}}, {"type": "Feature", "geometry": {"type": "Point", "coordinates": [-77.19982644122283, 39.14185261765455]}, "properties": {"id": "gaithersburg-10570", "species_group": "cherry", "scientific_name": "Prunus serrulata", "common_name": "Japanese Flowering Cherry", "subtype_name": "Japanese Flowering Cherry", "zip_code": "20877", "ownership": "public", "ownership_raw": "City of Gaithersburg", "city": "Gaithersburg", "source_dataset": "Street Trees View", "source_department": "City of Gaithersburg", "source_last_edit_at": "2025-06-11T14:32:58.720000+00:00"}}, {"type": "Feature", "geometry": {"type": "Point", "coordinates": [-77.19979778186827, 39.14185101895736]}, "properties": {"id": "gaithersburg-10571", "species_group": "cherry", "scientific_name": "Prunus serrulata", "common_name": "Japanese Flowering Cherry", "subtype_name": "Japanese Flowering Cherry", "zip_code": "20877", "ownership": "public", "ownership_raw": "City of Gaithersburg", "city": "Gaithersburg", "source_dataset": "Street Trees View", "source_department": "City of Gaithersburg", "source_last_edit_at": "2025-06-11T14:32:58.720000+00:00"}}, {"type": "Feature", "geometry": {"type": "Point", "coordinates": [-77.1973548093311, 39.1416710247413]}, "properties": {"id": "gaithersburg-10575", "species_group": "cherry", "scientific_name": "Prunus serrulata", "common_name": "Japanese Flowering Cherry", "subtype_name": "Japanese Flowering Cherry", "zip_code": "20877", "ownership": "public", "ownership_raw": "City of Gaithersburg", "city": "Gaithersburg", "source_dataset": "Street Trees View", "source_department": "City of Gaithersburg", "source_last_edit_at": "2025-06-11T14:32:58.720000+00:00"}}, {"type": "Feature", "geometry": {"type": "Point", "coordinates": [-77.19759057378232, 39.141648488849285]}, "properties": {"id": "gaithersburg-10576", "species_group": "cherry", "scientific_name": "Prunus serrulata", "common_name": "Japanese Flowering Cherry", "subtype_name": "Japanese Flowering Cherry", "zip_code": "20877", "ownership": "public", "ownership_raw": "City of Gaithersburg", "city": "Gaithersburg", "source_dataset": "Street Trees View", "source_department": "City of Gaithersburg", "source_last_edit_at": "2025-06-11T14:32:58.720000+00:00"}}, {"type": "Feature", "geometry": {"type": "Point", "coordinates": [-77.21961669549896, 39.16514132407252]}, "properties": {"id": "gaithersburg-10624", "species_group": "cherry", "scientific_name": "Prunus serrulata", "common_name": "Japanese Flowering Cherry", "subtype_name": "Japanese Flowering Cherry", "zip_code": "20879", "ownership": "public", "ownership_raw": "City of Gaithersburg", "city": "Gaithersburg", "source_dataset": "Street Trees View", "source_department": "City of Gaithersburg", "source_last_edit_at": "2025-06-11T14:32:58.720000+00:00"}}, {"type": "Feature", "geometry": {"type": "Point", "coordinates": [-77.21411451911791, 39.16211012085609]}, "properties": {"id": "gaithersburg-10699", "species_group": "cherry", "scientific_name": "Prunus serrulata", "common_name": "Japanese Flowering Cherry", "subtype_name": "Japanese Flowering Cherry", "zip_code": "20879", "ownership": "public", "ownership_raw": "City of Gaithersburg", "city": "Gaithersburg", "source_dataset": "Street Trees View", "source_department": "City of Gaithersburg", "source_last_edit_at": "2025-06-11T14:32:58.720000+00:00"}}, {"type": "Feature", "geometry": {"type": "Point", "coordinates": [-77.2145822760618, 39.16213672269344]}, "properties": {"id": "gaithersburg-10700", "species_group": "cherry", "scientific_name": "Prunus serrulata", "common_name": "Japanese Flowering Cherry", "subtype_name": "Japanese Flowering Cherry", "zip_code": "20879", "ownership": "public", "ownership_raw": "City of Gaithersburg", "city": "Gaithersburg", "source_dataset": "Street Trees View", "source_department": "City of Gaithersburg", "source_last_edit_at": "2025-06-11T14:32:58.720000+00:00"}}, {"type": "Feature", "geometry": {"type": "Point", "coordinates": [-77.21467084384408, 39.16213119820282]}, "properties": {"id": "gaithersburg-10701", "species_group": "cherry", "scientific_name": "Prunus serrulata", "common_name": "Japanese Flowering Cherry", "subtype_name": "Japanese Flowering Cherry", "zip_code": "20879", "ownership": "public", "ownership_raw": "City of Gaithersburg", "city": "Gaithersburg", "source_dataset": "Street Trees View", "source_department": "City of Gaithersburg", "source_last_edit_at": "2025-06-11T14:32:58.720000+00:00"}}, {"type": "Feature", "geometry": {"type": "Point", "coordinates": [-77.2147080817685, 39.16213725897728]}, "properties": {"id": "gaithersburg-10702", "species_group": "cherry", "scientific_name": "Prunus serrulata", "common_name": "Japanese Flowering Cherry", "subtype_name": "Japanese Flowering Cherry", "zip_code": "20879", "ownership": "public", "ownership_raw": "City of Gaithersburg", "city": "Gaithersburg", "source_dataset": "Street Trees View", "source_department": "City of Gaithersburg", "source_last_edit_at": "2025-06-11T14:32:58.720000+00:00"}}, {"type": "Feature", "geometry": {"type": "Point", "coordinates": [-77.20996834929993, 39.16126855036689]}, "properties": {"id": "gaithersburg-10760", "species_group": "cherry", "scientific_name": "Prunus serrulata", "common_name": "Japanese Flowering Cherry", "subtype_name": "Japanese Flowering Cherry", "zip_code": "20879", "ownership": "public", "ownership_raw": "City of Gaithersburg", "city": "Gaithersburg", "source_dataset": "Street Trees View", "source_department": "City of Gaithersburg", "source_last_edit_at": "2025-06-11T14:32:58.720000+00:00"}}, {"type": "Feature", "geometry": {"type": "Point", "coordinates": [-77.20993070923971, 39.16129645206881]}, "properties": {"id": "gaithersburg-10761", "species_group": "cherry", "scientific_name": "Prunus serrulata", "common_name": "Japanese Flowering Cherry", "subtype_name": "Japanese Flowering Cherry", "zip_code": "20879", "ownership": "public", "ownership_raw": "City of Gaithersburg", "city": "Gaithersburg", "source_dataset": "Street Trees View", "source_department": "City of Gaithersburg", "source_last_edit_at": "2025-06-11T14:32:58.720000+00:00"}}, {"type": "Feature", "geometry": {"type": "Point", "coordinates": [-77.20534786729712, 39.15096283162511]}, "properties": {"id": "gaithersburg-10777", "species_group": "cherry", "scientific_name": "Prunus serrulata", "common_name": "Japanese Flowering Cherry", "subtype_name": "Japanese Flowering Cherry", "zip_code": "20877", "ownership": "public", "ownership_raw": "City of Gaithersburg", "city": "Gaithersburg", "source_dataset": "Street Trees View", "source_department": "City of Gaithersburg", "source_last_edit_at": "2025-06-11T14:32:58.720000+00:00"}}, {"type": "Feature", "geometry": {"type": "Point", "coordinates": [-77.20551370587087, 39.15096535871299]}, "properties": {"id": "gaithersburg-10778", "species_group": "cherry", "scientific_name": "Prunus serrulata", "common_name": "Japanese Flowering Cherry", "subtype_name": "Japanese Flowering Cherry", "zip_code": "20877", "ownership": "public", "ownership_raw": "City of Gaithersburg", "city": "Gaithersburg", "source_dataset": "Street Trees View", "source_department": "City of Gaithersburg", "source_last_edit_at": "2025-06-11T14:32:58.720000+00:00"}}, {"type": "Feature", "geometry": {"type": "Point", "coordinates": [-77.20647533047627, 39.151071494486956]}, "properties": {"id": "gaithersburg-10780", "species_group": "cherry", "scientific_name": "Prunus serrulata", "common_name": "Japanese Flowering Cherry", "subtype_name": "Japanese Flowering Cherry", "zip_code": "20877", "ownership": "public", "ownership_raw": "City of Gaithersburg", "city": "Gaithersburg", "source_dataset": "Street Trees View", "source_department": "City of Gaithersburg", "source_last_edit_at": "2025-06-11T14:32:58.720000+00:00"}}, {"type": "Feature", "geometry": {"type": "Point", "coordinates": [-77.20651260847656, 39.15108522441419]}, "properties": {"id": "gaithersburg-10781", "species_group": "cherry", "scientific_name": "Prunus serrulata", "common_name": "Japanese Flowering Cherry", "subtype_name": "Japanese Flowering Cherry", "zip_code": "20877", "ownership": "public", "ownership_raw": "City of Gaithersburg", "city": "Gaithersburg", "source_dataset": "Street Trees View", "source_department": "City of Gaithersburg", "source_last_edit_at": "2025-06-11T14:32:58.720000+00:00"}}, {"type": "Feature", "geometry": {"type": "Point", "coordinates": [-77.20655427088995, 39.151098476393514]}, "properties": {"id": "gaithersburg-10782", "species_group": "cherry", "scientific_name": "Prunus serrulata", "common_name": "Japanese Flowering Cherry", "subtype_name": "Japanese Flowering Cherry", "zip_code": "20877", "ownership": "public", "ownership_raw": "City of Gaithersburg", "city": "Gaithersburg", "source_dataset": "Street Trees View", "source_department": "City of Gaithersburg", "source_last_edit_at": "2025-06-11T14:32:58.720000+00:00"}}, {"type": "Feature", "geometry": {"type": "Point", "coordinates": [-77.2069325102674, 39.15124816010073]}, "properties": {"id": "gaithersburg-10785", "species_group": "cherry", "scientific_name": "Prunus serrulata", "common_name": "Japanese Flowering Cherry", "subtype_name": "Japanese Flowering Cherry", "zip_code": "20877", "ownership": "public", "ownership_raw": "City of Gaithersburg", "city": "Gaithersburg", "source_dataset": "Street Trees View", "source_department": "City of Gaithersburg", "source_last_edit_at": "2025-06-11T14:32:58.720000+00:00"}}, {"type": "Feature", "geometry": {"type": "Point", "coordinates": [-77.20704203869475, 39.15132374470226]}, "properties": {"id": "gaithersburg-10787", "species_group": "cherry", "scientific_name": "Prunus serrulata", "common_name": "Japanese Flowering Cherry", "subtype_name": "Japanese Flowering Cherry", "zip_code": "20877", "ownership": "public", "ownership_raw": "City of Gaithersburg", "city": "Gaithersburg", "source_dataset": "Street Trees View", "source_department": "City of Gaithersburg", "source_last_edit_at": "2025-06-11T14:32:58.720000+00:00"}}, {"type": "Feature", "geometry": {"type": "Point", "coordinates": [-77.20767859576785, 39.15172616869032]}, "properties": {"id": "gaithersburg-10799", "species_group": "cherry", "scientific_name": "Prunus serrulata", "common_name": "Japanese Flowering Cherry", "subtype_name": "Japanese Flowering Cherry", "zip_code": "20877", "ownership": "public", "ownership_raw": "City of Gaithersburg", "city": "Gaithersburg", "source_dataset": "Street Trees View", "source_department": "City of Gaithersburg", "source_last_edit_at": "2025-06-11T14:32:58.720000+00:00"}}, {"type": "Feature", "geometry": {"type": "Point", "coordinates": [-77.20802132099575, 39.15199150549785]}, "properties": {"id": "gaithersburg-10803", "species_group": "cherry", "scientific_name": "Prunus serrulata", "common_name": "Japanese Flowering Cherry", "subtype_name": "Japanese Flowering Cherry", "zip_code": "20877", "ownership": "public", "ownership_raw": "City of Gaithersburg", "city": "Gaithersburg", "source_dataset": "Street Trees View", "source_department": "City of Gaithersburg", "source_last_edit_at": "2025-06-11T14:32:58.720000+00:00"}}, {"type": "Feature", "geometry": {"type": "Point", "coordinates": [-77.2080261084751, 39.152020031290355]}, "properties": {"id": "gaithersburg-10804", "species_group": "cherry", "scientific_name": "Prunus serrulata", "common_name": "Japanese Flowering Cherry", "subtype_name": "Japanese Flowering Cherry", "zip_code": "20877", "ownership": "public", "ownership_raw": "City of Gaithersburg", "city": "Gaithersburg", "source_dataset": "Street Trees View", "source_department": "City of Gaithersburg", "source_last_edit_at": "2025-06-11T14:32:58.720000+00:00"}}, {"type": "Feature", "geometry": {"type": "Point", "coordinates": [-77.20807903541514, 39.15201432095217]}, "properties": {"id": "gaithersburg-10805", "species_group": "cherry", "scientific_name": "Prunus serrulata", "common_name": "Japanese Flowering Cherry", "subtype_name": "Japanese Flowering Cherry", "zip_code": "20877", "ownership": "public", "ownership_raw": "City of Gaithersburg", "city": "Gaithersburg", "source_dataset": "Street Trees View", "source_department": "City of Gaithersburg", "source_last_edit_at": "2025-06-11T14:32:58.720000+00:00"}}, {"type": "Feature", "geometry": {"type": "Point", "coordinates": [-77.20824109003338, 39.15220167114029]}, "properties": {"id": "gaithersburg-10806", "species_group": "cherry", "scientific_name": "Prunus serrulata", "common_name": "Japanese Flowering Cherry", "subtype_name": "Japanese Flowering Cherry", "zip_code": "20877", "ownership": "public", "ownership_raw": "City of Gaithersburg", "city": "Gaithersburg", "source_dataset": "Street Trees View", "source_department": "City of Gaithersburg", "source_last_edit_at": "2025-06-11T14:32:58.720000+00:00"}}, {"type": "Feature", "geometry": {"type": "Point", "coordinates": [-77.20827736805053, 39.15224929085392]}, "properties": {"id": "gaithersburg-10807", "species_group": "cherry", "scientific_name": "Prunus serrulata", "common_name": "Japanese Flowering Cherry", "subtype_name": "Japanese Flowering Cherry", "zip_code": "20877", "ownership": "public", "ownership_raw": "City of Gaithersburg", "city": "Gaithersburg", "source_dataset": "Street Trees View", "source_department": "City of Gaithersburg", "source_last_edit_at": "2025-06-11T14:32:58.720000+00:00"}}, {"type": "Feature", "geometry": {"type": "Point", "coordinates": [-77.20832808661713, 39.15227279780682]}, "properties": {"id": "gaithersburg-10808", "species_group": "cherry", "scientific_name": "Prunus serrulata", "common_name": "Japanese Flowering Cherry", "subtype_name": "Japanese Flowering Cherry", "zip_code": "20877", "ownership": "public", "ownership_raw": "City of Gaithersburg", "city": "Gaithersburg", "source_dataset": "Street Trees View", "source_department": "City of Gaithersburg", "source_last_edit_at": "2025-06-11T14:32:58.720000+00:00"}}, {"type": "Feature", "geometry": {"type": "Point", "coordinates": [-77.20857364722828, 39.15257830419988]}, "properties": {"id": "gaithersburg-10812", "species_group": "cherry", "scientific_name": "Prunus serrulata", "common_name": "Japanese Flowering Cherry", "subtype_name": "Japanese Flowering Cherry", "zip_code": "20877", "ownership": "public", "ownership_raw": "City of Gaithersburg", "city": "Gaithersburg", "source_dataset": "Street Trees View", "source_department": "City of Gaithersburg", "source_last_edit_at": "2025-06-11T14:32:58.720000+00:00"}}, {"type": "Feature", "geometry": {"type": "Point", "coordinates": [-77.20871773646911, 39.15304189988026]}, "properties": {"id": "gaithersburg-10813", "species_group": "cherry", "scientific_name": "Prunus serrulata", "common_name": "Japanese Flowering Cherry", "subtype_name": "Japanese Flowering Cherry", "zip_code": "20877", "ownership": "public", "ownership_raw": "City of Gaithersburg", "city": "Gaithersburg", "source_dataset": "Street Trees View", "source_department": "City of Gaithersburg", "source_last_edit_at": "2025-06-11T14:32:58.720000+00:00"}}, {"type": "Feature", "geometry": {"type": "Point", "coordinates": [-77.20869950237498, 39.15310107811597]}, "properties": {"id": "gaithersburg-10814", "species_group": "cherry", "scientific_name": "Prunus serrulata", "common_name": "Japanese Flowering Cherry", "subtype_name": "Japanese Flowering Cherry", "zip_code": "20877", "ownership": "public", "ownership_raw": "City of Gaithersburg", "city": "Gaithersburg", "source_dataset": "Street Trees View", "source_department": "City of Gaithersburg", "source_last_edit_at": "2025-06-11T14:32:58.720000+00:00"}}, {"type": "Feature", "geometry": {"type": "Point", "coordinates": [-77.20873164805508, 39.15316032700879]}, "properties": {"id": "gaithersburg-10815", "species_group": "cherry", "scientific_name": "Prunus serrulata", "common_name": "Japanese Flowering Cherry", "subtype_name": "Japanese Flowering Cherry", "zip_code": "20877", "ownership": "public", "ownership_raw": "City of Gaithersburg", "city": "Gaithersburg", "source_dataset": "Street Trees View", "source_department": "City of Gaithersburg", "source_last_edit_at": "2025-06-11T14:32:58.720000+00:00"}}, {"type": "Feature", "geometry": {"type": "Point", "coordinates": [-77.20875045905257, 39.15334997436011]}, "properties": {"id": "gaithersburg-10819", "species_group": "cherry", "scientific_name": "Prunus serrulata", "common_name": "Japanese Flowering Cherry", "subtype_name": "Japanese Flowering Cherry", "zip_code": "20877", "ownership": "public", "ownership_raw": "City of Gaithersburg", "city": "Gaithersburg", "source_dataset": "Street Trees View", "source_department": "City of Gaithersburg", "source_last_edit_at": "2025-06-11T14:32:58.720000+00:00"}}, {"type": "Feature", "geometry": {"type": "Point", "coordinates": [-77.20878675917007, 39.15338983537304]}, "properties": {"id": "gaithersburg-10820", "species_group": "cherry", "scientific_name": "Prunus serrulata", "common_name": "Japanese Flowering Cherry", "subtype_name": "Japanese Flowering Cherry", "zip_code": "20877", "ownership": "public", "ownership_raw": "City of Gaithersburg", "city": "Gaithersburg", "source_dataset": "Street Trees View", "source_department": "City of Gaithersburg", "source_last_edit_at": "2025-06-11T14:32:58.720000+00:00"}}, {"type": "Feature", "geometry": {"type": "Point", "coordinates": [-77.20876560125738, 39.15344736407183]}, "properties": {"id": "gaithersburg-10821", "species_group": "cherry", "scientific_name": "Prunus serrulata", "common_name": "Japanese Flowering Cherry", "subtype_name": "Japanese Flowering Cherry", "zip_code": "20877", "ownership": "public", "ownership_raw": "City of Gaithersburg", "city": "Gaithersburg", "source_dataset": "Street Trees View", "source_department": "City of Gaithersburg", "source_last_edit_at": "2025-06-11T14:32:58.720000+00:00"}}, {"type": "Feature", "geometry": {"type": "Point", "coordinates": [-77.20890178984915, 39.15371039314024]}, "properties": {"id": "gaithersburg-10822", "species_group": "cherry", "scientific_name": "Prunus serrulata", "common_name": "Japanese Flowering Cherry", "subtype_name": "Japanese Flowering Cherry", "zip_code": "20877", "ownership": "public", "ownership_raw": "City of Gaithersburg", "city": "Gaithersburg", "source_dataset": "Street Trees View", "source_department": "City of Gaithersburg", "source_last_edit_at": "2025-06-11T14:32:58.720000+00:00"}}, {"type": "Feature", "geometry": {"type": "Point", "coordinates": [-77.20888248011255, 39.15375905390371]}, "properties": {"id": "gaithersburg-10823", "species_group": "cherry", "scientific_name": "Prunus serrulata", "common_name": "Japanese Flowering Cherry", "subtype_name": "Japanese Flowering Cherry", "zip_code": "20877", "ownership": "public", "ownership_raw": "City of Gaithersburg", "city": "Gaithersburg", "source_dataset": "Street Trees View", "source_department": "City of Gaithersburg", "source_last_edit_at": "2025-06-11T14:32:58.720000+00:00"}}, {"type": "Feature", "geometry": {"type": "Point", "coordinates": [-77.20892179692179, 39.15378995385838]}, "properties": {"id": "gaithersburg-10824", "species_group": "cherry", "scientific_name": "Prunus serrulata", "common_name": "Japanese Flowering Cherry", "subtype_name": "Japanese Flowering Cherry", "zip_code": "20877", "ownership": "public", "ownership_raw": "City of Gaithersburg", "city": "Gaithersburg", "source_dataset": "Street Trees View", "source_department": "City of Gaithersburg", "source_last_edit_at": "2025-06-11T14:32:58.720000+00:00"}}, {"type": "Feature", "geometry": {"type": "Point", "coordinates": [-77.21306974563034, 39.157406969592465]}, "properties": {"id": "gaithersburg-10900", "species_group": "crabapple", "scientific_name": "Malus floribunda", "common_name": "Crabapple", "subtype_name": "Malus floribunda", "zip_code": "20879", "ownership": "public", "ownership_raw": "City of Gaithersburg", "city": "Gaithersburg", "source_dataset": "Street Trees View", "source_department": "City of Gaithersburg", "source_last_edit_at": "2025-06-11T14:32:58.720000+00:00"}}, {"type": "Feature", "geometry": {"type": "Point", "coordinates": [-77.21312563580918, 39.157446410793696]}, "properties": {"id": "gaithersburg-10901", "species_group": "crabapple", "scientific_name": "Malus floribunda", "common_name": "Crabapple", "subtype_name": "Malus floribunda", "zip_code": "20879", "ownership": "public", "ownership_raw": "City of Gaithersburg", "city": "Gaithersburg", "source_dataset": "Street Trees View", "source_department": "City of Gaithersburg", "source_last_edit_at": "2025-06-11T14:32:58.720000+00:00"}}, {"type": "Feature", "geometry": {"type": "Point", "coordinates": [-77.21318848908606, 39.15749248171617]}, "properties": {"id": "gaithersburg-10902", "species_group": "crabapple", "scientific_name": "Malus floribunda", "common_name": "Crabapple", "subtype_name": "Malus floribunda", "zip_code": "20879", "ownership": "public", "ownership_raw": "City of Gaithersburg", "city": "Gaithersburg", "source_dataset": "Street Trees View", "source_department": "City of Gaithersburg", "source_last_edit_at": "2025-06-11T14:32:58.720000+00:00"}}, {"type": "Feature", "geometry": {"type": "Point", "coordinates": [-77.21324306986175, 39.1575335277427]}, "properties": {"id": "gaithersburg-10903", "species_group": "crabapple", "scientific_name": "Malus floribunda", "common_name": "Crabapple", "subtype_name": "Malus floribunda", "zip_code": "20879", "ownership": "public", "ownership_raw": "City of Gaithersburg", "city": "Gaithersburg", "source_dataset": "Street Trees View", "source_department": "City of Gaithersburg", "source_last_edit_at": "2025-06-11T14:32:58.720000+00:00"}}, {"type": "Feature", "geometry": {"type": "Point", "coordinates": [-77.21328383122295, 39.15756330390571]}, "properties": {"id": "gaithersburg-10904", "species_group": "crabapple", "scientific_name": "Malus floribunda", "common_name": "Crabapple", "subtype_name": "Malus floribunda", "zip_code": "20879", "ownership": "public", "ownership_raw": "City of Gaithersburg", "city": "Gaithersburg", "source_dataset": "Street Trees View", "source_department": "City of Gaithersburg", "source_last_edit_at": "2025-06-11T14:32:58.720000+00:00"}}, {"type": "Feature", "geometry": {"type": "Point", "coordinates": [-77.21362587337514, 39.15785179802406]}, "properties": {"id": "gaithersburg-10996", "species_group": "cherry", "scientific_name": "Prunus serrulata", "common_name": "Japanese Flowering Cherry", "subtype_name": "Japanese Flowering Cherry", "zip_code": "20879", "ownership": "public", "ownership_raw": "City of Gaithersburg", "city": "Gaithersburg", "source_dataset": "Street Trees View", "source_department": "City of Gaithersburg", "source_last_edit_at": "2025-06-11T14:32:58.720000+00:00"}}, {"type": "Feature", "geometry": {"type": "Point", "coordinates": [-77.21366979162772, 39.157885886675096]}, "properties": {"id": "gaithersburg-10997", "species_group": "cherry", "scientific_name": "Prunus serrulata", "common_name": "Japanese Flowering Cherry", "subtype_name": "Japanese Flowering Cherry", "zip_code": "20879", "ownership": "public", "ownership_raw": "City of Gaithersburg", "city": "Gaithersburg", "source_dataset": "Street Trees View", "source_department": "City of Gaithersburg", "source_last_edit_at": "2025-06-11T14:32:58.720000+00:00"}}, {"type": "Feature", "geometry": {"type": "Point", "coordinates": [-77.21378454745265, 39.157970697434834]}, "properties": {"id": "gaithersburg-10998", "species_group": "cherry", "scientific_name": "Prunus serrulata", "common_name": "Japanese Flowering Cherry", "subtype_name": "Japanese Flowering Cherry", "zip_code": "20879", "ownership": "public", "ownership_raw": "City of Gaithersburg", "city": "Gaithersburg", "source_dataset": "Street Trees View", "source_department": "City of Gaithersburg", "source_last_edit_at": "2025-06-11T14:32:58.720000+00:00"}}, {"type": "Feature", "geometry": {"type": "Point", "coordinates": [-77.21372673235224, 39.15793008813567]}, "properties": {"id": "gaithersburg-10999", "species_group": "cherry", "scientific_name": "Prunus serrulata", "common_name": "Japanese Flowering Cherry", "subtype_name": "Japanese Flowering Cherry", "zip_code": "20879", "ownership": "public", "ownership_raw": "City of Gaithersburg", "city": "Gaithersburg", "source_dataset": "Street Trees View", "source_department": "City of Gaithersburg", "source_last_edit_at": "2025-06-11T14:32:58.720000+00:00"}}, {"type": "Feature", "geometry": {"type": "Point", "coordinates": [-77.2138319942595, 39.15800309241571]}, "properties": {"id": "gaithersburg-11000", "species_group": "cherry", "scientific_name": "Prunus serrulata", "common_name": "Japanese Flowering Cherry", "subtype_name": "Japanese Flowering Cherry", "zip_code": "20879", "ownership": "public", "ownership_raw": "City of Gaithersburg", "city": "Gaithersburg", "source_dataset": "Street Trees View", "source_department": "City of Gaithersburg", "source_last_edit_at": "2025-06-11T14:32:58.720000+00:00"}}, {"type": "Feature", "geometry": {"type": "Point", "coordinates": [-77.21646718606215, 39.15995002825621]}, "properties": {"id": "gaithersburg-11048", "species_group": "crabapple", "scientific_name": "Malus floribunda", "common_name": "Crabapple", "subtype_name": "Malus floribunda", "zip_code": "20879", "ownership": "public", "ownership_raw": "City of Gaithersburg", "city": "Gaithersburg", "source_dataset": "Street Trees View", "source_department": "City of Gaithersburg", "source_last_edit_at": "2025-06-11T14:32:58.720000+00:00"}}, {"type": "Feature", "geometry": {"type": "Point", "coordinates": [-77.21643603547734, 39.15994711226021]}, "properties": {"id": "gaithersburg-11049", "species_group": "crabapple", "scientific_name": "Malus floribunda", "common_name": "Crabapple", "subtype_name": "Malus floribunda", "zip_code": "20879", "ownership": "public", "ownership_raw": "City of Gaithersburg", "city": "Gaithersburg", "source_dataset": "Street Trees View", "source_department": "City of Gaithersburg", "source_last_edit_at": "2025-06-11T14:32:58.720000+00:00"}}, {"type": "Feature", "geometry": {"type": "Point", "coordinates": [-77.21499343254307, 39.160439031360625]}, "properties": {"id": "gaithersburg-11052", "species_group": "crabapple", "scientific_name": "Malus floribunda", "common_name": "Crabapple", "subtype_name": "Malus floribunda", "zip_code": "20879", "ownership": "public", "ownership_raw": "City of Gaithersburg", "city": "Gaithersburg", "source_dataset": "Street Trees View", "source_department": "City of Gaithersburg", "source_last_edit_at": "2025-06-11T14:32:58.720000+00:00"}}, {"type": "Feature", "geometry": {"type": "Point", "coordinates": [-77.20311461003574, 39.151148930736646]}, "properties": {"id": "gaithersburg-11074", "species_group": "cherry", "scientific_name": "Prunus serrulata", "common_name": "Japanese Flowering Cherry", "subtype_name": "Japanese Flowering Cherry", "zip_code": "20877", "ownership": "public", "ownership_raw": "City of Gaithersburg", "city": "Gaithersburg", "source_dataset": "Street Trees View", "source_department": "City of Gaithersburg", "source_last_edit_at": "2025-06-11T14:32:58.720000+00:00"}}, {"type": "Feature", "geometry": {"type": "Point", "coordinates": [-77.20306992938218, 39.151164653936206]}, "properties": {"id": "gaithersburg-11075", "species_group": "cherry", "scientific_name": "Prunus serrulata", "common_name": "Japanese Flowering Cherry", "subtype_name": "Japanese Flowering Cherry", "zip_code": "20877", "ownership": "public", "ownership_raw": "City of Gaithersburg", "city": "Gaithersburg", "source_dataset": "Street Trees View", "source_department": "City of Gaithersburg", "source_last_edit_at": "2025-06-11T14:32:58.720000+00:00"}}, {"type": "Feature", "geometry": {"type": "Point", "coordinates": [-77.20240913019694, 39.15139497260255]}, "properties": {"id": "gaithersburg-11076", "species_group": "cherry", "scientific_name": "Prunus serrulata", "common_name": "Japanese Flowering Cherry", "subtype_name": "Japanese Flowering Cherry", "zip_code": "20877", "ownership": "public", "ownership_raw": "City of Gaithersburg", "city": "Gaithersburg", "source_dataset": "Street Trees View", "source_department": "City of Gaithersburg", "source_last_edit_at": "2025-06-11T14:32:58.720000+00:00"}}, {"type": "Feature", "geometry": {"type": "Point", "coordinates": [-77.20155799154006, 39.151642302009215]}, "properties": {"id": "gaithersburg-11077", "species_group": "cherry", "scientific_name": "Prunus serrulata", "common_name": "Japanese Flowering Cherry", "subtype_name": "Japanese Flowering Cherry", "zip_code": "20877", "ownership": "public", "ownership_raw": "City of Gaithersburg", "city": "Gaithersburg", "source_dataset": "Street Trees View", "source_department": "City of Gaithersburg", "source_last_edit_at": "2025-06-11T14:32:58.720000+00:00"}}, {"type": "Feature", "geometry": {"type": "Point", "coordinates": [-77.20153470182916, 39.15165777525853]}, "properties": {"id": "gaithersburg-11078", "species_group": "cherry", "scientific_name": "Prunus serrulata", "common_name": "Japanese Flowering Cherry", "subtype_name": "Japanese Flowering Cherry", "zip_code": "20877", "ownership": "public", "ownership_raw": "City of Gaithersburg", "city": "Gaithersburg", "source_dataset": "Street Trees View", "source_department": "City of Gaithersburg", "source_last_edit_at": "2025-06-11T14:32:58.720000+00:00"}}, {"type": "Feature", "geometry": {"type": "Point", "coordinates": [-77.19913234784191, 39.15218104786505]}, "properties": {"id": "gaithersburg-11090", "species_group": "cherry", "scientific_name": "Prunus serrulata", "common_name": "Japanese Flowering Cherry", "subtype_name": "Japanese Flowering Cherry", "zip_code": "20877", "ownership": "public", "ownership_raw": "City of Gaithersburg", "city": "Gaithersburg", "source_dataset": "Street Trees View", "source_department": "City of Gaithersburg", "source_last_edit_at": "2025-06-11T14:32:58.720000+00:00"}}, {"type": "Feature", "geometry": {"type": "Point", "coordinates": [-77.19929733409653, 39.1521311890283]}, "properties": {"id": "gaithersburg-11091", "species_group": "cherry", "scientific_name": "Prunus serrulata", "common_name": "Japanese Flowering Cherry", "subtype_name": "Japanese Flowering Cherry", "zip_code": "20877", "ownership": "public", "ownership_raw": "City of Gaithersburg", "city": "Gaithersburg", "source_dataset": "Street Trees View", "source_department": "City of Gaithersburg", "source_last_edit_at": "2025-06-11T14:32:58.720000+00:00"}}, {"type": "Feature", "geometry": {"type": "Point", "coordinates": [-77.19899754145462, 39.15226799476039]}, "properties": {"id": "gaithersburg-11092", "species_group": "cherry", "scientific_name": "Prunus serrulata", "common_name": "Japanese Flowering Cherry", "subtype_name": "Japanese Flowering Cherry", "zip_code": "20877", "ownership": "public", "ownership_raw": "City of Gaithersburg", "city": "Gaithersburg", "source_dataset": "Street Trees View", "source_department": "City of Gaithersburg", "source_last_edit_at": "2025-06-11T14:32:58.720000+00:00"}}, {"type": "Feature", "geometry": {"type": "Point", "coordinates": [-77.19944370258774, 39.152132266995]}, "properties": {"id": "gaithersburg-11093", "species_group": "cherry", "scientific_name": "Prunus serrulata", "common_name": "Japanese Flowering Cherry", "subtype_name": "Japanese Flowering Cherry", "zip_code": "20877", "ownership": "public", "ownership_raw": "City of Gaithersburg", "city": "Gaithersburg", "source_dataset": "Street Trees View", "source_department": "City of Gaithersburg", "source_last_edit_at": "2025-06-11T14:32:58.720000+00:00"}}, {"type": "Feature", "geometry": {"type": "Point", "coordinates": [-77.19943432183224, 39.15207559362399]}, "properties": {"id": "gaithersburg-11094", "species_group": "cherry", "scientific_name": "Prunus serrulata", "common_name": "Japanese Flowering Cherry", "subtype_name": "Japanese Flowering Cherry", "zip_code": "20877", "ownership": "public", "ownership_raw": "City of Gaithersburg", "city": "Gaithersburg", "source_dataset": "Street Trees View", "source_department": "City of Gaithersburg", "source_last_edit_at": "2025-06-11T14:32:58.720000+00:00"}}, {"type": "Feature", "geometry": {"type": "Point", "coordinates": [-77.19961220970973, 39.15206824583174]}, "properties": {"id": "gaithersburg-11095", "species_group": "cherry", "scientific_name": "Prunus serrulata", "common_name": "Japanese Flowering Cherry", "subtype_name": "Japanese Flowering Cherry", "zip_code": "20877", "ownership": "public", "ownership_raw": "City of Gaithersburg", "city": "Gaithersburg", "source_dataset": "Street Trees View", "source_department": "City of Gaithersburg", "source_last_edit_at": "2025-06-11T14:32:58.720000+00:00"}}, {"type": "Feature", "geometry": {"type": "Point", "coordinates": [-77.1996460331384, 39.151999873334205]}, "properties": {"id": "gaithersburg-11096", "species_group": "cherry", "scientific_name": "Prunus serrulata", "common_name": "Japanese Flowering Cherry", "subtype_name": "Japanese Flowering Cherry", "zip_code": "20877", "ownership": "public", "ownership_raw": "City of Gaithersburg", "city": "Gaithersburg", "source_dataset": "Street Trees View", "source_department": "City of Gaithersburg", "source_last_edit_at": "2025-06-11T14:32:58.720000+00:00"}}, {"type": "Feature", "geometry": {"type": "Point", "coordinates": [-77.19973626077856, 39.15203620970393]}, "properties": {"id": "gaithersburg-11097", "species_group": "cherry", "scientific_name": "Prunus serrulata", "common_name": "Japanese Flowering Cherry", "subtype_name": "Japanese Flowering Cherry", "zip_code": "20877", "ownership": "public", "ownership_raw": "City of Gaithersburg", "city": "Gaithersburg", "source_dataset": "Street Trees View", "source_department": "City of Gaithersburg", "source_last_edit_at": "2025-06-11T14:32:58.720000+00:00"}}, {"type": "Feature", "geometry": {"type": "Point", "coordinates": [-77.19976973561046, 39.15196034500396]}, "properties": {"id": "gaithersburg-11098", "species_group": "cherry", "scientific_name": "Prunus serrulata", "common_name": "Japanese Flowering Cherry", "subtype_name": "Japanese Flowering Cherry", "zip_code": "20877", "ownership": "public", "ownership_raw": "City of Gaithersburg", "city": "Gaithersburg", "source_dataset": "Street Trees View", "source_department": "City of Gaithersburg", "source_last_edit_at": "2025-06-11T14:32:58.720000+00:00"}}, {"type": "Feature", "geometry": {"type": "Point", "coordinates": [-77.19987683770415, 39.15193447467681]}, "properties": {"id": "gaithersburg-11100", "species_group": "cherry", "scientific_name": "Prunus serrulata", "common_name": "Japanese Flowering Cherry", "subtype_name": "Japanese Flowering Cherry", "zip_code": "20877", "ownership": "public", "ownership_raw": "City of Gaithersburg", "city": "Gaithersburg", "source_dataset": "Street Trees View", "source_department": "City of Gaithersburg", "source_last_edit_at": "2025-06-11T14:32:58.720000+00:00"}}, {"type": "Feature", "geometry": {"type": "Point", "coordinates": [-77.20136346124264, 39.15151758067071]}, "properties": {"id": "gaithersburg-11107", "species_group": "cherry", "scientific_name": "Prunus serrulata", "common_name": "Japanese Flowering Cherry", "subtype_name": "Japanese Flowering Cherry", "zip_code": "20877", "ownership": "public", "ownership_raw": "City of Gaithersburg", "city": "Gaithersburg", "source_dataset": "Street Trees View", "source_department": "City of Gaithersburg", "source_last_edit_at": "2025-06-11T14:32:58.720000+00:00"}}, {"type": "Feature", "geometry": {"type": "Point", "coordinates": [-77.20155482213708, 39.15143889764483]}, "properties": {"id": "gaithersburg-11108", "species_group": "cherry", "scientific_name": "Prunus serrulata", "common_name": "Japanese Flowering Cherry", "subtype_name": "Japanese Flowering Cherry", "zip_code": "20877", "ownership": "public", "ownership_raw": "City of Gaithersburg", "city": "Gaithersburg", "source_dataset": "Street Trees View", "source_department": "City of Gaithersburg", "source_last_edit_at": "2025-06-11T14:32:58.720000+00:00"}}, {"type": "Feature", "geometry": {"type": "Point", "coordinates": [-77.20177859032374, 39.151366970299954]}, "properties": {"id": "gaithersburg-11109", "species_group": "cherry", "scientific_name": "Prunus serrulata", "common_name": "Japanese Flowering Cherry", "subtype_name": "Japanese Flowering Cherry", "zip_code": "20877", "ownership": "public", "ownership_raw": "City of Gaithersburg", "city": "Gaithersburg", "source_dataset": "Street Trees View", "source_department": "City of Gaithersburg", "source_last_edit_at": "2025-06-11T14:32:58.720000+00:00"}}, {"type": "Feature", "geometry": {"type": "Point", "coordinates": [-77.20154583033711, 39.15149262263344]}, "properties": {"id": "gaithersburg-11110", "species_group": "cherry", "scientific_name": "Prunus serrulata", "common_name": "Japanese Flowering Cherry", "subtype_name": "Japanese Flowering Cherry", "zip_code": "20877", "ownership": "public", "ownership_raw": "City of Gaithersburg", "city": "Gaithersburg", "source_dataset": "Street Trees View", "source_department": "City of Gaithersburg", "source_last_edit_at": "2025-06-11T14:32:58.720000+00:00"}}, {"type": "Feature", "geometry": {"type": "Point", "coordinates": [-77.20249094989768, 39.151199341225386]}, "properties": {"id": "gaithersburg-11114", "species_group": "cherry", "scientific_name": "Prunus serrulata", "common_name": "Japanese Flowering Cherry", "subtype_name": "Japanese Flowering Cherry", "zip_code": "20877", "ownership": "public", "ownership_raw": "City of Gaithersburg", "city": "Gaithersburg", "source_dataset": "Street Trees View", "source_department": "City of Gaithersburg", "source_last_edit_at": "2025-06-11T14:32:58.720000+00:00"}}, {"type": "Feature", "geometry": {"type": "Point", "coordinates": [-77.20253863108029, 39.151129000035674]}, "properties": {"id": "gaithersburg-11115", "species_group": "cherry", "scientific_name": "Prunus serrulata", "common_name": "Japanese Flowering Cherry", "subtype_name": "Japanese Flowering Cherry", "zip_code": "20877", "ownership": "public", "ownership_raw": "City of Gaithersburg", "city": "Gaithersburg", "source_dataset": "Street Trees View", "source_department": "City of Gaithersburg", "source_last_edit_at": "2025-06-11T14:32:58.720000+00:00"}}, {"type": "Feature", "geometry": {"type": "Point", "coordinates": [-77.20260359110128, 39.15116687496605]}, "properties": {"id": "gaithersburg-11116", "species_group": "cherry", "scientific_name": "Prunus serrulata", "common_name": "Japanese Flowering Cherry", "subtype_name": "Japanese Flowering Cherry", "zip_code": "20877", "ownership": "public", "ownership_raw": "City of Gaithersburg", "city": "Gaithersburg", "source_dataset": "Street Trees View", "source_department": "City of Gaithersburg", "source_last_edit_at": "2025-06-11T14:32:58.720000+00:00"}}, {"type": "Feature", "geometry": {"type": "Point", "coordinates": [-77.20227807151345, 39.151254951373474]}, "properties": {"id": "gaithersburg-11117", "species_group": "cherry", "scientific_name": "Prunus serrulata", "common_name": "Japanese Flowering Cherry", "subtype_name": "Japanese Flowering Cherry", "zip_code": "20877", "ownership": "public", "ownership_raw": "City of Gaithersburg", "city": "Gaithersburg", "source_dataset": "Street Trees View", "source_department": "City of Gaithersburg", "source_last_edit_at": "2025-06-11T14:32:58.720000+00:00"}}, {"type": "Feature", "geometry": {"type": "Point", "coordinates": [-77.20231130694144, 39.15120905288343]}, "properties": {"id": "gaithersburg-11118", "species_group": "cherry", "scientific_name": "Prunus serrulata", "common_name": "Japanese Flowering Cherry", "subtype_name": "Japanese Flowering Cherry", "zip_code": "20877", "ownership": "public", "ownership_raw": "City of Gaithersburg", "city": "Gaithersburg", "source_dataset": "Street Trees View", "source_department": "City of Gaithersburg", "source_last_edit_at": "2025-06-11T14:32:58.720000+00:00"}}, {"type": "Feature", "geometry": {"type": "Point", "coordinates": [-77.20185469170072, 39.15139609512169]}, "properties": {"id": "gaithersburg-11122", "species_group": "cherry", "scientific_name": "Prunus serrulata", "common_name": "Japanese Flowering Cherry", "subtype_name": "Japanese Flowering Cherry", "zip_code": "20877", "ownership": "public", "ownership_raw": "City of Gaithersburg", "city": "Gaithersburg", "source_dataset": "Street Trees View", "source_department": "City of Gaithersburg", "source_last_edit_at": "2025-06-11T14:32:58.720000+00:00"}}, {"type": "Feature", "geometry": {"type": "Point", "coordinates": [-77.201883243569, 39.15132629968512]}, "properties": {"id": "gaithersburg-11123", "species_group": "cherry", "scientific_name": "Prunus serrulata", "common_name": "Japanese Flowering Cherry", "subtype_name": "Japanese Flowering Cherry", "zip_code": "20877", "ownership": "public", "ownership_raw": "City of Gaithersburg", "city": "Gaithersburg", "source_dataset": "Street Trees View", "source_department": "City of Gaithersburg", "source_last_edit_at": "2025-06-11T14:32:58.720000+00:00"}}, {"type": "Feature", "geometry": {"type": "Point", "coordinates": [-77.20198226659085, 39.1513513575261]}, "properties": {"id": "gaithersburg-11124", "species_group": "cherry", "scientific_name": "Prunus serrulata", "common_name": "Japanese Flowering Cherry", "subtype_name": "Japanese Flowering Cherry", "zip_code": "20877", "ownership": "public", "ownership_raw": "City of Gaithersburg", "city": "Gaithersburg", "source_dataset": "Street Trees View", "source_department": "City of Gaithersburg", "source_last_edit_at": "2025-06-11T14:32:58.720000+00:00"}}, {"type": "Feature", "geometry": {"type": "Point", "coordinates": [-77.22804249534721, 39.14634870716577]}, "properties": {"id": "gaithersburg-11125", "species_group": "cherry", "scientific_name": "Prunus serrulata", "common_name": "Japanese Flowering Cherry", "subtype_name": "Japanese Flowering Cherry", "zip_code": "20878", "ownership": "public", "ownership_raw": "City of Gaithersburg", "city": "Gaithersburg", "source_dataset": "Street Trees View", "source_department": "City of Gaithersburg", "source_last_edit_at": "2025-06-11T14:32:58.720000+00:00"}}, {"type": "Feature", "geometry": {"type": "Point", "coordinates": [-77.22797961485924, 39.146399412456]}, "properties": {"id": "gaithersburg-11126", "species_group": "cherry", "scientific_name": "Prunus serrulata", "common_name": "Japanese Flowering Cherry", "subtype_name": "Japanese Flowering Cherry", "zip_code": "20878", "ownership": "public", "ownership_raw": "City of Gaithersburg", "city": "Gaithersburg", "source_dataset": "Street Trees View", "source_department": "City of Gaithersburg", "source_last_edit_at": "2025-06-11T14:32:58.720000+00:00"}}, {"type": "Feature", "geometry": {"type": "Point", "coordinates": [-77.22792061849903, 39.14644530804603]}, "properties": {"id": "gaithersburg-11127", "species_group": "cherry", "scientific_name": "Prunus serrulata", "common_name": "Japanese Flowering Cherry", "subtype_name": "Japanese Flowering Cherry", "zip_code": "20878", "ownership": "public", "ownership_raw": "City of Gaithersburg", "city": "Gaithersburg", "source_dataset": "Street Trees View", "source_department": "City of Gaithersburg", "source_last_edit_at": "2025-06-11T14:32:58.720000+00:00"}}, {"type": "Feature", "geometry": {"type": "Point", "coordinates": [-77.22133772485681, 39.14235895716705]}, "properties": {"id": "gaithersburg-11228", "species_group": "cherry", "scientific_name": "Prunus serrulata", "common_name": "Japanese Flowering Cherry", "subtype_name": "Japanese Flowering Cherry", "zip_code": "20878", "ownership": "public", "ownership_raw": "City of Gaithersburg", "city": "Gaithersburg", "source_dataset": "Street Trees View", "source_department": "City of Gaithersburg", "source_last_edit_at": "2025-06-11T14:32:58.720000+00:00"}}, {"type": "Feature", "geometry": {"type": "Point", "coordinates": [-77.221393085124, 39.142383225339216]}, "properties": {"id": "gaithersburg-11229", "species_group": "cherry", "scientific_name": "Prunus serrulata", "common_name": "Japanese Flowering Cherry", "subtype_name": "Japanese Flowering Cherry", "zip_code": "20878", "ownership": "public", "ownership_raw": "City of Gaithersburg", "city": "Gaithersburg", "source_dataset": "Street Trees View", "source_department": "City of Gaithersburg", "source_last_edit_at": "2025-06-11T14:32:58.720000+00:00"}}, {"type": "Feature", "geometry": {"type": "Point", "coordinates": [-77.22133171320428, 39.14241877115194]}, "properties": {"id": "gaithersburg-11230", "species_group": "cherry", "scientific_name": "Prunus serrulata", "common_name": "Japanese Flowering Cherry", "subtype_name": "Japanese Flowering Cherry", "zip_code": "20878", "ownership": "public", "ownership_raw": "City of Gaithersburg", "city": "Gaithersburg", "source_dataset": "Street Trees View", "source_department": "City of Gaithersburg", "source_last_edit_at": "2025-06-11T14:32:58.720000+00:00"}}, {"type": "Feature", "geometry": {"type": "Point", "coordinates": [-77.22131692207262, 39.14238653543495]}, "properties": {"id": "gaithersburg-11231", "species_group": "cherry", "scientific_name": "Prunus serrulata", "common_name": "Japanese Flowering Cherry", "subtype_name": "Japanese Flowering Cherry", "zip_code": "20878", "ownership": "public", "ownership_raw": "City of Gaithersburg", "city": "Gaithersburg", "source_dataset": "Street Trees View", "source_department": "City of Gaithersburg", "source_last_edit_at": "2025-06-11T14:32:58.720000+00:00"}}, {"type": "Feature", "geometry": {"type": "Point", "coordinates": [-77.22116672836984, 39.14246508324334]}, "properties": {"id": "gaithersburg-11232", "species_group": "crabapple", "scientific_name": "Malus floribunda", "common_name": "Crabapple", "subtype_name": "Malus floribunda", "zip_code": "20878", "ownership": "public", "ownership_raw": "City of Gaithersburg", "city": "Gaithersburg", "source_dataset": "Street Trees View", "source_department": "City of Gaithersburg", "source_last_edit_at": "2025-06-11T14:32:58.720000+00:00"}}, {"type": "Feature", "geometry": {"type": "Point", "coordinates": [-77.2212449348234, 39.14251693654977]}, "properties": {"id": "gaithersburg-11233", "species_group": "crabapple", "scientific_name": "Malus floribunda", "common_name": "Crabapple", "subtype_name": "Malus floribunda", "zip_code": "20878", "ownership": "public", "ownership_raw": "City of Gaithersburg", "city": "Gaithersburg", "source_dataset": "Street Trees View", "source_department": "City of Gaithersburg", "source_last_edit_at": "2025-06-11T14:32:58.720000+00:00"}}, {"type": "Feature", "geometry": {"type": "Point", "coordinates": [-77.22132181162716, 39.142539971497094]}, "properties": {"id": "gaithersburg-11234", "species_group": "crabapple", "scientific_name": "Malus floribunda", "common_name": "Crabapple", "subtype_name": "Malus floribunda", "zip_code": "20878", "ownership": "public", "ownership_raw": "City of Gaithersburg", "city": "Gaithersburg", "source_dataset": "Street Trees View", "source_department": "City of Gaithersburg", "source_last_edit_at": "2025-06-11T14:32:58.720000+00:00"}}, {"type": "Feature", "geometry": {"type": "Point", "coordinates": [-77.2214759392056, 39.14258573066159]}, "properties": {"id": "gaithersburg-11235", "species_group": "cherry", "scientific_name": "Prunus serrulata", "common_name": "Japanese Flowering Cherry", "subtype_name": "Japanese Flowering Cherry", "zip_code": "20878", "ownership": "public", "ownership_raw": "City of Gaithersburg", "city": "Gaithersburg", "source_dataset": "Street Trees View", "source_department": "City of Gaithersburg", "source_last_edit_at": "2025-06-11T14:32:58.720000+00:00"}}, {"type": "Feature", "geometry": {"type": "Point", "coordinates": [-77.22155157036214, 39.14260580600978]}, "properties": {"id": "gaithersburg-11236", "species_group": "cherry", "scientific_name": "Prunus serrulata", "common_name": "Japanese Flowering Cherry", "subtype_name": "Japanese Flowering Cherry", "zip_code": "20878", "ownership": "public", "ownership_raw": "City of Gaithersburg", "city": "Gaithersburg", "source_dataset": "Street Trees View", "source_department": "City of Gaithersburg", "source_last_edit_at": "2025-06-11T14:32:58.720000+00:00"}}, {"type": "Feature", "geometry": {"type": "Point", "coordinates": [-77.22720832015432, 39.16315573643256]}, "properties": {"id": "gaithersburg-11289", "species_group": "cherry", "scientific_name": "Prunus serrulata", "common_name": "Japanese Flowering Cherry", "subtype_name": "Japanese Flowering Cherry", "zip_code": "20879", "ownership": "public", "ownership_raw": "City of Gaithersburg", "city": "Gaithersburg", "source_dataset": "Street Trees View", "source_department": "City of Gaithersburg", "source_last_edit_at": "2025-06-11T14:32:58.720000+00:00"}}, {"type": "Feature", "geometry": {"type": "Point", "coordinates": [-77.22725125118865, 39.16312915480035]}, "properties": {"id": "gaithersburg-11290", "species_group": "cherry", "scientific_name": "Prunus serrulata", "common_name": "Japanese Flowering Cherry", "subtype_name": "Japanese Flowering Cherry", "zip_code": "20879", "ownership": "public", "ownership_raw": "City of Gaithersburg", "city": "Gaithersburg", "source_dataset": "Street Trees View", "source_department": "City of Gaithersburg", "source_last_edit_at": "2025-06-11T14:32:58.720000+00:00"}}, {"type": "Feature", "geometry": {"type": "Point", "coordinates": [-77.22729287172169, 39.16310743723798]}, "properties": {"id": "gaithersburg-11291", "species_group": "cherry", "scientific_name": "Prunus serrulata", "common_name": "Japanese Flowering Cherry", "subtype_name": "Japanese Flowering Cherry", "zip_code": "20879", "ownership": "public", "ownership_raw": "City of Gaithersburg", "city": "Gaithersburg", "source_dataset": "Street Trees View", "source_department": "City of Gaithersburg", "source_last_edit_at": "2025-06-11T14:32:58.720000+00:00"}}, {"type": "Feature", "geometry": {"type": "Point", "coordinates": [-77.22733170140815, 39.163074169779726]}, "properties": {"id": "gaithersburg-11292", "species_group": "cherry", "scientific_name": "Prunus serrulata", "common_name": "Japanese Flowering Cherry", "subtype_name": "Japanese Flowering Cherry", "zip_code": "20879", "ownership": "public", "ownership_raw": "City of Gaithersburg", "city": "Gaithersburg", "source_dataset": "Street Trees View", "source_department": "City of Gaithersburg", "source_last_edit_at": "2025-06-11T14:32:58.720000+00:00"}}, {"type": "Feature", "geometry": {"type": "Point", "coordinates": [-77.22744737972312, 39.16298973722006]}, "properties": {"id": "gaithersburg-11293", "species_group": "cherry", "scientific_name": "Prunus serrulata", "common_name": "Japanese Flowering Cherry", "subtype_name": "Japanese Flowering Cherry", "zip_code": "20879", "ownership": "public", "ownership_raw": "City of Gaithersburg", "city": "Gaithersburg", "source_dataset": "Street Trees View", "source_department": "City of Gaithersburg", "source_last_edit_at": "2025-06-11T14:32:58.720000+00:00"}}, {"type": "Feature", "geometry": {"type": "Point", "coordinates": [-77.22749364229523, 39.1629864361736]}, "properties": {"id": "gaithersburg-11294", "species_group": "cherry", "scientific_name": "Prunus serrulata", "common_name": "Japanese Flowering Cherry", "subtype_name": "Japanese Flowering Cherry", "zip_code": "20879", "ownership": "public", "ownership_raw": "City of Gaithersburg", "city": "Gaithersburg", "source_dataset": "Street Trees View", "source_department": "City of Gaithersburg", "source_last_edit_at": "2025-06-11T14:32:58.720000+00:00"}}, {"type": "Feature", "geometry": {"type": "Point", "coordinates": [-77.22757138616684, 39.16293628265145]}, "properties": {"id": "gaithersburg-11295", "species_group": "cherry", "scientific_name": "Prunus serrulata", "common_name": "Japanese Flowering Cherry", "subtype_name": "Japanese Flowering Cherry", "zip_code": "20879", "ownership": "public", "ownership_raw": "City of Gaithersburg", "city": "Gaithersburg", "source_dataset": "Street Trees View", "source_department": "City of Gaithersburg", "source_last_edit_at": "2025-06-11T14:32:58.720000+00:00"}}, {"type": "Feature", "geometry": {"type": "Point", "coordinates": [-77.227585667569, 39.1628942026071]}, "properties": {"id": "gaithersburg-11296", "species_group": "cherry", "scientific_name": "Prunus serrulata", "common_name": "Japanese Flowering Cherry", "subtype_name": "Japanese Flowering Cherry", "zip_code": "20879", "ownership": "public", "ownership_raw": "City of Gaithersburg", "city": "Gaithersburg", "source_dataset": "Street Trees View", "source_department": "City of Gaithersburg", "source_last_edit_at": "2025-06-11T14:32:58.720000+00:00"}}, {"type": "Feature", "geometry": {"type": "Point", "coordinates": [-77.22773794838204, 39.162832466996974]}, "properties": {"id": "gaithersburg-11297", "species_group": "cherry", "scientific_name": "Prunus serrulata", "common_name": "Japanese Flowering Cherry", "subtype_name": "Japanese Flowering Cherry", "zip_code": "20879", "ownership": "public", "ownership_raw": "City of Gaithersburg", "city": "Gaithersburg", "source_dataset": "Street Trees View", "source_department": "City of Gaithersburg", "source_last_edit_at": "2025-06-11T14:32:58.720000+00:00"}}, {"type": "Feature", "geometry": {"type": "Point", "coordinates": [-77.22774771599374, 39.16278789691535]}, "properties": {"id": "gaithersburg-11298", "species_group": "cherry", "scientific_name": "Prunus serrulata", "common_name": "Japanese Flowering Cherry", "subtype_name": "Japanese Flowering Cherry", "zip_code": "20879", "ownership": "public", "ownership_raw": "City of Gaithersburg", "city": "Gaithersburg", "source_dataset": "Street Trees View", "source_department": "City of Gaithersburg", "source_last_edit_at": "2025-06-11T14:32:58.720000+00:00"}}, {"type": "Feature", "geometry": {"type": "Point", "coordinates": [-77.22780504874048, 39.162787634217096]}, "properties": {"id": "gaithersburg-11299", "species_group": "cherry", "scientific_name": "Prunus serrulata", "common_name": "Japanese Flowering Cherry", "subtype_name": "Japanese Flowering Cherry", "zip_code": "20879", "ownership": "public", "ownership_raw": "City of Gaithersburg", "city": "Gaithersburg", "source_dataset": "Street Trees View", "source_department": "City of Gaithersburg", "source_last_edit_at": "2025-06-11T14:32:58.720000+00:00"}}, {"type": "Feature", "geometry": {"type": "Point", "coordinates": [-77.22780968756464, 39.16275083707364]}, "properties": {"id": "gaithersburg-11300", "species_group": "cherry", "scientific_name": "Prunus serrulata", "common_name": "Japanese Flowering Cherry", "subtype_name": "Japanese Flowering Cherry", "zip_code": "20879", "ownership": "public", "ownership_raw": "City of Gaithersburg", "city": "Gaithersburg", "source_dataset": "Street Trees View", "source_department": "City of Gaithersburg", "source_last_edit_at": "2025-06-11T14:32:58.720000+00:00"}}, {"type": "Feature", "geometry": {"type": "Point", "coordinates": [-77.22792616936772, 39.16268998236729]}, "properties": {"id": "gaithersburg-11301", "species_group": "cherry", "scientific_name": "Prunus serrulata", "common_name": "Japanese Flowering Cherry", "subtype_name": "Japanese Flowering Cherry", "zip_code": "20879", "ownership": "public", "ownership_raw": "City of Gaithersburg", "city": "Gaithersburg", "source_dataset": "Street Trees View", "source_department": "City of Gaithersburg", "source_last_edit_at": "2025-06-11T14:32:58.720000+00:00"}}, {"type": "Feature", "geometry": {"type": "Point", "coordinates": [-77.22793604011201, 39.16265163560356]}, "properties": {"id": "gaithersburg-11302", "species_group": "cherry", "scientific_name": "Prunus serrulata", "common_name": "Japanese Flowering Cherry", "subtype_name": "Japanese Flowering Cherry", "zip_code": "20879", "ownership": "public", "ownership_raw": "City of Gaithersburg", "city": "Gaithersburg", "source_dataset": "Street Trees View", "source_department": "City of Gaithersburg", "source_last_edit_at": "2025-06-11T14:32:58.720000+00:00"}}, {"type": "Feature", "geometry": {"type": "Point", "coordinates": [-77.22798107525747, 39.162634778107034]}, "properties": {"id": "gaithersburg-11303", "species_group": "cherry", "scientific_name": "Prunus serrulata", "common_name": "Japanese Flowering Cherry", "subtype_name": "Japanese Flowering Cherry", "zip_code": "20879", "ownership": "public", "ownership_raw": "City of Gaithersburg", "city": "Gaithersburg", "source_dataset": "Street Trees View", "source_department": "City of Gaithersburg", "source_last_edit_at": "2025-06-11T14:32:58.720000+00:00"}}, {"type": "Feature", "geometry": {"type": "Point", "coordinates": [-77.22801980461338, 39.162575469764704]}, "properties": {"id": "gaithersburg-11304", "species_group": "cherry", "scientific_name": "Prunus serrulata", "common_name": "Japanese Flowering Cherry", "subtype_name": "Japanese Flowering Cherry", "zip_code": "20879", "ownership": "public", "ownership_raw": "City of Gaithersburg", "city": "Gaithersburg", "source_dataset": "Street Trees View", "source_department": "City of Gaithersburg", "source_last_edit_at": "2025-06-11T14:32:58.720000+00:00"}}, {"type": "Feature", "geometry": {"type": "Point", "coordinates": [-77.22805264307031, 39.16254568714581]}, "properties": {"id": "gaithersburg-11305", "species_group": "cherry", "scientific_name": "Prunus serrulata", "common_name": "Japanese Flowering Cherry", "subtype_name": "Japanese Flowering Cherry", "zip_code": "20879", "ownership": "public", "ownership_raw": "City of Gaithersburg", "city": "Gaithersburg", "source_dataset": "Street Trees View", "source_department": "City of Gaithersburg", "source_last_edit_at": "2025-06-11T14:32:58.720000+00:00"}}, {"type": "Feature", "geometry": {"type": "Point", "coordinates": [-77.22809165673205, 39.16251046256293]}, "properties": {"id": "gaithersburg-11306", "species_group": "cherry", "scientific_name": "Prunus serrulata", "common_name": "Japanese Flowering Cherry", "subtype_name": "Japanese Flowering Cherry", "zip_code": "20879", "ownership": "public", "ownership_raw": "City of Gaithersburg", "city": "Gaithersburg", "source_dataset": "Street Trees View", "source_department": "City of Gaithersburg", "source_last_edit_at": "2025-06-11T14:32:58.720000+00:00"}}, {"type": "Feature", "geometry": {"type": "Point", "coordinates": [-77.22851444827532, 39.161968859195085]}, "properties": {"id": "gaithersburg-11307", "species_group": "cherry", "scientific_name": "Prunus serrulata", "common_name": "Japanese Flowering Cherry", "subtype_name": "Japanese Flowering Cherry", "zip_code": "20879", "ownership": "public", "ownership_raw": "City of Gaithersburg", "city": "Gaithersburg", "source_dataset": "Street Trees View", "source_department": "City of Gaithersburg", "source_last_edit_at": "2025-06-11T14:32:58.720000+00:00"}}, {"type": "Feature", "geometry": {"type": "Point", "coordinates": [-77.22856253356896, 39.16193961961476]}, "properties": {"id": "gaithersburg-11308", "species_group": "cherry", "scientific_name": "Prunus serrulata", "common_name": "Japanese Flowering Cherry", "subtype_name": "Japanese Flowering Cherry", "zip_code": "20879", "ownership": "public", "ownership_raw": "City of Gaithersburg", "city": "Gaithersburg", "source_dataset": "Street Trees View", "source_department": "City of Gaithersburg", "source_last_edit_at": "2025-06-11T14:32:58.720000+00:00"}}, {"type": "Feature", "geometry": {"type": "Point", "coordinates": [-77.2285532690348, 39.161898287046164]}, "properties": {"id": "gaithersburg-11309", "species_group": "cherry", "scientific_name": "Prunus serrulata", "common_name": "Japanese Flowering Cherry", "subtype_name": "Japanese Flowering Cherry", "zip_code": "20879", "ownership": "public", "ownership_raw": "City of Gaithersburg", "city": "Gaithersburg", "source_dataset": "Street Trees View", "source_department": "City of Gaithersburg", "source_last_edit_at": "2025-06-11T14:32:58.720000+00:00"}}, {"type": "Feature", "geometry": {"type": "Point", "coordinates": [-77.22861816583847, 39.16172856306192]}, "properties": {"id": "gaithersburg-11310", "species_group": "cherry", "scientific_name": "Prunus serrulata", "common_name": "Japanese Flowering Cherry", "subtype_name": "Japanese Flowering Cherry", "zip_code": "20879", "ownership": "public", "ownership_raw": "City of Gaithersburg", "city": "Gaithersburg", "source_dataset": "Street Trees View", "source_department": "City of Gaithersburg", "source_last_edit_at": "2025-06-11T14:32:58.720000+00:00"}}, {"type": "Feature", "geometry": {"type": "Point", "coordinates": [-77.2286646432924, 39.16170673014091]}, "properties": {"id": "gaithersburg-11311", "species_group": "cherry", "scientific_name": "Prunus serrulata", "common_name": "Japanese Flowering Cherry", "subtype_name": "Japanese Flowering Cherry", "zip_code": "20879", "ownership": "public", "ownership_raw": "City of Gaithersburg", "city": "Gaithersburg", "source_dataset": "Street Trees View", "source_department": "City of Gaithersburg", "source_last_edit_at": "2025-06-11T14:32:58.720000+00:00"}}, {"type": "Feature", "geometry": {"type": "Point", "coordinates": [-77.22863806781974, 39.1616711441239]}, "properties": {"id": "gaithersburg-11312", "species_group": "cherry", "scientific_name": "Prunus serrulata", "common_name": "Japanese Flowering Cherry", "subtype_name": "Japanese Flowering Cherry", "zip_code": "20879", "ownership": "public", "ownership_raw": "City of Gaithersburg", "city": "Gaithersburg", "source_dataset": "Street Trees View", "source_department": "City of Gaithersburg", "source_last_edit_at": "2025-06-11T14:32:58.720000+00:00"}}, {"type": "Feature", "geometry": {"type": "Point", "coordinates": [-77.22867671745718, 39.161631264779125]}, "properties": {"id": "gaithersburg-11313", "species_group": "cherry", "scientific_name": "Prunus serrulata", "common_name": "Japanese Flowering Cherry", "subtype_name": "Japanese Flowering Cherry", "zip_code": "20879", "ownership": "public", "ownership_raw": "City of Gaithersburg", "city": "Gaithersburg", "source_dataset": "Street Trees View", "source_department": "City of Gaithersburg", "source_last_edit_at": "2025-06-11T14:32:58.720000+00:00"}}, {"type": "Feature", "geometry": {"type": "Point", "coordinates": [-77.22864255886073, 39.16159540169558]}, "properties": {"id": "gaithersburg-11314", "species_group": "cherry", "scientific_name": "Prunus serrulata", "common_name": "Japanese Flowering Cherry", "subtype_name": "Japanese Flowering Cherry", "zip_code": "20879", "ownership": "public", "ownership_raw": "City of Gaithersburg", "city": "Gaithersburg", "source_dataset": "Street Trees View", "source_department": "City of Gaithersburg", "source_last_edit_at": "2025-06-11T14:32:58.720000+00:00"}}, {"type": "Feature", "geometry": {"type": "Point", "coordinates": [-77.22868322338269, 39.161563221950104]}, "properties": {"id": "gaithersburg-11315", "species_group": "cherry", "scientific_name": "Prunus serrulata", "common_name": "Japanese Flowering Cherry", "subtype_name": "Japanese Flowering Cherry", "zip_code": "20879", "ownership": "public", "ownership_raw": "City of Gaithersburg", "city": "Gaithersburg", "source_dataset": "Street Trees View", "source_department": "City of Gaithersburg", "source_last_edit_at": "2025-06-11T14:32:58.720000+00:00"}}, {"type": "Feature", "geometry": {"type": "Point", "coordinates": [-77.22864248457661, 39.16152699607043]}, "properties": {"id": "gaithersburg-11316", "species_group": "cherry", "scientific_name": "Prunus serrulata", "common_name": "Japanese Flowering Cherry", "subtype_name": "Japanese Flowering Cherry", "zip_code": "20879", "ownership": "public", "ownership_raw": "City of Gaithersburg", "city": "Gaithersburg", "source_dataset": "Street Trees View", "source_department": "City of Gaithersburg", "source_last_edit_at": "2025-06-11T14:32:58.720000+00:00"}}, {"type": "Feature", "geometry": {"type": "Point", "coordinates": [-77.22868354039912, 39.161476555706095]}, "properties": {"id": "gaithersburg-11317", "species_group": "cherry", "scientific_name": "Prunus serrulata", "common_name": "Japanese Flowering Cherry", "subtype_name": "Japanese Flowering Cherry", "zip_code": "20879", "ownership": "public", "ownership_raw": "City of Gaithersburg", "city": "Gaithersburg", "source_dataset": "Street Trees View", "source_department": "City of Gaithersburg", "source_last_edit_at": "2025-06-11T14:32:58.720000+00:00"}}, {"type": "Feature", "geometry": {"type": "Point", "coordinates": [-77.22864032599833, 39.16146277506097]}, "properties": {"id": "gaithersburg-11318", "species_group": "cherry", "scientific_name": "Prunus serrulata", "common_name": "Japanese Flowering Cherry", "subtype_name": "Japanese Flowering Cherry", "zip_code": "20879", "ownership": "public", "ownership_raw": "City of Gaithersburg", "city": "Gaithersburg", "source_dataset": "Street Trees View", "source_department": "City of Gaithersburg", "source_last_edit_at": "2025-06-11T14:32:58.720000+00:00"}}, {"type": "Feature", "geometry": {"type": "Point", "coordinates": [-77.22857435543, 39.16124710480856]}, "properties": {"id": "gaithersburg-11319", "species_group": "cherry", "scientific_name": "Prunus serrulata", "common_name": "Japanese Flowering Cherry", "subtype_name": "Japanese Flowering Cherry", "zip_code": "20879", "ownership": "public", "ownership_raw": "City of Gaithersburg", "city": "Gaithersburg", "source_dataset": "Street Trees View", "source_department": "City of Gaithersburg", "source_last_edit_at": "2025-06-11T14:32:58.720000+00:00"}}, {"type": "Feature", "geometry": {"type": "Point", "coordinates": [-77.22857320038868, 39.16120600053949]}, "properties": {"id": "gaithersburg-11320", "species_group": "cherry", "scientific_name": "Prunus serrulata", "common_name": "Japanese Flowering Cherry", "subtype_name": "Japanese Flowering Cherry", "zip_code": "20879", "ownership": "public", "ownership_raw": "City of Gaithersburg", "city": "Gaithersburg", "source_dataset": "Street Trees View", "source_department": "City of Gaithersburg", "source_last_edit_at": "2025-06-11T14:32:58.720000+00:00"}}, {"type": "Feature", "geometry": {"type": "Point", "coordinates": [-77.22853621571927, 39.16116521382294]}, "properties": {"id": "gaithersburg-11321", "species_group": "cherry", "scientific_name": "Prunus serrulata", "common_name": "Japanese Flowering Cherry", "subtype_name": "Japanese Flowering Cherry", "zip_code": "20879", "ownership": "public", "ownership_raw": "City of Gaithersburg", "city": "Gaithersburg", "source_dataset": "Street Trees View", "source_department": "City of Gaithersburg", "source_last_edit_at": "2025-06-11T14:32:58.720000+00:00"}}, {"type": "Feature", "geometry": {"type": "Point", "coordinates": [-77.22838190261353, 39.16100331152912]}, "properties": {"id": "gaithersburg-11322", "species_group": "cherry", "scientific_name": "Prunus serrulata", "common_name": "Japanese Flowering Cherry", "subtype_name": "Japanese Flowering Cherry", "zip_code": "20879", "ownership": "public", "ownership_raw": "City of Gaithersburg", "city": "Gaithersburg", "source_dataset": "Street Trees View", "source_department": "City of Gaithersburg", "source_last_edit_at": "2025-06-11T14:32:58.720000+00:00"}}, {"type": "Feature", "geometry": {"type": "Point", "coordinates": [-77.22834450252883, 39.160975051906306]}, "properties": {"id": "gaithersburg-11323", "species_group": "cherry", "scientific_name": "Prunus serrulata", "common_name": "Japanese Flowering Cherry", "subtype_name": "Japanese Flowering Cherry", "zip_code": "20879", "ownership": "public", "ownership_raw": "City of Gaithersburg", "city": "Gaithersburg", "source_dataset": "Street Trees View", "source_department": "City of Gaithersburg", "source_last_edit_at": "2025-06-11T14:32:58.720000+00:00"}}, {"type": "Feature", "geometry": {"type": "Point", "coordinates": [-77.22805465873923, 39.16079004660212]}, "properties": {"id": "gaithersburg-11324", "species_group": "cherry", "scientific_name": "Prunus serrulata", "common_name": "Japanese Flowering Cherry", "subtype_name": "Japanese Flowering Cherry", "zip_code": "20879", "ownership": "public", "ownership_raw": "City of Gaithersburg", "city": "Gaithersburg", "source_dataset": "Street Trees View", "source_department": "City of Gaithersburg", "source_last_edit_at": "2025-06-11T14:32:58.720000+00:00"}}, {"type": "Feature", "geometry": {"type": "Point", "coordinates": [-77.22800709676524, 39.16079901545223]}, "properties": {"id": "gaithersburg-11325", "species_group": "cherry", "scientific_name": "Prunus serrulata", "common_name": "Japanese Flowering Cherry", "subtype_name": "Japanese Flowering Cherry", "zip_code": "20879", "ownership": "public", "ownership_raw": "City of Gaithersburg", "city": "Gaithersburg", "source_dataset": "Street Trees View", "source_department": "City of Gaithersburg", "source_last_edit_at": "2025-06-11T14:32:58.720000+00:00"}}, {"type": "Feature", "geometry": {"type": "Point", "coordinates": [-77.22781176219087, 39.160682517968056]}, "properties": {"id": "gaithersburg-11326", "species_group": "cherry", "scientific_name": "Prunus serrulata", "common_name": "Japanese Flowering Cherry", "subtype_name": "Japanese Flowering Cherry", "zip_code": "20879", "ownership": "public", "ownership_raw": "City of Gaithersburg", "city": "Gaithersburg", "source_dataset": "Street Trees View", "source_department": "City of Gaithersburg", "source_last_edit_at": "2025-06-11T14:32:58.720000+00:00"}}, {"type": "Feature", "geometry": {"type": "Point", "coordinates": [-77.22776715402563, 39.16068673563515]}, "properties": {"id": "gaithersburg-11327", "species_group": "cherry", "scientific_name": "Prunus serrulata", "common_name": "Japanese Flowering Cherry", "subtype_name": "Japanese Flowering Cherry", "zip_code": "20879", "ownership": "public", "ownership_raw": "City of Gaithersburg", "city": "Gaithersburg", "source_dataset": "Street Trees View", "source_department": "City of Gaithersburg", "source_last_edit_at": "2025-06-11T14:32:58.720000+00:00"}}, {"type": "Feature", "geometry": {"type": "Point", "coordinates": [-77.2277494952675, 39.160640930672876]}, "properties": {"id": "gaithersburg-11328", "species_group": "cherry", "scientific_name": "Prunus serrulata", "common_name": "Japanese Flowering Cherry", "subtype_name": "Japanese Flowering Cherry", "zip_code": "20879", "ownership": "public", "ownership_raw": "City of Gaithersburg", "city": "Gaithersburg", "source_dataset": "Street Trees View", "source_department": "City of Gaithersburg", "source_last_edit_at": "2025-06-11T14:32:58.720000+00:00"}}, {"type": "Feature", "geometry": {"type": "Point", "coordinates": [-77.22764094456372, 39.16060490458854]}, "properties": {"id": "gaithersburg-11329", "species_group": "cherry", "scientific_name": "Prunus serrulata", "common_name": "Japanese Flowering Cherry", "subtype_name": "Japanese Flowering Cherry", "zip_code": "20879", "ownership": "public", "ownership_raw": "City of Gaithersburg", "city": "Gaithersburg", "source_dataset": "Street Trees View", "source_department": "City of Gaithersburg", "source_last_edit_at": "2025-06-11T14:32:58.720000+00:00"}}, {"type": "Feature", "geometry": {"type": "Point", "coordinates": [-77.22764911155339, 39.16056027904514]}, "properties": {"id": "gaithersburg-11330", "species_group": "cherry", "scientific_name": "Prunus serrulata", "common_name": "Japanese Flowering Cherry", "subtype_name": "Japanese Flowering Cherry", "zip_code": "20879", "ownership": "public", "ownership_raw": "City of Gaithersburg", "city": "Gaithersburg", "source_dataset": "Street Trees View", "source_department": "City of Gaithersburg", "source_last_edit_at": "2025-06-11T14:32:58.720000+00:00"}}, {"type": "Feature", "geometry": {"type": "Point", "coordinates": [-77.22758742637268, 39.16054890023661]}, "properties": {"id": "gaithersburg-11331", "species_group": "cherry", "scientific_name": "Prunus serrulata", "common_name": "Japanese Flowering Cherry", "subtype_name": "Japanese Flowering Cherry", "zip_code": "20879", "ownership": "public", "ownership_raw": "City of Gaithersburg", "city": "Gaithersburg", "source_dataset": "Street Trees View", "source_department": "City of Gaithersburg", "source_last_edit_at": "2025-06-11T14:32:58.720000+00:00"}}, {"type": "Feature", "geometry": {"type": "Point", "coordinates": [-77.22758871937714, 39.16051295000891]}, "properties": {"id": "gaithersburg-11332", "species_group": "cherry", "scientific_name": "Prunus serrulata", "common_name": "Japanese Flowering Cherry", "subtype_name": "Japanese Flowering Cherry", "zip_code": "20879", "ownership": "public", "ownership_raw": "City of Gaithersburg", "city": "Gaithersburg", "source_dataset": "Street Trees View", "source_department": "City of Gaithersburg", "source_last_edit_at": "2025-06-11T14:32:58.720000+00:00"}}, {"type": "Feature", "geometry": {"type": "Point", "coordinates": [-77.22755345043404, 39.16048049192926]}, "properties": {"id": "gaithersburg-11333", "species_group": "cherry", "scientific_name": "Prunus serrulata", "common_name": "Japanese Flowering Cherry", "subtype_name": "Japanese Flowering Cherry", "zip_code": "20879", "ownership": "public", "ownership_raw": "City of Gaithersburg", "city": "Gaithersburg", "source_dataset": "Street Trees View", "source_department": "City of Gaithersburg", "source_last_edit_at": "2025-06-11T14:32:58.720000+00:00"}}, {"type": "Feature", "geometry": {"type": "Point", "coordinates": [-77.22750603047989, 39.16046908179052]}, "properties": {"id": "gaithersburg-11334", "species_group": "cherry", "scientific_name": "Prunus serrulata", "common_name": "Japanese Flowering Cherry", "subtype_name": "Japanese Flowering Cherry", "zip_code": "20879", "ownership": "public", "ownership_raw": "City of Gaithersburg", "city": "Gaithersburg", "source_dataset": "Street Trees View", "source_department": "City of Gaithersburg", "source_last_edit_at": "2025-06-11T14:32:58.720000+00:00"}}, {"type": "Feature", "geometry": {"type": "Point", "coordinates": [-77.22751078007184, 39.16042784984602]}, "properties": {"id": "gaithersburg-11335", "species_group": "cherry", "scientific_name": "Prunus serrulata", "common_name": "Japanese Flowering Cherry", "subtype_name": "Japanese Flowering Cherry", "zip_code": "20879", "ownership": "public", "ownership_raw": "City of Gaithersburg", "city": "Gaithersburg", "source_dataset": "Street Trees View", "source_department": "City of Gaithersburg", "source_last_edit_at": "2025-06-11T14:32:58.720000+00:00"}}, {"type": "Feature", "geometry": {"type": "Point", "coordinates": [-77.22743966183053, 39.16037965696938]}, "properties": {"id": "gaithersburg-11336", "species_group": "cherry", "scientific_name": "Prunus serrulata", "common_name": "Japanese Flowering Cherry", "subtype_name": "Japanese Flowering Cherry", "zip_code": "20879", "ownership": "public", "ownership_raw": "City of Gaithersburg", "city": "Gaithersburg", "source_dataset": "Street Trees View", "source_department": "City of Gaithersburg", "source_last_edit_at": "2025-06-11T14:32:58.720000+00:00"}}, {"type": "Feature", "geometry": {"type": "Point", "coordinates": [-77.227439661446, 39.16033831984]}, "properties": {"id": "gaithersburg-11337", "species_group": "cherry", "scientific_name": "Prunus serrulata", "common_name": "Japanese Flowering Cherry", "subtype_name": "Japanese Flowering Cherry", "zip_code": "20879", "ownership": "public", "ownership_raw": "City of Gaithersburg", "city": "Gaithersburg", "source_dataset": "Street Trees View", "source_department": "City of Gaithersburg", "source_last_edit_at": "2025-06-11T14:32:58.720000+00:00"}}, {"type": "Feature", "geometry": {"type": "Point", "coordinates": [-77.22739287669984, 39.16032397816206]}, "properties": {"id": "gaithersburg-11338", "species_group": "cherry", "scientific_name": "Prunus serrulata", "common_name": "Japanese Flowering Cherry", "subtype_name": "Japanese Flowering Cherry", "zip_code": "20879", "ownership": "public", "ownership_raw": "City of Gaithersburg", "city": "Gaithersburg", "source_dataset": "Street Trees View", "source_department": "City of Gaithersburg", "source_last_edit_at": "2025-06-11T14:32:58.720000+00:00"}}, {"type": "Feature", "geometry": {"type": "Point", "coordinates": [-77.22706440505472, 39.15989074144603]}, "properties": {"id": "gaithersburg-11339", "species_group": "cherry", "scientific_name": "Prunus serrulata", "common_name": "Japanese Flowering Cherry", "subtype_name": "Japanese Flowering Cherry", "zip_code": "20879", "ownership": "public", "ownership_raw": "City of Gaithersburg", "city": "Gaithersburg", "source_dataset": "Street Trees View", "source_department": "City of Gaithersburg", "source_last_edit_at": "2025-06-11T14:32:58.720000+00:00"}}, {"type": "Feature", "geometry": {"type": "Point", "coordinates": [-77.22702653314579, 39.15984699867544]}, "properties": {"id": "gaithersburg-11340", "species_group": "cherry", "scientific_name": "Prunus serrulata", "common_name": "Japanese Flowering Cherry", "subtype_name": "Japanese Flowering Cherry", "zip_code": "20879", "ownership": "public", "ownership_raw": "City of Gaithersburg", "city": "Gaithersburg", "source_dataset": "Street Trees View", "source_department": "City of Gaithersburg", "source_last_edit_at": "2025-06-11T14:32:58.720000+00:00"}}, {"type": "Feature", "geometry": {"type": "Point", "coordinates": [-77.22699466425983, 39.159802615521706]}, "properties": {"id": "gaithersburg-11341", "species_group": "cherry", "scientific_name": "Prunus serrulata", "common_name": "Japanese Flowering Cherry", "subtype_name": "Japanese Flowering Cherry", "zip_code": "20879", "ownership": "public", "ownership_raw": "City of Gaithersburg", "city": "Gaithersburg", "source_dataset": "Street Trees View", "source_department": "City of Gaithersburg", "source_last_edit_at": "2025-06-11T14:32:58.720000+00:00"}}, {"type": "Feature", "geometry": {"type": "Point", "coordinates": [-77.22707045476201, 39.12897818317119]}, "properties": {"id": "gaithersburg-11354", "species_group": "magnolia", "scientific_name": "Magnolia virginiana", "common_name": "Florida Sweet Bay Magnolia Bay", "subtype_name": "Sweetbay Magnolia", "zip_code": "20878", "ownership": "public", "ownership_raw": "City of Gaithersburg", "city": "Gaithersburg", "source_dataset": "Street Trees View", "source_department": "City of Gaithersburg", "source_last_edit_at": "2025-06-11T14:32:58.720000+00:00"}}, {"type": "Feature", "geometry": {"type": "Point", "coordinates": [-77.22711545509812, 39.12900736909864]}, "properties": {"id": "gaithersburg-11355", "species_group": "magnolia", "scientific_name": "Magnolia virginiana", "common_name": "Florida Sweet Bay Magnolia Bay", "subtype_name": "Sweetbay Magnolia", "zip_code": "20878", "ownership": "public", "ownership_raw": "City of Gaithersburg", "city": "Gaithersburg", "source_dataset": "Street Trees View", "source_department": "City of Gaithersburg", "source_last_edit_at": "2025-06-11T14:32:58.720000+00:00"}}, {"type": "Feature", "geometry": {"type": "Point", "coordinates": [-77.22717405877471, 39.12904890105484]}, "properties": {"id": "gaithersburg-11356", "species_group": "magnolia", "scientific_name": "Magnolia virginiana", "common_name": "Florida Sweet Bay Magnolia Bay", "subtype_name": "Sweetbay Magnolia", "zip_code": "20878", "ownership": "public", "ownership_raw": "City of Gaithersburg", "city": "Gaithersburg", "source_dataset": "Street Trees View", "source_department": "City of Gaithersburg", "source_last_edit_at": "2025-06-11T14:32:58.720000+00:00"}}, {"type": "Feature", "geometry": {"type": "Point", "coordinates": [-77.22722944817735, 39.129087435964344]}, "properties": {"id": "gaithersburg-11357", "species_group": "magnolia", "scientific_name": "Magnolia virginiana", "common_name": "Florida Sweet Bay Magnolia Bay", "subtype_name": "Sweetbay Magnolia", "zip_code": "20878", "ownership": "public", "ownership_raw": "City of Gaithersburg", "city": "Gaithersburg", "source_dataset": "Street Trees View", "source_department": "City of Gaithersburg", "source_last_edit_at": "2025-06-11T14:32:58.720000+00:00"}}, {"type": "Feature", "geometry": {"type": "Point", "coordinates": [-77.1916088575605, 39.13994491687449]}, "properties": {"id": "gaithersburg-11424", "species_group": "cherry", "scientific_name": "Prunus serrulata", "common_name": "Japanese Flowering Cherry", "subtype_name": "Japanese Flowering Cherry", "zip_code": "20877", "ownership": "public", "ownership_raw": "City of Gaithersburg", "city": "Gaithersburg", "source_dataset": "Street Trees View", "source_department": "City of Gaithersburg", "source_last_edit_at": "2025-06-11T14:32:58.720000+00:00"}}, {"type": "Feature", "geometry": {"type": "Point", "coordinates": [-77.23400203732322, 39.10937359971397]}, "properties": {"id": "gaithersburg-1151", "species_group": "magnolia", "scientific_name": "Magnolia grandiflora", "common_name": "Southern Magnolia", "subtype_name": "Southern Magnolia", "zip_code": "20878", "ownership": "public", "ownership_raw": "City of Gaithersburg", "city": "Gaithersburg", "source_dataset": "Street Trees View", "source_department": "City of Gaithersburg", "source_last_edit_at": "2025-06-11T14:32:58.720000+00:00"}}, {"type": "Feature", "geometry": {"type": "Point", "coordinates": [-77.23725516517419, 39.144490439437305]}, "properties": {"id": "gaithersburg-1966", "species_group": "cherry", "scientific_name": "Prunus serrulata", "common_name": "Japanese Flowering Cherry", "subtype_name": "Japanese Flowering Cherry", "zip_code": "20878", "ownership": "public", "ownership_raw": "City of Gaithersburg", "city": "Gaithersburg", "source_dataset": "Street Trees View", "source_department": "City of Gaithersburg", "source_last_edit_at": "2025-06-11T14:32:58.720000+00:00"}}, {"type": "Feature", "geometry": {"type": "Point", "coordinates": [-77.23694347168424, 39.14446115815973]}, "properties": {"id": "gaithersburg-1967", "species_group": "crabapple", "scientific_name": "Malus floribunda", "common_name": "Crabapple", "subtype_name": "Malus floribunda", "zip_code": "20878", "ownership": "public", "ownership_raw": "City of Gaithersburg", "city": "Gaithersburg", "source_dataset": "Street Trees View", "source_department": "City of Gaithersburg", "source_last_edit_at": "2025-06-11T14:32:58.720000+00:00"}}, {"type": "Feature", "geometry": {"type": "Point", "coordinates": [-77.24159161190533, 39.13500175171328]}, "properties": {"id": "gaithersburg-212", "species_group": "cherry", "scientific_name": "Prunus serrulata", "common_name": "Japanese Flowering Cherry", "subtype_name": "Japanese Flowering Cherry", "zip_code": "20878", "ownership": "public", "ownership_raw": "City of Gaithersburg", "city": "Gaithersburg", "source_dataset": "Street Trees View", "source_department": "City of Gaithersburg", "source_last_edit_at": "2025-06-11T14:32:58.720000+00:00"}}, {"type": "Feature", "geometry": {"type": "Point", "coordinates": [-77.2416691131591, 39.135017019841094]}, "properties": {"id": "gaithersburg-213", "species_group": "cherry", "scientific_name": "Prunus serrulata", "common_name": "Japanese Flowering Cherry", "subtype_name": "Japanese Flowering Cherry", "zip_code": "20878", "ownership": "public", "ownership_raw": "City of Gaithersburg", "city": "Gaithersburg", "source_dataset": "Street Trees View", "source_department": "City of Gaithersburg", "source_last_edit_at": "2025-06-11T14:32:58.720000+00:00"}}, {"type": "Feature", "geometry": {"type": "Point", "coordinates": [-77.2143435876707, 39.16251572379307]}, "properties": {"id": "gaithersburg-2261", "species_group": "cherry", "scientific_name": "Prunus serrulata", "common_name": "Japanese Flowering Cherry", "subtype_name": "Japanese Flowering Cherry", "zip_code": "20879", "ownership": "public", "ownership_raw": "City of Gaithersburg", "city": "Gaithersburg", "source_dataset": "Street Trees View", "source_department": "City of Gaithersburg", "source_last_edit_at": "2025-06-11T14:32:58.720000+00:00"}}, {"type": "Feature", "geometry": {"type": "Point", "coordinates": [-77.18930168438916, 39.154147927904546]}, "properties": {"id": "gaithersburg-2272", "species_group": "cherry", "scientific_name": "Prunus serrulata", "common_name": "Japanese Flowering Cherry", "subtype_name": "Japanese Flowering Cherry", "zip_code": "20877", "ownership": "public", "ownership_raw": "City of Gaithersburg", "city": "Gaithersburg", "source_dataset": "Street Trees View", "source_department": "City of Gaithersburg", "source_last_edit_at": "2025-06-11T14:32:58.720000+00:00"}}, {"type": "Feature", "geometry": {"type": "Point", "coordinates": [-77.1910963259968, 39.155403880199344]}, "properties": {"id": "gaithersburg-2308", "species_group": "cherry", "scientific_name": "Prunus serrulata", "common_name": "Japanese Flowering Cherry", "subtype_name": "Japanese Flowering Cherry", "zip_code": "20877", "ownership": "public", "ownership_raw": "City of Gaithersburg", "city": "Gaithersburg", "source_dataset": "Street Trees View", "source_department": "City of Gaithersburg", "source_last_edit_at": "2025-06-11T14:32:58.720000+00:00"}}, {"type": "Feature", "geometry": {"type": "Point", "coordinates": [-77.24332940121394, 39.135859182314555]}, "properties": {"id": "gaithersburg-248", "species_group": "cherry", "scientific_name": "Prunus serrulata", "common_name": "Japanese Flowering Cherry", "subtype_name": "Japanese Flowering Cherry", "zip_code": "20878", "ownership": "public", "ownership_raw": "City of Gaithersburg", "city": "Gaithersburg", "source_dataset": "Street Trees View", "source_department": "City of Gaithersburg", "source_last_edit_at": "2025-06-11T14:32:58.720000+00:00"}}, {"type": "Feature", "geometry": {"type": "Point", "coordinates": [-77.18999430816915, 39.15384918184482]}, "properties": {"id": "gaithersburg-2522", "species_group": "crabapple", "scientific_name": "Malus floribunda", "common_name": "Crabapple", "subtype_name": "Malus floribunda", "zip_code": "20877", "ownership": "public", "ownership_raw": "City of Gaithersburg", "city": "Gaithersburg", "source_dataset": "Street Trees View", "source_department": "City of Gaithersburg", "source_last_edit_at": "2025-06-11T14:32:58.720000+00:00"}}, {"type": "Feature", "geometry": {"type": "Point", "coordinates": [-77.18939840835894, 39.15375196277208]}, "properties": {"id": "gaithersburg-2527", "species_group": "cherry", "scientific_name": "Prunus serrulata", "common_name": "Japanese Flowering Cherry", "subtype_name": "Japanese Flowering Cherry", "zip_code": "20877", "ownership": "public", "ownership_raw": "City of Gaithersburg", "city": "Gaithersburg", "source_dataset": "Street Trees View", "source_department": "City of Gaithersburg", "source_last_edit_at": "2025-06-11T14:32:58.720000+00:00"}}, {"type": "Feature", "geometry": {"type": "Point", "coordinates": [-77.1893886231719, 39.15369385162939]}, "properties": {"id": "gaithersburg-2528", "species_group": "cherry", "scientific_name": "Prunus serrulata", "common_name": "Japanese Flowering Cherry", "subtype_name": "Japanese Flowering Cherry", "zip_code": "20877", "ownership": "public", "ownership_raw": "City of Gaithersburg", "city": "Gaithersburg", "source_dataset": "Street Trees View", "source_department": "City of Gaithersburg", "source_last_edit_at": "2025-06-11T14:32:58.720000+00:00"}}, {"type": "Feature", "geometry": {"type": "Point", "coordinates": [-77.18938049935812, 39.153634002883855]}, "properties": {"id": "gaithersburg-2529", "species_group": "cherry", "scientific_name": "Prunus serrulata", "common_name": "Japanese Flowering Cherry", "subtype_name": "Japanese Flowering Cherry", "zip_code": "20877", "ownership": "public", "ownership_raw": "City of Gaithersburg", "city": "Gaithersburg", "source_dataset": "Street Trees View", "source_department": "City of Gaithersburg", "source_last_edit_at": "2025-06-11T14:32:58.720000+00:00"}}, {"type": "Feature", "geometry": {"type": "Point", "coordinates": [-77.18921434482701, 39.15347186356391]}, "properties": {"id": "gaithersburg-2537", "species_group": "cherry", "scientific_name": "Prunus serrulata", "common_name": "Japanese Flowering Cherry", "subtype_name": "Japanese Flowering Cherry", "zip_code": "20877", "ownership": "public", "ownership_raw": "City of Gaithersburg", "city": "Gaithersburg", "source_dataset": "Street Trees View", "source_department": "City of Gaithersburg", "source_last_edit_at": "2025-06-11T14:32:58.720000+00:00"}}, {"type": "Feature", "geometry": {"type": "Point", "coordinates": [-77.18922485358598, 39.15353413429636]}, "properties": {"id": "gaithersburg-2538", "species_group": "cherry", "scientific_name": "Prunus serrulata", "common_name": "Japanese Flowering Cherry", "subtype_name": "Japanese Flowering Cherry", "zip_code": "20877", "ownership": "public", "ownership_raw": "City of Gaithersburg", "city": "Gaithersburg", "source_dataset": "Street Trees View", "source_department": "City of Gaithersburg", "source_last_edit_at": "2025-06-11T14:32:58.720000+00:00"}}, {"type": "Feature", "geometry": {"type": "Point", "coordinates": [-77.18923440979832, 39.15359277548773]}, "properties": {"id": "gaithersburg-2539", "species_group": "cherry", "scientific_name": "Prunus serrulata", "common_name": "Japanese Flowering Cherry", "subtype_name": "Japanese Flowering Cherry", "zip_code": "20877", "ownership": "public", "ownership_raw": "City of Gaithersburg", "city": "Gaithersburg", "source_dataset": "Street Trees View", "source_department": "City of Gaithersburg", "source_last_edit_at": "2025-06-11T14:32:58.720000+00:00"}}, {"type": "Feature", "geometry": {"type": "Point", "coordinates": [-77.18924446740488, 39.15365244546888]}, "properties": {"id": "gaithersburg-2540", "species_group": "cherry", "scientific_name": "Prunus serrulata", "common_name": "Japanese Flowering Cherry", "subtype_name": "Japanese Flowering Cherry", "zip_code": "20877", "ownership": "public", "ownership_raw": "City of Gaithersburg", "city": "Gaithersburg", "source_dataset": "Street Trees View", "source_department": "City of Gaithersburg", "source_last_edit_at": "2025-06-11T14:32:58.720000+00:00"}}, {"type": "Feature", "geometry": {"type": "Point", "coordinates": [-77.18925125486093, 39.15371403850442]}, "properties": {"id": "gaithersburg-2541", "species_group": "cherry", "scientific_name": "Prunus serrulata", "common_name": "Japanese Flowering Cherry", "subtype_name": "Japanese Flowering Cherry", "zip_code": "20877", "ownership": "public", "ownership_raw": "City of Gaithersburg", "city": "Gaithersburg", "source_dataset": "Street Trees View", "source_department": "City of Gaithersburg", "source_last_edit_at": "2025-06-11T14:32:58.720000+00:00"}}, {"type": "Feature", "geometry": {"type": "Point", "coordinates": [-77.18926014745684, 39.15376545103785]}, "properties": {"id": "gaithersburg-2542", "species_group": "cherry", "scientific_name": "Prunus serrulata", "common_name": "Japanese Flowering Cherry", "subtype_name": "Japanese Flowering Cherry", "zip_code": "20877", "ownership": "public", "ownership_raw": "City of Gaithersburg", "city": "Gaithersburg", "source_dataset": "Street Trees View", "source_department": "City of Gaithersburg", "source_last_edit_at": "2025-06-11T14:32:58.720000+00:00"}}, {"type": "Feature", "geometry": {"type": "Point", "coordinates": [-77.24321633298919, 39.13581282704389]}, "properties": {"id": "gaithersburg-256", "species_group": "cherry", "scientific_name": "Prunus serrulata", "common_name": "Japanese Flowering Cherry", "subtype_name": "Japanese Flowering Cherry", "zip_code": "20878", "ownership": "public", "ownership_raw": "City of Gaithersburg", "city": "Gaithersburg", "source_dataset": "Street Trees View", "source_department": "City of Gaithersburg", "source_last_edit_at": "2025-06-11T14:32:58.720000+00:00"}}, {"type": "Feature", "geometry": {"type": "Point", "coordinates": [-77.18811157902341, 39.1524618241416]}, "properties": {"id": "gaithersburg-2637", "species_group": "cherry", "scientific_name": "Prunus serrulata", "common_name": "Japanese Flowering Cherry", "subtype_name": "Japanese Flowering Cherry", "zip_code": "20877", "ownership": "public", "ownership_raw": "City of Gaithersburg", "city": "Gaithersburg", "source_dataset": "Street Trees View", "source_department": "City of Gaithersburg", "source_last_edit_at": "2025-06-11T14:32:58.720000+00:00"}}, {"type": "Feature", "geometry": {"type": "Point", "coordinates": [-77.18776389954495, 39.1515296060906]}, "properties": {"id": "gaithersburg-2651", "species_group": "crabapple", "scientific_name": "Malus floribunda", "common_name": "Crabapple", "subtype_name": "Malus floribunda", "zip_code": "20877", "ownership": "public", "ownership_raw": "City of Gaithersburg", "city": "Gaithersburg", "source_dataset": "Street Trees View", "source_department": "City of Gaithersburg", "source_last_edit_at": "2025-06-11T14:32:58.720000+00:00"}}, {"type": "Feature", "geometry": {"type": "Point", "coordinates": [-77.18782039846906, 39.15151972582552]}, "properties": {"id": "gaithersburg-2652", "species_group": "crabapple", "scientific_name": "Malus floribunda", "common_name": "Crabapple", "subtype_name": "Malus floribunda", "zip_code": "20877", "ownership": "public", "ownership_raw": "City of Gaithersburg", "city": "Gaithersburg", "source_dataset": "Street Trees View", "source_department": "City of Gaithersburg", "source_last_edit_at": "2025-06-11T14:32:58.720000+00:00"}}, {"type": "Feature", "geometry": {"type": "Point", "coordinates": [-77.18790717017663, 39.15151166255162]}, "properties": {"id": "gaithersburg-2653", "species_group": "crabapple", "scientific_name": "Malus floribunda", "common_name": "Crabapple", "subtype_name": "Malus floribunda", "zip_code": "20877", "ownership": "public", "ownership_raw": "City of Gaithersburg", "city": "Gaithersburg", "source_dataset": "Street Trees View", "source_department": "City of Gaithersburg", "source_last_edit_at": "2025-06-11T14:32:58.720000+00:00"}}, {"type": "Feature", "geometry": {"type": "Point", "coordinates": [-77.18797800497283, 39.151502503284746]}, "properties": {"id": "gaithersburg-2654", "species_group": "crabapple", "scientific_name": "Malus floribunda", "common_name": "Crabapple", "subtype_name": "Malus floribunda", "zip_code": "20877", "ownership": "public", "ownership_raw": "City of Gaithersburg", "city": "Gaithersburg", "source_dataset": "Street Trees View", "source_department": "City of Gaithersburg", "source_last_edit_at": "2025-06-11T14:32:58.720000+00:00"}}, {"type": "Feature", "geometry": {"type": "Point", "coordinates": [-77.18804962190752, 39.15149731429695]}, "properties": {"id": "gaithersburg-2655", "species_group": "crabapple", "scientific_name": "Malus floribunda", "common_name": "Crabapple", "subtype_name": "Malus floribunda", "zip_code": "20877", "ownership": "public", "ownership_raw": "City of Gaithersburg", "city": "Gaithersburg", "source_dataset": "Street Trees View", "source_department": "City of Gaithersburg", "source_last_edit_at": "2025-06-11T14:32:58.720000+00:00"}}, {"type": "Feature", "geometry": {"type": "Point", "coordinates": [-77.18861164727214, 39.15156647663441]}, "properties": {"id": "gaithersburg-2658", "species_group": "cherry", "scientific_name": "Prunus serrulata", "common_name": "Japanese Flowering Cherry", "subtype_name": "Japanese Flowering Cherry", "zip_code": "20877", "ownership": "public", "ownership_raw": "City of Gaithersburg", "city": "Gaithersburg", "source_dataset": "Street Trees View", "source_department": "City of Gaithersburg", "source_last_edit_at": "2025-06-11T14:32:58.720000+00:00"}}, {"type": "Feature", "geometry": {"type": "Point", "coordinates": [-77.18859719418525, 39.15155081265294]}, "properties": {"id": "gaithersburg-2659", "species_group": "cherry", "scientific_name": "Prunus serrulata", "common_name": "Japanese Flowering Cherry", "subtype_name": "Japanese Flowering Cherry", "zip_code": "20877", "ownership": "public", "ownership_raw": "City of Gaithersburg", "city": "Gaithersburg", "source_dataset": "Street Trees View", "source_department": "City of Gaithersburg", "source_last_edit_at": "2025-06-11T14:32:58.720000+00:00"}}, {"type": "Feature", "geometry": {"type": "Point", "coordinates": [-77.1885653734409, 39.15158520009063]}, "properties": {"id": "gaithersburg-2660", "species_group": "cherry", "scientific_name": "Prunus serrulata", "common_name": "Japanese Flowering Cherry", "subtype_name": "Japanese Flowering Cherry", "zip_code": "20877", "ownership": "public", "ownership_raw": "City of Gaithersburg", "city": "Gaithersburg", "source_dataset": "Street Trees View", "source_department": "City of Gaithersburg", "source_last_edit_at": "2025-06-11T14:32:58.720000+00:00"}}, {"type": "Feature", "geometry": {"type": "Point", "coordinates": [-77.18863101702739, 39.15161869480728]}, "properties": {"id": "gaithersburg-2661", "species_group": "cherry", "scientific_name": "Prunus serrulata", "common_name": "Japanese Flowering Cherry", "subtype_name": "Japanese Flowering Cherry", "zip_code": "20877", "ownership": "public", "ownership_raw": "City of Gaithersburg", "city": "Gaithersburg", "source_dataset": "Street Trees View", "source_department": "City of Gaithersburg", "source_last_edit_at": "2025-06-11T14:32:58.720000+00:00"}}, {"type": "Feature", "geometry": {"type": "Point", "coordinates": [-77.18864728926893, 39.15160489917341]}, "properties": {"id": "gaithersburg-2662", "species_group": "cherry", "scientific_name": "Prunus serrulata", "common_name": "Japanese Flowering Cherry", "subtype_name": "Japanese Flowering Cherry", "zip_code": "20877", "ownership": "public", "ownership_raw": "City of Gaithersburg", "city": "Gaithersburg", "source_dataset": "Street Trees View", "source_department": "City of Gaithersburg", "source_last_edit_at": "2025-06-11T14:32:58.720000+00:00"}}, {"type": "Feature", "geometry": {"type": "Point", "coordinates": [-77.18868245140818, 39.151613332523]}, "properties": {"id": "gaithersburg-2663", "species_group": "cherry", "scientific_name": "Prunus serrulata", "common_name": "Japanese Flowering Cherry", "subtype_name": "Japanese Flowering Cherry", "zip_code": "20877", "ownership": "public", "ownership_raw": "City of Gaithersburg", "city": "Gaithersburg", "source_dataset": "Street Trees View", "source_department": "City of Gaithersburg", "source_last_edit_at": "2025-06-11T14:32:58.720000+00:00"}}, {"type": "Feature", "geometry": {"type": "Point", "coordinates": [-77.2437609111239, 39.13501730408416]}, "properties": {"id": "gaithersburg-284", "species_group": "cherry", "scientific_name": "Prunus serrulata", "common_name": "Japanese Flowering Cherry", "subtype_name": "Japanese Flowering Cherry", "zip_code": "20878", "ownership": "public", "ownership_raw": "City of Gaithersburg", "city": "Gaithersburg", "source_dataset": "Street Trees View", "source_department": "City of Gaithersburg", "source_last_edit_at": "2025-06-11T14:32:58.720000+00:00"}}, {"type": "Feature", "geometry": {"type": "Point", "coordinates": [-77.17184624082532, 39.14842062098378]}, "properties": {"id": "gaithersburg-2869", "species_group": "cherry", "scientific_name": "Prunus serrulata", "common_name": "Japanese Flowering Cherry", "subtype_name": "Japanese Flowering Cherry", "zip_code": "20877", "ownership": "public", "ownership_raw": "City of Gaithersburg", "city": "Gaithersburg", "source_dataset": "Street Trees View", "source_department": "City of Gaithersburg", "source_last_edit_at": "2025-06-11T14:32:58.720000+00:00"}}, {"type": "Feature", "geometry": {"type": "Point", "coordinates": [-77.17180994951612, 39.1484202399932]}, "properties": {"id": "gaithersburg-2870", "species_group": "cherry", "scientific_name": "Prunus serrulata", "common_name": "Japanese Flowering Cherry", "subtype_name": "Japanese Flowering Cherry", "zip_code": "20877", "ownership": "public", "ownership_raw": "City of Gaithersburg", "city": "Gaithersburg", "source_dataset": "Street Trees View", "source_department": "City of Gaithersburg", "source_last_edit_at": "2025-06-11T14:32:58.720000+00:00"}}, {"type": "Feature", "geometry": {"type": "Point", "coordinates": [-77.17418732000668, 39.14863246905004]}, "properties": {"id": "gaithersburg-2899", "species_group": "cherry", "scientific_name": "Prunus serrulata", "common_name": "Japanese Flowering Cherry", "subtype_name": "Japanese Flowering Cherry", "zip_code": "20877", "ownership": "public", "ownership_raw": "City of Gaithersburg", "city": "Gaithersburg", "source_dataset": "Street Trees View", "source_department": "City of Gaithersburg", "source_last_edit_at": "2025-06-11T14:32:58.720000+00:00"}}, {"type": "Feature", "geometry": {"type": "Point", "coordinates": [-77.17422801529588, 39.14859969553095]}, "properties": {"id": "gaithersburg-2900", "species_group": "cherry", "scientific_name": "Prunus serrulata", "common_name": "Japanese Flowering Cherry", "subtype_name": "Japanese Flowering Cherry", "zip_code": "20877", "ownership": "public", "ownership_raw": "City of Gaithersburg", "city": "Gaithersburg", "source_dataset": "Street Trees View", "source_department": "City of Gaithersburg", "source_last_edit_at": "2025-06-11T14:32:58.720000+00:00"}}, {"type": "Feature", "geometry": {"type": "Point", "coordinates": [-77.17414662457057, 39.14859484049943]}, "properties": {"id": "gaithersburg-2901", "species_group": "cherry", "scientific_name": "Prunus serrulata", "common_name": "Japanese Flowering Cherry", "subtype_name": "Japanese Flowering Cherry", "zip_code": "20877", "ownership": "public", "ownership_raw": "City of Gaithersburg", "city": "Gaithersburg", "source_dataset": "Street Trees View", "source_department": "City of Gaithersburg", "source_last_edit_at": "2025-06-11T14:32:58.720000+00:00"}}, {"type": "Feature", "geometry": {"type": "Point", "coordinates": [-77.17419045046421, 39.148564494472836]}, "properties": {"id": "gaithersburg-2902", "species_group": "cherry", "scientific_name": "Prunus serrulata", "common_name": "Japanese Flowering Cherry", "subtype_name": "Japanese Flowering Cherry", "zip_code": "20877", "ownership": "public", "ownership_raw": "City of Gaithersburg", "city": "Gaithersburg", "source_dataset": "Street Trees View", "source_department": "City of Gaithersburg", "source_last_edit_at": "2025-06-11T14:32:58.720000+00:00"}}, {"type": "Feature", "geometry": {"type": "Point", "coordinates": [-77.17446755459963, 39.14788097811813]}, "properties": {"id": "gaithersburg-2937", "species_group": "magnolia", "scientific_name": "Magnolia soulangiana", "common_name": "Saucer Magnolia", "subtype_name": "Saucer Magnolia", "zip_code": "20877", "ownership": "public", "ownership_raw": "City of Gaithersburg", "city": "Gaithersburg", "source_dataset": "Street Trees View", "source_department": "City of Gaithersburg", "source_last_edit_at": "2025-06-11T14:32:58.720000+00:00"}}, {"type": "Feature", "geometry": {"type": "Point", "coordinates": [-77.17950334899882, 39.15180185866825]}, "properties": {"id": "gaithersburg-2994", "species_group": "cherry", "scientific_name": "Prunus serrulata", "common_name": "Japanese Flowering Cherry", "subtype_name": "Japanese Flowering Cherry", "zip_code": "20877", "ownership": "public", "ownership_raw": "City of Gaithersburg", "city": "Gaithersburg", "source_dataset": "Street Trees View", "source_department": "City of Gaithersburg", "source_last_edit_at": "2025-06-11T14:32:58.720000+00:00"}}, {"type": "Feature", "geometry": {"type": "Point", "coordinates": [-77.17859818881425, 39.149899924543824]}, "properties": {"id": "gaithersburg-3044", "species_group": "cherry", "scientific_name": "Prunus serrulata", "common_name": "Japanese Flowering Cherry", "subtype_name": "Japanese Flowering Cherry", "zip_code": "20877", "ownership": "public", "ownership_raw": "City of Gaithersburg", "city": "Gaithersburg", "source_dataset": "Street Trees View", "source_department": "City of Gaithersburg", "source_last_edit_at": "2025-06-11T14:32:58.720000+00:00"}}, {"type": "Feature", "geometry": {"type": "Point", "coordinates": [-77.17855847403463, 39.14988777574676]}, "properties": {"id": "gaithersburg-3045", "species_group": "cherry", "scientific_name": "Prunus serrulata", "common_name": "Japanese Flowering Cherry", "subtype_name": "Japanese Flowering Cherry", "zip_code": "20877", "ownership": "public", "ownership_raw": "City of Gaithersburg", "city": "Gaithersburg", "source_dataset": "Street Trees View", "source_department": "City of Gaithersburg", "source_last_edit_at": "2025-06-11T14:32:58.720000+00:00"}}, {"type": "Feature", "geometry": {"type": "Point", "coordinates": [-77.17850109400041, 39.14989413261202]}, "properties": {"id": "gaithersburg-3046", "species_group": "cherry", "scientific_name": "Prunus serrulata", "common_name": "Japanese Flowering Cherry", "subtype_name": "Japanese Flowering Cherry", "zip_code": "20877", "ownership": "public", "ownership_raw": "City of Gaithersburg", "city": "Gaithersburg", "source_dataset": "Street Trees View", "source_department": "City of Gaithersburg", "source_last_edit_at": "2025-06-11T14:32:58.720000+00:00"}}, {"type": "Feature", "geometry": {"type": "Point", "coordinates": [-77.17829383230739, 39.14985648424979]}, "properties": {"id": "gaithersburg-3047", "species_group": "cherry", "scientific_name": "Prunus serrulata", "common_name": "Japanese Flowering Cherry", "subtype_name": "Japanese Flowering Cherry", "zip_code": "20877", "ownership": "public", "ownership_raw": "City of Gaithersburg", "city": "Gaithersburg", "source_dataset": "Street Trees View", "source_department": "City of Gaithersburg", "source_last_edit_at": "2025-06-11T14:32:58.720000+00:00"}}, {"type": "Feature", "geometry": {"type": "Point", "coordinates": [-77.17823968312962, 39.14987241235811]}, "properties": {"id": "gaithersburg-3048", "species_group": "cherry", "scientific_name": "Prunus serrulata", "common_name": "Japanese Flowering Cherry", "subtype_name": "Japanese Flowering Cherry", "zip_code": "20877", "ownership": "public", "ownership_raw": "City of Gaithersburg", "city": "Gaithersburg", "source_dataset": "Street Trees View", "source_department": "City of Gaithersburg", "source_last_edit_at": "2025-06-11T14:32:58.720000+00:00"}}, {"type": "Feature", "geometry": {"type": "Point", "coordinates": [-77.17818460402185, 39.14985381642666]}, "properties": {"id": "gaithersburg-3049", "species_group": "cherry", "scientific_name": "Prunus serrulata", "common_name": "Japanese Flowering Cherry", "subtype_name": "Japanese Flowering Cherry", "zip_code": "20877", "ownership": "public", "ownership_raw": "City of Gaithersburg", "city": "Gaithersburg", "source_dataset": "Street Trees View", "source_department": "City of Gaithersburg", "source_last_edit_at": "2025-06-11T14:32:58.720000+00:00"}}, {"type": "Feature", "geometry": {"type": "Point", "coordinates": [-77.17813305019965, 39.14986579328529]}, "properties": {"id": "gaithersburg-3050", "species_group": "cherry", "scientific_name": "Prunus serrulata", "common_name": "Japanese Flowering Cherry", "subtype_name": "Japanese Flowering Cherry", "zip_code": "20877", "ownership": "public", "ownership_raw": "City of Gaithersburg", "city": "Gaithersburg", "source_dataset": "Street Trees View", "source_department": "City of Gaithersburg", "source_last_edit_at": "2025-06-11T14:32:58.720000+00:00"}}, {"type": "Feature", "geometry": {"type": "Point", "coordinates": [-77.17808470410212, 39.14985503654912]}, "properties": {"id": "gaithersburg-3051", "species_group": "cherry", "scientific_name": "Prunus serrulata", "common_name": "Japanese Flowering Cherry", "subtype_name": "Japanese Flowering Cherry", "zip_code": "20877", "ownership": "public", "ownership_raw": "City of Gaithersburg", "city": "Gaithersburg", "source_dataset": "Street Trees View", "source_department": "City of Gaithersburg", "source_last_edit_at": "2025-06-11T14:32:58.720000+00:00"}}, {"type": "Feature", "geometry": {"type": "Point", "coordinates": [-77.17799836154647, 39.149847927129436]}, "properties": {"id": "gaithersburg-3052", "species_group": "cherry", "scientific_name": "Prunus serrulata", "common_name": "Japanese Flowering Cherry", "subtype_name": "Japanese Flowering Cherry", "zip_code": "20877", "ownership": "public", "ownership_raw": "City of Gaithersburg", "city": "Gaithersburg", "source_dataset": "Street Trees View", "source_department": "City of Gaithersburg", "source_last_edit_at": "2025-06-11T14:32:58.720000+00:00"}}, {"type": "Feature", "geometry": {"type": "Point", "coordinates": [-77.17775607408845, 39.14982897190944]}, "properties": {"id": "gaithersburg-3053", "species_group": "crabapple", "scientific_name": "Malus floribunda", "common_name": "Crabapple", "subtype_name": "Malus floribunda", "zip_code": "20877", "ownership": "public", "ownership_raw": "City of Gaithersburg", "city": "Gaithersburg", "source_dataset": "Street Trees View", "source_department": "City of Gaithersburg", "source_last_edit_at": "2025-06-11T14:32:58.720000+00:00"}}, {"type": "Feature", "geometry": {"type": "Point", "coordinates": [-77.17767018263508, 39.14983476446103]}, "properties": {"id": "gaithersburg-3054", "species_group": "crabapple", "scientific_name": "Malus floribunda", "common_name": "Crabapple", "subtype_name": "Malus floribunda", "zip_code": "20877", "ownership": "public", "ownership_raw": "City of Gaithersburg", "city": "Gaithersburg", "source_dataset": "Street Trees View", "source_department": "City of Gaithersburg", "source_last_edit_at": "2025-06-11T14:32:58.720000+00:00"}}, {"type": "Feature", "geometry": {"type": "Point", "coordinates": [-77.17759261428462, 39.14982365275335]}, "properties": {"id": "gaithersburg-3055", "species_group": "crabapple", "scientific_name": "Malus floribunda", "common_name": "Crabapple", "subtype_name": "Malus floribunda", "zip_code": "20877", "ownership": "public", "ownership_raw": "City of Gaithersburg", "city": "Gaithersburg", "source_dataset": "Street Trees View", "source_department": "City of Gaithersburg", "source_last_edit_at": "2025-06-11T14:32:58.720000+00:00"}}, {"type": "Feature", "geometry": {"type": "Point", "coordinates": [-77.17737897775368, 39.1498101094281]}, "properties": {"id": "gaithersburg-3056", "species_group": "crabapple", "scientific_name": "Malus floribunda", "common_name": "Crabapple", "subtype_name": "Malus floribunda", "zip_code": "20877", "ownership": "public", "ownership_raw": "City of Gaithersburg", "city": "Gaithersburg", "source_dataset": "Street Trees View", "source_department": "City of Gaithersburg", "source_last_edit_at": "2025-06-11T14:32:58.720000+00:00"}}, {"type": "Feature", "geometry": {"type": "Point", "coordinates": [-77.17730420800112, 39.1498101486623]}, "properties": {"id": "gaithersburg-3057", "species_group": "crabapple", "scientific_name": "Malus floribunda", "common_name": "Crabapple", "subtype_name": "Malus floribunda", "zip_code": "20877", "ownership": "public", "ownership_raw": "City of Gaithersburg", "city": "Gaithersburg", "source_dataset": "Street Trees View", "source_department": "City of Gaithersburg", "source_last_edit_at": "2025-06-11T14:32:58.720000+00:00"}}, {"type": "Feature", "geometry": {"type": "Point", "coordinates": [-77.1772332535177, 39.14981014875214]}, "properties": {"id": "gaithersburg-3058", "species_group": "crabapple", "scientific_name": "Malus floribunda", "common_name": "Crabapple", "subtype_name": "Malus floribunda", "zip_code": "20877", "ownership": "public", "ownership_raw": "City of Gaithersburg", "city": "Gaithersburg", "source_dataset": "Street Trees View", "source_department": "City of Gaithersburg", "source_last_edit_at": "2025-06-11T14:32:58.720000+00:00"}}, {"type": "Feature", "geometry": {"type": "Point", "coordinates": [-77.17716790098001, 39.14982607708681]}, "properties": {"id": "gaithersburg-3059", "species_group": "crabapple", "scientific_name": "Malus floribunda", "common_name": "Crabapple", "subtype_name": "Malus floribunda", "zip_code": "20877", "ownership": "public", "ownership_raw": "City of Gaithersburg", "city": "Gaithersburg", "source_dataset": "Street Trees View", "source_department": "City of Gaithersburg", "source_last_edit_at": "2025-06-11T14:32:58.720000+00:00"}}, {"type": "Feature", "geometry": {"type": "Point", "coordinates": [-77.17708761057547, 39.149814492641305]}, "properties": {"id": "gaithersburg-3060", "species_group": "crabapple", "scientific_name": "Malus floribunda", "common_name": "Crabapple", "subtype_name": "Malus floribunda", "zip_code": "20877", "ownership": "public", "ownership_raw": "City of Gaithersburg", "city": "Gaithersburg", "source_dataset": "Street Trees View", "source_department": "City of Gaithersburg", "source_last_edit_at": "2025-06-11T14:32:58.720000+00:00"}}, {"type": "Feature", "geometry": {"type": "Point", "coordinates": [-77.17686611069905, 39.14984875430303]}, "properties": {"id": "gaithersburg-3061", "species_group": "cherry", "scientific_name": "Prunus serrulata", "common_name": "Japanese Flowering Cherry", "subtype_name": "Japanese Flowering Cherry", "zip_code": "20877", "ownership": "public", "ownership_raw": "City of Gaithersburg", "city": "Gaithersburg", "source_dataset": "Street Trees View", "source_department": "City of Gaithersburg", "source_last_edit_at": "2025-06-11T14:32:58.720000+00:00"}}, {"type": "Feature", "geometry": {"type": "Point", "coordinates": [-77.17682246573764, 39.14982752459202]}, "properties": {"id": "gaithersburg-3062", "species_group": "cherry", "scientific_name": "Prunus serrulata", "common_name": "Japanese Flowering Cherry", "subtype_name": "Japanese Flowering Cherry", "zip_code": "20877", "ownership": "public", "ownership_raw": "City of Gaithersburg", "city": "Gaithersburg", "source_dataset": "Street Trees View", "source_department": "City of Gaithersburg", "source_last_edit_at": "2025-06-11T14:32:58.720000+00:00"}}, {"type": "Feature", "geometry": {"type": "Point", "coordinates": [-77.17675382172425, 39.14985878007465]}, "properties": {"id": "gaithersburg-3063", "species_group": "cherry", "scientific_name": "Prunus serrulata", "common_name": "Japanese Flowering Cherry", "subtype_name": "Japanese Flowering Cherry", "zip_code": "20877", "ownership": "public", "ownership_raw": "City of Gaithersburg", "city": "Gaithersburg", "source_dataset": "Street Trees View", "source_department": "City of Gaithersburg", "source_last_edit_at": "2025-06-11T14:32:58.720000+00:00"}}, {"type": "Feature", "geometry": {"type": "Point", "coordinates": [-77.17663387714022, 39.1498695180863]}, "properties": {"id": "gaithersburg-3064", "species_group": "cherry", "scientific_name": "Prunus serrulata", "common_name": "Japanese Flowering Cherry", "subtype_name": "Japanese Flowering Cherry", "zip_code": "20877", "ownership": "public", "ownership_raw": "City of Gaithersburg", "city": "Gaithersburg", "source_dataset": "Street Trees View", "source_department": "City of Gaithersburg", "source_last_edit_at": "2025-06-11T14:32:58.720000+00:00"}}, {"type": "Feature", "geometry": {"type": "Point", "coordinates": [-77.17659466564842, 39.149891238419784]}, "properties": {"id": "gaithersburg-3065", "species_group": "cherry", "scientific_name": "Prunus serrulata", "common_name": "Japanese Flowering Cherry", "subtype_name": "Japanese Flowering Cherry", "zip_code": "20877", "ownership": "public", "ownership_raw": "City of Gaithersburg", "city": "Gaithersburg", "source_dataset": "Street Trees View", "source_department": "City of Gaithersburg", "source_last_edit_at": "2025-06-11T14:32:58.720000+00:00"}}, {"type": "Feature", "geometry": {"type": "Point", "coordinates": [-77.17653633823153, 39.14988186798065]}, "properties": {"id": "gaithersburg-3066", "species_group": "cherry", "scientific_name": "Prunus serrulata", "common_name": "Japanese Flowering Cherry", "subtype_name": "Japanese Flowering Cherry", "zip_code": "20877", "ownership": "public", "ownership_raw": "City of Gaithersburg", "city": "Gaithersburg", "source_dataset": "Street Trees View", "source_department": "City of Gaithersburg", "source_last_edit_at": "2025-06-11T14:32:58.720000+00:00"}}, {"type": "Feature", "geometry": {"type": "Point", "coordinates": [-77.18008595291964, 39.150402413748076]}, "properties": {"id": "gaithersburg-3092", "species_group": "crabapple", "scientific_name": "Malus floribunda", "common_name": "Crabapple", "subtype_name": "Malus floribunda", "zip_code": "20877", "ownership": "public", "ownership_raw": "City of Gaithersburg", "city": "Gaithersburg", "source_dataset": "Street Trees View", "source_department": "City of Gaithersburg", "source_last_edit_at": "2025-06-11T14:32:58.720000+00:00"}}, {"type": "Feature", "geometry": {"type": "Point", "coordinates": [-77.18016762714993, 39.15041133578661]}, "properties": {"id": "gaithersburg-3093", "species_group": "crabapple", "scientific_name": "Malus floribunda", "common_name": "Crabapple", "subtype_name": "Malus floribunda", "zip_code": "20877", "ownership": "public", "ownership_raw": "City of Gaithersburg", "city": "Gaithersburg", "source_dataset": "Street Trees View", "source_department": "City of Gaithersburg", "source_last_edit_at": "2025-06-11T14:32:58.720000+00:00"}}, {"type": "Feature", "geometry": {"type": "Point", "coordinates": [-77.18021340768676, 39.150465782952]}, "properties": {"id": "gaithersburg-3094", "species_group": "crabapple", "scientific_name": "Malus floribunda", "common_name": "Crabapple", "subtype_name": "Malus floribunda", "zip_code": "20877", "ownership": "public", "ownership_raw": "City of Gaithersburg", "city": "Gaithersburg", "source_dataset": "Street Trees View", "source_department": "City of Gaithersburg", "source_last_edit_at": "2025-06-11T14:32:58.720000+00:00"}}, {"type": "Feature", "geometry": {"type": "Point", "coordinates": [-77.18029402034016, 39.15046937116353]}, "properties": {"id": "gaithersburg-3095", "species_group": "crabapple", "scientific_name": "Malus floribunda", "common_name": "Crabapple", "subtype_name": "Malus floribunda", "zip_code": "20877", "ownership": "public", "ownership_raw": "City of Gaithersburg", "city": "Gaithersburg", "source_dataset": "Street Trees View", "source_department": "City of Gaithersburg", "source_last_edit_at": "2025-06-11T14:32:58.720000+00:00"}}, {"type": "Feature", "geometry": {"type": "Point", "coordinates": [-77.18034122106158, 39.15052312428888]}, "properties": {"id": "gaithersburg-3096", "species_group": "crabapple", "scientific_name": "Malus floribunda", "common_name": "Crabapple", "subtype_name": "Malus floribunda", "zip_code": "20877", "ownership": "public", "ownership_raw": "City of Gaithersburg", "city": "Gaithersburg", "source_dataset": "Street Trees View", "source_department": "City of Gaithersburg", "source_last_edit_at": "2025-06-11T14:32:58.720000+00:00"}}, {"type": "Feature", "geometry": {"type": "Point", "coordinates": [-77.18042041290332, 39.150535737798016]}, "properties": {"id": "gaithersburg-3097", "species_group": "crabapple", "scientific_name": "Malus floribunda", "common_name": "Crabapple", "subtype_name": "Malus floribunda", "zip_code": "20877", "ownership": "public", "ownership_raw": "City of Gaithersburg", "city": "Gaithersburg", "source_dataset": "Street Trees View", "source_department": "City of Gaithersburg", "source_last_edit_at": "2025-06-11T14:32:58.720000+00:00"}}, {"type": "Feature", "geometry": {"type": "Point", "coordinates": [-77.18047048285281, 39.150584483475626]}, "properties": {"id": "gaithersburg-3098", "species_group": "crabapple", "scientific_name": "Malus floribunda", "common_name": "Crabapple", "subtype_name": "Malus floribunda", "zip_code": "20877", "ownership": "public", "ownership_raw": "City of Gaithersburg", "city": "Gaithersburg", "source_dataset": "Street Trees View", "source_department": "City of Gaithersburg", "source_last_edit_at": "2025-06-11T14:32:58.720000+00:00"}}, {"type": "Feature", "geometry": {"type": "Point", "coordinates": [-77.18058544625485, 39.15065013968604]}, "properties": {"id": "gaithersburg-3099", "species_group": "crabapple", "scientific_name": "Malus floribunda", "common_name": "Crabapple", "subtype_name": "Malus floribunda", "zip_code": "20877", "ownership": "public", "ownership_raw": "City of Gaithersburg", "city": "Gaithersburg", "source_dataset": "Street Trees View", "source_department": "City of Gaithersburg", "source_last_edit_at": "2025-06-11T14:32:58.720000+00:00"}}, {"type": "Feature", "geometry": {"type": "Point", "coordinates": [-77.18068078654262, 39.150665654806915]}, "properties": {"id": "gaithersburg-3100", "species_group": "crabapple", "scientific_name": "Malus floribunda", "common_name": "Crabapple", "subtype_name": "Malus floribunda", "zip_code": "20877", "ownership": "public", "ownership_raw": "City of Gaithersburg", "city": "Gaithersburg", "source_dataset": "Street Trees View", "source_department": "City of Gaithersburg", "source_last_edit_at": "2025-06-11T14:32:58.720000+00:00"}}, {"type": "Feature", "geometry": {"type": "Point", "coordinates": [-77.18073229507245, 39.15072361772506]}, "properties": {"id": "gaithersburg-3101", "species_group": "crabapple", "scientific_name": "Malus floribunda", "common_name": "Crabapple", "subtype_name": "Malus floribunda", "zip_code": "20877", "ownership": "public", "ownership_raw": "City of Gaithersburg", "city": "Gaithersburg", "source_dataset": "Street Trees View", "source_department": "City of Gaithersburg", "source_last_edit_at": "2025-06-11T14:32:58.720000+00:00"}}, {"type": "Feature", "geometry": {"type": "Point", "coordinates": [-77.1884420690051, 39.145990176446176]}, "properties": {"id": "gaithersburg-3144", "species_group": "cherry", "scientific_name": "Prunus serrulata", "common_name": "Japanese Flowering Cherry", "subtype_name": "Japanese Flowering Cherry", "zip_code": "20877", "ownership": "public", "ownership_raw": "City of Gaithersburg", "city": "Gaithersburg", "source_dataset": "Street Trees View", "source_department": "City of Gaithersburg", "source_last_edit_at": "2025-06-11T14:32:58.720000+00:00"}}, {"type": "Feature", "geometry": {"type": "Point", "coordinates": [-77.18840320326355, 39.1459944041643]}, "properties": {"id": "gaithersburg-3145", "species_group": "cherry", "scientific_name": "Prunus serrulata", "common_name": "Japanese Flowering Cherry", "subtype_name": "Japanese Flowering Cherry", "zip_code": "20877", "ownership": "public", "ownership_raw": "City of Gaithersburg", "city": "Gaithersburg", "source_dataset": "Street Trees View", "source_department": "City of Gaithersburg", "source_last_edit_at": "2025-06-11T14:32:58.720000+00:00"}}, {"type": "Feature", "geometry": {"type": "Point", "coordinates": [-77.18837475291188, 39.14599100976636]}, "properties": {"id": "gaithersburg-3146", "species_group": "cherry", "scientific_name": "Prunus serrulata", "common_name": "Japanese Flowering Cherry", "subtype_name": "Japanese Flowering Cherry", "zip_code": "20877", "ownership": "public", "ownership_raw": "City of Gaithersburg", "city": "Gaithersburg", "source_dataset": "Street Trees View", "source_department": "City of Gaithersburg", "source_last_edit_at": "2025-06-11T14:32:58.720000+00:00"}}, {"type": "Feature", "geometry": {"type": "Point", "coordinates": [-77.18800822600912, 39.146009592313625]}, "properties": {"id": "gaithersburg-3147", "species_group": "cherry", "scientific_name": "Prunus serrulata", "common_name": "Japanese Flowering Cherry", "subtype_name": "Japanese Flowering Cherry", "zip_code": "20877", "ownership": "public", "ownership_raw": "City of Gaithersburg", "city": "Gaithersburg", "source_dataset": "Street Trees View", "source_department": "City of Gaithersburg", "source_last_edit_at": "2025-06-11T14:32:58.720000+00:00"}}, {"type": "Feature", "geometry": {"type": "Point", "coordinates": [-77.18742274655773, 39.145905204041114]}, "properties": {"id": "gaithersburg-3152", "species_group": "plum", "scientific_name": "Prunus cerasifera", "common_name": "Purple-Leaf Plum", "subtype_name": "Purpleleaf Plum", "zip_code": "20877", "ownership": "public", "ownership_raw": "City of Gaithersburg", "city": "Gaithersburg", "source_dataset": "Street Trees View", "source_department": "City of Gaithersburg", "source_last_edit_at": "2025-06-11T14:32:58.720000+00:00"}}, {"type": "Feature", "geometry": {"type": "Point", "coordinates": [-77.18138851543941, 39.14473630503948]}, "properties": {"id": "gaithersburg-3181", "species_group": "magnolia", "scientific_name": "Magnolia soulangiana", "common_name": "Saucer Magnolia", "subtype_name": "Saucer Magnolia", "zip_code": "20877", "ownership": "public", "ownership_raw": "City of Gaithersburg", "city": "Gaithersburg", "source_dataset": "Street Trees View", "source_department": "City of Gaithersburg", "source_last_edit_at": "2025-06-11T14:32:58.720000+00:00"}}, {"type": "Feature", "geometry": {"type": "Point", "coordinates": [-77.18121991784757, 39.14477759045684]}, "properties": {"id": "gaithersburg-3182", "species_group": "magnolia", "scientific_name": "Magnolia soulangiana", "common_name": "Saucer Magnolia", "subtype_name": "Saucer Magnolia", "zip_code": "20877", "ownership": "public", "ownership_raw": "City of Gaithersburg", "city": "Gaithersburg", "source_dataset": "Street Trees View", "source_department": "City of Gaithersburg", "source_last_edit_at": "2025-06-11T14:32:58.720000+00:00"}}, {"type": "Feature", "geometry": {"type": "Point", "coordinates": [-77.2415363096141, 39.132601506121226]}, "properties": {"id": "gaithersburg-323", "species_group": "magnolia", "scientific_name": "Magnolia grandiflora", "common_name": "Southern Magnolia", "subtype_name": "Southern Magnolia", "zip_code": "20878", "ownership": "public", "ownership_raw": "City of Gaithersburg", "city": "Gaithersburg", "source_dataset": "Street Trees View", "source_department": "City of Gaithersburg", "source_last_edit_at": "2025-06-11T14:32:58.720000+00:00"}}, {"type": "Feature", "geometry": {"type": "Point", "coordinates": [-77.2416169591509, 39.132640700095514]}, "properties": {"id": "gaithersburg-324", "species_group": "cherry", "scientific_name": "Prunus serrulata", "common_name": "Japanese Flowering Cherry", "subtype_name": "Japanese Flowering Cherry", "zip_code": "20878", "ownership": "public", "ownership_raw": "City of Gaithersburg", "city": "Gaithersburg", "source_dataset": "Street Trees View", "source_department": "City of Gaithersburg", "source_last_edit_at": "2025-06-11T14:32:58.720000+00:00"}}, {"type": "Feature", "geometry": {"type": "Point", "coordinates": [-77.185965131344, 39.134401917670466]}, "properties": {"id": "gaithersburg-3284", "species_group": "cherry", "scientific_name": "Prunus serrulata", "common_name": "Japanese Flowering Cherry", "subtype_name": "Japanese Flowering Cherry", "zip_code": "20877", "ownership": "public", "ownership_raw": "City of Gaithersburg", "city": "Gaithersburg", "source_dataset": "Street Trees View", "source_department": "City of Gaithersburg", "source_last_edit_at": "2025-06-11T14:32:58.720000+00:00"}}, {"type": "Feature", "geometry": {"type": "Point", "coordinates": [-77.18594333082919, 39.134375635607206]}, "properties": {"id": "gaithersburg-3285", "species_group": "crabapple", "scientific_name": "Malus floribunda", "common_name": "Crabapple", "subtype_name": "Malus floribunda", "zip_code": "20877", "ownership": "public", "ownership_raw": "City of Gaithersburg", "city": "Gaithersburg", "source_dataset": "Street Trees View", "source_department": "City of Gaithersburg", "source_last_edit_at": "2025-06-11T14:32:58.720000+00:00"}}, {"type": "Feature", "geometry": {"type": "Point", "coordinates": [-77.19109997791864, 39.13775892139397]}, "properties": {"id": "gaithersburg-3307", "species_group": "cherry", "scientific_name": "Prunus serrulata", "common_name": "Japanese Flowering Cherry", "subtype_name": "Japanese Flowering Cherry", "zip_code": "20877", "ownership": "public", "ownership_raw": "City of Gaithersburg", "city": "Gaithersburg", "source_dataset": "Street Trees View", "source_department": "City of Gaithersburg", "source_last_edit_at": "2025-06-11T14:32:58.720000+00:00"}}, {"type": "Feature", "geometry": {"type": "Point", "coordinates": [-77.1912336632688, 39.13793353352784]}, "properties": {"id": "gaithersburg-3308", "species_group": "cherry", "scientific_name": "Prunus serrulata", "common_name": "Japanese Flowering Cherry", "subtype_name": "Japanese Flowering Cherry", "zip_code": "20877", "ownership": "public", "ownership_raw": "City of Gaithersburg", "city": "Gaithersburg", "source_dataset": "Street Trees View", "source_department": "City of Gaithersburg", "source_last_edit_at": "2025-06-11T14:32:58.720000+00:00"}}, {"type": "Feature", "geometry": {"type": "Point", "coordinates": [-77.1909096873441, 39.13871693955843]}, "properties": {"id": "gaithersburg-3315", "species_group": "cherry", "scientific_name": "Prunus serrulata", "common_name": "Japanese Flowering Cherry", "subtype_name": "Japanese Flowering Cherry", "zip_code": "20877", "ownership": "public", "ownership_raw": "City of Gaithersburg", "city": "Gaithersburg", "source_dataset": "Street Trees View", "source_department": "City of Gaithersburg", "source_last_edit_at": "2025-06-11T14:32:58.720000+00:00"}}, {"type": "Feature", "geometry": {"type": "Point", "coordinates": [-77.19084156860313, 39.13934519574034]}, "properties": {"id": "gaithersburg-3316", "species_group": "cherry", "scientific_name": "Prunus serrulata", "common_name": "Japanese Flowering Cherry", "subtype_name": "Japanese Flowering Cherry", "zip_code": "20877", "ownership": "public", "ownership_raw": "City of Gaithersburg", "city": "Gaithersburg", "source_dataset": "Street Trees View", "source_department": "City of Gaithersburg", "source_last_edit_at": "2025-06-11T14:32:58.720000+00:00"}}, {"type": "Feature", "geometry": {"type": "Point", "coordinates": [-77.19079143336253, 39.14057647333883]}, "properties": {"id": "gaithersburg-3320", "species_group": "cherry", "scientific_name": "Prunus serrulata", "common_name": "Japanese Flowering Cherry", "subtype_name": "Japanese Flowering Cherry", "zip_code": "20877", "ownership": "public", "ownership_raw": "City of Gaithersburg", "city": "Gaithersburg", "source_dataset": "Street Trees View", "source_department": "City of Gaithersburg", "source_last_edit_at": "2025-06-11T14:32:58.720000+00:00"}}, {"type": "Feature", "geometry": {"type": "Point", "coordinates": [-77.19070102234805, 39.14091784368957]}, "properties": {"id": "gaithersburg-3324", "species_group": "crabapple", "scientific_name": "Malus floribunda", "common_name": "Crabapple", "subtype_name": "Malus floribunda", "zip_code": "20877", "ownership": "public", "ownership_raw": "City of Gaithersburg", "city": "Gaithersburg", "source_dataset": "Street Trees View", "source_department": "City of Gaithersburg", "source_last_edit_at": "2025-06-11T14:32:58.720000+00:00"}}, {"type": "Feature", "geometry": {"type": "Point", "coordinates": [-77.1906762360859, 39.14105934151721]}, "properties": {"id": "gaithersburg-3325", "species_group": "plum", "scientific_name": "Prunus cerasifera", "common_name": "Purple-Leaf Plum", "subtype_name": "Purpleleaf Plum", "zip_code": "20877", "ownership": "public", "ownership_raw": "City of Gaithersburg", "city": "Gaithersburg", "source_dataset": "Street Trees View", "source_department": "City of Gaithersburg", "source_last_edit_at": "2025-06-11T14:32:58.720000+00:00"}}, {"type": "Feature", "geometry": {"type": "Point", "coordinates": [-77.19040998042993, 39.15470611345443]}, "properties": {"id": "gaithersburg-3335", "species_group": "cherry", "scientific_name": "Prunus serrulata", "common_name": "Japanese Flowering Cherry", "subtype_name": "Japanese Flowering Cherry", "zip_code": "20877", "ownership": "public", "ownership_raw": "City of Gaithersburg", "city": "Gaithersburg", "source_dataset": "Street Trees View", "source_department": "City of Gaithersburg", "source_last_edit_at": "2025-06-11T14:32:58.720000+00:00"}}, {"type": "Feature", "geometry": {"type": "Point", "coordinates": [-77.19049473509375, 39.15469652922214]}, "properties": {"id": "gaithersburg-3336", "species_group": "cherry", "scientific_name": "Prunus serrulata", "common_name": "Japanese Flowering Cherry", "subtype_name": "Japanese Flowering Cherry", "zip_code": "20877", "ownership": "public", "ownership_raw": "City of Gaithersburg", "city": "Gaithersburg", "source_dataset": "Street Trees View", "source_department": "City of Gaithersburg", "source_last_edit_at": "2025-06-11T14:32:58.720000+00:00"}}, {"type": "Feature", "geometry": {"type": "Point", "coordinates": [-77.19057066163025, 39.154691052457444]}, "properties": {"id": "gaithersburg-3337", "species_group": "cherry", "scientific_name": "Prunus serrulata", "common_name": "Japanese Flowering Cherry", "subtype_name": "Japanese Flowering Cherry", "zip_code": "20877", "ownership": "public", "ownership_raw": "City of Gaithersburg", "city": "Gaithersburg", "source_dataset": "Street Trees View", "source_department": "City of Gaithersburg", "source_last_edit_at": "2025-06-11T14:32:58.720000+00:00"}}, {"type": "Feature", "geometry": {"type": "Point", "coordinates": [-77.19063864268091, 39.1546848904521]}, "properties": {"id": "gaithersburg-3338", "species_group": "cherry", "scientific_name": "Prunus serrulata", "common_name": "Japanese Flowering Cherry", "subtype_name": "Japanese Flowering Cherry", "zip_code": "20877", "ownership": "public", "ownership_raw": "City of Gaithersburg", "city": "Gaithersburg", "source_dataset": "Street Trees View", "source_department": "City of Gaithersburg", "source_last_edit_at": "2025-06-11T14:32:58.720000+00:00"}}, {"type": "Feature", "geometry": {"type": "Point", "coordinates": [-77.1907207497041, 39.15467599045593]}, "properties": {"id": "gaithersburg-3339", "species_group": "cherry", "scientific_name": "Prunus serrulata", "common_name": "Japanese Flowering Cherry", "subtype_name": "Japanese Flowering Cherry", "zip_code": "20877", "ownership": "public", "ownership_raw": "City of Gaithersburg", "city": "Gaithersburg", "source_dataset": "Street Trees View", "source_department": "City of Gaithersburg", "source_last_edit_at": "2025-06-11T14:32:58.720000+00:00"}}, {"type": "Feature", "geometry": {"type": "Point", "coordinates": [-77.19116747990948, 39.15463628224666]}, "properties": {"id": "gaithersburg-3343", "species_group": "crabapple", "scientific_name": "Malus floribunda", "common_name": "Crabapple", "subtype_name": "Malus floribunda", "zip_code": "20877", "ownership": "public", "ownership_raw": "City of Gaithersburg", "city": "Gaithersburg", "source_dataset": "Street Trees View", "source_department": "City of Gaithersburg", "source_last_edit_at": "2025-06-11T14:32:58.720000+00:00"}}, {"type": "Feature", "geometry": {"type": "Point", "coordinates": [-77.19086553989042, 39.154556183369216]}, "properties": {"id": "gaithersburg-3345", "species_group": "cherry", "scientific_name": "Prunus serrulata", "common_name": "Japanese Flowering Cherry", "subtype_name": "Japanese Flowering Cherry", "zip_code": "20877", "ownership": "public", "ownership_raw": "City of Gaithersburg", "city": "Gaithersburg", "source_dataset": "Street Trees View", "source_department": "City of Gaithersburg", "source_last_edit_at": "2025-06-11T14:32:58.720000+00:00"}}, {"type": "Feature", "geometry": {"type": "Point", "coordinates": [-77.19130998784765, 39.158597346049824]}, "properties": {"id": "gaithersburg-3374", "species_group": "cherry", "scientific_name": "Prunus serrulata", "common_name": "Japanese Flowering Cherry", "subtype_name": "Japanese Flowering Cherry", "zip_code": "20877", "ownership": "public", "ownership_raw": "City of Gaithersburg", "city": "Gaithersburg", "source_dataset": "Street Trees View", "source_department": "City of Gaithersburg", "source_last_edit_at": "2025-06-11T14:32:58.720000+00:00"}}, {"type": "Feature", "geometry": {"type": "Point", "coordinates": [-77.19006087149579, 39.137011805137874]}, "properties": {"id": "gaithersburg-3551", "species_group": "cherry", "scientific_name": "Prunus serrulata", "common_name": "Japanese Flowering Cherry", "subtype_name": "Japanese Flowering Cherry", "zip_code": "20877", "ownership": "public", "ownership_raw": "City of Gaithersburg", "city": "Gaithersburg", "source_dataset": "Street Trees View", "source_department": "City of Gaithersburg", "source_last_edit_at": "2025-06-11T14:32:58.720000+00:00"}}, {"type": "Feature", "geometry": {"type": "Point", "coordinates": [-77.1900802714773, 39.136812517619944]}, "properties": {"id": "gaithersburg-3552", "species_group": "cherry", "scientific_name": "Prunus serrulata", "common_name": "Japanese Flowering Cherry", "subtype_name": "Japanese Flowering Cherry", "zip_code": "20877", "ownership": "public", "ownership_raw": "City of Gaithersburg", "city": "Gaithersburg", "source_dataset": "Street Trees View", "source_department": "City of Gaithersburg", "source_last_edit_at": "2025-06-11T14:32:58.720000+00:00"}}, {"type": "Feature", "geometry": {"type": "Point", "coordinates": [-77.19007556349766, 39.136685620790665]}, "properties": {"id": "gaithersburg-3554", "species_group": "cherry", "scientific_name": "Prunus serrulata", "common_name": "Japanese Flowering Cherry", "subtype_name": "Japanese Flowering Cherry", "zip_code": "20877", "ownership": "public", "ownership_raw": "City of Gaithersburg", "city": "Gaithersburg", "source_dataset": "Street Trees View", "source_department": "City of Gaithersburg", "source_last_edit_at": "2025-06-11T14:32:58.720000+00:00"}}, {"type": "Feature", "geometry": {"type": "Point", "coordinates": [-77.18919031382575, 39.13663293965056]}, "properties": {"id": "gaithersburg-3562", "species_group": "crabapple", "scientific_name": "Malus floribunda", "common_name": "Crabapple", "subtype_name": "Malus floribunda", "zip_code": "20877", "ownership": "public", "ownership_raw": "City of Gaithersburg", "city": "Gaithersburg", "source_dataset": "Street Trees View", "source_department": "City of Gaithersburg", "source_last_edit_at": "2025-06-11T14:32:58.720000+00:00"}}, {"type": "Feature", "geometry": {"type": "Point", "coordinates": [-77.188497727117, 39.13662454667793]}, "properties": {"id": "gaithersburg-3566", "species_group": "peach", "scientific_name": "Prunus persica", "common_name": "Peach", "subtype_name": "Peach", "zip_code": "20877", "ownership": "public", "ownership_raw": "City of Gaithersburg", "city": "Gaithersburg", "source_dataset": "Street Trees View", "source_department": "City of Gaithersburg", "source_last_edit_at": "2025-06-11T14:32:58.720000+00:00"}}, {"type": "Feature", "geometry": {"type": "Point", "coordinates": [-77.18623759168871, 39.13868466664577]}, "properties": {"id": "gaithersburg-3591", "species_group": "magnolia", "scientific_name": "Magnolia grandiflora", "common_name": "Southern Magnolia", "subtype_name": "Southern Magnolia", "zip_code": "20877", "ownership": "public", "ownership_raw": "City of Gaithersburg", "city": "Gaithersburg", "source_dataset": "Street Trees View", "source_department": "City of Gaithersburg", "source_last_edit_at": "2025-06-11T14:32:58.720000+00:00"}}, {"type": "Feature", "geometry": {"type": "Point", "coordinates": [-77.18646239280947, 39.138745653168144]}, "properties": {"id": "gaithersburg-3592", "species_group": "cherry", "scientific_name": "Prunus serrulata", "common_name": "Japanese Flowering Cherry", "subtype_name": "Japanese Flowering Cherry", "zip_code": "20877", "ownership": "public", "ownership_raw": "City of Gaithersburg", "city": "Gaithersburg", "source_dataset": "Street Trees View", "source_department": "City of Gaithersburg", "source_last_edit_at": "2025-06-11T14:32:58.720000+00:00"}}, {"type": "Feature", "geometry": {"type": "Point", "coordinates": [-77.1864644114334, 39.13874043527588]}, "properties": {"id": "gaithersburg-3593", "species_group": "cherry", "scientific_name": "Prunus serrulata", "common_name": "Japanese Flowering Cherry", "subtype_name": "Japanese Flowering Cherry", "zip_code": "20877", "ownership": "public", "ownership_raw": "City of Gaithersburg", "city": "Gaithersburg", "source_dataset": "Street Trees View", "source_department": "City of Gaithersburg", "source_last_edit_at": "2025-06-11T14:32:58.720000+00:00"}}, {"type": "Feature", "geometry": {"type": "Point", "coordinates": [-77.19219678129312, 39.13972678985364]}, "properties": {"id": "gaithersburg-37", "species_group": "cherry", "scientific_name": "Prunus serrulata", "common_name": "Japanese Flowering Cherry", "subtype_name": "Japanese Flowering Cherry", "zip_code": "20877", "ownership": "public", "ownership_raw": "City of Gaithersburg", "city": "Gaithersburg", "source_dataset": "Street Trees View", "source_department": "City of Gaithersburg", "source_last_edit_at": "2025-06-11T14:32:58.720000+00:00"}}, {"type": "Feature", "geometry": {"type": "Point", "coordinates": [-77.20239295175658, 39.135458244058334]}, "properties": {"id": "gaithersburg-3723", "species_group": "cherry", "scientific_name": "Prunus serrulata", "common_name": "Japanese Flowering Cherry", "subtype_name": "Japanese Flowering Cherry", "zip_code": "20877", "ownership": "public", "ownership_raw": "City of Gaithersburg", "city": "Gaithersburg", "source_dataset": "Street Trees View", "source_department": "City of Gaithersburg", "source_last_edit_at": "2025-06-11T14:32:58.720000+00:00"}}, {"type": "Feature", "geometry": {"type": "Point", "coordinates": [-77.20066677740489, 39.13437220953324]}, "properties": {"id": "gaithersburg-3728", "species_group": "plum", "scientific_name": "Prunus cerasifera", "common_name": "Purple-Leaf Plum", "subtype_name": "Purpleleaf Plum", "zip_code": "20877", "ownership": "public", "ownership_raw": "City of Gaithersburg", "city": "Gaithersburg", "source_dataset": "Street Trees View", "source_department": "City of Gaithersburg", "source_last_edit_at": "2025-06-11T14:32:58.720000+00:00"}}, {"type": "Feature", "geometry": {"type": "Point", "coordinates": [-77.19962233736577, 39.13505406337762]}, "properties": {"id": "gaithersburg-3745", "species_group": "plum", "scientific_name": "Prunus cerasifera", "common_name": "Purple-Leaf Plum", "subtype_name": "Purpleleaf Plum", "zip_code": "20877", "ownership": "public", "ownership_raw": "City of Gaithersburg", "city": "Gaithersburg", "source_dataset": "Street Trees View", "source_department": "City of Gaithersburg", "source_last_edit_at": "2025-06-11T14:32:58.720000+00:00"}}, {"type": "Feature", "geometry": {"type": "Point", "coordinates": [-77.19948855934149, 39.13519810444815]}, "properties": {"id": "gaithersburg-3747", "species_group": "plum", "scientific_name": "Prunus cerasifera", "common_name": "Purple-Leaf Plum", "subtype_name": "Purpleleaf Plum", "zip_code": "20877", "ownership": "public", "ownership_raw": "City of Gaithersburg", "city": "Gaithersburg", "source_dataset": "Street Trees View", "source_department": "City of Gaithersburg", "source_last_edit_at": "2025-06-11T14:32:58.720000+00:00"}}, {"type": "Feature", "geometry": {"type": "Point", "coordinates": [-77.19934632164383, 39.13533944295739]}, "properties": {"id": "gaithersburg-3749", "species_group": "plum", "scientific_name": "Prunus cerasifera", "common_name": "Purple-Leaf Plum", "subtype_name": "Purpleleaf Plum", "zip_code": "20877", "ownership": "public", "ownership_raw": "City of Gaithersburg", "city": "Gaithersburg", "source_dataset": "Street Trees View", "source_department": "City of Gaithersburg", "source_last_edit_at": "2025-06-11T14:32:58.720000+00:00"}}, {"type": "Feature", "geometry": {"type": "Point", "coordinates": [-77.19906088527125, 39.13563229552163]}, "properties": {"id": "gaithersburg-3752", "species_group": "plum", "scientific_name": "Prunus cerasifera", "common_name": "Purple-Leaf Plum", "subtype_name": "Purpleleaf Plum", "zip_code": "20877", "ownership": "public", "ownership_raw": "City of Gaithersburg", "city": "Gaithersburg", "source_dataset": "Street Trees View", "source_department": "City of Gaithersburg", "source_last_edit_at": "2025-06-11T14:32:58.720000+00:00"}}, {"type": "Feature", "geometry": {"type": "Point", "coordinates": [-77.19889276213938, 39.13579998235539]}, "properties": {"id": "gaithersburg-3754", "species_group": "plum", "scientific_name": "Prunus cerasifera", "common_name": "Purple-Leaf Plum", "subtype_name": "Purpleleaf Plum", "zip_code": "20877", "ownership": "public", "ownership_raw": "City of Gaithersburg", "city": "Gaithersburg", "source_dataset": "Street Trees View", "source_department": "City of Gaithersburg", "source_last_edit_at": "2025-06-11T14:32:58.720000+00:00"}}, {"type": "Feature", "geometry": {"type": "Point", "coordinates": [-77.19857752045817, 39.13610093735424]}, "properties": {"id": "gaithersburg-3757", "species_group": "plum", "scientific_name": "Prunus cerasifera", "common_name": "Purple-Leaf Plum", "subtype_name": "Purpleleaf Plum", "zip_code": "20877", "ownership": "public", "ownership_raw": "City of Gaithersburg", "city": "Gaithersburg", "source_dataset": "Street Trees View", "source_department": "City of Gaithersburg", "source_last_edit_at": "2025-06-11T14:32:58.720000+00:00"}}, {"type": "Feature", "geometry": {"type": "Point", "coordinates": [-77.1984240540483, 39.136248155182855]}, "properties": {"id": "gaithersburg-3759", "species_group": "plum", "scientific_name": "Prunus cerasifera", "common_name": "Purple-Leaf Plum", "subtype_name": "Purpleleaf Plum", "zip_code": "20877", "ownership": "public", "ownership_raw": "City of Gaithersburg", "city": "Gaithersburg", "source_dataset": "Street Trees View", "source_department": "City of Gaithersburg", "source_last_edit_at": "2025-06-11T14:32:58.720000+00:00"}}, {"type": "Feature", "geometry": {"type": "Point", "coordinates": [-77.19827483545143, 39.136383779630236]}, "properties": {"id": "gaithersburg-3761", "species_group": "plum", "scientific_name": "Prunus cerasifera", "common_name": "Purple-Leaf Plum", "subtype_name": "Purpleleaf Plum", "zip_code": "20877", "ownership": "public", "ownership_raw": "City of Gaithersburg", "city": "Gaithersburg", "source_dataset": "Street Trees View", "source_department": "City of Gaithersburg", "source_last_edit_at": "2025-06-11T14:32:58.720000+00:00"}}, {"type": "Feature", "geometry": {"type": "Point", "coordinates": [-77.19812262947127, 39.13653505929364]}, "properties": {"id": "gaithersburg-3763", "species_group": "plum", "scientific_name": "Prunus cerasifera", "common_name": "Purple-Leaf Plum", "subtype_name": "Purpleleaf Plum", "zip_code": "20877", "ownership": "public", "ownership_raw": "City of Gaithersburg", "city": "Gaithersburg", "source_dataset": "Street Trees View", "source_department": "City of Gaithersburg", "source_last_edit_at": "2025-06-11T14:32:58.720000+00:00"}}, {"type": "Feature", "geometry": {"type": "Point", "coordinates": [-77.19806383441482, 39.1368298906174]}, "properties": {"id": "gaithersburg-3772", "species_group": "plum", "scientific_name": "Prunus cerasifera", "common_name": "Purple-Leaf Plum", "subtype_name": "Purpleleaf Plum", "zip_code": "20877", "ownership": "public", "ownership_raw": "City of Gaithersburg", "city": "Gaithersburg", "source_dataset": "Street Trees View", "source_department": "City of Gaithersburg", "source_last_edit_at": "2025-06-11T14:32:58.720000+00:00"}}, {"type": "Feature", "geometry": {"type": "Point", "coordinates": [-77.19801599405993, 39.13683749125518]}, "properties": {"id": "gaithersburg-3773", "species_group": "plum", "scientific_name": "Prunus cerasifera", "common_name": "Purple-Leaf Plum", "subtype_name": "Purpleleaf Plum", "zip_code": "20877", "ownership": "public", "ownership_raw": "City of Gaithersburg", "city": "Gaithersburg", "source_dataset": "Street Trees View", "source_department": "City of Gaithersburg", "source_last_edit_at": "2025-06-11T14:32:58.720000+00:00"}}, {"type": "Feature", "geometry": {"type": "Point", "coordinates": [-77.19777513733119, 39.13682074860442]}, "properties": {"id": "gaithersburg-3776", "species_group": "plum", "scientific_name": "Prunus cerasifera", "common_name": "Purple-Leaf Plum", "subtype_name": "Purpleleaf Plum", "zip_code": "20877", "ownership": "public", "ownership_raw": "City of Gaithersburg", "city": "Gaithersburg", "source_dataset": "Street Trees View", "source_department": "City of Gaithersburg", "source_last_edit_at": "2025-06-11T14:32:58.720000+00:00"}}, {"type": "Feature", "geometry": {"type": "Point", "coordinates": [-77.19734538909067, 39.136995026696965]}, "properties": {"id": "gaithersburg-3779", "species_group": "plum", "scientific_name": "Prunus cerasifera", "common_name": "Purple-Leaf Plum", "subtype_name": "Purpleleaf Plum", "zip_code": "20877", "ownership": "public", "ownership_raw": "City of Gaithersburg", "city": "Gaithersburg", "source_dataset": "Street Trees View", "source_department": "City of Gaithersburg", "source_last_edit_at": "2025-06-11T14:32:58.720000+00:00"}}, {"type": "Feature", "geometry": {"type": "Point", "coordinates": [-77.1971489773165, 39.137099004130214]}, "properties": {"id": "gaithersburg-3781", "species_group": "plum", "scientific_name": "Prunus cerasifera", "common_name": "Purple-Leaf Plum", "subtype_name": "Purpleleaf Plum", "zip_code": "20877", "ownership": "public", "ownership_raw": "City of Gaithersburg", "city": "Gaithersburg", "source_dataset": "Street Trees View", "source_department": "City of Gaithersburg", "source_last_edit_at": "2025-06-11T14:32:58.720000+00:00"}}, {"type": "Feature", "geometry": {"type": "Point", "coordinates": [-77.19683649238138, 39.13736181466487]}, "properties": {"id": "gaithersburg-3798", "species_group": "cherry", "scientific_name": "Prunus serrulata", "common_name": "Japanese Flowering Cherry", "subtype_name": "Japanese Flowering Cherry", "zip_code": "20877", "ownership": "public", "ownership_raw": "City of Gaithersburg", "city": "Gaithersburg", "source_dataset": "Street Trees View", "source_department": "City of Gaithersburg", "source_last_edit_at": "2025-06-11T14:32:58.720000+00:00"}}, {"type": "Feature", "geometry": {"type": "Point", "coordinates": [-77.2020696497468, 39.13490590531186]}, "properties": {"id": "gaithersburg-3834", "species_group": "cherry", "scientific_name": "Prunus serrulata", "common_name": "Japanese Flowering Cherry", "subtype_name": "Japanese Flowering Cherry", "zip_code": "20877", "ownership": "public", "ownership_raw": "City of Gaithersburg", "city": "Gaithersburg", "source_dataset": "Street Trees View", "source_department": "City of Gaithersburg", "source_last_edit_at": "2025-06-11T14:32:58.720000+00:00"}}, {"type": "Feature", "geometry": {"type": "Point", "coordinates": [-77.20153307620224, 39.13244108975806]}, "properties": {"id": "gaithersburg-3858", "species_group": "cherry", "scientific_name": "Prunus serrulata", "common_name": "Japanese Flowering Cherry", "subtype_name": "Japanese Flowering Cherry", "zip_code": "20877", "ownership": "public", "ownership_raw": "City of Gaithersburg", "city": "Gaithersburg", "source_dataset": "Street Trees View", "source_department": "City of Gaithersburg", "source_last_edit_at": "2025-06-11T14:32:58.720000+00:00"}}, {"type": "Feature", "geometry": {"type": "Point", "coordinates": [-77.2016524838288, 39.13253040520709]}, "properties": {"id": "gaithersburg-3870", "species_group": "magnolia", "scientific_name": "Magnolia grandiflora", "common_name": "Southern Magnolia", "subtype_name": "Southern Magnolia", "zip_code": "20877", "ownership": "public", "ownership_raw": "City of Gaithersburg", "city": "Gaithersburg", "source_dataset": "Street Trees View", "source_department": "City of Gaithersburg", "source_last_edit_at": "2025-06-11T14:32:58.720000+00:00"}}, {"type": "Feature", "geometry": {"type": "Point", "coordinates": [-77.19628565319142, 39.128613030848676]}, "properties": {"id": "gaithersburg-3920", "species_group": "cherry", "scientific_name": "Prunus serrulata", "common_name": "Japanese Flowering Cherry", "subtype_name": "Japanese Flowering Cherry", "zip_code": "20877", "ownership": "public", "ownership_raw": "City of Gaithersburg", "city": "Gaithersburg", "source_dataset": "Street Trees View", "source_department": "City of Gaithersburg", "source_last_edit_at": "2025-06-11T14:32:58.720000+00:00"}}, {"type": "Feature", "geometry": {"type": "Point", "coordinates": [-77.19880746584046, 39.14557702365311]}, "properties": {"id": "gaithersburg-3986", "species_group": "cherry", "scientific_name": "Prunus serrulata", "common_name": "Japanese Flowering Cherry", "subtype_name": "Japanese Flowering Cherry", "zip_code": "20877", "ownership": "public", "ownership_raw": "City of Gaithersburg", "city": "Gaithersburg", "source_dataset": "Street Trees View", "source_department": "City of Gaithersburg", "source_last_edit_at": "2025-06-11T14:32:58.720000+00:00"}}, {"type": "Feature", "geometry": {"type": "Point", "coordinates": [-77.20001734999762, 39.13274532295082]}, "properties": {"id": "gaithersburg-4071", "species_group": "cherry", "scientific_name": "Prunus serrulata", "common_name": "Japanese Flowering Cherry", "subtype_name": "Japanese Flowering Cherry", "zip_code": "20877", "ownership": "public", "ownership_raw": "City of Gaithersburg", "city": "Gaithersburg", "source_dataset": "Street Trees View", "source_department": "City of Gaithersburg", "source_last_edit_at": "2025-06-11T14:32:58.720000+00:00"}}, {"type": "Feature", "geometry": {"type": "Point", "coordinates": [-77.1999861345133, 39.13260342024115]}, "properties": {"id": "gaithersburg-4072", "species_group": "cherry", "scientific_name": "Prunus serrulata", "common_name": "Japanese Flowering Cherry", "subtype_name": "Japanese Flowering Cherry", "zip_code": "20877", "ownership": "public", "ownership_raw": "City of Gaithersburg", "city": "Gaithersburg", "source_dataset": "Street Trees View", "source_department": "City of Gaithersburg", "source_last_edit_at": "2025-06-11T14:32:58.720000+00:00"}}, {"type": "Feature", "geometry": {"type": "Point", "coordinates": [-77.19972912105736, 39.132452363098324]}, "properties": {"id": "gaithersburg-4073", "species_group": "cherry", "scientific_name": "Prunus serrulata", "common_name": "Japanese Flowering Cherry", "subtype_name": "Japanese Flowering Cherry", "zip_code": "20877", "ownership": "public", "ownership_raw": "City of Gaithersburg", "city": "Gaithersburg", "source_dataset": "Street Trees View", "source_department": "City of Gaithersburg", "source_last_edit_at": "2025-06-11T14:32:58.720000+00:00"}}, {"type": "Feature", "geometry": {"type": "Point", "coordinates": [-77.19961712441317, 39.13262109587103]}, "properties": {"id": "gaithersburg-4074", "species_group": "cherry", "scientific_name": "Prunus serrulata", "common_name": "Japanese Flowering Cherry", "subtype_name": "Japanese Flowering Cherry", "zip_code": "20877", "ownership": "public", "ownership_raw": "City of Gaithersburg", "city": "Gaithersburg", "source_dataset": "Street Trees View", "source_department": "City of Gaithersburg", "source_last_edit_at": "2025-06-11T14:32:58.720000+00:00"}}, {"type": "Feature", "geometry": {"type": "Point", "coordinates": [-77.19977145593562, 39.13270475531798]}, "properties": {"id": "gaithersburg-4075", "species_group": "cherry", "scientific_name": "Prunus serrulata", "common_name": "Japanese Flowering Cherry", "subtype_name": "Japanese Flowering Cherry", "zip_code": "20877", "ownership": "public", "ownership_raw": "City of Gaithersburg", "city": "Gaithersburg", "source_dataset": "Street Trees View", "source_department": "City of Gaithersburg", "source_last_edit_at": "2025-06-11T14:32:58.720000+00:00"}}, {"type": "Feature", "geometry": {"type": "Point", "coordinates": [-77.18807203143713, 39.1307248401627]}, "properties": {"id": "gaithersburg-4165", "species_group": "cherry", "scientific_name": "Prunus serrulata", "common_name": "Japanese Flowering Cherry", "subtype_name": "Japanese Flowering Cherry", "zip_code": "20877", "ownership": "public", "ownership_raw": "City of Gaithersburg", "city": "Gaithersburg", "source_dataset": "Street Trees View", "source_department": "City of Gaithersburg", "source_last_edit_at": "2025-06-11T14:32:58.720000+00:00"}}, {"type": "Feature", "geometry": {"type": "Point", "coordinates": [-77.18993218443798, 39.12928877647375]}, "properties": {"id": "gaithersburg-4176", "species_group": "cherry", "scientific_name": "Prunus serrulata", "common_name": "Japanese Flowering Cherry", "subtype_name": "Japanese Flowering Cherry", "zip_code": "20877", "ownership": "public", "ownership_raw": "City of Gaithersburg", "city": "Gaithersburg", "source_dataset": "Street Trees View", "source_department": "City of Gaithersburg", "source_last_edit_at": "2025-06-11T14:32:58.720000+00:00"}}, {"type": "Feature", "geometry": {"type": "Point", "coordinates": [-77.19008301767833, 39.12896290767017]}, "properties": {"id": "gaithersburg-4178", "species_group": "cherry", "scientific_name": "Prunus serrulata", "common_name": "Japanese Flowering Cherry", "subtype_name": "Japanese Flowering Cherry", "zip_code": "20877", "ownership": "public", "ownership_raw": "City of Gaithersburg", "city": "Gaithersburg", "source_dataset": "Street Trees View", "source_department": "City of Gaithersburg", "source_last_edit_at": "2025-06-11T14:32:58.720000+00:00"}}, {"type": "Feature", "geometry": {"type": "Point", "coordinates": [-77.18603640047397, 39.12782877055802]}, "properties": {"id": "gaithersburg-4186", "species_group": "cherry", "scientific_name": "Prunus serrulata", "common_name": "Japanese Flowering Cherry", "subtype_name": "Japanese Flowering Cherry", "zip_code": "20877", "ownership": "public", "ownership_raw": "City of Gaithersburg", "city": "Gaithersburg", "source_dataset": "Street Trees View", "source_department": "City of Gaithersburg", "source_last_edit_at": "2025-06-11T14:32:58.720000+00:00"}}, {"type": "Feature", "geometry": {"type": "Point", "coordinates": [-77.18583483340964, 39.12794370553288]}, "properties": {"id": "gaithersburg-4187", "species_group": "cherry", "scientific_name": "Prunus serrulata", "common_name": "Japanese Flowering Cherry", "subtype_name": "Japanese Flowering Cherry", "zip_code": "20877", "ownership": "public", "ownership_raw": "City of Gaithersburg", "city": "Gaithersburg", "source_dataset": "Street Trees View", "source_department": "City of Gaithersburg", "source_last_edit_at": "2025-06-11T14:32:58.720000+00:00"}}, {"type": "Feature", "geometry": {"type": "Point", "coordinates": [-77.18572616496975, 39.12799515727176]}, "properties": {"id": "gaithersburg-4188", "species_group": "cherry", "scientific_name": "Prunus serrulata", "common_name": "Japanese Flowering Cherry", "subtype_name": "Japanese Flowering Cherry", "zip_code": "20877", "ownership": "public", "ownership_raw": "City of Gaithersburg", "city": "Gaithersburg", "source_dataset": "Street Trees View", "source_department": "City of Gaithersburg", "source_last_edit_at": "2025-06-11T14:32:58.720000+00:00"}}, {"type": "Feature", "geometry": {"type": "Point", "coordinates": [-77.19250412749875, 39.13562272786144]}, "properties": {"id": "gaithersburg-4222", "species_group": "crabapple", "scientific_name": "Malus floribunda", "common_name": "Crabapple", "subtype_name": "Malus floribunda", "zip_code": "20877", "ownership": "public", "ownership_raw": "City of Gaithersburg", "city": "Gaithersburg", "source_dataset": "Street Trees View", "source_department": "City of Gaithersburg", "source_last_edit_at": "2025-06-11T14:32:58.720000+00:00"}}, {"type": "Feature", "geometry": {"type": "Point", "coordinates": [-77.21163410353905, 39.11994420162543]}, "properties": {"id": "gaithersburg-4244", "species_group": "cherry", "scientific_name": "Prunus serrulata", "common_name": "Japanese Flowering Cherry", "subtype_name": "Japanese Flowering Cherry", "zip_code": "20878", "ownership": "public", "ownership_raw": "City of Gaithersburg", "city": "Gaithersburg", "source_dataset": "Street Trees View", "source_department": "City of Gaithersburg", "source_last_edit_at": "2025-06-11T14:32:58.720000+00:00"}}, {"type": "Feature", "geometry": {"type": "Point", "coordinates": [-77.21161222862523, 39.11996418024961]}, "properties": {"id": "gaithersburg-4245", "species_group": "cherry", "scientific_name": "Prunus serrulata", "common_name": "Japanese Flowering Cherry", "subtype_name": "Japanese Flowering Cherry", "zip_code": "20878", "ownership": "public", "ownership_raw": "City of Gaithersburg", "city": "Gaithersburg", "source_dataset": "Street Trees View", "source_department": "City of Gaithersburg", "source_last_edit_at": "2025-06-11T14:32:58.720000+00:00"}}, {"type": "Feature", "geometry": {"type": "Point", "coordinates": [-77.21148181108832, 39.12006058826994]}, "properties": {"id": "gaithersburg-4247", "species_group": "cherry", "scientific_name": "Prunus serrulata", "common_name": "Japanese Flowering Cherry", "subtype_name": "Japanese Flowering Cherry", "zip_code": "20878", "ownership": "public", "ownership_raw": "City of Gaithersburg", "city": "Gaithersburg", "source_dataset": "Street Trees View", "source_department": "City of Gaithersburg", "source_last_edit_at": "2025-06-11T14:32:58.720000+00:00"}}, {"type": "Feature", "geometry": {"type": "Point", "coordinates": [-77.21150487099331, 39.120103468687276]}, "properties": {"id": "gaithersburg-4248", "species_group": "cherry", "scientific_name": "Prunus serrulata", "common_name": "Japanese Flowering Cherry", "subtype_name": "Japanese Flowering Cherry", "zip_code": "20878", "ownership": "public", "ownership_raw": "City of Gaithersburg", "city": "Gaithersburg", "source_dataset": "Street Trees View", "source_department": "City of Gaithersburg", "source_last_edit_at": "2025-06-11T14:32:58.720000+00:00"}}, {"type": "Feature", "geometry": {"type": "Point", "coordinates": [-77.21149940612868, 39.120086440892685]}, "properties": {"id": "gaithersburg-4249", "species_group": "cherry", "scientific_name": "Prunus serrulata", "common_name": "Japanese Flowering Cherry", "subtype_name": "Japanese Flowering Cherry", "zip_code": "20878", "ownership": "public", "ownership_raw": "City of Gaithersburg", "city": "Gaithersburg", "source_dataset": "Street Trees View", "source_department": "City of Gaithersburg", "source_last_edit_at": "2025-06-11T14:32:58.720000+00:00"}}, {"type": "Feature", "geometry": {"type": "Point", "coordinates": [-77.21220371453909, 39.116049973808714]}, "properties": {"id": "gaithersburg-4311", "species_group": "cherry", "scientific_name": "Prunus serrulata", "common_name": "Japanese Flowering Cherry", "subtype_name": "Japanese Flowering Cherry", "zip_code": "20878", "ownership": "public", "ownership_raw": "City of Gaithersburg", "city": "Gaithersburg", "source_dataset": "Street Trees View", "source_department": "City of Gaithersburg", "source_last_edit_at": "2025-06-11T14:32:58.720000+00:00"}}, {"type": "Feature", "geometry": {"type": "Point", "coordinates": [-77.2121827690363, 39.11600390894504]}, "properties": {"id": "gaithersburg-4312", "species_group": "cherry", "scientific_name": "Prunus serrulata", "common_name": "Japanese Flowering Cherry", "subtype_name": "Japanese Flowering Cherry", "zip_code": "20878", "ownership": "public", "ownership_raw": "City of Gaithersburg", "city": "Gaithersburg", "source_dataset": "Street Trees View", "source_department": "City of Gaithersburg", "source_last_edit_at": "2025-06-11T14:32:58.720000+00:00"}}, {"type": "Feature", "geometry": {"type": "Point", "coordinates": [-77.21217153895924, 39.11595628432247]}, "properties": {"id": "gaithersburg-4313", "species_group": "cherry", "scientific_name": "Prunus serrulata", "common_name": "Japanese Flowering Cherry", "subtype_name": "Japanese Flowering Cherry", "zip_code": "20878", "ownership": "public", "ownership_raw": "City of Gaithersburg", "city": "Gaithersburg", "source_dataset": "Street Trees View", "source_department": "City of Gaithersburg", "source_last_edit_at": "2025-06-11T14:32:58.720000+00:00"}}, {"type": "Feature", "geometry": {"type": "Point", "coordinates": [-77.2092990119281, 39.11635084386715]}, "properties": {"id": "gaithersburg-4354", "species_group": "cherry", "scientific_name": "Prunus serrulata", "common_name": "Japanese Flowering Cherry", "subtype_name": "Japanese Flowering Cherry", "zip_code": "20878", "ownership": "public", "ownership_raw": "City of Gaithersburg", "city": "Gaithersburg", "source_dataset": "Street Trees View", "source_department": "City of Gaithersburg", "source_last_edit_at": "2025-06-11T14:32:58.720000+00:00"}}, {"type": "Feature", "geometry": {"type": "Point", "coordinates": [-77.20930674563971, 39.11643851722418]}, "properties": {"id": "gaithersburg-4355", "species_group": "cherry", "scientific_name": "Prunus serrulata", "common_name": "Japanese Flowering Cherry", "subtype_name": "Japanese Flowering Cherry", "zip_code": "20878", "ownership": "public", "ownership_raw": "City of Gaithersburg", "city": "Gaithersburg", "source_dataset": "Street Trees View", "source_department": "City of Gaithersburg", "source_last_edit_at": "2025-06-11T14:32:58.720000+00:00"}}, {"type": "Feature", "geometry": {"type": "Point", "coordinates": [-77.20931262671125, 39.11650765278667]}, "properties": {"id": "gaithersburg-4356", "species_group": "cherry", "scientific_name": "Prunus serrulata", "common_name": "Japanese Flowering Cherry", "subtype_name": "Japanese Flowering Cherry", "zip_code": "20878", "ownership": "public", "ownership_raw": "City of Gaithersburg", "city": "Gaithersburg", "source_dataset": "Street Trees View", "source_department": "City of Gaithersburg", "source_last_edit_at": "2025-06-11T14:32:58.720000+00:00"}}, {"type": "Feature", "geometry": {"type": "Point", "coordinates": [-77.20931862351176, 39.11658978123441]}, "properties": {"id": "gaithersburg-4357", "species_group": "cherry", "scientific_name": "Prunus serrulata", "common_name": "Japanese Flowering Cherry", "subtype_name": "Japanese Flowering Cherry", "zip_code": "20878", "ownership": "public", "ownership_raw": "City of Gaithersburg", "city": "Gaithersburg", "source_dataset": "Street Trees View", "source_department": "City of Gaithersburg", "source_last_edit_at": "2025-06-11T14:32:58.720000+00:00"}}, {"type": "Feature", "geometry": {"type": "Point", "coordinates": [-77.20932000503848, 39.11668985999501]}, "properties": {"id": "gaithersburg-4358", "species_group": "cherry", "scientific_name": "Prunus serrulata", "common_name": "Japanese Flowering Cherry", "subtype_name": "Japanese Flowering Cherry", "zip_code": "20878", "ownership": "public", "ownership_raw": "City of Gaithersburg", "city": "Gaithersburg", "source_dataset": "Street Trees View", "source_department": "City of Gaithersburg", "source_last_edit_at": "2025-06-11T14:32:58.720000+00:00"}}, {"type": "Feature", "geometry": {"type": "Point", "coordinates": [-77.20932337435369, 39.11676952494889]}, "properties": {"id": "gaithersburg-4359", "species_group": "cherry", "scientific_name": "Prunus serrulata", "common_name": "Japanese Flowering Cherry", "subtype_name": "Japanese Flowering Cherry", "zip_code": "20878", "ownership": "public", "ownership_raw": "City of Gaithersburg", "city": "Gaithersburg", "source_dataset": "Street Trees View", "source_department": "City of Gaithersburg", "source_last_edit_at": "2025-06-11T14:32:58.720000+00:00"}}, {"type": "Feature", "geometry": {"type": "Point", "coordinates": [-77.20928399342857, 39.116851787587834]}, "properties": {"id": "gaithersburg-4360", "species_group": "cherry", "scientific_name": "Prunus serrulata", "common_name": "Japanese Flowering Cherry", "subtype_name": "Japanese Flowering Cherry", "zip_code": "20878", "ownership": "public", "ownership_raw": "City of Gaithersburg", "city": "Gaithersburg", "source_dataset": "Street Trees View", "source_department": "City of Gaithersburg", "source_last_edit_at": "2025-06-11T14:32:58.720000+00:00"}}, {"type": "Feature", "geometry": {"type": "Point", "coordinates": [-77.20924481059193, 39.11691062193613]}, "properties": {"id": "gaithersburg-4361", "species_group": "cherry", "scientific_name": "Prunus serrulata", "common_name": "Japanese Flowering Cherry", "subtype_name": "Japanese Flowering Cherry", "zip_code": "20878", "ownership": "public", "ownership_raw": "City of Gaithersburg", "city": "Gaithersburg", "source_dataset": "Street Trees View", "source_department": "City of Gaithersburg", "source_last_edit_at": "2025-06-11T14:32:58.720000+00:00"}}, {"type": "Feature", "geometry": {"type": "Point", "coordinates": [-77.20904241962225, 39.116940739167056]}, "properties": {"id": "gaithersburg-4362", "species_group": "cherry", "scientific_name": "Prunus serrulata", "common_name": "Japanese Flowering Cherry", "subtype_name": "Japanese Flowering Cherry", "zip_code": "20878", "ownership": "public", "ownership_raw": "City of Gaithersburg", "city": "Gaithersburg", "source_dataset": "Street Trees View", "source_department": "City of Gaithersburg", "source_last_edit_at": "2025-06-11T14:32:58.720000+00:00"}}, {"type": "Feature", "geometry": {"type": "Point", "coordinates": [-77.2094520596717, 39.116810792018015]}, "properties": {"id": "gaithersburg-4364", "species_group": "cherry", "scientific_name": "Prunus serrulata", "common_name": "Japanese Flowering Cherry", "subtype_name": "Japanese Flowering Cherry", "zip_code": "20878", "ownership": "public", "ownership_raw": "City of Gaithersburg", "city": "Gaithersburg", "source_dataset": "Street Trees View", "source_department": "City of Gaithersburg", "source_last_edit_at": "2025-06-11T14:32:58.720000+00:00"}}, {"type": "Feature", "geometry": {"type": "Point", "coordinates": [-77.20945236472525, 39.116760463956446]}, "properties": {"id": "gaithersburg-4365", "species_group": "cherry", "scientific_name": "Prunus serrulata", "common_name": "Japanese Flowering Cherry", "subtype_name": "Japanese Flowering Cherry", "zip_code": "20878", "ownership": "public", "ownership_raw": "City of Gaithersburg", "city": "Gaithersburg", "source_dataset": "Street Trees View", "source_department": "City of Gaithersburg", "source_last_edit_at": "2025-06-11T14:32:58.720000+00:00"}}, {"type": "Feature", "geometry": {"type": "Point", "coordinates": [-77.20944019621753, 39.1166335147928]}, "properties": {"id": "gaithersburg-4366", "species_group": "cherry", "scientific_name": "Prunus serrulata", "common_name": "Japanese Flowering Cherry", "subtype_name": "Japanese Flowering Cherry", "zip_code": "20878", "ownership": "public", "ownership_raw": "City of Gaithersburg", "city": "Gaithersburg", "source_dataset": "Street Trees View", "source_department": "City of Gaithersburg", "source_last_edit_at": "2025-06-11T14:32:58.720000+00:00"}}, {"type": "Feature", "geometry": {"type": "Point", "coordinates": [-77.20943568963551, 39.11657803466361]}, "properties": {"id": "gaithersburg-4367", "species_group": "cherry", "scientific_name": "Prunus serrulata", "common_name": "Japanese Flowering Cherry", "subtype_name": "Japanese Flowering Cherry", "zip_code": "20878", "ownership": "public", "ownership_raw": "City of Gaithersburg", "city": "Gaithersburg", "source_dataset": "Street Trees View", "source_department": "City of Gaithersburg", "source_last_edit_at": "2025-06-11T14:32:58.720000+00:00"}}, {"type": "Feature", "geometry": {"type": "Point", "coordinates": [-77.20943286885843, 39.116480888765764]}, "properties": {"id": "gaithersburg-4368", "species_group": "cherry", "scientific_name": "Prunus serrulata", "common_name": "Japanese Flowering Cherry", "subtype_name": "Japanese Flowering Cherry", "zip_code": "20878", "ownership": "public", "ownership_raw": "City of Gaithersburg", "city": "Gaithersburg", "source_dataset": "Street Trees View", "source_department": "City of Gaithersburg", "source_last_edit_at": "2025-06-11T14:32:58.720000+00:00"}}, {"type": "Feature", "geometry": {"type": "Point", "coordinates": [-77.20942123963131, 39.1163473826281]}, "properties": {"id": "gaithersburg-4369", "species_group": "cherry", "scientific_name": "Prunus serrulata", "common_name": "Japanese Flowering Cherry", "subtype_name": "Japanese Flowering Cherry", "zip_code": "20878", "ownership": "public", "ownership_raw": "City of Gaithersburg", "city": "Gaithersburg", "source_dataset": "Street Trees View", "source_department": "City of Gaithersburg", "source_last_edit_at": "2025-06-11T14:32:58.720000+00:00"}}, {"type": "Feature", "geometry": {"type": "Point", "coordinates": [-77.20965011970124, 39.117944465171114]}, "properties": {"id": "gaithersburg-4388", "species_group": "magnolia", "scientific_name": "Magnolia grandiflora", "common_name": "Southern Magnolia", "subtype_name": "Southern Magnolia", "zip_code": "20878", "ownership": "public", "ownership_raw": "City of Gaithersburg", "city": "Gaithersburg", "source_dataset": "Street Trees View", "source_department": "City of Gaithersburg", "source_last_edit_at": "2025-06-11T14:32:58.720000+00:00"}}, {"type": "Feature", "geometry": {"type": "Point", "coordinates": [-77.20913130419596, 39.11787037385906]}, "properties": {"id": "gaithersburg-4392", "species_group": "cherry", "scientific_name": "Prunus serrulata", "common_name": "Japanese Flowering Cherry", "subtype_name": "Japanese Flowering Cherry", "zip_code": "20878", "ownership": "public", "ownership_raw": "City of Gaithersburg", "city": "Gaithersburg", "source_dataset": "Street Trees View", "source_department": "City of Gaithersburg", "source_last_edit_at": "2025-06-11T14:32:58.720000+00:00"}}, {"type": "Feature", "geometry": {"type": "Point", "coordinates": [-77.21040960689356, 39.116477305043055]}, "properties": {"id": "gaithersburg-4437", "species_group": "cherry", "scientific_name": "Prunus serrulata", "common_name": "Japanese Flowering Cherry", "subtype_name": "Japanese Flowering Cherry", "zip_code": "20878", "ownership": "public", "ownership_raw": "City of Gaithersburg", "city": "Gaithersburg", "source_dataset": "Street Trees View", "source_department": "City of Gaithersburg", "source_last_edit_at": "2025-06-11T14:32:58.720000+00:00"}}, {"type": "Feature", "geometry": {"type": "Point", "coordinates": [-77.21203786224983, 39.123940308607416]}, "properties": {"id": "gaithersburg-4542", "species_group": "cherry", "scientific_name": "Prunus serrulata", "common_name": "Japanese Flowering Cherry", "subtype_name": "Japanese Flowering Cherry", "zip_code": "20878", "ownership": "public", "ownership_raw": "City of Gaithersburg", "city": "Gaithersburg", "source_dataset": "Street Trees View", "source_department": "City of Gaithersburg", "source_last_edit_at": "2025-06-11T14:32:58.720000+00:00"}}, {"type": "Feature", "geometry": {"type": "Point", "coordinates": [-77.21200302007622, 39.12387573237374]}, "properties": {"id": "gaithersburg-4543", "species_group": "cherry", "scientific_name": "Prunus serrulata", "common_name": "Japanese Flowering Cherry", "subtype_name": "Japanese Flowering Cherry", "zip_code": "20878", "ownership": "public", "ownership_raw": "City of Gaithersburg", "city": "Gaithersburg", "source_dataset": "Street Trees View", "source_department": "City of Gaithersburg", "source_last_edit_at": "2025-06-11T14:32:58.720000+00:00"}}, {"type": "Feature", "geometry": {"type": "Point", "coordinates": [-77.2074795664971, 39.126460495649745]}, "properties": {"id": "gaithersburg-4609", "species_group": "cherry", "scientific_name": "Prunus serrulata", "common_name": "Japanese Flowering Cherry", "subtype_name": "Japanese Flowering Cherry", "zip_code": "20878", "ownership": "public", "ownership_raw": "City of Gaithersburg", "city": "Gaithersburg", "source_dataset": "Street Trees View", "source_department": "City of Gaithersburg", "source_last_edit_at": "2025-06-11T14:32:58.720000+00:00"}}, {"type": "Feature", "geometry": {"type": "Point", "coordinates": [-77.20743688105465, 39.126467092960034]}, "properties": {"id": "gaithersburg-4610", "species_group": "cherry", "scientific_name": "Prunus serrulata", "common_name": "Japanese Flowering Cherry", "subtype_name": "Japanese Flowering Cherry", "zip_code": "20878", "ownership": "public", "ownership_raw": "City of Gaithersburg", "city": "Gaithersburg", "source_dataset": "Street Trees View", "source_department": "City of Gaithersburg", "source_last_edit_at": "2025-06-11T14:32:58.720000+00:00"}}, {"type": "Feature", "geometry": {"type": "Point", "coordinates": [-77.23555150899712, 39.13641703964694]}, "properties": {"id": "gaithersburg-466", "species_group": "crabapple", "scientific_name": "Malus floribunda", "common_name": "Crabapple", "subtype_name": "Malus floribunda", "zip_code": "20878", "ownership": "public", "ownership_raw": "City of Gaithersburg", "city": "Gaithersburg", "source_dataset": "Street Trees View", "source_department": "City of Gaithersburg", "source_last_edit_at": "2025-06-11T14:32:58.720000+00:00"}}, {"type": "Feature", "geometry": {"type": "Point", "coordinates": [-77.23661180611624, 39.13460683014889]}, "properties": {"id": "gaithersburg-475", "species_group": "magnolia", "scientific_name": "Magnolia soulangiana", "common_name": "Saucer Magnolia", "subtype_name": "Saucer Magnolia", "zip_code": "20878", "ownership": "public", "ownership_raw": "City of Gaithersburg", "city": "Gaithersburg", "source_dataset": "Street Trees View", "source_department": "City of Gaithersburg", "source_last_edit_at": "2025-06-11T14:32:58.720000+00:00"}}, {"type": "Feature", "geometry": {"type": "Point", "coordinates": [-77.20768388485793, 39.112655155660214]}, "properties": {"id": "gaithersburg-4788", "species_group": "magnolia", "scientific_name": "Magnolia virginiana", "common_name": "Florida Sweet Bay Magnolia Bay", "subtype_name": "Sweetbay Magnolia", "zip_code": "20878", "ownership": "public", "ownership_raw": "City of Gaithersburg", "city": "Gaithersburg", "source_dataset": "Street Trees View", "source_department": "City of Gaithersburg", "source_last_edit_at": "2025-06-11T14:32:58.720000+00:00"}}, {"type": "Feature", "geometry": {"type": "Point", "coordinates": [-77.23579333453918, 39.133998102690725]}, "properties": {"id": "gaithersburg-479", "species_group": "cherry", "scientific_name": "Prunus serrulata", "common_name": "Japanese Flowering Cherry", "subtype_name": "Japanese Flowering Cherry", "zip_code": "20878", "ownership": "public", "ownership_raw": "City of Gaithersburg", "city": "Gaithersburg", "source_dataset": "Street Trees View", "source_department": "City of Gaithersburg", "source_last_edit_at": "2025-06-11T14:32:58.720000+00:00"}}, {"type": "Feature", "geometry": {"type": "Point", "coordinates": [-77.20231128298721, 39.110417001243896]}, "properties": {"id": "gaithersburg-4842", "species_group": "cherry", "scientific_name": "Prunus serrulata", "common_name": "Japanese Flowering Cherry", "subtype_name": "Japanese Flowering Cherry", "zip_code": "20878", "ownership": "public", "ownership_raw": "City of Gaithersburg", "city": "Gaithersburg", "source_dataset": "Street Trees View", "source_department": "City of Gaithersburg", "source_last_edit_at": "2025-06-11T14:32:58.720000+00:00"}}, {"type": "Feature", "geometry": {"type": "Point", "coordinates": [-77.20218456749646, 39.110356639490774]}, "properties": {"id": "gaithersburg-4863", "species_group": "cherry", "scientific_name": "Prunus serrulata", "common_name": "Japanese Flowering Cherry", "subtype_name": "Japanese Flowering Cherry", "zip_code": "20878", "ownership": "public", "ownership_raw": "City of Gaithersburg", "city": "Gaithersburg", "source_dataset": "Street Trees View", "source_department": "City of Gaithersburg", "source_last_edit_at": "2025-06-11T14:32:58.720000+00:00"}}, {"type": "Feature", "geometry": {"type": "Point", "coordinates": [-77.20217356043379, 39.11032866708467]}, "properties": {"id": "gaithersburg-4864", "species_group": "cherry", "scientific_name": "Prunus serrulata", "common_name": "Japanese Flowering Cherry", "subtype_name": "Japanese Flowering Cherry", "zip_code": "20878", "ownership": "public", "ownership_raw": "City of Gaithersburg", "city": "Gaithersburg", "source_dataset": "Street Trees View", "source_department": "City of Gaithersburg", "source_last_edit_at": "2025-06-11T14:32:58.720000+00:00"}}, {"type": "Feature", "geometry": {"type": "Point", "coordinates": [-77.20214066028902, 39.11032555934268]}, "properties": {"id": "gaithersburg-4865", "species_group": "cherry", "scientific_name": "Prunus serrulata", "common_name": "Japanese Flowering Cherry", "subtype_name": "Japanese Flowering Cherry", "zip_code": "20878", "ownership": "public", "ownership_raw": "City of Gaithersburg", "city": "Gaithersburg", "source_dataset": "Street Trees View", "source_department": "City of Gaithersburg", "source_last_edit_at": "2025-06-11T14:32:58.720000+00:00"}}, {"type": "Feature", "geometry": {"type": "Point", "coordinates": [-77.20188128126972, 39.11056448378272]}, "properties": {"id": "gaithersburg-4866", "species_group": "cherry", "scientific_name": "Prunus serrulata", "common_name": "Japanese Flowering Cherry", "subtype_name": "Japanese Flowering Cherry", "zip_code": "20878", "ownership": "public", "ownership_raw": "City of Gaithersburg", "city": "Gaithersburg", "source_dataset": "Street Trees View", "source_department": "City of Gaithersburg", "source_last_edit_at": "2025-06-11T14:32:58.720000+00:00"}}, {"type": "Feature", "geometry": {"type": "Point", "coordinates": [-77.20188209870047, 39.110588913817196]}, "properties": {"id": "gaithersburg-4867", "species_group": "cherry", "scientific_name": "Prunus serrulata", "common_name": "Japanese Flowering Cherry", "subtype_name": "Japanese Flowering Cherry", "zip_code": "20878", "ownership": "public", "ownership_raw": "City of Gaithersburg", "city": "Gaithersburg", "source_dataset": "Street Trees View", "source_department": "City of Gaithersburg", "source_last_edit_at": "2025-06-11T14:32:58.720000+00:00"}}, {"type": "Feature", "geometry": {"type": "Point", "coordinates": [-77.20192025511616, 39.11058303161823]}, "properties": {"id": "gaithersburg-4868", "species_group": "cherry", "scientific_name": "Prunus serrulata", "common_name": "Japanese Flowering Cherry", "subtype_name": "Japanese Flowering Cherry", "zip_code": "20878", "ownership": "public", "ownership_raw": "City of Gaithersburg", "city": "Gaithersburg", "source_dataset": "Street Trees View", "source_department": "City of Gaithersburg", "source_last_edit_at": "2025-06-11T14:32:58.720000+00:00"}}, {"type": "Feature", "geometry": {"type": "Point", "coordinates": [-77.20098368442487, 39.11090736527875]}, "properties": {"id": "gaithersburg-4885", "species_group": "cherry", "scientific_name": "Prunus x yedoensis ‘akebono’", "common_name": "Yoshino Cherry", "subtype_name": "Yoshino", "zip_code": "20878", "ownership": "public", "ownership_raw": "City of Gaithersburg", "city": "Gaithersburg", "source_dataset": "Street Trees View", "source_department": "City of Gaithersburg", "source_last_edit_at": "2025-06-11T14:32:58.720000+00:00"}}, {"type": "Feature", "geometry": {"type": "Point", "coordinates": [-77.20089877158625, 39.11085795079528]}, "properties": {"id": "gaithersburg-4886", "species_group": "cherry", "scientific_name": "Prunus x yedoensis ‘akebono’", "common_name": "Yoshino Cherry", "subtype_name": "Yoshino", "zip_code": "20878", "ownership": "public", "ownership_raw": "City of Gaithersburg", "city": "Gaithersburg", "source_dataset": "Street Trees View", "source_department": "City of Gaithersburg", "source_last_edit_at": "2025-06-11T14:32:58.720000+00:00"}}, {"type": "Feature", "geometry": {"type": "Point", "coordinates": [-77.20035745100402, 39.110577934090216]}, "properties": {"id": "gaithersburg-4887", "species_group": "cherry", "scientific_name": "Prunus x yedoensis ‘akebono’", "common_name": "Yoshino Cherry", "subtype_name": "Yoshino", "zip_code": "20878", "ownership": "public", "ownership_raw": "City of Gaithersburg", "city": "Gaithersburg", "source_dataset": "Street Trees View", "source_department": "City of Gaithersburg", "source_last_edit_at": "2025-06-11T14:32:58.720000+00:00"}}, {"type": "Feature", "geometry": {"type": "Point", "coordinates": [-77.20029588929022, 39.110681705867414]}, "properties": {"id": "gaithersburg-4888", "species_group": "cherry", "scientific_name": "Prunus x yedoensis ‘akebono’", "common_name": "Yoshino Cherry", "subtype_name": "Yoshino", "zip_code": "20878", "ownership": "public", "ownership_raw": "City of Gaithersburg", "city": "Gaithersburg", "source_dataset": "Street Trees View", "source_department": "City of Gaithersburg", "source_last_edit_at": "2025-06-11T14:32:58.720000+00:00"}}, {"type": "Feature", "geometry": {"type": "Point", "coordinates": [-77.20041689014285, 39.110745944754775]}, "properties": {"id": "gaithersburg-4889", "species_group": "cherry", "scientific_name": "Prunus x yedoensis ‘akebono’", "common_name": "Yoshino Cherry", "subtype_name": "Yoshino", "zip_code": "20878", "ownership": "public", "ownership_raw": "City of Gaithersburg", "city": "Gaithersburg", "source_dataset": "Street Trees View", "source_department": "City of Gaithersburg", "source_last_edit_at": "2025-06-11T14:32:58.720000+00:00"}}, {"type": "Feature", "geometry": {"type": "Point", "coordinates": [-77.20053152268785, 39.1108134778237]}, "properties": {"id": "gaithersburg-4890", "species_group": "cherry", "scientific_name": "Prunus x yedoensis ‘akebono’", "common_name": "Yoshino Cherry", "subtype_name": "Yoshino", "zip_code": "20878", "ownership": "public", "ownership_raw": "City of Gaithersburg", "city": "Gaithersburg", "source_dataset": "Street Trees View", "source_department": "City of Gaithersburg", "source_last_edit_at": "2025-06-11T14:32:58.720000+00:00"}}, {"type": "Feature", "geometry": {"type": "Point", "coordinates": [-77.20068744211892, 39.110892766650004]}, "properties": {"id": "gaithersburg-4891", "species_group": "cherry", "scientific_name": "Prunus x yedoensis ‘akebono’", "common_name": "Yoshino Cherry", "subtype_name": "Yoshino", "zip_code": "20878", "ownership": "public", "ownership_raw": "City of Gaithersburg", "city": "Gaithersburg", "source_dataset": "Street Trees View", "source_department": "City of Gaithersburg", "source_last_edit_at": "2025-06-11T14:32:58.720000+00:00"}}, {"type": "Feature", "geometry": {"type": "Point", "coordinates": [-77.20081103187835, 39.11095268677315]}, "properties": {"id": "gaithersburg-4892", "species_group": "cherry", "scientific_name": "Prunus x yedoensis ‘akebono’", "common_name": "Yoshino Cherry", "subtype_name": "Yoshino", "zip_code": "20878", "ownership": "public", "ownership_raw": "City of Gaithersburg", "city": "Gaithersburg", "source_dataset": "Street Trees View", "source_department": "City of Gaithersburg", "source_last_edit_at": "2025-06-11T14:32:58.720000+00:00"}}, {"type": "Feature", "geometry": {"type": "Point", "coordinates": [-77.20090089461456, 39.111004547506724]}, "properties": {"id": "gaithersburg-4893", "species_group": "cherry", "scientific_name": "Prunus x yedoensis ‘akebono’", "common_name": "Yoshino Cherry", "subtype_name": "Yoshino", "zip_code": "20878", "ownership": "public", "ownership_raw": "City of Gaithersburg", "city": "Gaithersburg", "source_dataset": "Street Trees View", "source_department": "City of Gaithersburg", "source_last_edit_at": "2025-06-11T14:32:58.720000+00:00"}}, {"type": "Feature", "geometry": {"type": "Point", "coordinates": [-77.20238728108406, 39.111508787500576]}, "properties": {"id": "gaithersburg-5001", "species_group": "cherry", "scientific_name": "Prunus x yedoensis ‘akebono’", "common_name": "Yoshino Cherry", "subtype_name": "Yoshino", "zip_code": "20878", "ownership": "public", "ownership_raw": "City of Gaithersburg", "city": "Gaithersburg", "source_dataset": "Street Trees View", "source_department": "City of Gaithersburg", "source_last_edit_at": "2025-06-11T14:32:58.720000+00:00"}}, {"type": "Feature", "geometry": {"type": "Point", "coordinates": [-77.20229596080803, 39.111582906096004]}, "properties": {"id": "gaithersburg-5002", "species_group": "cherry", "scientific_name": "Prunus x yedoensis ‘akebono’", "common_name": "Yoshino Cherry", "subtype_name": "Yoshino", "zip_code": "20878", "ownership": "public", "ownership_raw": "City of Gaithersburg", "city": "Gaithersburg", "source_dataset": "Street Trees View", "source_department": "City of Gaithersburg", "source_last_edit_at": "2025-06-11T14:32:58.720000+00:00"}}, {"type": "Feature", "geometry": {"type": "Point", "coordinates": [-77.19300408022066, 39.13963574643707]}, "properties": {"id": "gaithersburg-51", "species_group": "magnolia", "scientific_name": "Magnolia grandiflora", "common_name": "Southern Magnolia", "subtype_name": "Southern Magnolia", "zip_code": "20877", "ownership": "public", "ownership_raw": "City of Gaithersburg", "city": "Gaithersburg", "source_dataset": "Street Trees View", "source_department": "City of Gaithersburg", "source_last_edit_at": "2025-06-11T14:32:58.720000+00:00"}}, {"type": "Feature", "geometry": {"type": "Point", "coordinates": [-77.23623142444603, 39.134496322359055]}, "properties": {"id": "gaithersburg-513", "species_group": "crabapple", "scientific_name": "Malus floribunda", "common_name": "Crabapple", "subtype_name": "Malus floribunda", "zip_code": "20878", "ownership": "public", "ownership_raw": "City of Gaithersburg", "city": "Gaithersburg", "source_dataset": "Street Trees View", "source_department": "City of Gaithersburg", "source_last_edit_at": "2025-06-11T14:32:58.720000+00:00"}}, {"type": "Feature", "geometry": {"type": "Point", "coordinates": [-77.21473736807418, 39.11213416674718]}, "properties": {"id": "gaithersburg-5268", "species_group": "cherry", "scientific_name": "Prunus serrulata", "common_name": "Japanese Flowering Cherry", "subtype_name": "Japanese Flowering Cherry", "zip_code": "20878", "ownership": "public", "ownership_raw": "City of Gaithersburg", "city": "Gaithersburg", "source_dataset": "Street Trees View", "source_department": "City of Gaithersburg", "source_last_edit_at": "2025-06-11T14:32:58.720000+00:00"}}, {"type": "Feature", "geometry": {"type": "Point", "coordinates": [-77.21461932089709, 39.113432721782225]}, "properties": {"id": "gaithersburg-5269", "species_group": "cherry", "scientific_name": "Prunus serrulata", "common_name": "Japanese Flowering Cherry", "subtype_name": "Japanese Flowering Cherry", "zip_code": "20878", "ownership": "public", "ownership_raw": "City of Gaithersburg", "city": "Gaithersburg", "source_dataset": "Street Trees View", "source_department": "City of Gaithersburg", "source_last_edit_at": "2025-06-11T14:32:58.720000+00:00"}}, {"type": "Feature", "geometry": {"type": "Point", "coordinates": [-77.21130353487094, 39.11386926332615]}, "properties": {"id": "gaithersburg-5306", "species_group": "cherry", "scientific_name": "Prunus serrulata", "common_name": "Japanese Flowering Cherry", "subtype_name": "Japanese Flowering Cherry", "zip_code": "20878", "ownership": "public", "ownership_raw": "City of Gaithersburg", "city": "Gaithersburg", "source_dataset": "Street Trees View", "source_department": "City of Gaithersburg", "source_last_edit_at": "2025-06-11T14:32:58.720000+00:00"}}, {"type": "Feature", "geometry": {"type": "Point", "coordinates": [-77.2113292392598, 39.11383971765664]}, "properties": {"id": "gaithersburg-5307", "species_group": "cherry", "scientific_name": "Prunus serrulata", "common_name": "Japanese Flowering Cherry", "subtype_name": "Japanese Flowering Cherry", "zip_code": "20878", "ownership": "public", "ownership_raw": "City of Gaithersburg", "city": "Gaithersburg", "source_dataset": "Street Trees View", "source_department": "City of Gaithersburg", "source_last_edit_at": "2025-06-11T14:32:58.720000+00:00"}}, {"type": "Feature", "geometry": {"type": "Point", "coordinates": [-77.21101446370903, 39.11253608761416]}, "properties": {"id": "gaithersburg-5317", "species_group": "cherry", "scientific_name": "Prunus serrulata", "common_name": "Japanese Flowering Cherry", "subtype_name": "Japanese Flowering Cherry", "zip_code": "20878", "ownership": "public", "ownership_raw": "City of Gaithersburg", "city": "Gaithersburg", "source_dataset": "Street Trees View", "source_department": "City of Gaithersburg", "source_last_edit_at": "2025-06-11T14:32:58.720000+00:00"}}, {"type": "Feature", "geometry": {"type": "Point", "coordinates": [-77.2110330775107, 39.11250303625187]}, "properties": {"id": "gaithersburg-5318", "species_group": "cherry", "scientific_name": "Prunus serrulata", "common_name": "Japanese Flowering Cherry", "subtype_name": "Japanese Flowering Cherry", "zip_code": "20878", "ownership": "public", "ownership_raw": "City of Gaithersburg", "city": "Gaithersburg", "source_dataset": "Street Trees View", "source_department": "City of Gaithersburg", "source_last_edit_at": "2025-06-11T14:32:58.720000+00:00"}}, {"type": "Feature", "geometry": {"type": "Point", "coordinates": [-77.21099192034055, 39.11250659465285]}, "properties": {"id": "gaithersburg-5319", "species_group": "cherry", "scientific_name": "Prunus serrulata", "common_name": "Japanese Flowering Cherry", "subtype_name": "Japanese Flowering Cherry", "zip_code": "20878", "ownership": "public", "ownership_raw": "City of Gaithersburg", "city": "Gaithersburg", "source_dataset": "Street Trees View", "source_department": "City of Gaithersburg", "source_last_edit_at": "2025-06-11T14:32:58.720000+00:00"}}, {"type": "Feature", "geometry": {"type": "Point", "coordinates": [-77.22574676383296, 39.10377764110062]}, "properties": {"id": "gaithersburg-5452", "species_group": "crabapple", "scientific_name": "Malus floribunda", "common_name": "Crabapple", "subtype_name": "Malus floribunda", "zip_code": "20878", "ownership": "public", "ownership_raw": "City of Gaithersburg", "city": "Gaithersburg", "source_dataset": "Street Trees View", "source_department": "City of Gaithersburg", "source_last_edit_at": "2025-06-11T14:32:58.720000+00:00"}}, {"type": "Feature", "geometry": {"type": "Point", "coordinates": [-77.22552874744852, 39.10413715226321]}, "properties": {"id": "gaithersburg-5453", "species_group": "crabapple", "scientific_name": "Malus floribunda", "common_name": "Crabapple", "subtype_name": "Malus floribunda", "zip_code": "20878", "ownership": "public", "ownership_raw": "City of Gaithersburg", "city": "Gaithersburg", "source_dataset": "Street Trees View", "source_department": "City of Gaithersburg", "source_last_edit_at": "2025-06-11T14:32:58.720000+00:00"}}, {"type": "Feature", "geometry": {"type": "Point", "coordinates": [-77.2253955149703, 39.10435097749502]}, "properties": {"id": "gaithersburg-5454", "species_group": "crabapple", "scientific_name": "Malus floribunda", "common_name": "Crabapple", "subtype_name": "Malus floribunda", "zip_code": "20878", "ownership": "public", "ownership_raw": "City of Gaithersburg", "city": "Gaithersburg", "source_dataset": "Street Trees View", "source_department": "City of Gaithersburg", "source_last_edit_at": "2025-06-11T14:32:58.720000+00:00"}}, {"type": "Feature", "geometry": {"type": "Point", "coordinates": [-77.22532435670163, 39.10447198909584]}, "properties": {"id": "gaithersburg-5455", "species_group": "cherry", "scientific_name": "Prunus serrulata", "common_name": "Japanese Flowering Cherry", "subtype_name": "Japanese Flowering Cherry", "zip_code": "20878", "ownership": "public", "ownership_raw": "City of Gaithersburg", "city": "Gaithersburg", "source_dataset": "Street Trees View", "source_department": "City of Gaithersburg", "source_last_edit_at": "2025-06-11T14:32:58.720000+00:00"}}, {"type": "Feature", "geometry": {"type": "Point", "coordinates": [-77.22530467485417, 39.10511698607989]}, "properties": {"id": "gaithersburg-5457", "species_group": "cherry", "scientific_name": "Prunus serrulata", "common_name": "Japanese Flowering Cherry", "subtype_name": "Japanese Flowering Cherry", "zip_code": "20878", "ownership": "public", "ownership_raw": "City of Gaithersburg", "city": "Gaithersburg", "source_dataset": "Street Trees View", "source_department": "City of Gaithersburg", "source_last_edit_at": "2025-06-11T14:32:58.720000+00:00"}}, {"type": "Feature", "geometry": {"type": "Point", "coordinates": [-77.22542730890436, 39.10547531621032]}, "properties": {"id": "gaithersburg-5459", "species_group": "cherry", "scientific_name": "Prunus serrulata", "common_name": "Japanese Flowering Cherry", "subtype_name": "Japanese Flowering Cherry", "zip_code": "20878", "ownership": "public", "ownership_raw": "City of Gaithersburg", "city": "Gaithersburg", "source_dataset": "Street Trees View", "source_department": "City of Gaithersburg", "source_last_edit_at": "2025-06-11T14:32:58.720000+00:00"}}, {"type": "Feature", "geometry": {"type": "Point", "coordinates": [-77.22568764877668, 39.10624947292569]}, "properties": {"id": "gaithersburg-5463", "species_group": "crabapple", "scientific_name": "Malus floribunda", "common_name": "Crabapple", "subtype_name": "Malus floribunda", "zip_code": "20878", "ownership": "public", "ownership_raw": "City of Gaithersburg", "city": "Gaithersburg", "source_dataset": "Street Trees View", "source_department": "City of Gaithersburg", "source_last_edit_at": "2025-06-11T14:32:58.720000+00:00"}}, {"type": "Feature", "geometry": {"type": "Point", "coordinates": [-77.22574373624076, 39.1063822922506]}, "properties": {"id": "gaithersburg-5464", "species_group": "crabapple", "scientific_name": "Malus floribunda", "common_name": "Crabapple", "subtype_name": "Malus floribunda", "zip_code": "20878", "ownership": "public", "ownership_raw": "City of Gaithersburg", "city": "Gaithersburg", "source_dataset": "Street Trees View", "source_department": "City of Gaithersburg", "source_last_edit_at": "2025-06-11T14:32:58.720000+00:00"}}, {"type": "Feature", "geometry": {"type": "Point", "coordinates": [-77.22593446478639, 39.10665094927346]}, "properties": {"id": "gaithersburg-5465", "species_group": "crabapple", "scientific_name": "Malus floribunda", "common_name": "Crabapple", "subtype_name": "Malus floribunda", "zip_code": "20878", "ownership": "public", "ownership_raw": "City of Gaithersburg", "city": "Gaithersburg", "source_dataset": "Street Trees View", "source_department": "City of Gaithersburg", "source_last_edit_at": "2025-06-11T14:32:58.720000+00:00"}}, {"type": "Feature", "geometry": {"type": "Point", "coordinates": [-77.2259946238026, 39.106713141547736]}, "properties": {"id": "gaithersburg-5466", "species_group": "cherry", "scientific_name": "Prunus serrulata", "common_name": "Japanese Flowering Cherry", "subtype_name": "Japanese Flowering Cherry", "zip_code": "20878", "ownership": "public", "ownership_raw": "City of Gaithersburg", "city": "Gaithersburg", "source_dataset": "Street Trees View", "source_department": "City of Gaithersburg", "source_last_edit_at": "2025-06-11T14:32:58.720000+00:00"}}, {"type": "Feature", "geometry": {"type": "Point", "coordinates": [-77.22613132287985, 39.106845174603095]}, "properties": {"id": "gaithersburg-5467", "species_group": "cherry", "scientific_name": "Prunus serrulata", "common_name": "Japanese Flowering Cherry", "subtype_name": "Japanese Flowering Cherry", "zip_code": "20878", "ownership": "public", "ownership_raw": "City of Gaithersburg", "city": "Gaithersburg", "source_dataset": "Street Trees View", "source_department": "City of Gaithersburg", "source_last_edit_at": "2025-06-11T14:32:58.720000+00:00"}}, {"type": "Feature", "geometry": {"type": "Point", "coordinates": [-77.22632208700496, 39.106980278394225]}, "properties": {"id": "gaithersburg-5468", "species_group": "cherry", "scientific_name": "Prunus serrulata", "common_name": "Japanese Flowering Cherry", "subtype_name": "Japanese Flowering Cherry", "zip_code": "20878", "ownership": "public", "ownership_raw": "City of Gaithersburg", "city": "Gaithersburg", "source_dataset": "Street Trees View", "source_department": "City of Gaithersburg", "source_last_edit_at": "2025-06-11T14:32:58.720000+00:00"}}, {"type": "Feature", "geometry": {"type": "Point", "coordinates": [-77.2263977870871, 39.107022572407885]}, "properties": {"id": "gaithersburg-5469", "species_group": "crabapple", "scientific_name": "Malus floribunda", "common_name": "Crabapple", "subtype_name": "Malus floribunda", "zip_code": "20878", "ownership": "public", "ownership_raw": "City of Gaithersburg", "city": "Gaithersburg", "source_dataset": "Street Trees View", "source_department": "City of Gaithersburg", "source_last_edit_at": "2025-06-11T14:32:58.720000+00:00"}}, {"type": "Feature", "geometry": {"type": "Point", "coordinates": [-77.22653859016397, 39.10709306164842]}, "properties": {"id": "gaithersburg-5470", "species_group": "cherry", "scientific_name": "Prunus serrulata", "common_name": "Japanese Flowering Cherry", "subtype_name": "Japanese Flowering Cherry", "zip_code": "20878", "ownership": "public", "ownership_raw": "City of Gaithersburg", "city": "Gaithersburg", "source_dataset": "Street Trees View", "source_department": "City of Gaithersburg", "source_last_edit_at": "2025-06-11T14:32:58.720000+00:00"}}, {"type": "Feature", "geometry": {"type": "Point", "coordinates": [-77.22693980229508, 39.10725048722113]}, "properties": {"id": "gaithersburg-5471", "species_group": "cherry", "scientific_name": "Prunus serrulata", "common_name": "Japanese Flowering Cherry", "subtype_name": "Japanese Flowering Cherry", "zip_code": "20878", "ownership": "public", "ownership_raw": "City of Gaithersburg", "city": "Gaithersburg", "source_dataset": "Street Trees View", "source_department": "City of Gaithersburg", "source_last_edit_at": "2025-06-11T14:32:58.720000+00:00"}}, {"type": "Feature", "geometry": {"type": "Point", "coordinates": [-77.22717447789277, 39.10734482446298]}, "properties": {"id": "gaithersburg-5472", "species_group": "cherry", "scientific_name": "Prunus serrulata", "common_name": "Japanese Flowering Cherry", "subtype_name": "Japanese Flowering Cherry", "zip_code": "20878", "ownership": "public", "ownership_raw": "City of Gaithersburg", "city": "Gaithersburg", "source_dataset": "Street Trees View", "source_department": "City of Gaithersburg", "source_last_edit_at": "2025-06-11T14:32:58.720000+00:00"}}, {"type": "Feature", "geometry": {"type": "Point", "coordinates": [-77.22741000875429, 39.107436337369755]}, "properties": {"id": "gaithersburg-5473", "species_group": "cherry", "scientific_name": "Prunus serrulata", "common_name": "Japanese Flowering Cherry", "subtype_name": "Japanese Flowering Cherry", "zip_code": "20878", "ownership": "public", "ownership_raw": "City of Gaithersburg", "city": "Gaithersburg", "source_dataset": "Street Trees View", "source_department": "City of Gaithersburg", "source_last_edit_at": "2025-06-11T14:32:58.720000+00:00"}}, {"type": "Feature", "geometry": {"type": "Point", "coordinates": [-77.22772778035696, 39.10752767197423]}, "properties": {"id": "gaithersburg-5474", "species_group": "crabapple", "scientific_name": "Malus floribunda", "common_name": "Crabapple", "subtype_name": "Malus floribunda", "zip_code": "20878", "ownership": "public", "ownership_raw": "City of Gaithersburg", "city": "Gaithersburg", "source_dataset": "Street Trees View", "source_department": "City of Gaithersburg", "source_last_edit_at": "2025-06-11T14:32:58.720000+00:00"}}, {"type": "Feature", "geometry": {"type": "Point", "coordinates": [-77.22778543469205, 39.10770346347454]}, "properties": {"id": "gaithersburg-5475", "species_group": "crabapple", "scientific_name": "Malus floribunda", "common_name": "Crabapple", "subtype_name": "Malus floribunda", "zip_code": "20878", "ownership": "public", "ownership_raw": "City of Gaithersburg", "city": "Gaithersburg", "source_dataset": "Street Trees View", "source_department": "City of Gaithersburg", "source_last_edit_at": "2025-06-11T14:32:58.720000+00:00"}}, {"type": "Feature", "geometry": {"type": "Point", "coordinates": [-77.2277100194099, 39.10787230993321]}, "properties": {"id": "gaithersburg-5476", "species_group": "crabapple", "scientific_name": "Malus floribunda", "common_name": "Crabapple", "subtype_name": "Malus floribunda", "zip_code": "20878", "ownership": "public", "ownership_raw": "City of Gaithersburg", "city": "Gaithersburg", "source_dataset": "Street Trees View", "source_department": "City of Gaithersburg", "source_last_edit_at": "2025-06-11T14:32:58.720000+00:00"}}, {"type": "Feature", "geometry": {"type": "Point", "coordinates": [-77.22726922890105, 39.10826405941263]}, "properties": {"id": "gaithersburg-5480", "species_group": "crabapple", "scientific_name": "Malus floribunda", "common_name": "Crabapple", "subtype_name": "Malus floribunda", "zip_code": "20878", "ownership": "public", "ownership_raw": "City of Gaithersburg", "city": "Gaithersburg", "source_dataset": "Street Trees View", "source_department": "City of Gaithersburg", "source_last_edit_at": "2025-06-11T14:32:58.720000+00:00"}}, {"type": "Feature", "geometry": {"type": "Point", "coordinates": [-77.22705842433174, 39.10841016064474]}, "properties": {"id": "gaithersburg-5481", "species_group": "cherry", "scientific_name": "Prunus serrulata", "common_name": "Japanese Flowering Cherry", "subtype_name": "Japanese Flowering Cherry", "zip_code": "20878", "ownership": "public", "ownership_raw": "City of Gaithersburg", "city": "Gaithersburg", "source_dataset": "Street Trees View", "source_department": "City of Gaithersburg", "source_last_edit_at": "2025-06-11T14:32:58.720000+00:00"}}, {"type": "Feature", "geometry": {"type": "Point", "coordinates": [-77.22698997031175, 39.10845834550103]}, "properties": {"id": "gaithersburg-5482", "species_group": "cherry", "scientific_name": "Prunus serrulata", "common_name": "Japanese Flowering Cherry", "subtype_name": "Japanese Flowering Cherry", "zip_code": "20878", "ownership": "public", "ownership_raw": "City of Gaithersburg", "city": "Gaithersburg", "source_dataset": "Street Trees View", "source_department": "City of Gaithersburg", "source_last_edit_at": "2025-06-11T14:32:58.720000+00:00"}}, {"type": "Feature", "geometry": {"type": "Point", "coordinates": [-77.22686881188912, 39.10853952144822]}, "properties": {"id": "gaithersburg-5483", "species_group": "cherry", "scientific_name": "Prunus serrulata", "common_name": "Japanese Flowering Cherry", "subtype_name": "Japanese Flowering Cherry", "zip_code": "20878", "ownership": "public", "ownership_raw": "City of Gaithersburg", "city": "Gaithersburg", "source_dataset": "Street Trees View", "source_department": "City of Gaithersburg", "source_last_edit_at": "2025-06-11T14:32:58.720000+00:00"}}, {"type": "Feature", "geometry": {"type": "Point", "coordinates": [-77.22677477817791, 39.10858856101601]}, "properties": {"id": "gaithersburg-5484", "species_group": "cherry", "scientific_name": "Prunus serrulata", "common_name": "Japanese Flowering Cherry", "subtype_name": "Japanese Flowering Cherry", "zip_code": "20878", "ownership": "public", "ownership_raw": "City of Gaithersburg", "city": "Gaithersburg", "source_dataset": "Street Trees View", "source_department": "City of Gaithersburg", "source_last_edit_at": "2025-06-11T14:32:58.720000+00:00"}}, {"type": "Feature", "geometry": {"type": "Point", "coordinates": [-77.22662634884024, 39.10857497048438]}, "properties": {"id": "gaithersburg-5485", "species_group": "cherry", "scientific_name": "Prunus serrulata", "common_name": "Japanese Flowering Cherry", "subtype_name": "Japanese Flowering Cherry", "zip_code": "20878", "ownership": "public", "ownership_raw": "City of Gaithersburg", "city": "Gaithersburg", "source_dataset": "Street Trees View", "source_department": "City of Gaithersburg", "source_last_edit_at": "2025-06-11T14:32:58.720000+00:00"}}, {"type": "Feature", "geometry": {"type": "Point", "coordinates": [-77.22655963480915, 39.10848098492105]}, "properties": {"id": "gaithersburg-5486", "species_group": "cherry", "scientific_name": "Prunus serrulata", "common_name": "Japanese Flowering Cherry", "subtype_name": "Japanese Flowering Cherry", "zip_code": "20878", "ownership": "public", "ownership_raw": "City of Gaithersburg", "city": "Gaithersburg", "source_dataset": "Street Trees View", "source_department": "City of Gaithersburg", "source_last_edit_at": "2025-06-11T14:32:58.720000+00:00"}}, {"type": "Feature", "geometry": {"type": "Point", "coordinates": [-77.22648257178913, 39.108363031043886]}, "properties": {"id": "gaithersburg-5487", "species_group": "cherry", "scientific_name": "Prunus serrulata", "common_name": "Japanese Flowering Cherry", "subtype_name": "Japanese Flowering Cherry", "zip_code": "20878", "ownership": "public", "ownership_raw": "City of Gaithersburg", "city": "Gaithersburg", "source_dataset": "Street Trees View", "source_department": "City of Gaithersburg", "source_last_edit_at": "2025-06-11T14:32:58.720000+00:00"}}, {"type": "Feature", "geometry": {"type": "Point", "coordinates": [-77.22643715152593, 39.108252599793865]}, "properties": {"id": "gaithersburg-5488", "species_group": "cherry", "scientific_name": "Prunus serrulata", "common_name": "Japanese Flowering Cherry", "subtype_name": "Japanese Flowering Cherry", "zip_code": "20878", "ownership": "public", "ownership_raw": "City of Gaithersburg", "city": "Gaithersburg", "source_dataset": "Street Trees View", "source_department": "City of Gaithersburg", "source_last_edit_at": "2025-06-11T14:32:58.720000+00:00"}}, {"type": "Feature", "geometry": {"type": "Point", "coordinates": [-77.22642591802777, 39.108156397245075]}, "properties": {"id": "gaithersburg-5489", "species_group": "cherry", "scientific_name": "Prunus serrulata", "common_name": "Japanese Flowering Cherry", "subtype_name": "Japanese Flowering Cherry", "zip_code": "20878", "ownership": "public", "ownership_raw": "City of Gaithersburg", "city": "Gaithersburg", "source_dataset": "Street Trees View", "source_department": "City of Gaithersburg", "source_last_edit_at": "2025-06-11T14:32:58.720000+00:00"}}, {"type": "Feature", "geometry": {"type": "Point", "coordinates": [-77.22641868213282, 39.10803677790187]}, "properties": {"id": "gaithersburg-5490", "species_group": "cherry", "scientific_name": "Prunus serrulata", "common_name": "Japanese Flowering Cherry", "subtype_name": "Japanese Flowering Cherry", "zip_code": "20878", "ownership": "public", "ownership_raw": "City of Gaithersburg", "city": "Gaithersburg", "source_dataset": "Street Trees View", "source_department": "City of Gaithersburg", "source_last_edit_at": "2025-06-11T14:32:58.720000+00:00"}}, {"type": "Feature", "geometry": {"type": "Point", "coordinates": [-77.22647568865288, 39.1079185144128]}, "properties": {"id": "gaithersburg-5491", "species_group": "cherry", "scientific_name": "Prunus serrulata", "common_name": "Japanese Flowering Cherry", "subtype_name": "Japanese Flowering Cherry", "zip_code": "20878", "ownership": "public", "ownership_raw": "City of Gaithersburg", "city": "Gaithersburg", "source_dataset": "Street Trees View", "source_department": "City of Gaithersburg", "source_last_edit_at": "2025-06-11T14:32:58.720000+00:00"}}, {"type": "Feature", "geometry": {"type": "Point", "coordinates": [-77.22636861426922, 39.107746888482865]}, "properties": {"id": "gaithersburg-5492", "species_group": "cherry", "scientific_name": "Prunus serrulata", "common_name": "Japanese Flowering Cherry", "subtype_name": "Japanese Flowering Cherry", "zip_code": "20878", "ownership": "public", "ownership_raw": "City of Gaithersburg", "city": "Gaithersburg", "source_dataset": "Street Trees View", "source_department": "City of Gaithersburg", "source_last_edit_at": "2025-06-11T14:32:58.720000+00:00"}}, {"type": "Feature", "geometry": {"type": "Point", "coordinates": [-77.22618138161182, 39.107870740616114]}, "properties": {"id": "gaithersburg-5493", "species_group": "cherry", "scientific_name": "Prunus serrulata", "common_name": "Japanese Flowering Cherry", "subtype_name": "Japanese Flowering Cherry", "zip_code": "20878", "ownership": "public", "ownership_raw": "City of Gaithersburg", "city": "Gaithersburg", "source_dataset": "Street Trees View", "source_department": "City of Gaithersburg", "source_last_edit_at": "2025-06-11T14:32:58.720000+00:00"}}, {"type": "Feature", "geometry": {"type": "Point", "coordinates": [-77.22623905873677, 39.10796648690229]}, "properties": {"id": "gaithersburg-5494", "species_group": "cherry", "scientific_name": "Prunus serrulata", "common_name": "Japanese Flowering Cherry", "subtype_name": "Japanese Flowering Cherry", "zip_code": "20878", "ownership": "public", "ownership_raw": "City of Gaithersburg", "city": "Gaithersburg", "source_dataset": "Street Trees View", "source_department": "City of Gaithersburg", "source_last_edit_at": "2025-06-11T14:32:58.720000+00:00"}}, {"type": "Feature", "geometry": {"type": "Point", "coordinates": [-77.22628368293132, 39.10805217031806]}, "properties": {"id": "gaithersburg-5495", "species_group": "cherry", "scientific_name": "Prunus serrulata", "common_name": "Japanese Flowering Cherry", "subtype_name": "Japanese Flowering Cherry", "zip_code": "20878", "ownership": "public", "ownership_raw": "City of Gaithersburg", "city": "Gaithersburg", "source_dataset": "Street Trees View", "source_department": "City of Gaithersburg", "source_last_edit_at": "2025-06-11T14:32:58.720000+00:00"}}, {"type": "Feature", "geometry": {"type": "Point", "coordinates": [-77.22628783235282, 39.10814260523546]}, "properties": {"id": "gaithersburg-5496", "species_group": "cherry", "scientific_name": "Prunus serrulata", "common_name": "Japanese Flowering Cherry", "subtype_name": "Japanese Flowering Cherry", "zip_code": "20878", "ownership": "public", "ownership_raw": "City of Gaithersburg", "city": "Gaithersburg", "source_dataset": "Street Trees View", "source_department": "City of Gaithersburg", "source_last_edit_at": "2025-06-11T14:32:58.720000+00:00"}}, {"type": "Feature", "geometry": {"type": "Point", "coordinates": [-77.22629894647653, 39.108248951926186]}, "properties": {"id": "gaithersburg-5497", "species_group": "cherry", "scientific_name": "Prunus serrulata", "common_name": "Japanese Flowering Cherry", "subtype_name": "Japanese Flowering Cherry", "zip_code": "20878", "ownership": "public", "ownership_raw": "City of Gaithersburg", "city": "Gaithersburg", "source_dataset": "Street Trees View", "source_department": "City of Gaithersburg", "source_last_edit_at": "2025-06-11T14:32:58.720000+00:00"}}, {"type": "Feature", "geometry": {"type": "Point", "coordinates": [-77.22641510618433, 39.108495904975435]}, "properties": {"id": "gaithersburg-5498", "species_group": "cherry", "scientific_name": "Prunus serrulata", "common_name": "Japanese Flowering Cherry", "subtype_name": "Japanese Flowering Cherry", "zip_code": "20878", "ownership": "public", "ownership_raw": "City of Gaithersburg", "city": "Gaithersburg", "source_dataset": "Street Trees View", "source_department": "City of Gaithersburg", "source_last_edit_at": "2025-06-11T14:32:58.720000+00:00"}}, {"type": "Feature", "geometry": {"type": "Point", "coordinates": [-77.2264613766017, 39.10856392136511]}, "properties": {"id": "gaithersburg-5499", "species_group": "cherry", "scientific_name": "Prunus serrulata", "common_name": "Japanese Flowering Cherry", "subtype_name": "Japanese Flowering Cherry", "zip_code": "20878", "ownership": "public", "ownership_raw": "City of Gaithersburg", "city": "Gaithersburg", "source_dataset": "Street Trees View", "source_department": "City of Gaithersburg", "source_last_edit_at": "2025-06-11T14:32:58.720000+00:00"}}, {"type": "Feature", "geometry": {"type": "Point", "coordinates": [-77.22649332168976, 39.10864862480365]}, "properties": {"id": "gaithersburg-5500", "species_group": "cherry", "scientific_name": "Prunus serrulata", "common_name": "Japanese Flowering Cherry", "subtype_name": "Japanese Flowering Cherry", "zip_code": "20878", "ownership": "public", "ownership_raw": "City of Gaithersburg", "city": "Gaithersburg", "source_dataset": "Street Trees View", "source_department": "City of Gaithersburg", "source_last_edit_at": "2025-06-11T14:32:58.720000+00:00"}}, {"type": "Feature", "geometry": {"type": "Point", "coordinates": [-77.22645380548678, 39.10876246128122]}, "properties": {"id": "gaithersburg-5501", "species_group": "cherry", "scientific_name": "Prunus serrulata", "common_name": "Japanese Flowering Cherry", "subtype_name": "Japanese Flowering Cherry", "zip_code": "20878", "ownership": "public", "ownership_raw": "City of Gaithersburg", "city": "Gaithersburg", "source_dataset": "Street Trees View", "source_department": "City of Gaithersburg", "source_last_edit_at": "2025-06-11T14:32:58.720000+00:00"}}, {"type": "Feature", "geometry": {"type": "Point", "coordinates": [-77.22646591838777, 39.10882942488284]}, "properties": {"id": "gaithersburg-5502", "species_group": "cherry", "scientific_name": "Prunus serrulata", "common_name": "Japanese Flowering Cherry", "subtype_name": "Japanese Flowering Cherry", "zip_code": "20878", "ownership": "public", "ownership_raw": "City of Gaithersburg", "city": "Gaithersburg", "source_dataset": "Street Trees View", "source_department": "City of Gaithersburg", "source_last_edit_at": "2025-06-11T14:32:58.720000+00:00"}}, {"type": "Feature", "geometry": {"type": "Point", "coordinates": [-77.22656281481908, 39.10890578655654]}, "properties": {"id": "gaithersburg-5503", "species_group": "cherry", "scientific_name": "Prunus serrulata", "common_name": "Japanese Flowering Cherry", "subtype_name": "Japanese Flowering Cherry", "zip_code": "20878", "ownership": "public", "ownership_raw": "City of Gaithersburg", "city": "Gaithersburg", "source_dataset": "Street Trees View", "source_department": "City of Gaithersburg", "source_last_edit_at": "2025-06-11T14:32:58.720000+00:00"}}, {"type": "Feature", "geometry": {"type": "Point", "coordinates": [-77.22677174710418, 39.10883529842177]}, "properties": {"id": "gaithersburg-5504", "species_group": "cherry", "scientific_name": "Prunus serrulata", "common_name": "Japanese Flowering Cherry", "subtype_name": "Japanese Flowering Cherry", "zip_code": "20878", "ownership": "public", "ownership_raw": "City of Gaithersburg", "city": "Gaithersburg", "source_dataset": "Street Trees View", "source_department": "City of Gaithersburg", "source_last_edit_at": "2025-06-11T14:32:58.720000+00:00"}}, {"type": "Feature", "geometry": {"type": "Point", "coordinates": [-77.22681716799562, 39.10872956750762]}, "properties": {"id": "gaithersburg-5505", "species_group": "cherry", "scientific_name": "Prunus serrulata", "common_name": "Japanese Flowering Cherry", "subtype_name": "Japanese Flowering Cherry", "zip_code": "20878", "ownership": "public", "ownership_raw": "City of Gaithersburg", "city": "Gaithersburg", "source_dataset": "Street Trees View", "source_department": "City of Gaithersburg", "source_last_edit_at": "2025-06-11T14:32:58.720000+00:00"}}, {"type": "Feature", "geometry": {"type": "Point", "coordinates": [-77.22698178896542, 39.10863548365749]}, "properties": {"id": "gaithersburg-5506", "species_group": "cherry", "scientific_name": "Prunus serrulata", "common_name": "Japanese Flowering Cherry", "subtype_name": "Japanese Flowering Cherry", "zip_code": "20878", "ownership": "public", "ownership_raw": "City of Gaithersburg", "city": "Gaithersburg", "source_dataset": "Street Trees View", "source_department": "City of Gaithersburg", "source_last_edit_at": "2025-06-11T14:32:58.720000+00:00"}}, {"type": "Feature", "geometry": {"type": "Point", "coordinates": [-77.2271033143943, 39.10854394949708]}, "properties": {"id": "gaithersburg-5507", "species_group": "cherry", "scientific_name": "Prunus serrulata", "common_name": "Japanese Flowering Cherry", "subtype_name": "Japanese Flowering Cherry", "zip_code": "20878", "ownership": "public", "ownership_raw": "City of Gaithersburg", "city": "Gaithersburg", "source_dataset": "Street Trees View", "source_department": "City of Gaithersburg", "source_last_edit_at": "2025-06-11T14:32:58.720000+00:00"}}, {"type": "Feature", "geometry": {"type": "Point", "coordinates": [-77.22723067826462, 39.10845167153599]}, "properties": {"id": "gaithersburg-5508", "species_group": "crabapple", "scientific_name": "Malus floribunda", "common_name": "Crabapple", "subtype_name": "Malus floribunda", "zip_code": "20878", "ownership": "public", "ownership_raw": "City of Gaithersburg", "city": "Gaithersburg", "source_dataset": "Street Trees View", "source_department": "City of Gaithersburg", "source_last_edit_at": "2025-06-11T14:32:58.720000+00:00"}}, {"type": "Feature", "geometry": {"type": "Point", "coordinates": [-77.22743034054656, 39.108317213732455]}, "properties": {"id": "gaithersburg-5510", "species_group": "crabapple", "scientific_name": "Malus floribunda", "common_name": "Crabapple", "subtype_name": "Malus floribunda", "zip_code": "20878", "ownership": "public", "ownership_raw": "City of Gaithersburg", "city": "Gaithersburg", "source_dataset": "Street Trees View", "source_department": "City of Gaithersburg", "source_last_edit_at": "2025-06-11T14:32:58.720000+00:00"}}, {"type": "Feature", "geometry": {"type": "Point", "coordinates": [-77.22786815510345, 39.10790076502131]}, "properties": {"id": "gaithersburg-5512", "species_group": "cherry", "scientific_name": "Prunus serrulata", "common_name": "Japanese Flowering Cherry", "subtype_name": "Japanese Flowering Cherry", "zip_code": "20878", "ownership": "public", "ownership_raw": "City of Gaithersburg", "city": "Gaithersburg", "source_dataset": "Street Trees View", "source_department": "City of Gaithersburg", "source_last_edit_at": "2025-06-11T14:32:58.720000+00:00"}}, {"type": "Feature", "geometry": {"type": "Point", "coordinates": [-77.2279464597019, 39.107694507153006]}, "properties": {"id": "gaithersburg-5514", "species_group": "cherry", "scientific_name": "Prunus serrulata", "common_name": "Japanese Flowering Cherry", "subtype_name": "Japanese Flowering Cherry", "zip_code": "20878", "ownership": "public", "ownership_raw": "City of Gaithersburg", "city": "Gaithersburg", "source_dataset": "Street Trees View", "source_department": "City of Gaithersburg", "source_last_edit_at": "2025-06-11T14:32:58.720000+00:00"}}, {"type": "Feature", "geometry": {"type": "Point", "coordinates": [-77.22813668216212, 39.107542167597465]}, "properties": {"id": "gaithersburg-5516", "species_group": "crabapple", "scientific_name": "Malus floribunda", "common_name": "Crabapple", "subtype_name": "Malus floribunda", "zip_code": "20878", "ownership": "public", "ownership_raw": "City of Gaithersburg", "city": "Gaithersburg", "source_dataset": "Street Trees View", "source_department": "City of Gaithersburg", "source_last_edit_at": "2025-06-11T14:32:58.720000+00:00"}}, {"type": "Feature", "geometry": {"type": "Point", "coordinates": [-77.22826795467756, 39.10752638665282]}, "properties": {"id": "gaithersburg-5517", "species_group": "crabapple", "scientific_name": "Malus floribunda", "common_name": "Crabapple", "subtype_name": "Malus floribunda", "zip_code": "20878", "ownership": "public", "ownership_raw": "City of Gaithersburg", "city": "Gaithersburg", "source_dataset": "Street Trees View", "source_department": "City of Gaithersburg", "source_last_edit_at": "2025-06-11T14:32:58.720000+00:00"}}, {"type": "Feature", "geometry": {"type": "Point", "coordinates": [-77.22842241832507, 39.107489851877574]}, "properties": {"id": "gaithersburg-5518", "species_group": "cherry", "scientific_name": "Prunus serrulata", "common_name": "Japanese Flowering Cherry", "subtype_name": "Japanese Flowering Cherry", "zip_code": "20878", "ownership": "public", "ownership_raw": "City of Gaithersburg", "city": "Gaithersburg", "source_dataset": "Street Trees View", "source_department": "City of Gaithersburg", "source_last_edit_at": "2025-06-11T14:32:58.720000+00:00"}}, {"type": "Feature", "geometry": {"type": "Point", "coordinates": [-77.2287520674611, 39.1073714923099]}, "properties": {"id": "gaithersburg-5519", "species_group": "crabapple", "scientific_name": "Malus floribunda", "common_name": "Crabapple", "subtype_name": "Malus floribunda", "zip_code": "20878", "ownership": "public", "ownership_raw": "City of Gaithersburg", "city": "Gaithersburg", "source_dataset": "Street Trees View", "source_department": "City of Gaithersburg", "source_last_edit_at": "2025-06-11T14:32:58.720000+00:00"}}, {"type": "Feature", "geometry": {"type": "Point", "coordinates": [-77.22886998752061, 39.107302412139354]}, "properties": {"id": "gaithersburg-5520", "species_group": "crabapple", "scientific_name": "Malus floribunda", "common_name": "Crabapple", "subtype_name": "Malus floribunda", "zip_code": "20878", "ownership": "public", "ownership_raw": "City of Gaithersburg", "city": "Gaithersburg", "source_dataset": "Street Trees View", "source_department": "City of Gaithersburg", "source_last_edit_at": "2025-06-11T14:32:58.720000+00:00"}}, {"type": "Feature", "geometry": {"type": "Point", "coordinates": [-77.2291886354823, 39.107105581670325]}, "properties": {"id": "gaithersburg-5521", "species_group": "crabapple", "scientific_name": "Malus floribunda", "common_name": "Crabapple", "subtype_name": "Malus floribunda", "zip_code": "20878", "ownership": "public", "ownership_raw": "City of Gaithersburg", "city": "Gaithersburg", "source_dataset": "Street Trees View", "source_department": "City of Gaithersburg", "source_last_edit_at": "2025-06-11T14:32:58.720000+00:00"}}, {"type": "Feature", "geometry": {"type": "Point", "coordinates": [-77.22927803392358, 39.107050445394364]}, "properties": {"id": "gaithersburg-5522", "species_group": "crabapple", "scientific_name": "Malus floribunda", "common_name": "Crabapple", "subtype_name": "Malus floribunda", "zip_code": "20878", "ownership": "public", "ownership_raw": "City of Gaithersburg", "city": "Gaithersburg", "source_dataset": "Street Trees View", "source_department": "City of Gaithersburg", "source_last_edit_at": "2025-06-11T14:32:58.720000+00:00"}}, {"type": "Feature", "geometry": {"type": "Point", "coordinates": [-77.22940460474126, 39.10706133963771]}, "properties": {"id": "gaithersburg-5523", "species_group": "cherry", "scientific_name": "Prunus serrulata", "common_name": "Japanese Flowering Cherry", "subtype_name": "Japanese Flowering Cherry", "zip_code": "20878", "ownership": "public", "ownership_raw": "City of Gaithersburg", "city": "Gaithersburg", "source_dataset": "Street Trees View", "source_department": "City of Gaithersburg", "source_last_edit_at": "2025-06-11T14:32:58.720000+00:00"}}, {"type": "Feature", "geometry": {"type": "Point", "coordinates": [-77.22951006415714, 39.10713577334873]}, "properties": {"id": "gaithersburg-5524", "species_group": "crabapple", "scientific_name": "Malus floribunda", "common_name": "Crabapple", "subtype_name": "Malus floribunda", "zip_code": "20878", "ownership": "public", "ownership_raw": "City of Gaithersburg", "city": "Gaithersburg", "source_dataset": "Street Trees View", "source_department": "City of Gaithersburg", "source_last_edit_at": "2025-06-11T14:32:58.720000+00:00"}}, {"type": "Feature", "geometry": {"type": "Point", "coordinates": [-77.22958931336383, 39.10719057045397]}, "properties": {"id": "gaithersburg-5525", "species_group": "crabapple", "scientific_name": "Malus floribunda", "common_name": "Crabapple", "subtype_name": "Malus floribunda", "zip_code": "20878", "ownership": "public", "ownership_raw": "City of Gaithersburg", "city": "Gaithersburg", "source_dataset": "Street Trees View", "source_department": "City of Gaithersburg", "source_last_edit_at": "2025-06-11T14:32:58.720000+00:00"}}, {"type": "Feature", "geometry": {"type": "Point", "coordinates": [-77.22985809025921, 39.107317766926045]}, "properties": {"id": "gaithersburg-5526", "species_group": "crabapple", "scientific_name": "Malus floribunda", "common_name": "Crabapple", "subtype_name": "Malus floribunda", "zip_code": "20878", "ownership": "public", "ownership_raw": "City of Gaithersburg", "city": "Gaithersburg", "source_dataset": "Street Trees View", "source_department": "City of Gaithersburg", "source_last_edit_at": "2025-06-11T14:32:58.720000+00:00"}}, {"type": "Feature", "geometry": {"type": "Point", "coordinates": [-77.22995119598, 39.10735728967146]}, "properties": {"id": "gaithersburg-5527", "species_group": "crabapple", "scientific_name": "Malus floribunda", "common_name": "Crabapple", "subtype_name": "Malus floribunda", "zip_code": "20878", "ownership": "public", "ownership_raw": "City of Gaithersburg", "city": "Gaithersburg", "source_dataset": "Street Trees View", "source_department": "City of Gaithersburg", "source_last_edit_at": "2025-06-11T14:32:58.720000+00:00"}}, {"type": "Feature", "geometry": {"type": "Point", "coordinates": [-77.23009652178705, 39.10742496968161]}, "properties": {"id": "gaithersburg-5528", "species_group": "crabapple", "scientific_name": "Malus floribunda", "common_name": "Crabapple", "subtype_name": "Malus floribunda", "zip_code": "20878", "ownership": "public", "ownership_raw": "City of Gaithersburg", "city": "Gaithersburg", "source_dataset": "Street Trees View", "source_department": "City of Gaithersburg", "source_last_edit_at": "2025-06-11T14:32:58.720000+00:00"}}, {"type": "Feature", "geometry": {"type": "Point", "coordinates": [-77.23035624043858, 39.10754354953476]}, "properties": {"id": "gaithersburg-5529", "species_group": "crabapple", "scientific_name": "Malus floribunda", "common_name": "Crabapple", "subtype_name": "Malus floribunda", "zip_code": "20878", "ownership": "public", "ownership_raw": "City of Gaithersburg", "city": "Gaithersburg", "source_dataset": "Street Trees View", "source_department": "City of Gaithersburg", "source_last_edit_at": "2025-06-11T14:32:58.720000+00:00"}}, {"type": "Feature", "geometry": {"type": "Point", "coordinates": [-77.2306188379151, 39.107647572533345]}, "properties": {"id": "gaithersburg-5530", "species_group": "crabapple", "scientific_name": "Malus floribunda", "common_name": "Crabapple", "subtype_name": "Malus floribunda", "zip_code": "20878", "ownership": "public", "ownership_raw": "City of Gaithersburg", "city": "Gaithersburg", "source_dataset": "Street Trees View", "source_department": "City of Gaithersburg", "source_last_edit_at": "2025-06-11T14:32:58.720000+00:00"}}, {"type": "Feature", "geometry": {"type": "Point", "coordinates": [-77.23077780807134, 39.107722760025965]}, "properties": {"id": "gaithersburg-5531", "species_group": "crabapple", "scientific_name": "Malus floribunda", "common_name": "Crabapple", "subtype_name": "Malus floribunda", "zip_code": "20878", "ownership": "public", "ownership_raw": "City of Gaithersburg", "city": "Gaithersburg", "source_dataset": "Street Trees View", "source_department": "City of Gaithersburg", "source_last_edit_at": "2025-06-11T14:32:58.720000+00:00"}}, {"type": "Feature", "geometry": {"type": "Point", "coordinates": [-77.23087716198236, 39.10777055167571]}, "properties": {"id": "gaithersburg-5532", "species_group": "cherry", "scientific_name": "Prunus serrulata", "common_name": "Japanese Flowering Cherry", "subtype_name": "Japanese Flowering Cherry", "zip_code": "20878", "ownership": "public", "ownership_raw": "City of Gaithersburg", "city": "Gaithersburg", "source_dataset": "Street Trees View", "source_department": "City of Gaithersburg", "source_last_edit_at": "2025-06-11T14:32:58.720000+00:00"}}, {"type": "Feature", "geometry": {"type": "Point", "coordinates": [-77.23118053421602, 39.10794714882665]}, "properties": {"id": "gaithersburg-5533", "species_group": "cherry", "scientific_name": "Prunus serrulata", "common_name": "Japanese Flowering Cherry", "subtype_name": "Japanese Flowering Cherry", "zip_code": "20878", "ownership": "public", "ownership_raw": "City of Gaithersburg", "city": "Gaithersburg", "source_dataset": "Street Trees View", "source_department": "City of Gaithersburg", "source_last_edit_at": "2025-06-11T14:32:58.720000+00:00"}}, {"type": "Feature", "geometry": {"type": "Point", "coordinates": [-77.23133309142125, 39.108044483555105]}, "properties": {"id": "gaithersburg-5534", "species_group": "cherry", "scientific_name": "Prunus serrulata", "common_name": "Japanese Flowering Cherry", "subtype_name": "Japanese Flowering Cherry", "zip_code": "20878", "ownership": "public", "ownership_raw": "City of Gaithersburg", "city": "Gaithersburg", "source_dataset": "Street Trees View", "source_department": "City of Gaithersburg", "source_last_edit_at": "2025-06-11T14:32:58.720000+00:00"}}, {"type": "Feature", "geometry": {"type": "Point", "coordinates": [-77.23147879358822, 39.10799179090422]}, "properties": {"id": "gaithersburg-5536", "species_group": "crabapple", "scientific_name": "Malus floribunda", "common_name": "Crabapple", "subtype_name": "Malus floribunda", "zip_code": "20878", "ownership": "public", "ownership_raw": "City of Gaithersburg", "city": "Gaithersburg", "source_dataset": "Street Trees View", "source_department": "City of Gaithersburg", "source_last_edit_at": "2025-06-11T14:32:58.720000+00:00"}}, {"type": "Feature", "geometry": {"type": "Point", "coordinates": [-77.23142277560025, 39.10794832359347]}, "properties": {"id": "gaithersburg-5537", "species_group": "cherry", "scientific_name": "Prunus serrulata", "common_name": "Japanese Flowering Cherry", "subtype_name": "Japanese Flowering Cherry", "zip_code": "20878", "ownership": "public", "ownership_raw": "City of Gaithersburg", "city": "Gaithersburg", "source_dataset": "Street Trees View", "source_department": "City of Gaithersburg", "source_last_edit_at": "2025-06-11T14:32:58.720000+00:00"}}, {"type": "Feature", "geometry": {"type": "Point", "coordinates": [-77.23116850944734, 39.10778731851612]}, "properties": {"id": "gaithersburg-5538", "species_group": "cherry", "scientific_name": "Prunus serrulata", "common_name": "Japanese Flowering Cherry", "subtype_name": "Japanese Flowering Cherry", "zip_code": "20878", "ownership": "public", "ownership_raw": "City of Gaithersburg", "city": "Gaithersburg", "source_dataset": "Street Trees View", "source_department": "City of Gaithersburg", "source_last_edit_at": "2025-06-11T14:32:58.720000+00:00"}}, {"type": "Feature", "geometry": {"type": "Point", "coordinates": [-77.23092315275674, 39.10765227167374]}, "properties": {"id": "gaithersburg-5539", "species_group": "cherry", "scientific_name": "Prunus serrulata", "common_name": "Japanese Flowering Cherry", "subtype_name": "Japanese Flowering Cherry", "zip_code": "20878", "ownership": "public", "ownership_raw": "City of Gaithersburg", "city": "Gaithersburg", "source_dataset": "Street Trees View", "source_department": "City of Gaithersburg", "source_last_edit_at": "2025-06-11T14:32:58.720000+00:00"}}, {"type": "Feature", "geometry": {"type": "Point", "coordinates": [-77.23070967839148, 39.10755593734985]}, "properties": {"id": "gaithersburg-5540", "species_group": "cherry", "scientific_name": "Prunus serrulata", "common_name": "Japanese Flowering Cherry", "subtype_name": "Japanese Flowering Cherry", "zip_code": "20878", "ownership": "public", "ownership_raw": "City of Gaithersburg", "city": "Gaithersburg", "source_dataset": "Street Trees View", "source_department": "City of Gaithersburg", "source_last_edit_at": "2025-06-11T14:32:58.720000+00:00"}}, {"type": "Feature", "geometry": {"type": "Point", "coordinates": [-77.23057644550957, 39.107297478331226]}, "properties": {"id": "gaithersburg-5541", "species_group": "crabapple", "scientific_name": "Malus floribunda", "common_name": "Crabapple", "subtype_name": "Malus floribunda", "zip_code": "20878", "ownership": "public", "ownership_raw": "City of Gaithersburg", "city": "Gaithersburg", "source_dataset": "Street Trees View", "source_department": "City of Gaithersburg", "source_last_edit_at": "2025-06-11T14:32:58.720000+00:00"}}, {"type": "Feature", "geometry": {"type": "Point", "coordinates": [-77.23065517349016, 39.10719409446966]}, "properties": {"id": "gaithersburg-5542", "species_group": "crabapple", "scientific_name": "Malus floribunda", "common_name": "Crabapple", "subtype_name": "Malus floribunda", "zip_code": "20878", "ownership": "public", "ownership_raw": "City of Gaithersburg", "city": "Gaithersburg", "source_dataset": "Street Trees View", "source_department": "City of Gaithersburg", "source_last_edit_at": "2025-06-11T14:32:58.720000+00:00"}}, {"type": "Feature", "geometry": {"type": "Point", "coordinates": [-77.23071876209688, 39.107094234565224]}, "properties": {"id": "gaithersburg-5543", "species_group": "crabapple", "scientific_name": "Malus floribunda", "common_name": "Crabapple", "subtype_name": "Malus floribunda", "zip_code": "20878", "ownership": "public", "ownership_raw": "City of Gaithersburg", "city": "Gaithersburg", "source_dataset": "Street Trees View", "source_department": "City of Gaithersburg", "source_last_edit_at": "2025-06-11T14:32:58.720000+00:00"}}, {"type": "Feature", "geometry": {"type": "Point", "coordinates": [-77.23076569587235, 39.106927409566836]}, "properties": {"id": "gaithersburg-5544", "species_group": "crabapple", "scientific_name": "Malus floribunda", "common_name": "Crabapple", "subtype_name": "Malus floribunda", "zip_code": "20878", "ownership": "public", "ownership_raw": "City of Gaithersburg", "city": "Gaithersburg", "source_dataset": "Street Trees View", "source_department": "City of Gaithersburg", "source_last_edit_at": "2025-06-11T14:32:58.720000+00:00"}}, {"type": "Feature", "geometry": {"type": "Point", "coordinates": [-77.23072454958204, 39.10641623553029]}, "properties": {"id": "gaithersburg-5547", "species_group": "crabapple", "scientific_name": "Malus floribunda", "common_name": "Crabapple", "subtype_name": "Malus floribunda", "zip_code": "20878", "ownership": "public", "ownership_raw": "City of Gaithersburg", "city": "Gaithersburg", "source_dataset": "Street Trees View", "source_department": "City of Gaithersburg", "source_last_edit_at": "2025-06-11T14:32:58.720000+00:00"}}, {"type": "Feature", "geometry": {"type": "Point", "coordinates": [-77.23152220839741, 39.10619519486654]}, "properties": {"id": "gaithersburg-5553", "species_group": "crabapple", "scientific_name": "Malus floribunda", "common_name": "Crabapple", "subtype_name": "Malus floribunda", "zip_code": "20878", "ownership": "public", "ownership_raw": "City of Gaithersburg", "city": "Gaithersburg", "source_dataset": "Street Trees View", "source_department": "City of Gaithersburg", "source_last_edit_at": "2025-06-11T14:32:58.720000+00:00"}}, {"type": "Feature", "geometry": {"type": "Point", "coordinates": [-77.231953552182, 39.106444249676485]}, "properties": {"id": "gaithersburg-5555", "species_group": "crabapple", "scientific_name": "Malus floribunda", "common_name": "Crabapple", "subtype_name": "Malus floribunda", "zip_code": "20878", "ownership": "public", "ownership_raw": "City of Gaithersburg", "city": "Gaithersburg", "source_dataset": "Street Trees View", "source_department": "City of Gaithersburg", "source_last_edit_at": "2025-06-11T14:32:58.720000+00:00"}}, {"type": "Feature", "geometry": {"type": "Point", "coordinates": [-77.23205900668175, 39.10660983392661]}, "properties": {"id": "gaithersburg-5557", "species_group": "crabapple", "scientific_name": "Malus floribunda", "common_name": "Crabapple", "subtype_name": "Malus floribunda", "zip_code": "20878", "ownership": "public", "ownership_raw": "City of Gaithersburg", "city": "Gaithersburg", "source_dataset": "Street Trees View", "source_department": "City of Gaithersburg", "source_last_edit_at": "2025-06-11T14:32:58.720000+00:00"}}, {"type": "Feature", "geometry": {"type": "Point", "coordinates": [-77.23216463842374, 39.10649272340392]}, "properties": {"id": "gaithersburg-5564", "species_group": "crabapple", "scientific_name": "Malus floribunda", "common_name": "Crabapple", "subtype_name": "Malus floribunda", "zip_code": "20878", "ownership": "public", "ownership_raw": "City of Gaithersburg", "city": "Gaithersburg", "source_dataset": "Street Trees View", "source_department": "City of Gaithersburg", "source_last_edit_at": "2025-06-11T14:32:58.720000+00:00"}}, {"type": "Feature", "geometry": {"type": "Point", "coordinates": [-77.23171424112988, 39.10616629773834]}, "properties": {"id": "gaithersburg-5566", "species_group": "cherry", "scientific_name": "Prunus serrulata", "common_name": "Japanese Flowering Cherry", "subtype_name": "Japanese Flowering Cherry", "zip_code": "20878", "ownership": "public", "ownership_raw": "City of Gaithersburg", "city": "Gaithersburg", "source_dataset": "Street Trees View", "source_department": "City of Gaithersburg", "source_last_edit_at": "2025-06-11T14:32:58.720000+00:00"}}, {"type": "Feature", "geometry": {"type": "Point", "coordinates": [-77.23144154705984, 39.10605226039954]}, "properties": {"id": "gaithersburg-5567", "species_group": "crabapple", "scientific_name": "Malus floribunda", "common_name": "Crabapple", "subtype_name": "Malus floribunda", "zip_code": "20878", "ownership": "public", "ownership_raw": "City of Gaithersburg", "city": "Gaithersburg", "source_dataset": "Street Trees View", "source_department": "City of Gaithersburg", "source_last_edit_at": "2025-06-11T14:32:58.720000+00:00"}}, {"type": "Feature", "geometry": {"type": "Point", "coordinates": [-77.23121076120009, 39.10603353171573]}, "properties": {"id": "gaithersburg-5569", "species_group": "cherry", "scientific_name": "Prunus serrulata", "common_name": "Japanese Flowering Cherry", "subtype_name": "Japanese Flowering Cherry", "zip_code": "20878", "ownership": "public", "ownership_raw": "City of Gaithersburg", "city": "Gaithersburg", "source_dataset": "Street Trees View", "source_department": "City of Gaithersburg", "source_last_edit_at": "2025-06-11T14:32:58.720000+00:00"}}, {"type": "Feature", "geometry": {"type": "Point", "coordinates": [-77.23096608912624, 39.106076853610844]}, "properties": {"id": "gaithersburg-5570", "species_group": "cherry", "scientific_name": "Prunus serrulata", "common_name": "Japanese Flowering Cherry", "subtype_name": "Japanese Flowering Cherry", "zip_code": "20878", "ownership": "public", "ownership_raw": "City of Gaithersburg", "city": "Gaithersburg", "source_dataset": "Street Trees View", "source_department": "City of Gaithersburg", "source_last_edit_at": "2025-06-11T14:32:58.720000+00:00"}}, {"type": "Feature", "geometry": {"type": "Point", "coordinates": [-77.230086242161, 39.10590245675811]}, "properties": {"id": "gaithersburg-5576", "species_group": "cherry", "scientific_name": "Prunus serrulata", "common_name": "Japanese Flowering Cherry", "subtype_name": "Japanese Flowering Cherry", "zip_code": "20878", "ownership": "public", "ownership_raw": "City of Gaithersburg", "city": "Gaithersburg", "source_dataset": "Street Trees View", "source_department": "City of Gaithersburg", "source_last_edit_at": "2025-06-11T14:32:58.720000+00:00"}}, {"type": "Feature", "geometry": {"type": "Point", "coordinates": [-77.2300509278961, 39.10572893479632]}, "properties": {"id": "gaithersburg-5577", "species_group": "crabapple", "scientific_name": "Malus floribunda", "common_name": "Crabapple", "subtype_name": "Malus floribunda", "zip_code": "20878", "ownership": "public", "ownership_raw": "City of Gaithersburg", "city": "Gaithersburg", "source_dataset": "Street Trees View", "source_department": "City of Gaithersburg", "source_last_edit_at": "2025-06-11T14:32:58.720000+00:00"}}, {"type": "Feature", "geometry": {"type": "Point", "coordinates": [-77.22997689863395, 39.10551173426833]}, "properties": {"id": "gaithersburg-5579", "species_group": "cherry", "scientific_name": "Prunus serrulata", "common_name": "Japanese Flowering Cherry", "subtype_name": "Japanese Flowering Cherry", "zip_code": "20878", "ownership": "public", "ownership_raw": "City of Gaithersburg", "city": "Gaithersburg", "source_dataset": "Street Trees View", "source_department": "City of Gaithersburg", "source_last_edit_at": "2025-06-11T14:32:58.720000+00:00"}}, {"type": "Feature", "geometry": {"type": "Point", "coordinates": [-77.229816414413, 39.10522272128214]}, "properties": {"id": "gaithersburg-5581", "species_group": "cherry", "scientific_name": "Prunus serrulata", "common_name": "Japanese Flowering Cherry", "subtype_name": "Japanese Flowering Cherry", "zip_code": "20878", "ownership": "public", "ownership_raw": "City of Gaithersburg", "city": "Gaithersburg", "source_dataset": "Street Trees View", "source_department": "City of Gaithersburg", "source_last_edit_at": "2025-06-11T14:32:58.720000+00:00"}}, {"type": "Feature", "geometry": {"type": "Point", "coordinates": [-77.22975282501572, 39.105131082417145]}, "properties": {"id": "gaithersburg-5582", "species_group": "crabapple", "scientific_name": "Malus floribunda", "common_name": "Crabapple", "subtype_name": "Malus floribunda", "zip_code": "20878", "ownership": "public", "ownership_raw": "City of Gaithersburg", "city": "Gaithersburg", "source_dataset": "Street Trees View", "source_department": "City of Gaithersburg", "source_last_edit_at": "2025-06-11T14:32:58.720000+00:00"}}, {"type": "Feature", "geometry": {"type": "Point", "coordinates": [-77.22962226410999, 39.104976898034174]}, "properties": {"id": "gaithersburg-5584", "species_group": "cherry", "scientific_name": "Prunus serrulata", "common_name": "Japanese Flowering Cherry", "subtype_name": "Japanese Flowering Cherry", "zip_code": "20878", "ownership": "public", "ownership_raw": "City of Gaithersburg", "city": "Gaithersburg", "source_dataset": "Street Trees View", "source_department": "City of Gaithersburg", "source_last_edit_at": "2025-06-11T14:32:58.720000+00:00"}}, {"type": "Feature", "geometry": {"type": "Point", "coordinates": [-77.22954237843079, 39.10507234027424]}, "properties": {"id": "gaithersburg-5595", "species_group": "cherry", "scientific_name": "Prunus serrulata", "common_name": "Japanese Flowering Cherry", "subtype_name": "Japanese Flowering Cherry", "zip_code": "20878", "ownership": "public", "ownership_raw": "City of Gaithersburg", "city": "Gaithersburg", "source_dataset": "Street Trees View", "source_department": "City of Gaithersburg", "source_last_edit_at": "2025-06-11T14:32:58.720000+00:00"}}, {"type": "Feature", "geometry": {"type": "Point", "coordinates": [-77.22970711112805, 39.105300827783644]}, "properties": {"id": "gaithersburg-5596", "species_group": "cherry", "scientific_name": "Prunus serrulata", "common_name": "Japanese Flowering Cherry", "subtype_name": "Japanese Flowering Cherry", "zip_code": "20878", "ownership": "public", "ownership_raw": "City of Gaithersburg", "city": "Gaithersburg", "source_dataset": "Street Trees View", "source_department": "City of Gaithersburg", "source_last_edit_at": "2025-06-11T14:32:58.720000+00:00"}}, {"type": "Feature", "geometry": {"type": "Point", "coordinates": [-77.22980539174785, 39.105467141591994]}, "properties": {"id": "gaithersburg-5597", "species_group": "cherry", "scientific_name": "Prunus serrulata", "common_name": "Japanese Flowering Cherry", "subtype_name": "Japanese Flowering Cherry", "zip_code": "20878", "ownership": "public", "ownership_raw": "City of Gaithersburg", "city": "Gaithersburg", "source_dataset": "Street Trees View", "source_department": "City of Gaithersburg", "source_last_edit_at": "2025-06-11T14:32:58.720000+00:00"}}, {"type": "Feature", "geometry": {"type": "Point", "coordinates": [-77.22988404565734, 39.105657338891156]}, "properties": {"id": "gaithersburg-5598", "species_group": "cherry", "scientific_name": "Prunus serrulata", "common_name": "Japanese Flowering Cherry", "subtype_name": "Japanese Flowering Cherry", "zip_code": "20878", "ownership": "public", "ownership_raw": "City of Gaithersburg", "city": "Gaithersburg", "source_dataset": "Street Trees View", "source_department": "City of Gaithersburg", "source_last_edit_at": "2025-06-11T14:32:58.720000+00:00"}}, {"type": "Feature", "geometry": {"type": "Point", "coordinates": [-77.2299187627487, 39.10579004053823]}, "properties": {"id": "gaithersburg-5599", "species_group": "cherry", "scientific_name": "Prunus serrulata", "common_name": "Japanese Flowering Cherry", "subtype_name": "Japanese Flowering Cherry", "zip_code": "20878", "ownership": "public", "ownership_raw": "City of Gaithersburg", "city": "Gaithersburg", "source_dataset": "Street Trees View", "source_department": "City of Gaithersburg", "source_last_edit_at": "2025-06-11T14:32:58.720000+00:00"}}, {"type": "Feature", "geometry": {"type": "Point", "coordinates": [-77.22996112649075, 39.10607032768807]}, "properties": {"id": "gaithersburg-5600", "species_group": "cherry", "scientific_name": "Prunus serrulata", "common_name": "Japanese Flowering Cherry", "subtype_name": "Japanese Flowering Cherry", "zip_code": "20878", "ownership": "public", "ownership_raw": "City of Gaithersburg", "city": "Gaithersburg", "source_dataset": "Street Trees View", "source_department": "City of Gaithersburg", "source_last_edit_at": "2025-06-11T14:32:58.720000+00:00"}}, {"type": "Feature", "geometry": {"type": "Point", "coordinates": [-77.23062489379176, 39.106921535234996]}, "properties": {"id": "gaithersburg-5604", "species_group": "cherry", "scientific_name": "Prunus serrulata", "common_name": "Japanese Flowering Cherry", "subtype_name": "Japanese Flowering Cherry", "zip_code": "20878", "ownership": "public", "ownership_raw": "City of Gaithersburg", "city": "Gaithersburg", "source_dataset": "Street Trees View", "source_department": "City of Gaithersburg", "source_last_edit_at": "2025-06-11T14:32:58.720000+00:00"}}, {"type": "Feature", "geometry": {"type": "Point", "coordinates": [-77.2306127818728, 39.107017870749274]}, "properties": {"id": "gaithersburg-5605", "species_group": "crabapple", "scientific_name": "Malus floribunda", "common_name": "Crabapple", "subtype_name": "Malus floribunda", "zip_code": "20878", "ownership": "public", "ownership_raw": "City of Gaithersburg", "city": "Gaithersburg", "source_dataset": "Street Trees View", "source_department": "City of Gaithersburg", "source_last_edit_at": "2025-06-11T14:32:58.720000+00:00"}}, {"type": "Feature", "geometry": {"type": "Point", "coordinates": [-77.23055524925554, 39.10711773039199]}, "properties": {"id": "gaithersburg-5606", "species_group": "crabapple", "scientific_name": "Malus floribunda", "common_name": "Crabapple", "subtype_name": "Malus floribunda", "zip_code": "20878", "ownership": "public", "ownership_raw": "City of Gaithersburg", "city": "Gaithersburg", "source_dataset": "Street Trees View", "source_department": "City of Gaithersburg", "source_last_edit_at": "2025-06-11T14:32:58.720000+00:00"}}, {"type": "Feature", "geometry": {"type": "Point", "coordinates": [-77.23046592328751, 39.10723991219752]}, "properties": {"id": "gaithersburg-5607", "species_group": "cherry", "scientific_name": "Prunus serrulata", "common_name": "Japanese Flowering Cherry", "subtype_name": "Japanese Flowering Cherry", "zip_code": "20878", "ownership": "public", "ownership_raw": "City of Gaithersburg", "city": "Gaithersburg", "source_dataset": "Street Trees View", "source_department": "City of Gaithersburg", "source_last_edit_at": "2025-06-11T14:32:58.720000+00:00"}}, {"type": "Feature", "geometry": {"type": "Point", "coordinates": [-77.23040384918073, 39.10732097470433]}, "properties": {"id": "gaithersburg-5608", "species_group": "crabapple", "scientific_name": "Malus floribunda", "common_name": "Crabapple", "subtype_name": "Malus floribunda", "zip_code": "20878", "ownership": "public", "ownership_raw": "City of Gaithersburg", "city": "Gaithersburg", "source_dataset": "Street Trees View", "source_department": "City of Gaithersburg", "source_last_edit_at": "2025-06-11T14:32:58.720000+00:00"}}, {"type": "Feature", "geometry": {"type": "Point", "coordinates": [-77.23009650489698, 39.10728573045752]}, "properties": {"id": "gaithersburg-5609", "species_group": "crabapple", "scientific_name": "Malus floribunda", "common_name": "Crabapple", "subtype_name": "Malus floribunda", "zip_code": "20878", "ownership": "public", "ownership_raw": "City of Gaithersburg", "city": "Gaithersburg", "source_dataset": "Street Trees View", "source_department": "City of Gaithersburg", "source_last_edit_at": "2025-06-11T14:32:58.720000+00:00"}}, {"type": "Feature", "geometry": {"type": "Point", "coordinates": [-77.22996932861403, 39.10722933877365]}, "properties": {"id": "gaithersburg-5610", "species_group": "crabapple", "scientific_name": "Malus floribunda", "common_name": "Crabapple", "subtype_name": "Malus floribunda", "zip_code": "20878", "ownership": "public", "ownership_raw": "City of Gaithersburg", "city": "Gaithersburg", "source_dataset": "Street Trees View", "source_department": "City of Gaithersburg", "source_last_edit_at": "2025-06-11T14:32:58.720000+00:00"}}, {"type": "Feature", "geometry": {"type": "Point", "coordinates": [-77.22974071420096, 39.107120080700604]}, "properties": {"id": "gaithersburg-5611", "species_group": "cherry", "scientific_name": "Prunus serrulata", "common_name": "Japanese Flowering Cherry", "subtype_name": "Japanese Flowering Cherry", "zip_code": "20878", "ownership": "public", "ownership_raw": "City of Gaithersburg", "city": "Gaithersburg", "source_dataset": "Street Trees View", "source_department": "City of Gaithersburg", "source_last_edit_at": "2025-06-11T14:32:58.720000+00:00"}}, {"type": "Feature", "geometry": {"type": "Point", "coordinates": [-77.22964684534239, 39.10707073876719]}, "properties": {"id": "gaithersburg-5612", "species_group": "cherry", "scientific_name": "Prunus serrulata", "common_name": "Japanese Flowering Cherry", "subtype_name": "Japanese Flowering Cherry", "zip_code": "20878", "ownership": "public", "ownership_raw": "City of Gaithersburg", "city": "Gaithersburg", "source_dataset": "Street Trees View", "source_department": "City of Gaithersburg", "source_last_edit_at": "2025-06-11T14:32:58.720000+00:00"}}, {"type": "Feature", "geometry": {"type": "Point", "coordinates": [-77.22952572505524, 39.106986151419555]}, "properties": {"id": "gaithersburg-5613", "species_group": "cherry", "scientific_name": "Prunus serrulata", "common_name": "Japanese Flowering Cherry", "subtype_name": "Japanese Flowering Cherry", "zip_code": "20878", "ownership": "public", "ownership_raw": "City of Gaithersburg", "city": "Gaithersburg", "source_dataset": "Street Trees View", "source_department": "City of Gaithersburg", "source_last_edit_at": "2025-06-11T14:32:58.720000+00:00"}}, {"type": "Feature", "geometry": {"type": "Point", "coordinates": [-77.22940006258416, 39.10686396986709]}, "properties": {"id": "gaithersburg-5614", "species_group": "cherry", "scientific_name": "Prunus serrulata", "common_name": "Japanese Flowering Cherry", "subtype_name": "Japanese Flowering Cherry", "zip_code": "20878", "ownership": "public", "ownership_raw": "City of Gaithersburg", "city": "Gaithersburg", "source_dataset": "Street Trees View", "source_department": "City of Gaithersburg", "source_last_edit_at": "2025-06-11T14:32:58.720000+00:00"}}, {"type": "Feature", "geometry": {"type": "Point", "coordinates": [-77.22930450608845, 39.10675288476252]}, "properties": {"id": "gaithersburg-5615", "species_group": "cherry", "scientific_name": "Prunus serrulata", "common_name": "Japanese Flowering Cherry", "subtype_name": "Japanese Flowering Cherry", "zip_code": "20878", "ownership": "public", "ownership_raw": "City of Gaithersburg", "city": "Gaithersburg", "source_dataset": "Street Trees View", "source_department": "City of Gaithersburg", "source_last_edit_at": "2025-06-11T14:32:58.720000+00:00"}}, {"type": "Feature", "geometry": {"type": "Point", "coordinates": [-77.22925648140169, 39.10668057428016]}, "properties": {"id": "gaithersburg-5616", "species_group": "cherry", "scientific_name": "Prunus serrulata", "common_name": "Japanese Flowering Cherry", "subtype_name": "Japanese Flowering Cherry", "zip_code": "20878", "ownership": "public", "ownership_raw": "City of Gaithersburg", "city": "Gaithersburg", "source_dataset": "Street Trees View", "source_department": "City of Gaithersburg", "source_last_edit_at": "2025-06-11T14:32:58.720000+00:00"}}, {"type": "Feature", "geometry": {"type": "Point", "coordinates": [-77.22921320889586, 39.10660115618062]}, "properties": {"id": "gaithersburg-5617", "species_group": "cherry", "scientific_name": "Prunus serrulata", "common_name": "Japanese Flowering Cherry", "subtype_name": "Japanese Flowering Cherry", "zip_code": "20878", "ownership": "public", "ownership_raw": "City of Gaithersburg", "city": "Gaithersburg", "source_dataset": "Street Trees View", "source_department": "City of Gaithersburg", "source_last_edit_at": "2025-06-11T14:32:58.720000+00:00"}}, {"type": "Feature", "geometry": {"type": "Point", "coordinates": [-77.22916180694845, 39.10647816157326]}, "properties": {"id": "gaithersburg-5618", "species_group": "cherry", "scientific_name": "Prunus serrulata", "common_name": "Japanese Flowering Cherry", "subtype_name": "Japanese Flowering Cherry", "zip_code": "20878", "ownership": "public", "ownership_raw": "City of Gaithersburg", "city": "Gaithersburg", "source_dataset": "Street Trees View", "source_department": "City of Gaithersburg", "source_last_edit_at": "2025-06-11T14:32:58.720000+00:00"}}, {"type": "Feature", "geometry": {"type": "Point", "coordinates": [-77.22911997112453, 39.10620724055015]}, "properties": {"id": "gaithersburg-5619", "species_group": "cherry", "scientific_name": "Prunus serrulata", "common_name": "Japanese Flowering Cherry", "subtype_name": "Japanese Flowering Cherry", "zip_code": "20878", "ownership": "public", "ownership_raw": "City of Gaithersburg", "city": "Gaithersburg", "source_dataset": "Street Trees View", "source_department": "City of Gaithersburg", "source_last_edit_at": "2025-06-11T14:32:58.720000+00:00"}}, {"type": "Feature", "geometry": {"type": "Point", "coordinates": [-77.22910937260689, 39.10609563058738]}, "properties": {"id": "gaithersburg-5620", "species_group": "crabapple", "scientific_name": "Malus floribunda", "common_name": "Crabapple", "subtype_name": "Malus floribunda", "zip_code": "20878", "ownership": "public", "ownership_raw": "City of Gaithersburg", "city": "Gaithersburg", "source_dataset": "Street Trees View", "source_department": "City of Gaithersburg", "source_last_edit_at": "2025-06-11T14:32:58.720000+00:00"}}, {"type": "Feature", "geometry": {"type": "Point", "coordinates": [-77.22909271909931, 39.10600046844981]}, "properties": {"id": "gaithersburg-5621", "species_group": "cherry", "scientific_name": "Prunus serrulata", "common_name": "Japanese Flowering Cherry", "subtype_name": "Japanese Flowering Cherry", "zip_code": "20878", "ownership": "public", "ownership_raw": "City of Gaithersburg", "city": "Gaithersburg", "source_dataset": "Street Trees View", "source_department": "City of Gaithersburg", "source_last_edit_at": "2025-06-11T14:32:58.720000+00:00"}}, {"type": "Feature", "geometry": {"type": "Point", "coordinates": [-77.22894434657469, 39.105579875136776]}, "properties": {"id": "gaithersburg-5624", "species_group": "crabapple", "scientific_name": "Malus floribunda", "common_name": "Crabapple", "subtype_name": "Malus floribunda", "zip_code": "20878", "ownership": "public", "ownership_raw": "City of Gaithersburg", "city": "Gaithersburg", "source_dataset": "Street Trees View", "source_department": "City of Gaithersburg", "source_last_edit_at": "2025-06-11T14:32:58.720000+00:00"}}, {"type": "Feature", "geometry": {"type": "Point", "coordinates": [-77.2289095237102, 39.105490587447505]}, "properties": {"id": "gaithersburg-5625", "species_group": "cherry", "scientific_name": "Prunus serrulata", "common_name": "Japanese Flowering Cherry", "subtype_name": "Japanese Flowering Cherry", "zip_code": "20878", "ownership": "public", "ownership_raw": "City of Gaithersburg", "city": "Gaithersburg", "source_dataset": "Street Trees View", "source_department": "City of Gaithersburg", "source_last_edit_at": "2025-06-11T14:32:58.720000+00:00"}}, {"type": "Feature", "geometry": {"type": "Point", "coordinates": [-77.22848681410566, 39.10477430834655]}, "properties": {"id": "gaithersburg-5626", "species_group": "crabapple", "scientific_name": "Malus floribunda", "common_name": "Crabapple", "subtype_name": "Malus floribunda", "zip_code": "20878", "ownership": "public", "ownership_raw": "City of Gaithersburg", "city": "Gaithersburg", "source_dataset": "Street Trees View", "source_department": "City of Gaithersburg", "source_last_edit_at": "2025-06-11T14:32:58.720000+00:00"}}, {"type": "Feature", "geometry": {"type": "Point", "coordinates": [-77.22800706817814, 39.10436307563012]}, "properties": {"id": "gaithersburg-5627", "species_group": "crabapple", "scientific_name": "Malus floribunda", "common_name": "Crabapple", "subtype_name": "Malus floribunda", "zip_code": "20878", "ownership": "public", "ownership_raw": "City of Gaithersburg", "city": "Gaithersburg", "source_dataset": "Street Trees View", "source_department": "City of Gaithersburg", "source_last_edit_at": "2025-06-11T14:32:58.720000+00:00"}}, {"type": "Feature", "geometry": {"type": "Point", "coordinates": [-77.22790240433096, 39.104308923193386]}, "properties": {"id": "gaithersburg-5628", "species_group": "cherry", "scientific_name": "Prunus serrulata", "common_name": "Japanese Flowering Cherry", "subtype_name": "Japanese Flowering Cherry", "zip_code": "20878", "ownership": "public", "ownership_raw": "City of Gaithersburg", "city": "Gaithersburg", "source_dataset": "Street Trees View", "source_department": "City of Gaithersburg", "source_last_edit_at": "2025-06-11T14:32:58.720000+00:00"}}, {"type": "Feature", "geometry": {"type": "Point", "coordinates": [-77.22778468125426, 39.10424475393462]}, "properties": {"id": "gaithersburg-5629", "species_group": "crabapple", "scientific_name": "Malus floribunda", "common_name": "Crabapple", "subtype_name": "Malus floribunda", "zip_code": "20878", "ownership": "public", "ownership_raw": "City of Gaithersburg", "city": "Gaithersburg", "source_dataset": "Street Trees View", "source_department": "City of Gaithersburg", "source_last_edit_at": "2025-06-11T14:32:58.720000+00:00"}}, {"type": "Feature", "geometry": {"type": "Point", "coordinates": [-77.22725845509923, 39.10408789170401]}, "properties": {"id": "gaithersburg-5631", "species_group": "crabapple", "scientific_name": "Malus floribunda", "common_name": "Crabapple", "subtype_name": "Malus floribunda", "zip_code": "20878", "ownership": "public", "ownership_raw": "City of Gaithersburg", "city": "Gaithersburg", "source_dataset": "Street Trees View", "source_department": "City of Gaithersburg", "source_last_edit_at": "2025-06-11T14:32:58.720000+00:00"}}, {"type": "Feature", "geometry": {"type": "Point", "coordinates": [-77.22690057336716, 39.10412039978098]}, "properties": {"id": "gaithersburg-5632", "species_group": "crabapple", "scientific_name": "Malus floribunda", "common_name": "Crabapple", "subtype_name": "Malus floribunda", "zip_code": "20878", "ownership": "public", "ownership_raw": "City of Gaithersburg", "city": "Gaithersburg", "source_dataset": "Street Trees View", "source_department": "City of Gaithersburg", "source_last_edit_at": "2025-06-11T14:32:58.720000+00:00"}}, {"type": "Feature", "geometry": {"type": "Point", "coordinates": [-77.22665606539297, 39.104245169022455]}, "properties": {"id": "gaithersburg-5633", "species_group": "cherry", "scientific_name": "Prunus serrulata", "common_name": "Japanese Flowering Cherry", "subtype_name": "Japanese Flowering Cherry", "zip_code": "20878", "ownership": "public", "ownership_raw": "City of Gaithersburg", "city": "Gaithersburg", "source_dataset": "Street Trees View", "source_department": "City of Gaithersburg", "source_last_edit_at": "2025-06-11T14:32:58.720000+00:00"}}, {"type": "Feature", "geometry": {"type": "Point", "coordinates": [-77.2265116091269, 39.10439191755259]}, "properties": {"id": "gaithersburg-5634", "species_group": "crabapple", "scientific_name": "Malus floribunda", "common_name": "Crabapple", "subtype_name": "Malus floribunda", "zip_code": "20878", "ownership": "public", "ownership_raw": "City of Gaithersburg", "city": "Gaithersburg", "source_dataset": "Street Trees View", "source_department": "City of Gaithersburg", "source_last_edit_at": "2025-06-11T14:32:58.720000+00:00"}}, {"type": "Feature", "geometry": {"type": "Point", "coordinates": [-77.22624184396746, 39.10479155075972]}, "properties": {"id": "gaithersburg-5637", "species_group": "crabapple", "scientific_name": "Malus floribunda", "common_name": "Crabapple", "subtype_name": "Malus floribunda", "zip_code": "20878", "ownership": "public", "ownership_raw": "City of Gaithersburg", "city": "Gaithersburg", "source_dataset": "Street Trees View", "source_department": "City of Gaithersburg", "source_last_edit_at": "2025-06-11T14:32:58.720000+00:00"}}, {"type": "Feature", "geometry": {"type": "Point", "coordinates": [-77.2260313979651, 39.104953681123874]}, "properties": {"id": "gaithersburg-5638", "species_group": "crabapple", "scientific_name": "Malus floribunda", "common_name": "Crabapple", "subtype_name": "Malus floribunda", "zip_code": "20878", "ownership": "public", "ownership_raw": "City of Gaithersburg", "city": "Gaithersburg", "source_dataset": "Street Trees View", "source_department": "City of Gaithersburg", "source_last_edit_at": "2025-06-11T14:32:58.720000+00:00"}}, {"type": "Feature", "geometry": {"type": "Point", "coordinates": [-77.22574373659779, 39.105042970798564]}, "properties": {"id": "gaithersburg-5640", "species_group": "crabapple", "scientific_name": "Malus floribunda", "common_name": "Crabapple", "subtype_name": "Malus floribunda", "zip_code": "20878", "ownership": "public", "ownership_raw": "City of Gaithersburg", "city": "Gaithersburg", "source_dataset": "Street Trees View", "source_department": "City of Gaithersburg", "source_last_edit_at": "2025-06-11T14:32:58.720000+00:00"}}, {"type": "Feature", "geometry": {"type": "Point", "coordinates": [-77.22632814228712, 39.104909036649616]}, "properties": {"id": "gaithersburg-5644", "species_group": "crabapple", "scientific_name": "Malus floribunda", "common_name": "Crabapple", "subtype_name": "Malus floribunda", "zip_code": "20878", "ownership": "public", "ownership_raw": "City of Gaithersburg", "city": "Gaithersburg", "source_dataset": "Street Trees View", "source_department": "City of Gaithersburg", "source_last_edit_at": "2025-06-11T14:32:58.720000+00:00"}}, {"type": "Feature", "geometry": {"type": "Point", "coordinates": [-77.22639475949023, 39.10483972021636]}, "properties": {"id": "gaithersburg-5645", "species_group": "crabapple", "scientific_name": "Malus floribunda", "common_name": "Crabapple", "subtype_name": "Malus floribunda", "zip_code": "20878", "ownership": "public", "ownership_raw": "City of Gaithersburg", "city": "Gaithersburg", "source_dataset": "Street Trees View", "source_department": "City of Gaithersburg", "source_last_edit_at": "2025-06-11T14:32:58.720000+00:00"}}, {"type": "Feature", "geometry": {"type": "Point", "coordinates": [-77.22681512588156, 39.104865037601456]}, "properties": {"id": "gaithersburg-5647", "species_group": "crabapple", "scientific_name": "Malus floribunda", "common_name": "Crabapple", "subtype_name": "Malus floribunda", "zip_code": "20878", "ownership": "public", "ownership_raw": "City of Gaithersburg", "city": "Gaithersburg", "source_dataset": "Street Trees View", "source_department": "City of Gaithersburg", "source_last_edit_at": "2025-06-11T14:32:58.720000+00:00"}}, {"type": "Feature", "geometry": {"type": "Point", "coordinates": [-77.2274371158868, 39.10517741918951]}, "properties": {"id": "gaithersburg-5650", "species_group": "crabapple", "scientific_name": "Malus floribunda", "common_name": "Crabapple", "subtype_name": "Malus floribunda", "zip_code": "20878", "ownership": "public", "ownership_raw": "City of Gaithersburg", "city": "Gaithersburg", "source_dataset": "Street Trees View", "source_department": "City of Gaithersburg", "source_last_edit_at": "2025-06-11T14:32:58.720000+00:00"}}, {"type": "Feature", "geometry": {"type": "Point", "coordinates": [-77.22776493530202, 39.10586066319945]}, "properties": {"id": "gaithersburg-5654", "species_group": "crabapple", "scientific_name": "Malus floribunda", "common_name": "Crabapple", "subtype_name": "Malus floribunda", "zip_code": "20878", "ownership": "public", "ownership_raw": "City of Gaithersburg", "city": "Gaithersburg", "source_dataset": "Street Trees View", "source_department": "City of Gaithersburg", "source_last_edit_at": "2025-06-11T14:32:58.720000+00:00"}}, {"type": "Feature", "geometry": {"type": "Point", "coordinates": [-77.22768184878771, 39.10605199958052]}, "properties": {"id": "gaithersburg-5655", "species_group": "crabapple", "scientific_name": "Malus floribunda", "common_name": "Crabapple", "subtype_name": "Malus floribunda", "zip_code": "20878", "ownership": "public", "ownership_raw": "City of Gaithersburg", "city": "Gaithersburg", "source_dataset": "Street Trees View", "source_department": "City of Gaithersburg", "source_last_edit_at": "2025-06-11T14:32:58.720000+00:00"}}, {"type": "Feature", "geometry": {"type": "Point", "coordinates": [-77.22756390345035, 39.10615878339381]}, "properties": {"id": "gaithersburg-5656", "species_group": "crabapple", "scientific_name": "Malus floribunda", "common_name": "Crabapple", "subtype_name": "Malus floribunda", "zip_code": "20878", "ownership": "public", "ownership_raw": "City of Gaithersburg", "city": "Gaithersburg", "source_dataset": "Street Trees View", "source_department": "City of Gaithersburg", "source_last_edit_at": "2025-06-11T14:32:58.720000+00:00"}}, {"type": "Feature", "geometry": {"type": "Point", "coordinates": [-77.22739899119287, 39.10625772580726]}, "properties": {"id": "gaithersburg-5657", "species_group": "cherry", "scientific_name": "Prunus serrulata", "common_name": "Japanese Flowering Cherry", "subtype_name": "Japanese Flowering Cherry", "zip_code": "20878", "ownership": "public", "ownership_raw": "City of Gaithersburg", "city": "Gaithersburg", "source_dataset": "Street Trees View", "source_department": "City of Gaithersburg", "source_last_edit_at": "2025-06-11T14:32:58.720000+00:00"}}, {"type": "Feature", "geometry": {"type": "Point", "coordinates": [-77.22723869714522, 39.10637975913089]}, "properties": {"id": "gaithersburg-5658", "species_group": "crabapple", "scientific_name": "Malus floribunda", "common_name": "Crabapple", "subtype_name": "Malus floribunda", "zip_code": "20878", "ownership": "public", "ownership_raw": "City of Gaithersburg", "city": "Gaithersburg", "source_dataset": "Street Trees View", "source_department": "City of Gaithersburg", "source_last_edit_at": "2025-06-11T14:32:58.720000+00:00"}}, {"type": "Feature", "geometry": {"type": "Point", "coordinates": [-77.22713595554482, 39.10638630718087]}, "properties": {"id": "gaithersburg-5659", "species_group": "cherry", "scientific_name": "Prunus serrulata", "common_name": "Japanese Flowering Cherry", "subtype_name": "Japanese Flowering Cherry", "zip_code": "20878", "ownership": "public", "ownership_raw": "City of Gaithersburg", "city": "Gaithersburg", "source_dataset": "Street Trees View", "source_department": "City of Gaithersburg", "source_last_edit_at": "2025-06-11T14:32:58.720000+00:00"}}, {"type": "Feature", "geometry": {"type": "Point", "coordinates": [-77.22701913673954, 39.10632884007743]}, "properties": {"id": "gaithersburg-5660", "species_group": "cherry", "scientific_name": "Prunus serrulata", "common_name": "Japanese Flowering Cherry", "subtype_name": "Japanese Flowering Cherry", "zip_code": "20878", "ownership": "public", "ownership_raw": "City of Gaithersburg", "city": "Gaithersburg", "source_dataset": "Street Trees View", "source_department": "City of Gaithersburg", "source_last_edit_at": "2025-06-11T14:32:58.720000+00:00"}}, {"type": "Feature", "geometry": {"type": "Point", "coordinates": [-77.22690228570035, 39.10622496823288]}, "properties": {"id": "gaithersburg-5661", "species_group": "cherry", "scientific_name": "Prunus serrulata", "common_name": "Japanese Flowering Cherry", "subtype_name": "Japanese Flowering Cherry", "zip_code": "20878", "ownership": "public", "ownership_raw": "City of Gaithersburg", "city": "Gaithersburg", "source_dataset": "Street Trees View", "source_department": "City of Gaithersburg", "source_last_edit_at": "2025-06-11T14:32:58.720000+00:00"}}, {"type": "Feature", "geometry": {"type": "Point", "coordinates": [-77.22684754387299, 39.10615038353814]}, "properties": {"id": "gaithersburg-5662", "species_group": "cherry", "scientific_name": "Prunus serrulata", "common_name": "Japanese Flowering Cherry", "subtype_name": "Japanese Flowering Cherry", "zip_code": "20878", "ownership": "public", "ownership_raw": "City of Gaithersburg", "city": "Gaithersburg", "source_dataset": "Street Trees View", "source_department": "City of Gaithersburg", "source_last_edit_at": "2025-06-11T14:32:58.720000+00:00"}}, {"type": "Feature", "geometry": {"type": "Point", "coordinates": [-77.22679254997064, 39.10604674581684]}, "properties": {"id": "gaithersburg-5663", "species_group": "cherry", "scientific_name": "Prunus serrulata", "common_name": "Japanese Flowering Cherry", "subtype_name": "Japanese Flowering Cherry", "zip_code": "20878", "ownership": "public", "ownership_raw": "City of Gaithersburg", "city": "Gaithersburg", "source_dataset": "Street Trees View", "source_department": "City of Gaithersburg", "source_last_edit_at": "2025-06-11T14:32:58.720000+00:00"}}, {"type": "Feature", "geometry": {"type": "Point", "coordinates": [-77.22677213599451, 39.1059562108342]}, "properties": {"id": "gaithersburg-5664", "species_group": "cherry", "scientific_name": "Prunus serrulata", "common_name": "Japanese Flowering Cherry", "subtype_name": "Japanese Flowering Cherry", "zip_code": "20878", "ownership": "public", "ownership_raw": "City of Gaithersburg", "city": "Gaithersburg", "source_dataset": "Street Trees View", "source_department": "City of Gaithersburg", "source_last_edit_at": "2025-06-11T14:32:58.720000+00:00"}}, {"type": "Feature", "geometry": {"type": "Point", "coordinates": [-77.22675966022487, 39.10581960890548]}, "properties": {"id": "gaithersburg-5665", "species_group": "cherry", "scientific_name": "Prunus serrulata", "common_name": "Japanese Flowering Cherry", "subtype_name": "Japanese Flowering Cherry", "zip_code": "20878", "ownership": "public", "ownership_raw": "City of Gaithersburg", "city": "Gaithersburg", "source_dataset": "Street Trees View", "source_department": "City of Gaithersburg", "source_last_edit_at": "2025-06-11T14:32:58.720000+00:00"}}, {"type": "Feature", "geometry": {"type": "Point", "coordinates": [-77.22682712026021, 39.10572876510368]}, "properties": {"id": "gaithersburg-5666", "species_group": "cherry", "scientific_name": "Prunus serrulata", "common_name": "Japanese Flowering Cherry", "subtype_name": "Japanese Flowering Cherry", "zip_code": "20878", "ownership": "public", "ownership_raw": "City of Gaithersburg", "city": "Gaithersburg", "source_dataset": "Street Trees View", "source_department": "City of Gaithersburg", "source_last_edit_at": "2025-06-11T14:32:58.720000+00:00"}}, {"type": "Feature", "geometry": {"type": "Point", "coordinates": [-77.22678929405207, 39.105586199407036]}, "properties": {"id": "gaithersburg-5667", "species_group": "cherry", "scientific_name": "Prunus serrulata", "common_name": "Japanese Flowering Cherry", "subtype_name": "Japanese Flowering Cherry", "zip_code": "20878", "ownership": "public", "ownership_raw": "City of Gaithersburg", "city": "Gaithersburg", "source_dataset": "Street Trees View", "source_department": "City of Gaithersburg", "source_last_edit_at": "2025-06-11T14:32:58.720000+00:00"}}, {"type": "Feature", "geometry": {"type": "Point", "coordinates": [-77.22664712430088, 39.10555291701763]}, "properties": {"id": "gaithersburg-5668", "species_group": "cherry", "scientific_name": "Prunus serrulata", "common_name": "Japanese Flowering Cherry", "subtype_name": "Japanese Flowering Cherry", "zip_code": "20878", "ownership": "public", "ownership_raw": "City of Gaithersburg", "city": "Gaithersburg", "source_dataset": "Street Trees View", "source_department": "City of Gaithersburg", "source_last_edit_at": "2025-06-11T14:32:58.720000+00:00"}}, {"type": "Feature", "geometry": {"type": "Point", "coordinates": [-77.22651989326695, 39.10569821792926]}, "properties": {"id": "gaithersburg-5669", "species_group": "cherry", "scientific_name": "Prunus serrulata", "common_name": "Japanese Flowering Cherry", "subtype_name": "Japanese Flowering Cherry", "zip_code": "20878", "ownership": "public", "ownership_raw": "City of Gaithersburg", "city": "Gaithersburg", "source_dataset": "Street Trees View", "source_department": "City of Gaithersburg", "source_last_edit_at": "2025-06-11T14:32:58.720000+00:00"}}, {"type": "Feature", "geometry": {"type": "Point", "coordinates": [-77.22662128353336, 39.10585604553742]}, "properties": {"id": "gaithersburg-5670", "species_group": "cherry", "scientific_name": "Prunus serrulata", "common_name": "Japanese Flowering Cherry", "subtype_name": "Japanese Flowering Cherry", "zip_code": "20878", "ownership": "public", "ownership_raw": "City of Gaithersburg", "city": "Gaithersburg", "source_dataset": "Street Trees View", "source_department": "City of Gaithersburg", "source_last_edit_at": "2025-06-11T14:32:58.720000+00:00"}}, {"type": "Feature", "geometry": {"type": "Point", "coordinates": [-77.22662975083497, 39.10596295767264]}, "properties": {"id": "gaithersburg-5671", "species_group": "cherry", "scientific_name": "Prunus serrulata", "common_name": "Japanese Flowering Cherry", "subtype_name": "Japanese Flowering Cherry", "zip_code": "20878", "ownership": "public", "ownership_raw": "City of Gaithersburg", "city": "Gaithersburg", "source_dataset": "Street Trees View", "source_department": "City of Gaithersburg", "source_last_edit_at": "2025-06-11T14:32:58.720000+00:00"}}, {"type": "Feature", "geometry": {"type": "Point", "coordinates": [-77.22666956279895, 39.106112649394305]}, "properties": {"id": "gaithersburg-5672", "species_group": "cherry", "scientific_name": "Prunus serrulata", "common_name": "Japanese Flowering Cherry", "subtype_name": "Japanese Flowering Cherry", "zip_code": "20878", "ownership": "public", "ownership_raw": "City of Gaithersburg", "city": "Gaithersburg", "source_dataset": "Street Trees View", "source_department": "City of Gaithersburg", "source_last_edit_at": "2025-06-11T14:32:58.720000+00:00"}}, {"type": "Feature", "geometry": {"type": "Point", "coordinates": [-77.226702442977, 39.106170337839536]}, "properties": {"id": "gaithersburg-5673", "species_group": "cherry", "scientific_name": "Prunus serrulata", "common_name": "Japanese Flowering Cherry", "subtype_name": "Japanese Flowering Cherry", "zip_code": "20878", "ownership": "public", "ownership_raw": "City of Gaithersburg", "city": "Gaithersburg", "source_dataset": "Street Trees View", "source_department": "City of Gaithersburg", "source_last_edit_at": "2025-06-11T14:32:58.720000+00:00"}}, {"type": "Feature", "geometry": {"type": "Point", "coordinates": [-77.2268007905253, 39.10630472065042]}, "properties": {"id": "gaithersburg-5674", "species_group": "cherry", "scientific_name": "Prunus serrulata", "common_name": "Japanese Flowering Cherry", "subtype_name": "Japanese Flowering Cherry", "zip_code": "20878", "ownership": "public", "ownership_raw": "City of Gaithersburg", "city": "Gaithersburg", "source_dataset": "Street Trees View", "source_department": "City of Gaithersburg", "source_last_edit_at": "2025-06-11T14:32:58.720000+00:00"}}, {"type": "Feature", "geometry": {"type": "Point", "coordinates": [-77.22687578765766, 39.10637288488157]}, "properties": {"id": "gaithersburg-5675", "species_group": "cherry", "scientific_name": "Prunus serrulata", "common_name": "Japanese Flowering Cherry", "subtype_name": "Japanese Flowering Cherry", "zip_code": "20878", "ownership": "public", "ownership_raw": "City of Gaithersburg", "city": "Gaithersburg", "source_dataset": "Street Trees View", "source_department": "City of Gaithersburg", "source_last_edit_at": "2025-06-11T14:32:58.720000+00:00"}}, {"type": "Feature", "geometry": {"type": "Point", "coordinates": [-77.22703383299842, 39.106475601380545]}, "properties": {"id": "gaithersburg-5676", "species_group": "cherry", "scientific_name": "Prunus serrulata", "common_name": "Japanese Flowering Cherry", "subtype_name": "Japanese Flowering Cherry", "zip_code": "20878", "ownership": "public", "ownership_raw": "City of Gaithersburg", "city": "Gaithersburg", "source_dataset": "Street Trees View", "source_department": "City of Gaithersburg", "source_last_edit_at": "2025-06-11T14:32:58.720000+00:00"}}, {"type": "Feature", "geometry": {"type": "Point", "coordinates": [-77.22706008748641, 39.10662451030444]}, "properties": {"id": "gaithersburg-5677", "species_group": "crabapple", "scientific_name": "Malus floribunda", "common_name": "Crabapple", "subtype_name": "Malus floribunda", "zip_code": "20878", "ownership": "public", "ownership_raw": "City of Gaithersburg", "city": "Gaithersburg", "source_dataset": "Street Trees View", "source_department": "City of Gaithersburg", "source_last_edit_at": "2025-06-11T14:32:58.720000+00:00"}}, {"type": "Feature", "geometry": {"type": "Point", "coordinates": [-77.22701142761821, 39.10706461085947]}, "properties": {"id": "gaithersburg-5680", "species_group": "crabapple", "scientific_name": "Malus floribunda", "common_name": "Crabapple", "subtype_name": "Malus floribunda", "zip_code": "20878", "ownership": "public", "ownership_raw": "City of Gaithersburg", "city": "Gaithersburg", "source_dataset": "Street Trees View", "source_department": "City of Gaithersburg", "source_last_edit_at": "2025-06-11T14:32:58.720000+00:00"}}, {"type": "Feature", "geometry": {"type": "Point", "coordinates": [-77.22708128530729, 39.10694698153001]}, "properties": {"id": "gaithersburg-5681", "species_group": "cherry", "scientific_name": "Prunus serrulata", "common_name": "Japanese Flowering Cherry", "subtype_name": "Japanese Flowering Cherry", "zip_code": "20878", "ownership": "public", "ownership_raw": "City of Gaithersburg", "city": "Gaithersburg", "source_dataset": "Street Trees View", "source_department": "City of Gaithersburg", "source_last_edit_at": "2025-06-11T14:32:58.720000+00:00"}}, {"type": "Feature", "geometry": {"type": "Point", "coordinates": [-77.22717521877284, 39.106710565703786]}, "properties": {"id": "gaithersburg-5682", "species_group": "cherry", "scientific_name": "Prunus serrulata", "common_name": "Japanese Flowering Cherry", "subtype_name": "Japanese Flowering Cherry", "zip_code": "20878", "ownership": "public", "ownership_raw": "City of Gaithersburg", "city": "Gaithersburg", "source_dataset": "Street Trees View", "source_department": "City of Gaithersburg", "source_last_edit_at": "2025-06-11T14:32:58.720000+00:00"}}, {"type": "Feature", "geometry": {"type": "Point", "coordinates": [-77.22728268981074, 39.10650943576785]}, "properties": {"id": "gaithersburg-5683", "species_group": "crabapple", "scientific_name": "Malus floribunda", "common_name": "Crabapple", "subtype_name": "Malus floribunda", "zip_code": "20878", "ownership": "public", "ownership_raw": "City of Gaithersburg", "city": "Gaithersburg", "source_dataset": "Street Trees View", "source_department": "City of Gaithersburg", "source_last_edit_at": "2025-06-11T14:32:58.720000+00:00"}}, {"type": "Feature", "geometry": {"type": "Point", "coordinates": [-77.22740584603253, 39.10638933102115]}, "properties": {"id": "gaithersburg-5684", "species_group": "cherry", "scientific_name": "Prunus serrulata", "common_name": "Japanese Flowering Cherry", "subtype_name": "Japanese Flowering Cherry", "zip_code": "20878", "ownership": "public", "ownership_raw": "City of Gaithersburg", "city": "Gaithersburg", "source_dataset": "Street Trees View", "source_department": "City of Gaithersburg", "source_last_edit_at": "2025-06-11T14:32:58.720000+00:00"}}, {"type": "Feature", "geometry": {"type": "Point", "coordinates": [-77.2276475861122, 39.10635693815528]}, "properties": {"id": "gaithersburg-5685", "species_group": "cherry", "scientific_name": "Prunus serrulata", "common_name": "Japanese Flowering Cherry", "subtype_name": "Japanese Flowering Cherry", "zip_code": "20878", "ownership": "public", "ownership_raw": "City of Gaithersburg", "city": "Gaithersburg", "source_dataset": "Street Trees View", "source_department": "City of Gaithersburg", "source_last_edit_at": "2025-06-11T14:32:58.720000+00:00"}}, {"type": "Feature", "geometry": {"type": "Point", "coordinates": [-77.22773757672041, 39.10643791810428]}, "properties": {"id": "gaithersburg-5686", "species_group": "cherry", "scientific_name": "Prunus serrulata", "common_name": "Japanese Flowering Cherry", "subtype_name": "Japanese Flowering Cherry", "zip_code": "20878", "ownership": "public", "ownership_raw": "City of Gaithersburg", "city": "Gaithersburg", "source_dataset": "Street Trees View", "source_department": "City of Gaithersburg", "source_last_edit_at": "2025-06-11T14:32:58.720000+00:00"}}, {"type": "Feature", "geometry": {"type": "Point", "coordinates": [-77.22784841362288, 39.106548599142485]}, "properties": {"id": "gaithersburg-5687", "species_group": "cherry", "scientific_name": "Prunus serrulata", "common_name": "Japanese Flowering Cherry", "subtype_name": "Japanese Flowering Cherry", "zip_code": "20878", "ownership": "public", "ownership_raw": "City of Gaithersburg", "city": "Gaithersburg", "source_dataset": "Street Trees View", "source_department": "City of Gaithersburg", "source_last_edit_at": "2025-06-11T14:32:58.720000+00:00"}}, {"type": "Feature", "geometry": {"type": "Point", "coordinates": [-77.22817976842529, 39.10672403448167]}, "properties": {"id": "gaithersburg-5688", "species_group": "cherry", "scientific_name": "Prunus serrulata", "common_name": "Japanese Flowering Cherry", "subtype_name": "Japanese Flowering Cherry", "zip_code": "20878", "ownership": "public", "ownership_raw": "City of Gaithersburg", "city": "Gaithersburg", "source_dataset": "Street Trees View", "source_department": "City of Gaithersburg", "source_last_edit_at": "2025-06-11T14:32:58.720000+00:00"}}, {"type": "Feature", "geometry": {"type": "Point", "coordinates": [-77.22791810211203, 39.106437929201675]}, "properties": {"id": "gaithersburg-5689", "species_group": "cherry", "scientific_name": "Prunus serrulata", "common_name": "Japanese Flowering Cherry", "subtype_name": "Japanese Flowering Cherry", "zip_code": "20878", "ownership": "public", "ownership_raw": "City of Gaithersburg", "city": "Gaithersburg", "source_dataset": "Street Trees View", "source_department": "City of Gaithersburg", "source_last_edit_at": "2025-06-11T14:32:58.720000+00:00"}}, {"type": "Feature", "geometry": {"type": "Point", "coordinates": [-77.22783558496418, 39.106362786452436]}, "properties": {"id": "gaithersburg-5690", "species_group": "cherry", "scientific_name": "Prunus serrulata", "common_name": "Japanese Flowering Cherry", "subtype_name": "Japanese Flowering Cherry", "zip_code": "20878", "ownership": "public", "ownership_raw": "City of Gaithersburg", "city": "Gaithersburg", "source_dataset": "Street Trees View", "source_department": "City of Gaithersburg", "source_last_edit_at": "2025-06-11T14:32:58.720000+00:00"}}, {"type": "Feature", "geometry": {"type": "Point", "coordinates": [-77.22774578966498, 39.10627817507471]}, "properties": {"id": "gaithersburg-5691", "species_group": "cherry", "scientific_name": "Prunus serrulata", "common_name": "Japanese Flowering Cherry", "subtype_name": "Japanese Flowering Cherry", "zip_code": "20878", "ownership": "public", "ownership_raw": "City of Gaithersburg", "city": "Gaithersburg", "source_dataset": "Street Trees View", "source_department": "City of Gaithersburg", "source_last_edit_at": "2025-06-11T14:32:58.720000+00:00"}}, {"type": "Feature", "geometry": {"type": "Point", "coordinates": [-77.22789483549394, 39.10586243560723]}, "properties": {"id": "gaithersburg-5692", "species_group": "crabapple", "scientific_name": "Malus floribunda", "common_name": "Crabapple", "subtype_name": "Malus floribunda", "zip_code": "20878", "ownership": "public", "ownership_raw": "City of Gaithersburg", "city": "Gaithersburg", "source_dataset": "Street Trees View", "source_department": "City of Gaithersburg", "source_last_edit_at": "2025-06-11T14:32:58.720000+00:00"}}, {"type": "Feature", "geometry": {"type": "Point", "coordinates": [-77.22785617269447, 39.10560449746214]}, "properties": {"id": "gaithersburg-5693", "species_group": "crabapple", "scientific_name": "Malus floribunda", "common_name": "Crabapple", "subtype_name": "Malus floribunda", "zip_code": "20878", "ownership": "public", "ownership_raw": "City of Gaithersburg", "city": "Gaithersburg", "source_dataset": "Street Trees View", "source_department": "City of Gaithersburg", "source_last_edit_at": "2025-06-11T14:32:58.720000+00:00"}}, {"type": "Feature", "geometry": {"type": "Point", "coordinates": [-77.22782345606059, 39.105538160435685]}, "properties": {"id": "gaithersburg-5694", "species_group": "cherry", "scientific_name": "Prunus serrulata", "common_name": "Japanese Flowering Cherry", "subtype_name": "Japanese Flowering Cherry", "zip_code": "20878", "ownership": "public", "ownership_raw": "City of Gaithersburg", "city": "Gaithersburg", "source_dataset": "Street Trees View", "source_department": "City of Gaithersburg", "source_last_edit_at": "2025-06-11T14:32:58.720000+00:00"}}, {"type": "Feature", "geometry": {"type": "Point", "coordinates": [-77.22774831980954, 39.10540742211542]}, "properties": {"id": "gaithersburg-5695", "species_group": "crabapple", "scientific_name": "Malus floribunda", "common_name": "Crabapple", "subtype_name": "Malus floribunda", "zip_code": "20878", "ownership": "public", "ownership_raw": "City of Gaithersburg", "city": "Gaithersburg", "source_dataset": "Street Trees View", "source_department": "City of Gaithersburg", "source_last_edit_at": "2025-06-11T14:32:58.720000+00:00"}}, {"type": "Feature", "geometry": {"type": "Point", "coordinates": [-77.22769380151746, 39.10530884546628]}, "properties": {"id": "gaithersburg-5696", "species_group": "crabapple", "scientific_name": "Malus floribunda", "common_name": "Crabapple", "subtype_name": "Malus floribunda", "zip_code": "20878", "ownership": "public", "ownership_raw": "City of Gaithersburg", "city": "Gaithersburg", "source_dataset": "Street Trees View", "source_department": "City of Gaithersburg", "source_last_edit_at": "2025-06-11T14:32:58.720000+00:00"}}, {"type": "Feature", "geometry": {"type": "Point", "coordinates": [-77.19353903626599, 39.13966277364908]}, "properties": {"id": "gaithersburg-57", "species_group": "cherry", "scientific_name": "Prunus yeodensis", "common_name": "Yoshino Cherry", "subtype_name": "Yoshino", "zip_code": "20877", "ownership": "public", "ownership_raw": "City of Gaithersburg", "city": "Gaithersburg", "source_dataset": "Street Trees View", "source_department": "City of Gaithersburg", "source_last_edit_at": "2025-06-11T14:32:58.720000+00:00"}}, {"type": "Feature", "geometry": {"type": "Point", "coordinates": [-77.22665886276604, 39.10443803298041]}, "properties": {"id": "gaithersburg-5701", "species_group": "crabapple", "scientific_name": "Malus floribunda", "common_name": "Crabapple", "subtype_name": "Malus floribunda", "zip_code": "20878", "ownership": "public", "ownership_raw": "City of Gaithersburg", "city": "Gaithersburg", "source_dataset": "Street Trees View", "source_department": "City of Gaithersburg", "source_last_edit_at": "2025-06-11T14:32:58.720000+00:00"}}, {"type": "Feature", "geometry": {"type": "Point", "coordinates": [-77.2273202546058, 39.10421694202985]}, "properties": {"id": "gaithersburg-5702", "species_group": "crabapple", "scientific_name": "Malus floribunda", "common_name": "Crabapple", "subtype_name": "Malus floribunda", "zip_code": "20878", "ownership": "public", "ownership_raw": "City of Gaithersburg", "city": "Gaithersburg", "source_dataset": "Street Trees View", "source_department": "City of Gaithersburg", "source_last_edit_at": "2025-06-11T14:32:58.720000+00:00"}}, {"type": "Feature", "geometry": {"type": "Point", "coordinates": [-77.22759711856165, 39.10430336686206]}, "properties": {"id": "gaithersburg-5704", "species_group": "cherry", "scientific_name": "Prunus serrulata", "common_name": "Japanese Flowering Cherry", "subtype_name": "Japanese Flowering Cherry", "zip_code": "20878", "ownership": "public", "ownership_raw": "City of Gaithersburg", "city": "Gaithersburg", "source_dataset": "Street Trees View", "source_department": "City of Gaithersburg", "source_last_edit_at": "2025-06-11T14:32:58.720000+00:00"}}, {"type": "Feature", "geometry": {"type": "Point", "coordinates": [-77.2283506385964, 39.10483609125106]}, "properties": {"id": "gaithersburg-5707", "species_group": "crabapple", "scientific_name": "Malus floribunda", "common_name": "Crabapple", "subtype_name": "Malus floribunda", "zip_code": "20878", "ownership": "public", "ownership_raw": "City of Gaithersburg", "city": "Gaithersburg", "source_dataset": "Street Trees View", "source_department": "City of Gaithersburg", "source_last_edit_at": "2025-06-11T14:32:58.720000+00:00"}}, {"type": "Feature", "geometry": {"type": "Point", "coordinates": [-77.22851637042577, 39.105088682092955]}, "properties": {"id": "gaithersburg-5709", "species_group": "crabapple", "scientific_name": "Malus floribunda", "common_name": "Crabapple", "subtype_name": "Malus floribunda", "zip_code": "20878", "ownership": "public", "ownership_raw": "City of Gaithersburg", "city": "Gaithersburg", "source_dataset": "Street Trees View", "source_department": "City of Gaithersburg", "source_last_edit_at": "2025-06-11T14:32:58.720000+00:00"}}, {"type": "Feature", "geometry": {"type": "Point", "coordinates": [-77.22858492461711, 39.10521041937179]}, "properties": {"id": "gaithersburg-5710", "species_group": "cherry", "scientific_name": "Prunus serrulata", "common_name": "Japanese Flowering Cherry", "subtype_name": "Japanese Flowering Cherry", "zip_code": "20878", "ownership": "public", "ownership_raw": "City of Gaithersburg", "city": "Gaithersburg", "source_dataset": "Street Trees View", "source_department": "City of Gaithersburg", "source_last_edit_at": "2025-06-11T14:32:58.720000+00:00"}}, {"type": "Feature", "geometry": {"type": "Point", "coordinates": [-77.22861865674587, 39.10527850356363]}, "properties": {"id": "gaithersburg-5711", "species_group": "crabapple", "scientific_name": "Malus floribunda", "common_name": "Crabapple", "subtype_name": "Malus floribunda", "zip_code": "20878", "ownership": "public", "ownership_raw": "City of Gaithersburg", "city": "Gaithersburg", "source_dataset": "Street Trees View", "source_department": "City of Gaithersburg", "source_last_edit_at": "2025-06-11T14:32:58.720000+00:00"}}, {"type": "Feature", "geometry": {"type": "Point", "coordinates": [-77.22871125320542, 39.1054562461124]}, "properties": {"id": "gaithersburg-5713", "species_group": "crabapple", "scientific_name": "Malus floribunda", "common_name": "Crabapple", "subtype_name": "Malus floribunda", "zip_code": "20878", "ownership": "public", "ownership_raw": "City of Gaithersburg", "city": "Gaithersburg", "source_dataset": "Street Trees View", "source_department": "City of Gaithersburg", "source_last_edit_at": "2025-06-11T14:32:58.720000+00:00"}}, {"type": "Feature", "geometry": {"type": "Point", "coordinates": [-77.22889857027195, 39.105867071950605]}, "properties": {"id": "gaithersburg-5715", "species_group": "cherry", "scientific_name": "Prunus serrulata", "common_name": "Japanese Flowering Cherry", "subtype_name": "Japanese Flowering Cherry", "zip_code": "20878", "ownership": "public", "ownership_raw": "City of Gaithersburg", "city": "Gaithersburg", "source_dataset": "Street Trees View", "source_department": "City of Gaithersburg", "source_last_edit_at": "2025-06-11T14:32:58.720000+00:00"}}, {"type": "Feature", "geometry": {"type": "Point", "coordinates": [-77.22897589822942, 39.106363199274234]}, "properties": {"id": "gaithersburg-5717", "species_group": "cherry", "scientific_name": "Prunus serrulata", "common_name": "Japanese Flowering Cherry", "subtype_name": "Japanese Flowering Cherry", "zip_code": "20878", "ownership": "public", "ownership_raw": "City of Gaithersburg", "city": "Gaithersburg", "source_dataset": "Street Trees View", "source_department": "City of Gaithersburg", "source_last_edit_at": "2025-06-11T14:32:58.720000+00:00"}}, {"type": "Feature", "geometry": {"type": "Point", "coordinates": [-77.22900087056598, 39.1064591612857]}, "properties": {"id": "gaithersburg-5719", "species_group": "crabapple", "scientific_name": "Malus floribunda", "common_name": "Crabapple", "subtype_name": "Malus floribunda", "zip_code": "20878", "ownership": "public", "ownership_raw": "City of Gaithersburg", "city": "Gaithersburg", "source_dataset": "Street Trees View", "source_department": "City of Gaithersburg", "source_last_edit_at": "2025-06-11T14:32:58.720000+00:00"}}, {"type": "Feature", "geometry": {"type": "Point", "coordinates": [-77.22904820096765, 39.106621531562915]}, "properties": {"id": "gaithersburg-5720", "species_group": "cherry", "scientific_name": "Prunus serrulata", "common_name": "Japanese Flowering Cherry", "subtype_name": "Japanese Flowering Cherry", "zip_code": "20878", "ownership": "public", "ownership_raw": "City of Gaithersburg", "city": "Gaithersburg", "source_dataset": "Street Trees View", "source_department": "City of Gaithersburg", "source_last_edit_at": "2025-06-11T14:32:58.720000+00:00"}}, {"type": "Feature", "geometry": {"type": "Point", "coordinates": [-77.2291348517469, 39.10677631045756]}, "properties": {"id": "gaithersburg-5721", "species_group": "crabapple", "scientific_name": "Malus floribunda", "common_name": "Crabapple", "subtype_name": "Malus floribunda", "zip_code": "20878", "ownership": "public", "ownership_raw": "City of Gaithersburg", "city": "Gaithersburg", "source_dataset": "Street Trees View", "source_department": "City of Gaithersburg", "source_last_edit_at": "2025-06-11T14:32:58.720000+00:00"}}, {"type": "Feature", "geometry": {"type": "Point", "coordinates": [-77.22919439930486, 39.106848771402056]}, "properties": {"id": "gaithersburg-5722", "species_group": "cherry", "scientific_name": "Prunus serrulata", "common_name": "Japanese Flowering Cherry", "subtype_name": "Japanese Flowering Cherry", "zip_code": "20878", "ownership": "public", "ownership_raw": "City of Gaithersburg", "city": "Gaithersburg", "source_dataset": "Street Trees View", "source_department": "City of Gaithersburg", "source_last_edit_at": "2025-06-11T14:32:58.720000+00:00"}}, {"type": "Feature", "geometry": {"type": "Point", "coordinates": [-77.22904282458005, 39.10704620144574]}, "properties": {"id": "gaithersburg-5723", "species_group": "crabapple", "scientific_name": "Malus floribunda", "common_name": "Crabapple", "subtype_name": "Malus floribunda", "zip_code": "20878", "ownership": "public", "ownership_raw": "City of Gaithersburg", "city": "Gaithersburg", "source_dataset": "Street Trees View", "source_department": "City of Gaithersburg", "source_last_edit_at": "2025-06-11T14:32:58.720000+00:00"}}, {"type": "Feature", "geometry": {"type": "Point", "coordinates": [-77.22893441855382, 39.10710821985647]}, "properties": {"id": "gaithersburg-5724", "species_group": "crabapple", "scientific_name": "Malus floribunda", "common_name": "Crabapple", "subtype_name": "Malus floribunda", "zip_code": "20878", "ownership": "public", "ownership_raw": "City of Gaithersburg", "city": "Gaithersburg", "source_dataset": "Street Trees View", "source_department": "City of Gaithersburg", "source_last_edit_at": "2025-06-11T14:32:58.720000+00:00"}}, {"type": "Feature", "geometry": {"type": "Point", "coordinates": [-77.22883441506771, 39.107169038105155]}, "properties": {"id": "gaithersburg-5725", "species_group": "crabapple", "scientific_name": "Malus floribunda", "common_name": "Crabapple", "subtype_name": "Malus floribunda", "zip_code": "20878", "ownership": "public", "ownership_raw": "City of Gaithersburg", "city": "Gaithersburg", "source_dataset": "Street Trees View", "source_department": "City of Gaithersburg", "source_last_edit_at": "2025-06-11T14:32:58.720000+00:00"}}, {"type": "Feature", "geometry": {"type": "Point", "coordinates": [-77.22869167704505, 39.1072533604674]}, "properties": {"id": "gaithersburg-5726", "species_group": "crabapple", "scientific_name": "Malus floribunda", "common_name": "Crabapple", "subtype_name": "Malus floribunda", "zip_code": "20878", "ownership": "public", "ownership_raw": "City of Gaithersburg", "city": "Gaithersburg", "source_dataset": "Street Trees View", "source_department": "City of Gaithersburg", "source_last_edit_at": "2025-06-11T14:32:58.720000+00:00"}}, {"type": "Feature", "geometry": {"type": "Point", "coordinates": [-77.22841295550744, 39.10736870201123]}, "properties": {"id": "gaithersburg-5727", "species_group": "crabapple", "scientific_name": "Malus floribunda", "common_name": "Crabapple", "subtype_name": "Malus floribunda", "zip_code": "20878", "ownership": "public", "ownership_raw": "City of Gaithersburg", "city": "Gaithersburg", "source_dataset": "Street Trees View", "source_department": "City of Gaithersburg", "source_last_edit_at": "2025-06-11T14:32:58.720000+00:00"}}, {"type": "Feature", "geometry": {"type": "Point", "coordinates": [-77.22821393904371, 39.10741151745658]}, "properties": {"id": "gaithersburg-5728", "species_group": "crabapple", "scientific_name": "Malus floribunda", "common_name": "Crabapple", "subtype_name": "Malus floribunda", "zip_code": "20878", "ownership": "public", "ownership_raw": "City of Gaithersburg", "city": "Gaithersburg", "source_dataset": "Street Trees View", "source_department": "City of Gaithersburg", "source_last_edit_at": "2025-06-11T14:32:58.720000+00:00"}}, {"type": "Feature", "geometry": {"type": "Point", "coordinates": [-77.22808083170302, 39.1074232825468]}, "properties": {"id": "gaithersburg-5729", "species_group": "cherry", "scientific_name": "Prunus serrulata", "common_name": "Japanese Flowering Cherry", "subtype_name": "Japanese Flowering Cherry", "zip_code": "20878", "ownership": "public", "ownership_raw": "City of Gaithersburg", "city": "Gaithersburg", "source_dataset": "Street Trees View", "source_department": "City of Gaithersburg", "source_last_edit_at": "2025-06-11T14:32:58.720000+00:00"}}, {"type": "Feature", "geometry": {"type": "Point", "coordinates": [-77.22795245286174, 39.10742234242151]}, "properties": {"id": "gaithersburg-5730", "species_group": "cherry", "scientific_name": "Prunus serrulata", "common_name": "Japanese Flowering Cherry", "subtype_name": "Japanese Flowering Cherry", "zip_code": "20878", "ownership": "public", "ownership_raw": "City of Gaithersburg", "city": "Gaithersburg", "source_dataset": "Street Trees View", "source_department": "City of Gaithersburg", "source_last_edit_at": "2025-06-11T14:32:58.720000+00:00"}}, {"type": "Feature", "geometry": {"type": "Point", "coordinates": [-77.22782486395509, 39.10741173684502]}, "properties": {"id": "gaithersburg-5731", "species_group": "cherry", "scientific_name": "Prunus serrulata", "common_name": "Japanese Flowering Cherry", "subtype_name": "Japanese Flowering Cherry", "zip_code": "20878", "ownership": "public", "ownership_raw": "City of Gaithersburg", "city": "Gaithersburg", "source_dataset": "Street Trees View", "source_department": "City of Gaithersburg", "source_last_edit_at": "2025-06-11T14:32:58.720000+00:00"}}, {"type": "Feature", "geometry": {"type": "Point", "coordinates": [-77.22768881776075, 39.107387458117884]}, "properties": {"id": "gaithersburg-5732", "species_group": "crabapple", "scientific_name": "Malus floribunda", "common_name": "Crabapple", "subtype_name": "Malus floribunda", "zip_code": "20878", "ownership": "public", "ownership_raw": "City of Gaithersburg", "city": "Gaithersburg", "source_dataset": "Street Trees View", "source_department": "City of Gaithersburg", "source_last_edit_at": "2025-06-11T14:32:58.720000+00:00"}}, {"type": "Feature", "geometry": {"type": "Point", "coordinates": [-77.22749284837997, 39.10733118750377]}, "properties": {"id": "gaithersburg-5733", "species_group": "crabapple", "scientific_name": "Malus floribunda", "common_name": "Crabapple", "subtype_name": "Malus floribunda", "zip_code": "20878", "ownership": "public", "ownership_raw": "City of Gaithersburg", "city": "Gaithersburg", "source_dataset": "Street Trees View", "source_department": "City of Gaithersburg", "source_last_edit_at": "2025-06-11T14:32:58.720000+00:00"}}, {"type": "Feature", "geometry": {"type": "Point", "coordinates": [-77.2264619859503, 39.10691283277355]}, "properties": {"id": "gaithersburg-5735", "species_group": "crabapple", "scientific_name": "Malus floribunda", "common_name": "Crabapple", "subtype_name": "Malus floribunda", "zip_code": "20878", "ownership": "public", "ownership_raw": "City of Gaithersburg", "city": "Gaithersburg", "source_dataset": "Street Trees View", "source_department": "City of Gaithersburg", "source_last_edit_at": "2025-06-11T14:32:58.720000+00:00"}}, {"type": "Feature", "geometry": {"type": "Point", "coordinates": [-77.22637517942456, 39.1068559150631]}, "properties": {"id": "gaithersburg-5736", "species_group": "cherry", "scientific_name": "Prunus serrulata", "common_name": "Japanese Flowering Cherry", "subtype_name": "Japanese Flowering Cherry", "zip_code": "20878", "ownership": "public", "ownership_raw": "City of Gaithersburg", "city": "Gaithersburg", "source_dataset": "Street Trees View", "source_department": "City of Gaithersburg", "source_last_edit_at": "2025-06-11T14:32:58.720000+00:00"}}, {"type": "Feature", "geometry": {"type": "Point", "coordinates": [-77.22614507352247, 39.10667180273563]}, "properties": {"id": "gaithersburg-5737", "species_group": "cherry", "scientific_name": "Prunus serrulata", "common_name": "Japanese Flowering Cherry", "subtype_name": "Japanese Flowering Cherry", "zip_code": "20878", "ownership": "public", "ownership_raw": "City of Gaithersburg", "city": "Gaithersburg", "source_dataset": "Street Trees View", "source_department": "City of Gaithersburg", "source_last_edit_at": "2025-06-11T14:32:58.720000+00:00"}}, {"type": "Feature", "geometry": {"type": "Point", "coordinates": [-77.22592876507797, 39.10639405226812]}, "properties": {"id": "gaithersburg-5738", "species_group": "crabapple", "scientific_name": "Malus floribunda", "common_name": "Crabapple", "subtype_name": "Malus floribunda", "zip_code": "20878", "ownership": "public", "ownership_raw": "City of Gaithersburg", "city": "Gaithersburg", "source_dataset": "Street Trees View", "source_department": "City of Gaithersburg", "source_last_edit_at": "2025-06-11T14:32:58.720000+00:00"}}, {"type": "Feature", "geometry": {"type": "Point", "coordinates": [-77.22564997490531, 39.105665232856644]}, "properties": {"id": "gaithersburg-5741", "species_group": "cherry", "scientific_name": "Prunus serrulata", "common_name": "Japanese Flowering Cherry", "subtype_name": "Japanese Flowering Cherry", "zip_code": "20878", "ownership": "public", "ownership_raw": "City of Gaithersburg", "city": "Gaithersburg", "source_dataset": "Street Trees View", "source_department": "City of Gaithersburg", "source_last_edit_at": "2025-06-11T14:32:58.720000+00:00"}}, {"type": "Feature", "geometry": {"type": "Point", "coordinates": [-77.22556809420819, 39.10541642842049]}, "properties": {"id": "gaithersburg-5743", "species_group": "cherry", "scientific_name": "Prunus serrulata", "common_name": "Japanese Flowering Cherry", "subtype_name": "Japanese Flowering Cherry", "zip_code": "20878", "ownership": "public", "ownership_raw": "City of Gaithersburg", "city": "Gaithersburg", "source_dataset": "Street Trees View", "source_department": "City of Gaithersburg", "source_last_edit_at": "2025-06-11T14:32:58.720000+00:00"}}, {"type": "Feature", "geometry": {"type": "Point", "coordinates": [-77.22539579000505, 39.10479494337162]}, "properties": {"id": "gaithersburg-5746", "species_group": "cherry", "scientific_name": "Prunus serrulata", "common_name": "Japanese Flowering Cherry", "subtype_name": "Japanese Flowering Cherry", "zip_code": "20878", "ownership": "public", "ownership_raw": "City of Gaithersburg", "city": "Gaithersburg", "source_dataset": "Street Trees View", "source_department": "City of Gaithersburg", "source_last_edit_at": "2025-06-11T14:32:58.720000+00:00"}}, {"type": "Feature", "geometry": {"type": "Point", "coordinates": [-77.22569619183773, 39.10415195606261]}, "properties": {"id": "gaithersburg-5750", "species_group": "crabapple", "scientific_name": "Malus floribunda", "common_name": "Crabapple", "subtype_name": "Malus floribunda", "zip_code": "20878", "ownership": "public", "ownership_raw": "City of Gaithersburg", "city": "Gaithersburg", "source_dataset": "Street Trees View", "source_department": "City of Gaithersburg", "source_last_edit_at": "2025-06-11T14:32:58.720000+00:00"}}, {"type": "Feature", "geometry": {"type": "Point", "coordinates": [-77.22582795847057, 39.103946218882186]}, "properties": {"id": "gaithersburg-5751", "species_group": "crabapple", "scientific_name": "Malus floribunda", "common_name": "Crabapple", "subtype_name": "Malus floribunda", "zip_code": "20878", "ownership": "public", "ownership_raw": "City of Gaithersburg", "city": "Gaithersburg", "source_dataset": "Street Trees View", "source_department": "City of Gaithersburg", "source_last_edit_at": "2025-06-11T14:32:58.720000+00:00"}}, {"type": "Feature", "geometry": {"type": "Point", "coordinates": [-77.225865157812, 39.103871506888794]}, "properties": {"id": "gaithersburg-5752", "species_group": "cherry", "scientific_name": "Prunus serrulata", "common_name": "Japanese Flowering Cherry", "subtype_name": "Japanese Flowering Cherry", "zip_code": "20878", "ownership": "public", "ownership_raw": "City of Gaithersburg", "city": "Gaithersburg", "source_dataset": "Street Trees View", "source_department": "City of Gaithersburg", "source_last_edit_at": "2025-06-11T14:32:58.720000+00:00"}}, {"type": "Feature", "geometry": {"type": "Point", "coordinates": [-77.23506511590158, 39.108818332565235]}, "properties": {"id": "gaithersburg-5757", "species_group": "cherry", "scientific_name": "Prunus serrulata", "common_name": "Japanese Flowering Cherry", "subtype_name": "Japanese Flowering Cherry", "zip_code": "20878", "ownership": "public", "ownership_raw": "City of Gaithersburg", "city": "Gaithersburg", "source_dataset": "Street Trees View", "source_department": "City of Gaithersburg", "source_last_edit_at": "2025-06-11T14:32:58.720000+00:00"}}, {"type": "Feature", "geometry": {"type": "Point", "coordinates": [-77.2378486927809, 39.14439136127055]}, "properties": {"id": "gaithersburg-584", "species_group": "cherry", "scientific_name": "Prunus serrulata", "common_name": "Japanese Flowering Cherry", "subtype_name": "Japanese Flowering Cherry", "zip_code": "20878", "ownership": "public", "ownership_raw": "City of Gaithersburg", "city": "Gaithersburg", "source_dataset": "Street Trees View", "source_department": "City of Gaithersburg", "source_last_edit_at": "2025-06-11T14:32:58.720000+00:00"}}, {"type": "Feature", "geometry": {"type": "Point", "coordinates": [-77.23613675234922, 39.14429887611814]}, "properties": {"id": "gaithersburg-588", "species_group": "plum", "scientific_name": "Prunus cerasifera", "common_name": "Purple-Leaf Plum", "subtype_name": "Purpleleaf Plum", "zip_code": "20878", "ownership": "public", "ownership_raw": "City of Gaithersburg", "city": "Gaithersburg", "source_dataset": "Street Trees View", "source_department": "City of Gaithersburg", "source_last_edit_at": "2025-06-11T14:32:58.720000+00:00"}}, {"type": "Feature", "geometry": {"type": "Point", "coordinates": [-77.23579203194373, 39.14435512267086]}, "properties": {"id": "gaithersburg-589", "species_group": "plum", "scientific_name": "Prunus cerasifera", "common_name": "Purple-Leaf Plum", "subtype_name": "Purpleleaf Plum", "zip_code": "20878", "ownership": "public", "ownership_raw": "City of Gaithersburg", "city": "Gaithersburg", "source_dataset": "Street Trees View", "source_department": "City of Gaithersburg", "source_last_edit_at": "2025-06-11T14:32:58.720000+00:00"}}, {"type": "Feature", "geometry": {"type": "Point", "coordinates": [-77.23538724445575, 39.14446155660725]}, "properties": {"id": "gaithersburg-591", "species_group": "crabapple", "scientific_name": "Malus domestica", "common_name": "Edible Apple Species", "subtype_name": "Apple", "zip_code": "20878", "ownership": "public", "ownership_raw": "City of Gaithersburg", "city": "Gaithersburg", "source_dataset": "Street Trees View", "source_department": "City of Gaithersburg", "source_last_edit_at": "2025-06-11T14:32:58.720000+00:00"}}, {"type": "Feature", "geometry": {"type": "Point", "coordinates": [-77.19433623074757, 39.11237655741426]}, "properties": {"id": "gaithersburg-6142", "species_group": "cherry", "scientific_name": "Prunus serrulata", "common_name": "Japanese Flowering Cherry", "subtype_name": "Japanese Flowering Cherry", "zip_code": "20878", "ownership": "public", "ownership_raw": "City of Gaithersburg", "city": "Gaithersburg", "source_dataset": "Street Trees View", "source_department": "City of Gaithersburg", "source_last_edit_at": "2025-06-11T14:32:58.720000+00:00"}}, {"type": "Feature", "geometry": {"type": "Point", "coordinates": [-77.194272158363, 39.11235782077847]}, "properties": {"id": "gaithersburg-6143", "species_group": "cherry", "scientific_name": "Prunus serrulata", "common_name": "Japanese Flowering Cherry", "subtype_name": "Japanese Flowering Cherry", "zip_code": "20878", "ownership": "public", "ownership_raw": "City of Gaithersburg", "city": "Gaithersburg", "source_dataset": "Street Trees View", "source_department": "City of Gaithersburg", "source_last_edit_at": "2025-06-11T14:32:58.720000+00:00"}}, {"type": "Feature", "geometry": {"type": "Point", "coordinates": [-77.19420334332958, 39.11234004501163]}, "properties": {"id": "gaithersburg-6144", "species_group": "cherry", "scientific_name": "Prunus serrulata", "common_name": "Japanese Flowering Cherry", "subtype_name": "Japanese Flowering Cherry", "zip_code": "20878", "ownership": "public", "ownership_raw": "City of Gaithersburg", "city": "Gaithersburg", "source_dataset": "Street Trees View", "source_department": "City of Gaithersburg", "source_last_edit_at": "2025-06-11T14:32:58.720000+00:00"}}, {"type": "Feature", "geometry": {"type": "Point", "coordinates": [-77.19413383927191, 39.11232229646894]}, "properties": {"id": "gaithersburg-6145", "species_group": "cherry", "scientific_name": "Prunus serrulata", "common_name": "Japanese Flowering Cherry", "subtype_name": "Japanese Flowering Cherry", "zip_code": "20878", "ownership": "public", "ownership_raw": "City of Gaithersburg", "city": "Gaithersburg", "source_dataset": "Street Trees View", "source_department": "City of Gaithersburg", "source_last_edit_at": "2025-06-11T14:32:58.720000+00:00"}}, {"type": "Feature", "geometry": {"type": "Point", "coordinates": [-77.19405445917155, 39.1122959138831]}, "properties": {"id": "gaithersburg-6146", "species_group": "cherry", "scientific_name": "Prunus serrulata", "common_name": "Japanese Flowering Cherry", "subtype_name": "Japanese Flowering Cherry", "zip_code": "20878", "ownership": "public", "ownership_raw": "City of Gaithersburg", "city": "Gaithersburg", "source_dataset": "Street Trees View", "source_department": "City of Gaithersburg", "source_last_edit_at": "2025-06-11T14:32:58.720000+00:00"}}, {"type": "Feature", "geometry": {"type": "Point", "coordinates": [-77.19400846334443, 39.11228289065003]}, "properties": {"id": "gaithersburg-6147", "species_group": "cherry", "scientific_name": "Prunus serrulata", "common_name": "Japanese Flowering Cherry", "subtype_name": "Japanese Flowering Cherry", "zip_code": "20878", "ownership": "public", "ownership_raw": "City of Gaithersburg", "city": "Gaithersburg", "source_dataset": "Street Trees View", "source_department": "City of Gaithersburg", "source_last_edit_at": "2025-06-11T14:32:58.720000+00:00"}}, {"type": "Feature", "geometry": {"type": "Point", "coordinates": [-77.19391751224532, 39.11226273272219]}, "properties": {"id": "gaithersburg-6148", "species_group": "cherry", "scientific_name": "Prunus serrulata", "common_name": "Japanese Flowering Cherry", "subtype_name": "Japanese Flowering Cherry", "zip_code": "20878", "ownership": "public", "ownership_raw": "City of Gaithersburg", "city": "Gaithersburg", "source_dataset": "Street Trees View", "source_department": "City of Gaithersburg", "source_last_edit_at": "2025-06-11T14:32:58.720000+00:00"}}, {"type": "Feature", "geometry": {"type": "Point", "coordinates": [-77.19385385703795, 39.1122438321228]}, "properties": {"id": "gaithersburg-6149", "species_group": "cherry", "scientific_name": "Prunus serrulata", "common_name": "Japanese Flowering Cherry", "subtype_name": "Japanese Flowering Cherry", "zip_code": "20878", "ownership": "public", "ownership_raw": "City of Gaithersburg", "city": "Gaithersburg", "source_dataset": "Street Trees View", "source_department": "City of Gaithersburg", "source_last_edit_at": "2025-06-11T14:32:58.720000+00:00"}}, {"type": "Feature", "geometry": {"type": "Point", "coordinates": [-77.19372301914217, 39.112205244851076]}, "properties": {"id": "gaithersburg-6150", "species_group": "cherry", "scientific_name": "Prunus serrulata", "common_name": "Japanese Flowering Cherry", "subtype_name": "Japanese Flowering Cherry", "zip_code": "20878", "ownership": "public", "ownership_raw": "City of Gaithersburg", "city": "Gaithersburg", "source_dataset": "Street Trees View", "source_department": "City of Gaithersburg", "source_last_edit_at": "2025-06-11T14:32:58.720000+00:00"}}, {"type": "Feature", "geometry": {"type": "Point", "coordinates": [-77.19365693345979, 39.112189698228455]}, "properties": {"id": "gaithersburg-6151", "species_group": "cherry", "scientific_name": "Prunus serrulata", "common_name": "Japanese Flowering Cherry", "subtype_name": "Japanese Flowering Cherry", "zip_code": "20878", "ownership": "public", "ownership_raw": "City of Gaithersburg", "city": "Gaithersburg", "source_dataset": "Street Trees View", "source_department": "City of Gaithersburg", "source_last_edit_at": "2025-06-11T14:32:58.720000+00:00"}}, {"type": "Feature", "geometry": {"type": "Point", "coordinates": [-77.1943109794279, 39.11242873474238]}, "properties": {"id": "gaithersburg-6152", "species_group": "cherry", "scientific_name": "Prunus serrulata", "common_name": "Japanese Flowering Cherry", "subtype_name": "Japanese Flowering Cherry", "zip_code": "20878", "ownership": "public", "ownership_raw": "City of Gaithersburg", "city": "Gaithersburg", "source_dataset": "Street Trees View", "source_department": "City of Gaithersburg", "source_last_edit_at": "2025-06-11T14:32:58.720000+00:00"}}, {"type": "Feature", "geometry": {"type": "Point", "coordinates": [-77.19424510016285, 39.112410991965405]}, "properties": {"id": "gaithersburg-6153", "species_group": "cherry", "scientific_name": "Prunus serrulata", "common_name": "Japanese Flowering Cherry", "subtype_name": "Japanese Flowering Cherry", "zip_code": "20878", "ownership": "public", "ownership_raw": "City of Gaithersburg", "city": "Gaithersburg", "source_dataset": "Street Trees View", "source_department": "City of Gaithersburg", "source_last_edit_at": "2025-06-11T14:32:58.720000+00:00"}}, {"type": "Feature", "geometry": {"type": "Point", "coordinates": [-77.19417750949337, 39.11239488243069]}, "properties": {"id": "gaithersburg-6154", "species_group": "cherry", "scientific_name": "Prunus serrulata", "common_name": "Japanese Flowering Cherry", "subtype_name": "Japanese Flowering Cherry", "zip_code": "20878", "ownership": "public", "ownership_raw": "City of Gaithersburg", "city": "Gaithersburg", "source_dataset": "Street Trees View", "source_department": "City of Gaithersburg", "source_last_edit_at": "2025-06-11T14:32:58.720000+00:00"}}, {"type": "Feature", "geometry": {"type": "Point", "coordinates": [-77.19411167755705, 39.112377087253954]}, "properties": {"id": "gaithersburg-6155", "species_group": "cherry", "scientific_name": "Prunus serrulata", "common_name": "Japanese Flowering Cherry", "subtype_name": "Japanese Flowering Cherry", "zip_code": "20878", "ownership": "public", "ownership_raw": "City of Gaithersburg", "city": "Gaithersburg", "source_dataset": "Street Trees View", "source_department": "City of Gaithersburg", "source_last_edit_at": "2025-06-11T14:32:58.720000+00:00"}}, {"type": "Feature", "geometry": {"type": "Point", "coordinates": [-77.19401629916996, 39.11235784924477]}, "properties": {"id": "gaithersburg-6156", "species_group": "cherry", "scientific_name": "Prunus serrulata", "common_name": "Japanese Flowering Cherry", "subtype_name": "Japanese Flowering Cherry", "zip_code": "20878", "ownership": "public", "ownership_raw": "City of Gaithersburg", "city": "Gaithersburg", "source_dataset": "Street Trees View", "source_department": "City of Gaithersburg", "source_last_edit_at": "2025-06-11T14:32:58.720000+00:00"}}, {"type": "Feature", "geometry": {"type": "Point", "coordinates": [-77.19398020918918, 39.1123482785697]}, "properties": {"id": "gaithersburg-6157", "species_group": "cherry", "scientific_name": "Prunus serrulata", "common_name": "Japanese Flowering Cherry", "subtype_name": "Japanese Flowering Cherry", "zip_code": "20878", "ownership": "public", "ownership_raw": "City of Gaithersburg", "city": "Gaithersburg", "source_dataset": "Street Trees View", "source_department": "City of Gaithersburg", "source_last_edit_at": "2025-06-11T14:32:58.720000+00:00"}}, {"type": "Feature", "geometry": {"type": "Point", "coordinates": [-77.19389516835183, 39.112315644704864]}, "properties": {"id": "gaithersburg-6158", "species_group": "cherry", "scientific_name": "Prunus serrulata", "common_name": "Japanese Flowering Cherry", "subtype_name": "Japanese Flowering Cherry", "zip_code": "20878", "ownership": "public", "ownership_raw": "City of Gaithersburg", "city": "Gaithersburg", "source_dataset": "Street Trees View", "source_department": "City of Gaithersburg", "source_last_edit_at": "2025-06-11T14:32:58.720000+00:00"}}, {"type": "Feature", "geometry": {"type": "Point", "coordinates": [-77.19383042286478, 39.112296363058114]}, "properties": {"id": "gaithersburg-6159", "species_group": "cherry", "scientific_name": "Prunus serrulata", "common_name": "Japanese Flowering Cherry", "subtype_name": "Japanese Flowering Cherry", "zip_code": "20878", "ownership": "public", "ownership_raw": "City of Gaithersburg", "city": "Gaithersburg", "source_dataset": "Street Trees View", "source_department": "City of Gaithersburg", "source_last_edit_at": "2025-06-11T14:32:58.720000+00:00"}}, {"type": "Feature", "geometry": {"type": "Point", "coordinates": [-77.22387267080231, 39.11358657632565]}, "properties": {"id": "gaithersburg-6247", "species_group": "cherry", "scientific_name": "Prunus serrulata", "common_name": "Japanese Flowering Cherry", "subtype_name": "Japanese Flowering Cherry", "zip_code": "20878", "ownership": "public", "ownership_raw": "City of Gaithersburg", "city": "Gaithersburg", "source_dataset": "Street Trees View", "source_department": "City of Gaithersburg", "source_last_edit_at": "2025-06-11T14:32:58.720000+00:00"}}, {"type": "Feature", "geometry": {"type": "Point", "coordinates": [-77.22387734840345, 39.113504067819136]}, "properties": {"id": "gaithersburg-6248", "species_group": "cherry", "scientific_name": "Prunus serrulata", "common_name": "Japanese Flowering Cherry", "subtype_name": "Japanese Flowering Cherry", "zip_code": "20878", "ownership": "public", "ownership_raw": "City of Gaithersburg", "city": "Gaithersburg", "source_dataset": "Street Trees View", "source_department": "City of Gaithersburg", "source_last_edit_at": "2025-06-11T14:32:58.720000+00:00"}}, {"type": "Feature", "geometry": {"type": "Point", "coordinates": [-77.22396375670716, 39.113451686150924]}, "properties": {"id": "gaithersburg-6249", "species_group": "cherry", "scientific_name": "Prunus serrulata", "common_name": "Japanese Flowering Cherry", "subtype_name": "Japanese Flowering Cherry", "zip_code": "20878", "ownership": "public", "ownership_raw": "City of Gaithersburg", "city": "Gaithersburg", "source_dataset": "Street Trees View", "source_department": "City of Gaithersburg", "source_last_edit_at": "2025-06-11T14:32:58.720000+00:00"}}, {"type": "Feature", "geometry": {"type": "Point", "coordinates": [-77.2240696280429, 39.11346409312107]}, "properties": {"id": "gaithersburg-6250", "species_group": "cherry", "scientific_name": "Prunus serrulata", "common_name": "Japanese Flowering Cherry", "subtype_name": "Japanese Flowering Cherry", "zip_code": "20878", "ownership": "public", "ownership_raw": "City of Gaithersburg", "city": "Gaithersburg", "source_dataset": "Street Trees View", "source_department": "City of Gaithersburg", "source_last_edit_at": "2025-06-11T14:32:58.720000+00:00"}}, {"type": "Feature", "geometry": {"type": "Point", "coordinates": [-77.22411992059908, 39.11354298880574]}, "properties": {"id": "gaithersburg-6251", "species_group": "cherry", "scientific_name": "Prunus serrulata", "common_name": "Japanese Flowering Cherry", "subtype_name": "Japanese Flowering Cherry", "zip_code": "20878", "ownership": "public", "ownership_raw": "City of Gaithersburg", "city": "Gaithersburg", "source_dataset": "Street Trees View", "source_department": "City of Gaithersburg", "source_last_edit_at": "2025-06-11T14:32:58.720000+00:00"}}, {"type": "Feature", "geometry": {"type": "Point", "coordinates": [-77.22407612549522, 39.113625293783734]}, "properties": {"id": "gaithersburg-6252", "species_group": "cherry", "scientific_name": "Prunus serrulata", "common_name": "Japanese Flowering Cherry", "subtype_name": "Japanese Flowering Cherry", "zip_code": "20878", "ownership": "public", "ownership_raw": "City of Gaithersburg", "city": "Gaithersburg", "source_dataset": "Street Trees View", "source_department": "City of Gaithersburg", "source_last_edit_at": "2025-06-11T14:32:58.720000+00:00"}}, {"type": "Feature", "geometry": {"type": "Point", "coordinates": [-77.22396784033825, 39.113649471931765]}, "properties": {"id": "gaithersburg-6253", "species_group": "cherry", "scientific_name": "Prunus serrulata", "common_name": "Japanese Flowering Cherry", "subtype_name": "Japanese Flowering Cherry", "zip_code": "20878", "ownership": "public", "ownership_raw": "City of Gaithersburg", "city": "Gaithersburg", "source_dataset": "Street Trees View", "source_department": "City of Gaithersburg", "source_last_edit_at": "2025-06-11T14:32:58.720000+00:00"}}, {"type": "Feature", "geometry": {"type": "Point", "coordinates": [-77.22491681468918, 39.107427864807356]}, "properties": {"id": "gaithersburg-6276", "species_group": "cherry", "scientific_name": "Prunus serrulata", "common_name": "Japanese Flowering Cherry", "subtype_name": "Japanese Flowering Cherry", "zip_code": "20878", "ownership": "public", "ownership_raw": "City of Gaithersburg", "city": "Gaithersburg", "source_dataset": "Street Trees View", "source_department": "City of Gaithersburg", "source_last_edit_at": "2025-06-11T14:32:58.720000+00:00"}}, {"type": "Feature", "geometry": {"type": "Point", "coordinates": [-77.22491301204062, 39.107387660430206]}, "properties": {"id": "gaithersburg-6277", "species_group": "cherry", "scientific_name": "Prunus serrulata", "common_name": "Japanese Flowering Cherry", "subtype_name": "Japanese Flowering Cherry", "zip_code": "20878", "ownership": "public", "ownership_raw": "City of Gaithersburg", "city": "Gaithersburg", "source_dataset": "Street Trees View", "source_department": "City of Gaithersburg", "source_last_edit_at": "2025-06-11T14:32:58.720000+00:00"}}, {"type": "Feature", "geometry": {"type": "Point", "coordinates": [-77.22487496202784, 39.10740119320485]}, "properties": {"id": "gaithersburg-6278", "species_group": "cherry", "scientific_name": "Prunus serrulata", "common_name": "Japanese Flowering Cherry", "subtype_name": "Japanese Flowering Cherry", "zip_code": "20878", "ownership": "public", "ownership_raw": "City of Gaithersburg", "city": "Gaithersburg", "source_dataset": "Street Trees View", "source_department": "City of Gaithersburg", "source_last_edit_at": "2025-06-11T14:32:58.720000+00:00"}}, {"type": "Feature", "geometry": {"type": "Point", "coordinates": [-77.23480370976917, 39.146578898206016]}, "properties": {"id": "gaithersburg-632", "species_group": "crabapple", "scientific_name": "Malus floribunda", "common_name": "Crabapple", "subtype_name": "Malus floribunda", "zip_code": "20878", "ownership": "public", "ownership_raw": "City of Gaithersburg", "city": "Gaithersburg", "source_dataset": "Street Trees View", "source_department": "City of Gaithersburg", "source_last_edit_at": "2025-06-11T14:32:58.720000+00:00"}}, {"type": "Feature", "geometry": {"type": "Point", "coordinates": [-77.23477968966108, 39.1466279763489]}, "properties": {"id": "gaithersburg-633", "species_group": "crabapple", "scientific_name": "Malus floribunda", "common_name": "Crabapple", "subtype_name": "Malus floribunda", "zip_code": "20878", "ownership": "public", "ownership_raw": "City of Gaithersburg", "city": "Gaithersburg", "source_dataset": "Street Trees View", "source_department": "City of Gaithersburg", "source_last_edit_at": "2025-06-11T14:32:58.720000+00:00"}}, {"type": "Feature", "geometry": {"type": "Point", "coordinates": [-77.23474876715116, 39.14676579979007]}, "properties": {"id": "gaithersburg-634", "species_group": "crabapple", "scientific_name": "Malus floribunda", "common_name": "Crabapple", "subtype_name": "Malus floribunda", "zip_code": "20878", "ownership": "public", "ownership_raw": "City of Gaithersburg", "city": "Gaithersburg", "source_dataset": "Street Trees View", "source_department": "City of Gaithersburg", "source_last_edit_at": "2025-06-11T14:32:58.720000+00:00"}}, {"type": "Feature", "geometry": {"type": "Point", "coordinates": [-77.22434138849661, 39.105466469281325]}, "properties": {"id": "gaithersburg-6375", "species_group": "cherry", "scientific_name": "Prunus serrulata", "common_name": "Japanese Flowering Cherry", "subtype_name": "Japanese Flowering Cherry", "zip_code": "20878", "ownership": "public", "ownership_raw": "City of Gaithersburg", "city": "Gaithersburg", "source_dataset": "Street Trees View", "source_department": "City of Gaithersburg", "source_last_edit_at": "2025-06-11T14:32:58.720000+00:00"}}, {"type": "Feature", "geometry": {"type": "Point", "coordinates": [-77.22433548637117, 39.10543532282407]}, "properties": {"id": "gaithersburg-6376", "species_group": "cherry", "scientific_name": "Prunus serrulata", "common_name": "Japanese Flowering Cherry", "subtype_name": "Japanese Flowering Cherry", "zip_code": "20878", "ownership": "public", "ownership_raw": "City of Gaithersburg", "city": "Gaithersburg", "source_dataset": "Street Trees View", "source_department": "City of Gaithersburg", "source_last_edit_at": "2025-06-11T14:32:58.720000+00:00"}}, {"type": "Feature", "geometry": {"type": "Point", "coordinates": [-77.22436038651769, 39.10544561452373]}, "properties": {"id": "gaithersburg-6377", "species_group": "cherry", "scientific_name": "Prunus serrulata", "common_name": "Japanese Flowering Cherry", "subtype_name": "Japanese Flowering Cherry", "zip_code": "20878", "ownership": "public", "ownership_raw": "City of Gaithersburg", "city": "Gaithersburg", "source_dataset": "Street Trees View", "source_department": "City of Gaithersburg", "source_last_edit_at": "2025-06-11T14:32:58.720000+00:00"}}, {"type": "Feature", "geometry": {"type": "Point", "coordinates": [-77.23487685165378, 39.14726670529821]}, "properties": {"id": "gaithersburg-639", "species_group": "crabapple", "scientific_name": "Malus floribunda", "common_name": "Crabapple", "subtype_name": "Malus floribunda", "zip_code": "20878", "ownership": "public", "ownership_raw": "City of Gaithersburg", "city": "Gaithersburg", "source_dataset": "Street Trees View", "source_department": "City of Gaithersburg", "source_last_edit_at": "2025-06-11T14:32:58.720000+00:00"}}, {"type": "Feature", "geometry": {"type": "Point", "coordinates": [-77.22097223251258, 39.10467774414021]}, "properties": {"id": "gaithersburg-6397", "species_group": "cherry", "scientific_name": "Prunus serrulata", "common_name": "Japanese Flowering Cherry", "subtype_name": "Japanese Flowering Cherry", "zip_code": "20878", "ownership": "public", "ownership_raw": "City of Gaithersburg", "city": "Gaithersburg", "source_dataset": "Street Trees View", "source_department": "City of Gaithersburg", "source_last_edit_at": "2025-06-11T14:32:58.720000+00:00"}}, {"type": "Feature", "geometry": {"type": "Point", "coordinates": [-77.22066137112644, 39.10455749583629]}, "properties": {"id": "gaithersburg-6399", "species_group": "cherry", "scientific_name": "Prunus serrulata", "common_name": "Japanese Flowering Cherry", "subtype_name": "Japanese Flowering Cherry", "zip_code": "20878", "ownership": "public", "ownership_raw": "City of Gaithersburg", "city": "Gaithersburg", "source_dataset": "Street Trees View", "source_department": "City of Gaithersburg", "source_last_edit_at": "2025-06-11T14:32:58.720000+00:00"}}, {"type": "Feature", "geometry": {"type": "Point", "coordinates": [-77.23475077682406, 39.147300778895875]}, "properties": {"id": "gaithersburg-640", "species_group": "cherry", "scientific_name": "Prunus serrulata", "common_name": "Japanese Flowering Cherry", "subtype_name": "Japanese Flowering Cherry", "zip_code": "20878", "ownership": "public", "ownership_raw": "City of Gaithersburg", "city": "Gaithersburg", "source_dataset": "Street Trees View", "source_department": "City of Gaithersburg", "source_last_edit_at": "2025-06-11T14:32:58.720000+00:00"}}, {"type": "Feature", "geometry": {"type": "Point", "coordinates": [-77.23473192219213, 39.1473773306952]}, "properties": {"id": "gaithersburg-641", "species_group": "cherry", "scientific_name": "Prunus serrulata", "common_name": "Japanese Flowering Cherry", "subtype_name": "Japanese Flowering Cherry", "zip_code": "20878", "ownership": "public", "ownership_raw": "City of Gaithersburg", "city": "Gaithersburg", "source_dataset": "Street Trees View", "source_department": "City of Gaithersburg", "source_last_edit_at": "2025-06-11T14:32:58.720000+00:00"}}, {"type": "Feature", "geometry": {"type": "Point", "coordinates": [-77.23472125310938, 39.147434558558466]}, "properties": {"id": "gaithersburg-642", "species_group": "cherry", "scientific_name": "Prunus serrulata", "common_name": "Japanese Flowering Cherry", "subtype_name": "Japanese Flowering Cherry", "zip_code": "20878", "ownership": "public", "ownership_raw": "City of Gaithersburg", "city": "Gaithersburg", "source_dataset": "Street Trees View", "source_department": "City of Gaithersburg", "source_last_edit_at": "2025-06-11T14:32:58.720000+00:00"}}, {"type": "Feature", "geometry": {"type": "Point", "coordinates": [-77.23470270437623, 39.14750637518321]}, "properties": {"id": "gaithersburg-643", "species_group": "cherry", "scientific_name": "Prunus serrulata", "common_name": "Japanese Flowering Cherry", "subtype_name": "Japanese Flowering Cherry", "zip_code": "20878", "ownership": "public", "ownership_raw": "City of Gaithersburg", "city": "Gaithersburg", "source_dataset": "Street Trees View", "source_department": "City of Gaithersburg", "source_last_edit_at": "2025-06-11T14:32:58.720000+00:00"}}, {"type": "Feature", "geometry": {"type": "Point", "coordinates": [-77.23469025889068, 39.14757252712587]}, "properties": {"id": "gaithersburg-644", "species_group": "cherry", "scientific_name": "Prunus serrulata", "common_name": "Japanese Flowering Cherry", "subtype_name": "Japanese Flowering Cherry", "zip_code": "20878", "ownership": "public", "ownership_raw": "City of Gaithersburg", "city": "Gaithersburg", "source_dataset": "Street Trees View", "source_department": "City of Gaithersburg", "source_last_edit_at": "2025-06-11T14:32:58.720000+00:00"}}, {"type": "Feature", "geometry": {"type": "Point", "coordinates": [-77.23703375815248, 39.14712422076003]}, "properties": {"id": "gaithersburg-646", "species_group": "peach", "scientific_name": "Prunus persica", "common_name": "Peach", "subtype_name": "Peach", "zip_code": "20878", "ownership": "public", "ownership_raw": "City of Gaithersburg", "city": "Gaithersburg", "source_dataset": "Street Trees View", "source_department": "City of Gaithersburg", "source_last_edit_at": "2025-06-11T14:32:58.720000+00:00"}}, {"type": "Feature", "geometry": {"type": "Point", "coordinates": [-77.20854114906278, 39.12681416957218]}, "properties": {"id": "gaithersburg-6518", "species_group": "cherry", "scientific_name": "Prunus serrulata", "common_name": "Japanese Flowering Cherry", "subtype_name": "Japanese Flowering Cherry", "zip_code": "20878", "ownership": "public", "ownership_raw": "City of Gaithersburg", "city": "Gaithersburg", "source_dataset": "Street Trees View", "source_department": "City of Gaithersburg", "source_last_edit_at": "2025-06-11T14:32:58.720000+00:00"}}, {"type": "Feature", "geometry": {"type": "Point", "coordinates": [-77.20851288924884, 39.126796167929854]}, "properties": {"id": "gaithersburg-6519", "species_group": "cherry", "scientific_name": "Prunus serrulata", "common_name": "Japanese Flowering Cherry", "subtype_name": "Japanese Flowering Cherry", "zip_code": "20878", "ownership": "public", "ownership_raw": "City of Gaithersburg", "city": "Gaithersburg", "source_dataset": "Street Trees View", "source_department": "City of Gaithersburg", "source_last_edit_at": "2025-06-11T14:32:58.720000+00:00"}}, {"type": "Feature", "geometry": {"type": "Point", "coordinates": [-77.20844253635406, 39.1267529171134]}, "properties": {"id": "gaithersburg-6520", "species_group": "cherry", "scientific_name": "Prunus serrulata", "common_name": "Japanese Flowering Cherry", "subtype_name": "Japanese Flowering Cherry", "zip_code": "20878", "ownership": "public", "ownership_raw": "City of Gaithersburg", "city": "Gaithersburg", "source_dataset": "Street Trees View", "source_department": "City of Gaithersburg", "source_last_edit_at": "2025-06-11T14:32:58.720000+00:00"}}, {"type": "Feature", "geometry": {"type": "Point", "coordinates": [-77.21830047517145, 39.11287761606503]}, "properties": {"id": "gaithersburg-6539", "species_group": "cherry", "scientific_name": "Prunus serrulata", "common_name": "Japanese Flowering Cherry", "subtype_name": "Japanese Flowering Cherry", "zip_code": "20878", "ownership": "public", "ownership_raw": "City of Gaithersburg", "city": "Gaithersburg", "source_dataset": "Street Trees View", "source_department": "City of Gaithersburg", "source_last_edit_at": "2025-06-11T14:32:58.720000+00:00"}}, {"type": "Feature", "geometry": {"type": "Point", "coordinates": [-77.21792201395682, 39.11270055076112]}, "properties": {"id": "gaithersburg-6542", "species_group": "cherry", "scientific_name": "Prunus serrulata", "common_name": "Japanese Flowering Cherry", "subtype_name": "Japanese Flowering Cherry", "zip_code": "20878", "ownership": "public", "ownership_raw": "City of Gaithersburg", "city": "Gaithersburg", "source_dataset": "Street Trees View", "source_department": "City of Gaithersburg", "source_last_edit_at": "2025-06-11T14:32:58.720000+00:00"}}, {"type": "Feature", "geometry": {"type": "Point", "coordinates": [-77.2176550237394, 39.112626726661986]}, "properties": {"id": "gaithersburg-6544", "species_group": "cherry", "scientific_name": "Prunus serrulata", "common_name": "Japanese Flowering Cherry", "subtype_name": "Japanese Flowering Cherry", "zip_code": "20878", "ownership": "public", "ownership_raw": "City of Gaithersburg", "city": "Gaithersburg", "source_dataset": "Street Trees View", "source_department": "City of Gaithersburg", "source_last_edit_at": "2025-06-11T14:32:58.720000+00:00"}}, {"type": "Feature", "geometry": {"type": "Point", "coordinates": [-77.23493672967287, 39.14703824662379]}, "properties": {"id": "gaithersburg-659", "species_group": "cherry", "scientific_name": "Prunus serrulata", "common_name": "Japanese Flowering Cherry", "subtype_name": "Japanese Flowering Cherry", "zip_code": "20878", "ownership": "public", "ownership_raw": "City of Gaithersburg", "city": "Gaithersburg", "source_dataset": "Street Trees View", "source_department": "City of Gaithersburg", "source_last_edit_at": "2025-06-11T14:32:58.720000+00:00"}}, {"type": "Feature", "geometry": {"type": "Point", "coordinates": [-77.23493811692893, 39.14700961131414]}, "properties": {"id": "gaithersburg-660", "species_group": "cherry", "scientific_name": "Prunus serrulata", "common_name": "Japanese Flowering Cherry", "subtype_name": "Japanese Flowering Cherry", "zip_code": "20878", "ownership": "public", "ownership_raw": "City of Gaithersburg", "city": "Gaithersburg", "source_dataset": "Street Trees View", "source_department": "City of Gaithersburg", "source_last_edit_at": "2025-06-11T14:32:58.720000+00:00"}}, {"type": "Feature", "geometry": {"type": "Point", "coordinates": [-77.23496220562028, 39.14690743049886]}, "properties": {"id": "gaithersburg-661", "species_group": "cherry", "scientific_name": "Prunus serrulata", "common_name": "Japanese Flowering Cherry", "subtype_name": "Japanese Flowering Cherry", "zip_code": "20878", "ownership": "public", "ownership_raw": "City of Gaithersburg", "city": "Gaithersburg", "source_dataset": "Street Trees View", "source_department": "City of Gaithersburg", "source_last_edit_at": "2025-06-11T14:32:58.720000+00:00"}}, {"type": "Feature", "geometry": {"type": "Point", "coordinates": [-77.23498444175614, 39.14679742732]}, "properties": {"id": "gaithersburg-662", "species_group": "crabapple", "scientific_name": "Malus floribunda", "common_name": "Crabapple", "subtype_name": "Malus floribunda", "zip_code": "20878", "ownership": "public", "ownership_raw": "City of Gaithersburg", "city": "Gaithersburg", "source_dataset": "Street Trees View", "source_department": "City of Gaithersburg", "source_last_edit_at": "2025-06-11T14:32:58.720000+00:00"}}, {"type": "Feature", "geometry": {"type": "Point", "coordinates": [-77.23364457011706, 39.12869423030697]}, "properties": {"id": "gaithersburg-6977", "species_group": "cherry", "scientific_name": "Prunus serrulata", "common_name": "Japanese Flowering Cherry", "subtype_name": "Japanese Flowering Cherry", "zip_code": "20878", "ownership": "public", "ownership_raw": "City of Gaithersburg", "city": "Gaithersburg", "source_dataset": "Street Trees View", "source_department": "City of Gaithersburg", "source_last_edit_at": "2025-06-11T14:32:58.720000+00:00"}}, {"type": "Feature", "geometry": {"type": "Point", "coordinates": [-77.23363977351873, 39.1286641722419]}, "properties": {"id": "gaithersburg-6978", "species_group": "cherry", "scientific_name": "Prunus serrulata", "common_name": "Japanese Flowering Cherry", "subtype_name": "Japanese Flowering Cherry", "zip_code": "20878", "ownership": "public", "ownership_raw": "City of Gaithersburg", "city": "Gaithersburg", "source_dataset": "Street Trees View", "source_department": "City of Gaithersburg", "source_last_edit_at": "2025-06-11T14:32:58.720000+00:00"}}, {"type": "Feature", "geometry": {"type": "Point", "coordinates": [-77.2336437041956, 39.12863519935203]}, "properties": {"id": "gaithersburg-6979", "species_group": "cherry", "scientific_name": "Prunus serrulata", "common_name": "Japanese Flowering Cherry", "subtype_name": "Japanese Flowering Cherry", "zip_code": "20878", "ownership": "public", "ownership_raw": "City of Gaithersburg", "city": "Gaithersburg", "source_dataset": "Street Trees View", "source_department": "City of Gaithersburg", "source_last_edit_at": "2025-06-11T14:32:58.720000+00:00"}}, {"type": "Feature", "geometry": {"type": "Point", "coordinates": [-77.23364566992751, 39.128601651639244]}, "properties": {"id": "gaithersburg-6980", "species_group": "cherry", "scientific_name": "Prunus serrulata", "common_name": "Japanese Flowering Cherry", "subtype_name": "Japanese Flowering Cherry", "zip_code": "20878", "ownership": "public", "ownership_raw": "City of Gaithersburg", "city": "Gaithersburg", "source_dataset": "Street Trees View", "source_department": "City of Gaithersburg", "source_last_edit_at": "2025-06-11T14:32:58.720000+00:00"}}, {"type": "Feature", "geometry": {"type": "Point", "coordinates": [-77.23368105394553, 39.128697720215044]}, "properties": {"id": "gaithersburg-6981", "species_group": "cherry", "scientific_name": "Prunus serrulata", "common_name": "Japanese Flowering Cherry", "subtype_name": "Japanese Flowering Cherry", "zip_code": "20878", "ownership": "public", "ownership_raw": "City of Gaithersburg", "city": "Gaithersburg", "source_dataset": "Street Trees View", "source_department": "City of Gaithersburg", "source_last_edit_at": "2025-06-11T14:32:58.720000+00:00"}}, {"type": "Feature", "geometry": {"type": "Point", "coordinates": [-77.23368301965994, 39.12865959736579]}, "properties": {"id": "gaithersburg-6982", "species_group": "cherry", "scientific_name": "Prunus serrulata", "common_name": "Japanese Flowering Cherry", "subtype_name": "Japanese Flowering Cherry", "zip_code": "20878", "ownership": "public", "ownership_raw": "City of Gaithersburg", "city": "Gaithersburg", "source_dataset": "Street Trees View", "source_department": "City of Gaithersburg", "source_last_edit_at": "2025-06-11T14:32:58.720000+00:00"}}, {"type": "Feature", "geometry": {"type": "Point", "coordinates": [-77.23368301927569, 39.12862147573379]}, "properties": {"id": "gaithersburg-6983", "species_group": "cherry", "scientific_name": "Prunus serrulata", "common_name": "Japanese Flowering Cherry", "subtype_name": "Japanese Flowering Cherry", "zip_code": "20878", "ownership": "public", "ownership_raw": "City of Gaithersburg", "city": "Gaithersburg", "source_dataset": "Street Trees View", "source_department": "City of Gaithersburg", "source_last_edit_at": "2025-06-11T14:32:58.720000+00:00"}}, {"type": "Feature", "geometry": {"type": "Point", "coordinates": [-77.23368695070195, 39.128595552030795]}, "properties": {"id": "gaithersburg-6984", "species_group": "cherry", "scientific_name": "Prunus serrulata", "common_name": "Japanese Flowering Cherry", "subtype_name": "Japanese Flowering Cherry", "zip_code": "20878", "ownership": "public", "ownership_raw": "City of Gaithersburg", "city": "Gaithersburg", "source_dataset": "Street Trees View", "source_department": "City of Gaithersburg", "source_last_edit_at": "2025-06-11T14:32:58.720000+00:00"}}, {"type": "Feature", "geometry": {"type": "Point", "coordinates": [-77.23353890283799, 39.128074962532374]}, "properties": {"id": "gaithersburg-6993", "species_group": "cherry", "scientific_name": "Prunus serrulata", "common_name": "Japanese Flowering Cherry", "subtype_name": "Japanese Flowering Cherry", "zip_code": "20878", "ownership": "public", "ownership_raw": "City of Gaithersburg", "city": "Gaithersburg", "source_dataset": "Street Trees View", "source_department": "City of Gaithersburg", "source_last_edit_at": "2025-06-11T14:32:58.720000+00:00"}}, {"type": "Feature", "geometry": {"type": "Point", "coordinates": [-77.23356270207691, 39.12806802853133]}, "properties": {"id": "gaithersburg-6994", "species_group": "cherry", "scientific_name": "Prunus serrulata", "common_name": "Japanese Flowering Cherry", "subtype_name": "Japanese Flowering Cherry", "zip_code": "20878", "ownership": "public", "ownership_raw": "City of Gaithersburg", "city": "Gaithersburg", "source_dataset": "Street Trees View", "source_department": "City of Gaithersburg", "source_last_edit_at": "2025-06-11T14:32:58.720000+00:00"}}, {"type": "Feature", "geometry": {"type": "Point", "coordinates": [-77.23359062867425, 39.128060311616046]}, "properties": {"id": "gaithersburg-6995", "species_group": "cherry", "scientific_name": "Prunus serrulata", "common_name": "Japanese Flowering Cherry", "subtype_name": "Japanese Flowering Cherry", "zip_code": "20878", "ownership": "public", "ownership_raw": "City of Gaithersburg", "city": "Gaithersburg", "source_dataset": "Street Trees View", "source_department": "City of Gaithersburg", "source_last_edit_at": "2025-06-11T14:32:58.720000+00:00"}}, {"type": "Feature", "geometry": {"type": "Point", "coordinates": [-77.23357097173793, 39.12802066357134]}, "properties": {"id": "gaithersburg-6996", "species_group": "cherry", "scientific_name": "Prunus serrulata", "common_name": "Japanese Flowering Cherry", "subtype_name": "Japanese Flowering Cherry", "zip_code": "20878", "ownership": "public", "ownership_raw": "City of Gaithersburg", "city": "Gaithersburg", "source_dataset": "Street Trees View", "source_department": "City of Gaithersburg", "source_last_edit_at": "2025-06-11T14:32:58.720000+00:00"}}, {"type": "Feature", "geometry": {"type": "Point", "coordinates": [-77.23353990878809, 39.12802665540384]}, "properties": {"id": "gaithersburg-6997", "species_group": "cherry", "scientific_name": "Prunus serrulata", "common_name": "Japanese Flowering Cherry", "subtype_name": "Japanese Flowering Cherry", "zip_code": "20878", "ownership": "public", "ownership_raw": "City of Gaithersburg", "city": "Gaithersburg", "source_dataset": "Street Trees View", "source_department": "City of Gaithersburg", "source_last_edit_at": "2025-06-11T14:32:58.720000+00:00"}}, {"type": "Feature", "geometry": {"type": "Point", "coordinates": [-77.23351199882235, 39.12803591263326]}, "properties": {"id": "gaithersburg-6998", "species_group": "cherry", "scientific_name": "Prunus serrulata", "common_name": "Japanese Flowering Cherry", "subtype_name": "Japanese Flowering Cherry", "zip_code": "20878", "ownership": "public", "ownership_raw": "City of Gaithersburg", "city": "Gaithersburg", "source_dataset": "Street Trees View", "source_department": "City of Gaithersburg", "source_last_edit_at": "2025-06-11T14:32:58.720000+00:00"}}, {"type": "Feature", "geometry": {"type": "Point", "coordinates": [-77.23348031154663, 39.12799265923878]}, "properties": {"id": "gaithersburg-6999", "species_group": "cherry", "scientific_name": "Prunus serrulata", "common_name": "Japanese Flowering Cherry", "subtype_name": "Japanese Flowering Cherry", "zip_code": "20878", "ownership": "public", "ownership_raw": "City of Gaithersburg", "city": "Gaithersburg", "source_dataset": "Street Trees View", "source_department": "City of Gaithersburg", "source_last_edit_at": "2025-06-11T14:32:58.720000+00:00"}}, {"type": "Feature", "geometry": {"type": "Point", "coordinates": [-77.23351593033304, 39.12798711594887]}, "properties": {"id": "gaithersburg-7000", "species_group": "cherry", "scientific_name": "Prunus serrulata", "common_name": "Japanese Flowering Cherry", "subtype_name": "Japanese Flowering Cherry", "zip_code": "20878", "ownership": "public", "ownership_raw": "City of Gaithersburg", "city": "Gaithersburg", "source_dataset": "Street Trees View", "source_department": "City of Gaithersburg", "source_last_edit_at": "2025-06-11T14:32:58.720000+00:00"}}, {"type": "Feature", "geometry": {"type": "Point", "coordinates": [-77.23354597340449, 39.12797801210702]}, "properties": {"id": "gaithersburg-7001", "species_group": "cherry", "scientific_name": "Prunus serrulata", "common_name": "Japanese Flowering Cherry", "subtype_name": "Japanese Flowering Cherry", "zip_code": "20878", "ownership": "public", "ownership_raw": "City of Gaithersburg", "city": "Gaithersburg", "source_dataset": "Street Trees View", "source_department": "City of Gaithersburg", "source_last_edit_at": "2025-06-11T14:32:58.720000+00:00"}}, {"type": "Feature", "geometry": {"type": "Point", "coordinates": [-77.2335237939794, 39.12794746800915]}, "properties": {"id": "gaithersburg-7002", "species_group": "cherry", "scientific_name": "Prunus serrulata", "common_name": "Japanese Flowering Cherry", "subtype_name": "Japanese Flowering Cherry", "zip_code": "20878", "ownership": "public", "ownership_raw": "City of Gaithersburg", "city": "Gaithersburg", "source_dataset": "Street Trees View", "source_department": "City of Gaithersburg", "source_last_edit_at": "2025-06-11T14:32:58.720000+00:00"}}, {"type": "Feature", "geometry": {"type": "Point", "coordinates": [-77.23349352390512, 39.12795858287181]}, "properties": {"id": "gaithersburg-7003", "species_group": "cherry", "scientific_name": "Prunus serrulata", "common_name": "Japanese Flowering Cherry", "subtype_name": "Japanese Flowering Cherry", "zip_code": "20878", "ownership": "public", "ownership_raw": "City of Gaithersburg", "city": "Gaithersburg", "source_dataset": "Street Trees View", "source_department": "City of Gaithersburg", "source_last_edit_at": "2025-06-11T14:32:58.720000+00:00"}}, {"type": "Feature", "geometry": {"type": "Point", "coordinates": [-77.2334629314215, 39.1279662573324]}, "properties": {"id": "gaithersburg-7004", "species_group": "cherry", "scientific_name": "Prunus serrulata", "common_name": "Japanese Flowering Cherry", "subtype_name": "Japanese Flowering Cherry", "zip_code": "20878", "ownership": "public", "ownership_raw": "City of Gaithersburg", "city": "Gaithersburg", "source_dataset": "Street Trees View", "source_department": "City of Gaithersburg", "source_last_edit_at": "2025-06-11T14:32:58.720000+00:00"}}, {"type": "Feature", "geometry": {"type": "Point", "coordinates": [-77.23530769147078, 39.143762413137736]}, "properties": {"id": "gaithersburg-701", "species_group": "cherry", "scientific_name": "Prunus serrulata", "common_name": "Japanese Flowering Cherry", "subtype_name": "Japanese Flowering Cherry", "zip_code": "20878", "ownership": "public", "ownership_raw": "City of Gaithersburg", "city": "Gaithersburg", "source_dataset": "Street Trees View", "source_department": "City of Gaithersburg", "source_last_edit_at": "2025-06-11T14:32:58.720000+00:00"}}, {"type": "Feature", "geometry": {"type": "Point", "coordinates": [-77.23277440144487, 39.12748692302179]}, "properties": {"id": "gaithersburg-7010", "species_group": "cherry", "scientific_name": "Prunus serrulata", "common_name": "Japanese Flowering Cherry", "subtype_name": "Japanese Flowering Cherry", "zip_code": "20878", "ownership": "public", "ownership_raw": "City of Gaithersburg", "city": "Gaithersburg", "source_dataset": "Street Trees View", "source_department": "City of Gaithersburg", "source_last_edit_at": "2025-06-11T14:32:58.720000+00:00"}}, {"type": "Feature", "geometry": {"type": "Point", "coordinates": [-77.23278950521782, 39.12746600088599]}, "properties": {"id": "gaithersburg-7011", "species_group": "cherry", "scientific_name": "Prunus serrulata", "common_name": "Japanese Flowering Cherry", "subtype_name": "Japanese Flowering Cherry", "zip_code": "20878", "ownership": "public", "ownership_raw": "City of Gaithersburg", "city": "Gaithersburg", "source_dataset": "Street Trees View", "source_department": "City of Gaithersburg", "source_last_edit_at": "2025-06-11T14:32:58.720000+00:00"}}, {"type": "Feature", "geometry": {"type": "Point", "coordinates": [-77.23279597829558, 39.12743670858923]}, "properties": {"id": "gaithersburg-7012", "species_group": "cherry", "scientific_name": "Prunus serrulata", "common_name": "Japanese Flowering Cherry", "subtype_name": "Japanese Flowering Cherry", "zip_code": "20878", "ownership": "public", "ownership_raw": "City of Gaithersburg", "city": "Gaithersburg", "source_dataset": "Street Trees View", "source_department": "City of Gaithersburg", "source_last_edit_at": "2025-06-11T14:32:58.720000+00:00"}}, {"type": "Feature", "geometry": {"type": "Point", "coordinates": [-77.23276139389091, 39.12742748737927]}, "properties": {"id": "gaithersburg-7013", "species_group": "cherry", "scientific_name": "Prunus serrulata", "common_name": "Japanese Flowering Cherry", "subtype_name": "Japanese Flowering Cherry", "zip_code": "20878", "ownership": "public", "ownership_raw": "City of Gaithersburg", "city": "Gaithersburg", "source_dataset": "Street Trees View", "source_department": "City of Gaithersburg", "source_last_edit_at": "2025-06-11T14:32:58.720000+00:00"}}, {"type": "Feature", "geometry": {"type": "Point", "coordinates": [-77.23274742957986, 39.12745344719676]}, "properties": {"id": "gaithersburg-7014", "species_group": "cherry", "scientific_name": "Prunus serrulata", "common_name": "Japanese Flowering Cherry", "subtype_name": "Japanese Flowering Cherry", "zip_code": "20878", "ownership": "public", "ownership_raw": "City of Gaithersburg", "city": "Gaithersburg", "source_dataset": "Street Trees View", "source_department": "City of Gaithersburg", "source_last_edit_at": "2025-06-11T14:32:58.720000+00:00"}}, {"type": "Feature", "geometry": {"type": "Point", "coordinates": [-77.23273771946369, 39.127476044004176]}, "properties": {"id": "gaithersburg-7015", "species_group": "cherry", "scientific_name": "Prunus serrulata", "common_name": "Japanese Flowering Cherry", "subtype_name": "Japanese Flowering Cherry", "zip_code": "20878", "ownership": "public", "ownership_raw": "City of Gaithersburg", "city": "Gaithersburg", "source_dataset": "Street Trees View", "source_department": "City of Gaithersburg", "source_last_edit_at": "2025-06-11T14:32:58.720000+00:00"}}, {"type": "Feature", "geometry": {"type": "Point", "coordinates": [-77.232703196818, 39.12746767480653]}, "properties": {"id": "gaithersburg-7016", "species_group": "cherry", "scientific_name": "Prunus serrulata", "common_name": "Japanese Flowering Cherry", "subtype_name": "Japanese Flowering Cherry", "zip_code": "20878", "ownership": "public", "ownership_raw": "City of Gaithersburg", "city": "Gaithersburg", "source_dataset": "Street Trees View", "source_department": "City of Gaithersburg", "source_last_edit_at": "2025-06-11T14:32:58.720000+00:00"}}, {"type": "Feature", "geometry": {"type": "Point", "coordinates": [-77.23271182737096, 39.127441730088975]}, "properties": {"id": "gaithersburg-7017", "species_group": "cherry", "scientific_name": "Prunus serrulata", "common_name": "Japanese Flowering Cherry", "subtype_name": "Japanese Flowering Cherry", "zip_code": "20878", "ownership": "public", "ownership_raw": "City of Gaithersburg", "city": "Gaithersburg", "source_dataset": "Street Trees View", "source_department": "City of Gaithersburg", "source_last_edit_at": "2025-06-11T14:32:58.720000+00:00"}}, {"type": "Feature", "geometry": {"type": "Point", "coordinates": [-77.23272045865122, 39.1274149494314]}, "properties": {"id": "gaithersburg-7018", "species_group": "cherry", "scientific_name": "Prunus serrulata", "common_name": "Japanese Flowering Cherry", "subtype_name": "Japanese Flowering Cherry", "zip_code": "20878", "ownership": "public", "ownership_raw": "City of Gaithersburg", "city": "Gaithersburg", "source_dataset": "Street Trees View", "source_department": "City of Gaithersburg", "source_last_edit_at": "2025-06-11T14:32:58.720000+00:00"}}, {"type": "Feature", "geometry": {"type": "Point", "coordinates": [-77.23268239659645, 39.12740677462084]}, "properties": {"id": "gaithersburg-7019", "species_group": "cherry", "scientific_name": "Prunus serrulata", "common_name": "Japanese Flowering Cherry", "subtype_name": "Japanese Flowering Cherry", "zip_code": "20878", "ownership": "public", "ownership_raw": "City of Gaithersburg", "city": "Gaithersburg", "source_dataset": "Street Trees View", "source_department": "City of Gaithersburg", "source_last_edit_at": "2025-06-11T14:32:58.720000+00:00"}}, {"type": "Feature", "geometry": {"type": "Point", "coordinates": [-77.23555831233864, 39.143711655568566]}, "properties": {"id": "gaithersburg-702", "species_group": "cherry", "scientific_name": "Prunus serrulata", "common_name": "Japanese Flowering Cherry", "subtype_name": "Japanese Flowering Cherry", "zip_code": "20878", "ownership": "public", "ownership_raw": "City of Gaithersburg", "city": "Gaithersburg", "source_dataset": "Street Trees View", "source_department": "City of Gaithersburg", "source_last_edit_at": "2025-06-11T14:32:58.720000+00:00"}}, {"type": "Feature", "geometry": {"type": "Point", "coordinates": [-77.2326743883487, 39.127430278748214]}, "properties": {"id": "gaithersburg-7020", "species_group": "cherry", "scientific_name": "Prunus serrulata", "common_name": "Japanese Flowering Cherry", "subtype_name": "Japanese Flowering Cherry", "zip_code": "20878", "ownership": "public", "ownership_raw": "City of Gaithersburg", "city": "Gaithersburg", "source_dataset": "Street Trees View", "source_department": "City of Gaithersburg", "source_last_edit_at": "2025-06-11T14:32:58.720000+00:00"}}, {"type": "Feature", "geometry": {"type": "Point", "coordinates": [-77.23266373566142, 39.12745711836349]}, "properties": {"id": "gaithersburg-7021", "species_group": "cherry", "scientific_name": "Prunus serrulata", "common_name": "Japanese Flowering Cherry", "subtype_name": "Japanese Flowering Cherry", "zip_code": "20878", "ownership": "public", "ownership_raw": "City of Gaithersburg", "city": "Gaithersburg", "source_dataset": "Street Trees View", "source_department": "City of Gaithersburg", "source_last_edit_at": "2025-06-11T14:32:58.720000+00:00"}}, {"type": "Feature", "geometry": {"type": "Point", "coordinates": [-77.23134169027205, 39.127499477515755]}, "properties": {"id": "gaithersburg-7026", "species_group": "cherry", "scientific_name": "Prunus serrulata", "common_name": "Japanese Flowering Cherry", "subtype_name": "Japanese Flowering Cherry", "zip_code": "20878", "ownership": "public", "ownership_raw": "City of Gaithersburg", "city": "Gaithersburg", "source_dataset": "Street Trees View", "source_department": "City of Gaithersburg", "source_last_edit_at": "2025-06-11T14:32:58.720000+00:00"}}, {"type": "Feature", "geometry": {"type": "Point", "coordinates": [-77.23133413785929, 39.127472696476225]}, "properties": {"id": "gaithersburg-7027", "species_group": "cherry", "scientific_name": "Prunus serrulata", "common_name": "Japanese Flowering Cherry", "subtype_name": "Japanese Flowering Cherry", "zip_code": "20878", "ownership": "public", "ownership_raw": "City of Gaithersburg", "city": "Gaithersburg", "source_dataset": "Street Trees View", "source_department": "City of Gaithersburg", "source_last_edit_at": "2025-06-11T14:32:58.720000+00:00"}}, {"type": "Feature", "geometry": {"type": "Point", "coordinates": [-77.23132982267221, 39.1274509372839]}, "properties": {"id": "gaithersburg-7028", "species_group": "cherry", "scientific_name": "Prunus serrulata", "common_name": "Japanese Flowering Cherry", "subtype_name": "Japanese Flowering Cherry", "zip_code": "20878", "ownership": "public", "ownership_raw": "City of Gaithersburg", "city": "Gaithersburg", "source_dataset": "Street Trees View", "source_department": "City of Gaithersburg", "source_last_edit_at": "2025-06-11T14:32:58.720000+00:00"}}, {"type": "Feature", "geometry": {"type": "Point", "coordinates": [-77.23128666959634, 39.127457632482695]}, "properties": {"id": "gaithersburg-7029", "species_group": "cherry", "scientific_name": "Prunus serrulata", "common_name": "Japanese Flowering Cherry", "subtype_name": "Japanese Flowering Cherry", "zip_code": "20878", "ownership": "public", "ownership_raw": "City of Gaithersburg", "city": "Gaithersburg", "source_dataset": "Street Trees View", "source_department": "City of Gaithersburg", "source_last_edit_at": "2025-06-11T14:32:58.720000+00:00"}}, {"type": "Feature", "geometry": {"type": "Point", "coordinates": [-77.23591409905588, 39.14365682598252]}, "properties": {"id": "gaithersburg-703", "species_group": "cherry", "scientific_name": "Prunus serrulata", "common_name": "Japanese Flowering Cherry", "subtype_name": "Japanese Flowering Cherry", "zip_code": "20878", "ownership": "public", "ownership_raw": "City of Gaithersburg", "city": "Gaithersburg", "source_dataset": "Street Trees View", "source_department": "City of Gaithersburg", "source_last_edit_at": "2025-06-11T14:32:58.720000+00:00"}}, {"type": "Feature", "geometry": {"type": "Point", "coordinates": [-77.23129314159368, 39.127476881408754]}, "properties": {"id": "gaithersburg-7030", "species_group": "cherry", "scientific_name": "Prunus serrulata", "common_name": "Japanese Flowering Cherry", "subtype_name": "Japanese Flowering Cherry", "zip_code": "20878", "ownership": "public", "ownership_raw": "City of Gaithersburg", "city": "Gaithersburg", "source_dataset": "Street Trees View", "source_department": "City of Gaithersburg", "source_last_edit_at": "2025-06-11T14:32:58.720000+00:00"}}, {"type": "Feature", "geometry": {"type": "Point", "coordinates": [-77.23129637837216, 39.12750701021446]}, "properties": {"id": "gaithersburg-7031", "species_group": "cherry", "scientific_name": "Prunus serrulata", "common_name": "Japanese Flowering Cherry", "subtype_name": "Japanese Flowering Cherry", "zip_code": "20878", "ownership": "public", "ownership_raw": "City of Gaithersburg", "city": "Gaithersburg", "source_dataset": "Street Trees View", "source_department": "City of Gaithersburg", "source_last_edit_at": "2025-06-11T14:32:58.720000+00:00"}}, {"type": "Feature", "geometry": {"type": "Point", "coordinates": [-77.23124480825597, 39.12751337700362]}, "properties": {"id": "gaithersburg-7032", "species_group": "cherry", "scientific_name": "Prunus serrulata", "common_name": "Japanese Flowering Cherry", "subtype_name": "Japanese Flowering Cherry", "zip_code": "20878", "ownership": "public", "ownership_raw": "City of Gaithersburg", "city": "Gaithersburg", "source_dataset": "Street Trees View", "source_department": "City of Gaithersburg", "source_last_edit_at": "2025-06-11T14:32:58.720000+00:00"}}, {"type": "Feature", "geometry": {"type": "Point", "coordinates": [-77.23123769221502, 39.127488831770876]}, "properties": {"id": "gaithersburg-7033", "species_group": "cherry", "scientific_name": "Prunus serrulata", "common_name": "Japanese Flowering Cherry", "subtype_name": "Japanese Flowering Cherry", "zip_code": "20878", "ownership": "public", "ownership_raw": "City of Gaithersburg", "city": "Gaithersburg", "source_dataset": "Street Trees View", "source_department": "City of Gaithersburg", "source_last_edit_at": "2025-06-11T14:32:58.720000+00:00"}}, {"type": "Feature", "geometry": {"type": "Point", "coordinates": [-77.23123272674542, 39.1274676755891]}, "properties": {"id": "gaithersburg-7034", "species_group": "cherry", "scientific_name": "Prunus serrulata", "common_name": "Japanese Flowering Cherry", "subtype_name": "Japanese Flowering Cherry", "zip_code": "20878", "ownership": "public", "ownership_raw": "City of Gaithersburg", "city": "Gaithersburg", "source_dataset": "Street Trees View", "source_department": "City of Gaithersburg", "source_last_edit_at": "2025-06-11T14:32:58.720000+00:00"}}, {"type": "Feature", "geometry": {"type": "Point", "coordinates": [-77.231198203468, 39.12747186032863]}, "properties": {"id": "gaithersburg-7035", "species_group": "cherry", "scientific_name": "Prunus serrulata", "common_name": "Japanese Flowering Cherry", "subtype_name": "Japanese Flowering Cherry", "zip_code": "20878", "ownership": "public", "ownership_raw": "City of Gaithersburg", "city": "Gaithersburg", "source_dataset": "Street Trees View", "source_department": "City of Gaithersburg", "source_last_edit_at": "2025-06-11T14:32:58.720000+00:00"}}, {"type": "Feature", "geometry": {"type": "Point", "coordinates": [-77.23120143993245, 39.12749194617499]}, "properties": {"id": "gaithersburg-7036", "species_group": "cherry", "scientific_name": "Prunus serrulata", "common_name": "Japanese Flowering Cherry", "subtype_name": "Japanese Flowering Cherry", "zip_code": "20878", "ownership": "public", "ownership_raw": "City of Gaithersburg", "city": "Gaithersburg", "source_dataset": "Street Trees View", "source_department": "City of Gaithersburg", "source_last_edit_at": "2025-06-11T14:32:58.720000+00:00"}}, {"type": "Feature", "geometry": {"type": "Point", "coordinates": [-77.23121112114276, 39.12751614765064]}, "properties": {"id": "gaithersburg-7037", "species_group": "cherry", "scientific_name": "Prunus serrulata", "common_name": "Japanese Flowering Cherry", "subtype_name": "Japanese Flowering Cherry", "zip_code": "20878", "ownership": "public", "ownership_raw": "City of Gaithersburg", "city": "Gaithersburg", "source_dataset": "Street Trees View", "source_department": "City of Gaithersburg", "source_last_edit_at": "2025-06-11T14:32:58.720000+00:00"}}, {"type": "Feature", "geometry": {"type": "Point", "coordinates": [-77.23605703925054, 39.14364425324952]}, "properties": {"id": "gaithersburg-704", "species_group": "cherry", "scientific_name": "Prunus serrulata", "common_name": "Japanese Flowering Cherry", "subtype_name": "Japanese Flowering Cherry", "zip_code": "20878", "ownership": "public", "ownership_raw": "City of Gaithersburg", "city": "Gaithersburg", "source_dataset": "Street Trees View", "source_department": "City of Gaithersburg", "source_last_edit_at": "2025-06-11T14:32:58.720000+00:00"}}, {"type": "Feature", "geometry": {"type": "Point", "coordinates": [-77.23612783871964, 39.143640152587565]}, "properties": {"id": "gaithersburg-705", "species_group": "cherry", "scientific_name": "Prunus serrulata", "common_name": "Japanese Flowering Cherry", "subtype_name": "Japanese Flowering Cherry", "zip_code": "20878", "ownership": "public", "ownership_raw": "City of Gaithersburg", "city": "Gaithersburg", "source_dataset": "Street Trees View", "source_department": "City of Gaithersburg", "source_last_edit_at": "2025-06-11T14:32:58.720000+00:00"}}, {"type": "Feature", "geometry": {"type": "Point", "coordinates": [-77.23633528387776, 39.14362231505889]}, "properties": {"id": "gaithersburg-706", "species_group": "cherry", "scientific_name": "Prunus serrulata", "common_name": "Japanese Flowering Cherry", "subtype_name": "Japanese Flowering Cherry", "zip_code": "20878", "ownership": "public", "ownership_raw": "City of Gaithersburg", "city": "Gaithersburg", "source_dataset": "Street Trees View", "source_department": "City of Gaithersburg", "source_last_edit_at": "2025-06-11T14:32:58.720000+00:00"}}, {"type": "Feature", "geometry": {"type": "Point", "coordinates": [-77.22853560568343, 39.12744675444123]}, "properties": {"id": "gaithersburg-7065", "species_group": "cherry", "scientific_name": "Prunus serrulata", "common_name": "Japanese Flowering Cherry", "subtype_name": "Japanese Flowering Cherry", "zip_code": "20878", "ownership": "public", "ownership_raw": "City of Gaithersburg", "city": "Gaithersburg", "source_dataset": "Street Trees View", "source_department": "City of Gaithersburg", "source_last_edit_at": "2025-06-11T14:32:58.720000+00:00"}}, {"type": "Feature", "geometry": {"type": "Point", "coordinates": [-77.22852050161202, 39.127487762851594]}, "properties": {"id": "gaithersburg-7066", "species_group": "cherry", "scientific_name": "Prunus serrulata", "common_name": "Japanese Flowering Cherry", "subtype_name": "Japanese Flowering Cherry", "zip_code": "20878", "ownership": "public", "ownership_raw": "City of Gaithersburg", "city": "Gaithersburg", "source_dataset": "Street Trees View", "source_department": "City of Gaithersburg", "source_last_edit_at": "2025-06-11T14:32:58.720000+00:00"}}, {"type": "Feature", "geometry": {"type": "Point", "coordinates": [-77.23643401627042, 39.14361657880865]}, "properties": {"id": "gaithersburg-707", "species_group": "cherry", "scientific_name": "Prunus serrulata", "common_name": "Japanese Flowering Cherry", "subtype_name": "Japanese Flowering Cherry", "zip_code": "20878", "ownership": "public", "ownership_raw": "City of Gaithersburg", "city": "Gaithersburg", "source_dataset": "Street Trees View", "source_department": "City of Gaithersburg", "source_last_edit_at": "2025-06-11T14:32:58.720000+00:00"}}, {"type": "Feature", "geometry": {"type": "Point", "coordinates": [-77.23805830884687, 39.14235351656494]}, "properties": {"id": "gaithersburg-713", "species_group": "crabapple", "scientific_name": "Malus floribunda", "common_name": "Crabapple", "subtype_name": "Malus floribunda", "zip_code": "20878", "ownership": "public", "ownership_raw": "City of Gaithersburg", "city": "Gaithersburg", "source_dataset": "Street Trees View", "source_department": "City of Gaithersburg", "source_last_edit_at": "2025-06-11T14:32:58.720000+00:00"}}, {"type": "Feature", "geometry": {"type": "Point", "coordinates": [-77.23793511844167, 39.14218012644499]}, "properties": {"id": "gaithersburg-714", "species_group": "crabapple", "scientific_name": "Malus floribunda", "common_name": "Crabapple", "subtype_name": "Malus floribunda", "zip_code": "20878", "ownership": "public", "ownership_raw": "City of Gaithersburg", "city": "Gaithersburg", "source_dataset": "Street Trees View", "source_department": "City of Gaithersburg", "source_last_edit_at": "2025-06-11T14:32:58.720000+00:00"}}, {"type": "Feature", "geometry": {"type": "Point", "coordinates": [-77.23038840134096, 39.1279503618876]}, "properties": {"id": "gaithersburg-7164", "species_group": "cherry", "scientific_name": "Prunus serrulata", "common_name": "Japanese Flowering Cherry", "subtype_name": "Japanese Flowering Cherry", "zip_code": "20878", "ownership": "public", "ownership_raw": "City of Gaithersburg", "city": "Gaithersburg", "source_dataset": "Street Trees View", "source_department": "City of Gaithersburg", "source_last_edit_at": "2025-06-11T14:32:58.720000+00:00"}}, {"type": "Feature", "geometry": {"type": "Point", "coordinates": [-77.23043252189137, 39.12795087868376]}, "properties": {"id": "gaithersburg-7165", "species_group": "cherry", "scientific_name": "Prunus serrulata", "common_name": "Japanese Flowering Cherry", "subtype_name": "Japanese Flowering Cherry", "zip_code": "20878", "ownership": "public", "ownership_raw": "City of Gaithersburg", "city": "Gaithersburg", "source_dataset": "Street Trees View", "source_department": "City of Gaithersburg", "source_last_edit_at": "2025-06-11T14:32:58.720000+00:00"}}, {"type": "Feature", "geometry": {"type": "Point", "coordinates": [-77.23038678202799, 39.127982427960575]}, "properties": {"id": "gaithersburg-7166", "species_group": "cherry", "scientific_name": "Prunus serrulata", "common_name": "Japanese Flowering Cherry", "subtype_name": "Japanese Flowering Cherry", "zip_code": "20878", "ownership": "public", "ownership_raw": "City of Gaithersburg", "city": "Gaithersburg", "source_dataset": "Street Trees View", "source_department": "City of Gaithersburg", "source_last_edit_at": "2025-06-11T14:32:58.720000+00:00"}}, {"type": "Feature", "geometry": {"type": "Point", "coordinates": [-77.23042884924816, 39.12798385229152]}, "properties": {"id": "gaithersburg-7167", "species_group": "cherry", "scientific_name": "Prunus serrulata", "common_name": "Japanese Flowering Cherry", "subtype_name": "Japanese Flowering Cherry", "zip_code": "20878", "ownership": "public", "ownership_raw": "City of Gaithersburg", "city": "Gaithersburg", "source_dataset": "Street Trees View", "source_department": "City of Gaithersburg", "source_last_edit_at": "2025-06-11T14:32:58.720000+00:00"}}, {"type": "Feature", "geometry": {"type": "Point", "coordinates": [-77.23038756455594, 39.12801156172896]}, "properties": {"id": "gaithersburg-7168", "species_group": "cherry", "scientific_name": "Prunus serrulata", "common_name": "Japanese Flowering Cherry", "subtype_name": "Japanese Flowering Cherry", "zip_code": "20878", "ownership": "public", "ownership_raw": "City of Gaithersburg", "city": "Gaithersburg", "source_dataset": "Street Trees View", "source_department": "City of Gaithersburg", "source_last_edit_at": "2025-06-11T14:32:58.720000+00:00"}}, {"type": "Feature", "geometry": {"type": "Point", "coordinates": [-77.2304321787337, 39.12801128935954]}, "properties": {"id": "gaithersburg-7169", "species_group": "cherry", "scientific_name": "Prunus serrulata", "common_name": "Japanese Flowering Cherry", "subtype_name": "Japanese Flowering Cherry", "zip_code": "20878", "ownership": "public", "ownership_raw": "City of Gaithersburg", "city": "Gaithersburg", "source_dataset": "Street Trees View", "source_department": "City of Gaithersburg", "source_last_edit_at": "2025-06-11T14:32:58.720000+00:00"}}, {"type": "Feature", "geometry": {"type": "Point", "coordinates": [-77.2303860551894, 39.128043295192036]}, "properties": {"id": "gaithersburg-7170", "species_group": "cherry", "scientific_name": "Prunus serrulata", "common_name": "Japanese Flowering Cherry", "subtype_name": "Japanese Flowering Cherry", "zip_code": "20878", "ownership": "public", "ownership_raw": "City of Gaithersburg", "city": "Gaithersburg", "source_dataset": "Street Trees View", "source_department": "City of Gaithersburg", "source_last_edit_at": "2025-06-11T14:32:58.720000+00:00"}}, {"type": "Feature", "geometry": {"type": "Point", "coordinates": [-77.23042804716522, 39.12804397291235]}, "properties": {"id": "gaithersburg-7171", "species_group": "cherry", "scientific_name": "Prunus serrulata", "common_name": "Japanese Flowering Cherry", "subtype_name": "Japanese Flowering Cherry", "zip_code": "20878", "ownership": "public", "ownership_raw": "City of Gaithersburg", "city": "Gaithersburg", "source_dataset": "Street Trees View", "source_department": "City of Gaithersburg", "source_last_edit_at": "2025-06-11T14:32:58.720000+00:00"}}, {"type": "Feature", "geometry": {"type": "Point", "coordinates": [-77.2268868172274, 39.12798602440297]}, "properties": {"id": "gaithersburg-7180", "species_group": "cherry", "scientific_name": "Prunus serrulata", "common_name": "Japanese Flowering Cherry", "subtype_name": "Japanese Flowering Cherry", "zip_code": "20878", "ownership": "public", "ownership_raw": "City of Gaithersburg", "city": "Gaithersburg", "source_dataset": "Street Trees View", "source_department": "City of Gaithersburg", "source_last_edit_at": "2025-06-11T14:32:58.720000+00:00"}}, {"type": "Feature", "geometry": {"type": "Point", "coordinates": [-77.22680670247435, 39.12805153662309]}, "properties": {"id": "gaithersburg-7181", "species_group": "cherry", "scientific_name": "Prunus serrulata", "common_name": "Japanese Flowering Cherry", "subtype_name": "Japanese Flowering Cherry", "zip_code": "20878", "ownership": "public", "ownership_raw": "City of Gaithersburg", "city": "Gaithersburg", "source_dataset": "Street Trees View", "source_department": "City of Gaithersburg", "source_last_edit_at": "2025-06-11T14:32:58.720000+00:00"}}, {"type": "Feature", "geometry": {"type": "Point", "coordinates": [-77.22683753897728, 39.1281422293073]}, "properties": {"id": "gaithersburg-7182", "species_group": "cherry", "scientific_name": "Prunus serrulata", "common_name": "Japanese Flowering Cherry", "subtype_name": "Japanese Flowering Cherry", "zip_code": "20878", "ownership": "public", "ownership_raw": "City of Gaithersburg", "city": "Gaithersburg", "source_dataset": "Street Trees View", "source_department": "City of Gaithersburg", "source_last_edit_at": "2025-06-11T14:32:58.720000+00:00"}}, {"type": "Feature", "geometry": {"type": "Point", "coordinates": [-77.22696956486669, 39.12813560869431]}, "properties": {"id": "gaithersburg-7183", "species_group": "cherry", "scientific_name": "Prunus serrulata", "common_name": "Japanese Flowering Cherry", "subtype_name": "Japanese Flowering Cherry", "zip_code": "20878", "ownership": "public", "ownership_raw": "City of Gaithersburg", "city": "Gaithersburg", "source_dataset": "Street Trees View", "source_department": "City of Gaithersburg", "source_last_edit_at": "2025-06-11T14:32:58.720000+00:00"}}, {"type": "Feature", "geometry": {"type": "Point", "coordinates": [-77.22528249342662, 39.1257855603813]}, "properties": {"id": "gaithersburg-7232", "species_group": "cherry", "scientific_name": "Prunus serrulata", "common_name": "Japanese Flowering Cherry", "subtype_name": "Japanese Flowering Cherry", "zip_code": "20878", "ownership": "public", "ownership_raw": "City of Gaithersburg", "city": "Gaithersburg", "source_dataset": "Street Trees View", "source_department": "City of Gaithersburg", "source_last_edit_at": "2025-06-11T14:32:58.720000+00:00"}}, {"type": "Feature", "geometry": {"type": "Point", "coordinates": [-77.22527924129048, 39.12576216577588]}, "properties": {"id": "gaithersburg-7233", "species_group": "cherry", "scientific_name": "Prunus serrulata", "common_name": "Japanese Flowering Cherry", "subtype_name": "Japanese Flowering Cherry", "zip_code": "20878", "ownership": "public", "ownership_raw": "City of Gaithersburg", "city": "Gaithersburg", "source_dataset": "Street Trees View", "source_department": "City of Gaithersburg", "source_last_edit_at": "2025-06-11T14:32:58.720000+00:00"}}, {"type": "Feature", "geometry": {"type": "Point", "coordinates": [-77.2253242960487, 39.12575283340256]}, "properties": {"id": "gaithersburg-7234", "species_group": "cherry", "scientific_name": "Prunus serrulata", "common_name": "Japanese Flowering Cherry", "subtype_name": "Japanese Flowering Cherry", "zip_code": "20878", "ownership": "public", "ownership_raw": "City of Gaithersburg", "city": "Gaithersburg", "source_dataset": "Street Trees View", "source_department": "City of Gaithersburg", "source_last_edit_at": "2025-06-11T14:32:58.720000+00:00"}}, {"type": "Feature", "geometry": {"type": "Point", "coordinates": [-77.22537530751215, 39.12574449304311]}, "properties": {"id": "gaithersburg-7235", "species_group": "cherry", "scientific_name": "Prunus serrulata", "common_name": "Japanese Flowering Cherry", "subtype_name": "Japanese Flowering Cherry", "zip_code": "20878", "ownership": "public", "ownership_raw": "City of Gaithersburg", "city": "Gaithersburg", "source_dataset": "Street Trees View", "source_department": "City of Gaithersburg", "source_last_edit_at": "2025-06-11T14:32:58.720000+00:00"}}, {"type": "Feature", "geometry": {"type": "Point", "coordinates": [-77.22542788380306, 39.125735095721275]}, "properties": {"id": "gaithersburg-7236", "species_group": "cherry", "scientific_name": "Prunus serrulata", "common_name": "Japanese Flowering Cherry", "subtype_name": "Japanese Flowering Cherry", "zip_code": "20878", "ownership": "public", "ownership_raw": "City of Gaithersburg", "city": "Gaithersburg", "source_dataset": "Street Trees View", "source_department": "City of Gaithersburg", "source_last_edit_at": "2025-06-11T14:32:58.720000+00:00"}}, {"type": "Feature", "geometry": {"type": "Point", "coordinates": [-77.22533051519227, 39.125772772257015]}, "properties": {"id": "gaithersburg-7237", "species_group": "cherry", "scientific_name": "Prunus serrulata", "common_name": "Japanese Flowering Cherry", "subtype_name": "Japanese Flowering Cherry", "zip_code": "20878", "ownership": "public", "ownership_raw": "City of Gaithersburg", "city": "Gaithersburg", "source_dataset": "Street Trees View", "source_department": "City of Gaithersburg", "source_last_edit_at": "2025-06-11T14:32:58.720000+00:00"}}, {"type": "Feature", "geometry": {"type": "Point", "coordinates": [-77.2253767228364, 39.12576522392379]}, "properties": {"id": "gaithersburg-7238", "species_group": "cherry", "scientific_name": "Prunus serrulata", "common_name": "Japanese Flowering Cherry", "subtype_name": "Japanese Flowering Cherry", "zip_code": "20878", "ownership": "public", "ownership_raw": "City of Gaithersburg", "city": "Gaithersburg", "source_dataset": "Street Trees View", "source_department": "City of Gaithersburg", "source_last_edit_at": "2025-06-11T14:32:58.720000+00:00"}}, {"type": "Feature", "geometry": {"type": "Point", "coordinates": [-77.2254342051254, 39.12575880239998]}, "properties": {"id": "gaithersburg-7239", "species_group": "cherry", "scientific_name": "Prunus serrulata", "common_name": "Japanese Flowering Cherry", "subtype_name": "Japanese Flowering Cherry", "zip_code": "20878", "ownership": "public", "ownership_raw": "City of Gaithersburg", "city": "Gaithersburg", "source_dataset": "Street Trees View", "source_department": "City of Gaithersburg", "source_last_edit_at": "2025-06-11T14:32:58.720000+00:00"}}, {"type": "Feature", "geometry": {"type": "Point", "coordinates": [-77.2258068767905, 39.12569606252408]}, "properties": {"id": "gaithersburg-7247", "species_group": "cherry", "scientific_name": "Prunus serrulata", "common_name": "Japanese Flowering Cherry", "subtype_name": "Japanese Flowering Cherry", "zip_code": "20878", "ownership": "public", "ownership_raw": "City of Gaithersburg", "city": "Gaithersburg", "source_dataset": "Street Trees View", "source_department": "City of Gaithersburg", "source_last_edit_at": "2025-06-11T14:32:58.720000+00:00"}}, {"type": "Feature", "geometry": {"type": "Point", "coordinates": [-77.22580029450566, 39.12567434081946]}, "properties": {"id": "gaithersburg-7248", "species_group": "cherry", "scientific_name": "Prunus serrulata", "common_name": "Japanese Flowering Cherry", "subtype_name": "Japanese Flowering Cherry", "zip_code": "20878", "ownership": "public", "ownership_raw": "City of Gaithersburg", "city": "Gaithersburg", "source_dataset": "Street Trees View", "source_department": "City of Gaithersburg", "source_last_edit_at": "2025-06-11T14:32:58.720000+00:00"}}, {"type": "Feature", "geometry": {"type": "Point", "coordinates": [-77.22585263290568, 39.12566399342607]}, "properties": {"id": "gaithersburg-7249", "species_group": "cherry", "scientific_name": "Prunus serrulata", "common_name": "Japanese Flowering Cherry", "subtype_name": "Japanese Flowering Cherry", "zip_code": "20878", "ownership": "public", "ownership_raw": "City of Gaithersburg", "city": "Gaithersburg", "source_dataset": "Street Trees View", "source_department": "City of Gaithersburg", "source_last_edit_at": "2025-06-11T14:32:58.720000+00:00"}}, {"type": "Feature", "geometry": {"type": "Point", "coordinates": [-77.2258572379709, 39.1256901940887]}, "properties": {"id": "gaithersburg-7250", "species_group": "cherry", "scientific_name": "Prunus serrulata", "common_name": "Japanese Flowering Cherry", "subtype_name": "Japanese Flowering Cherry", "zip_code": "20878", "ownership": "public", "ownership_raw": "City of Gaithersburg", "city": "Gaithersburg", "source_dataset": "Street Trees View", "source_department": "City of Gaithersburg", "source_last_edit_at": "2025-06-11T14:32:58.720000+00:00"}}, {"type": "Feature", "geometry": {"type": "Point", "coordinates": [-77.22590790029466, 39.12567828431859]}, "properties": {"id": "gaithersburg-7251", "species_group": "cherry", "scientific_name": "Prunus serrulata", "common_name": "Japanese Flowering Cherry", "subtype_name": "Japanese Flowering Cherry", "zip_code": "20878", "ownership": "public", "ownership_raw": "City of Gaithersburg", "city": "Gaithersburg", "source_dataset": "Street Trees View", "source_department": "City of Gaithersburg", "source_last_edit_at": "2025-06-11T14:32:58.720000+00:00"}}, {"type": "Feature", "geometry": {"type": "Point", "coordinates": [-77.22595395612622, 39.12566994785419]}, "properties": {"id": "gaithersburg-7252", "species_group": "cherry", "scientific_name": "Prunus serrulata", "common_name": "Japanese Flowering Cherry", "subtype_name": "Japanese Flowering Cherry", "zip_code": "20878", "ownership": "public", "ownership_raw": "City of Gaithersburg", "city": "Gaithersburg", "source_dataset": "Street Trees View", "source_department": "City of Gaithersburg", "source_last_edit_at": "2025-06-11T14:32:58.720000+00:00"}}, {"type": "Feature", "geometry": {"type": "Point", "coordinates": [-77.22590175950442, 39.125656847320585]}, "properties": {"id": "gaithersburg-7253", "species_group": "cherry", "scientific_name": "Prunus serrulata", "common_name": "Japanese Flowering Cherry", "subtype_name": "Japanese Flowering Cherry", "zip_code": "20878", "ownership": "public", "ownership_raw": "City of Gaithersburg", "city": "Gaithersburg", "source_dataset": "Street Trees View", "source_department": "City of Gaithersburg", "source_last_edit_at": "2025-06-11T14:32:58.720000+00:00"}}, {"type": "Feature", "geometry": {"type": "Point", "coordinates": [-77.22594781500817, 39.12564732000794]}, "properties": {"id": "gaithersburg-7254", "species_group": "cherry", "scientific_name": "Prunus serrulata", "common_name": "Japanese Flowering Cherry", "subtype_name": "Japanese Flowering Cherry", "zip_code": "20878", "ownership": "public", "ownership_raw": "City of Gaithersburg", "city": "Gaithersburg", "source_dataset": "Street Trees View", "source_department": "City of Gaithersburg", "source_last_edit_at": "2025-06-11T14:32:58.720000+00:00"}}, {"type": "Feature", "geometry": {"type": "Point", "coordinates": [-77.22603378581668, 39.12564851083238]}, "properties": {"id": "gaithersburg-7255", "species_group": "cherry", "scientific_name": "Prunus serrulata", "common_name": "Japanese Flowering Cherry", "subtype_name": "Japanese Flowering Cherry", "zip_code": "20878", "ownership": "public", "ownership_raw": "City of Gaithersburg", "city": "Gaithersburg", "source_dataset": "Street Trees View", "source_department": "City of Gaithersburg", "source_last_edit_at": "2025-06-11T14:32:58.720000+00:00"}}, {"type": "Feature", "geometry": {"type": "Point", "coordinates": [-77.22606602462784, 39.12565565591414]}, "properties": {"id": "gaithersburg-7256", "species_group": "cherry", "scientific_name": "Prunus serrulata", "common_name": "Japanese Flowering Cherry", "subtype_name": "Japanese Flowering Cherry", "zip_code": "20878", "ownership": "public", "ownership_raw": "City of Gaithersburg", "city": "Gaithersburg", "source_dataset": "Street Trees View", "source_department": "City of Gaithersburg", "source_last_edit_at": "2025-06-11T14:32:58.720000+00:00"}}, {"type": "Feature", "geometry": {"type": "Point", "coordinates": [-77.22605832965968, 39.125627727188494]}, "properties": {"id": "gaithersburg-7257", "species_group": "cherry", "scientific_name": "Prunus serrulata", "common_name": "Japanese Flowering Cherry", "subtype_name": "Japanese Flowering Cherry", "zip_code": "20878", "ownership": "public", "ownership_raw": "City of Gaithersburg", "city": "Gaithersburg", "source_dataset": "Street Trees View", "source_department": "City of Gaithersburg", "source_last_edit_at": "2025-06-11T14:32:58.720000+00:00"}}, {"type": "Feature", "geometry": {"type": "Point", "coordinates": [-77.233947729685, 39.141445612908115]}, "properties": {"id": "gaithersburg-731", "species_group": "cherry", "scientific_name": "Prunus serrulata", "common_name": "Japanese Flowering Cherry", "subtype_name": "Japanese Flowering Cherry", "zip_code": "20878", "ownership": "public", "ownership_raw": "City of Gaithersburg", "city": "Gaithersburg", "source_dataset": "Street Trees View", "source_department": "City of Gaithersburg", "source_last_edit_at": "2025-06-11T14:32:58.720000+00:00"}}, {"type": "Feature", "geometry": {"type": "Point", "coordinates": [-77.23406996445785, 39.14139956543792]}, "properties": {"id": "gaithersburg-732", "species_group": "cherry", "scientific_name": "Prunus serrulata", "common_name": "Japanese Flowering Cherry", "subtype_name": "Japanese Flowering Cherry", "zip_code": "20878", "ownership": "public", "ownership_raw": "City of Gaithersburg", "city": "Gaithersburg", "source_dataset": "Street Trees View", "source_department": "City of Gaithersburg", "source_last_edit_at": "2025-06-11T14:32:58.720000+00:00"}}, {"type": "Feature", "geometry": {"type": "Point", "coordinates": [-77.2357024891077, 39.14348411592542]}, "properties": {"id": "gaithersburg-740", "species_group": "cherry", "scientific_name": "Prunus serrulata", "common_name": "Japanese Flowering Cherry", "subtype_name": "Japanese Flowering Cherry", "zip_code": "20878", "ownership": "public", "ownership_raw": "City of Gaithersburg", "city": "Gaithersburg", "source_dataset": "Street Trees View", "source_department": "City of Gaithersburg", "source_last_edit_at": "2025-06-11T14:32:58.720000+00:00"}}, {"type": "Feature", "geometry": {"type": "Point", "coordinates": [-77.23100788946859, 39.123822178693565]}, "properties": {"id": "gaithersburg-7401", "species_group": "cherry", "scientific_name": "Prunus serrulata", "common_name": "Japanese Flowering Cherry", "subtype_name": "Japanese Flowering Cherry", "zip_code": "20878", "ownership": "public", "ownership_raw": "City of Gaithersburg", "city": "Gaithersburg", "source_dataset": "Street Trees View", "source_department": "City of Gaithersburg", "source_last_edit_at": "2025-06-11T14:32:58.720000+00:00"}}, {"type": "Feature", "geometry": {"type": "Point", "coordinates": [-77.23099939576444, 39.12380664860164]}, "properties": {"id": "gaithersburg-7402", "species_group": "cherry", "scientific_name": "Prunus serrulata", "common_name": "Japanese Flowering Cherry", "subtype_name": "Japanese Flowering Cherry", "zip_code": "20878", "ownership": "public", "ownership_raw": "City of Gaithersburg", "city": "Gaithersburg", "source_dataset": "Street Trees View", "source_department": "City of Gaithersburg", "source_last_edit_at": "2025-06-11T14:32:58.720000+00:00"}}, {"type": "Feature", "geometry": {"type": "Point", "coordinates": [-77.23095571888076, 39.12382123749357]}, "properties": {"id": "gaithersburg-7403", "species_group": "cherry", "scientific_name": "Prunus serrulata", "common_name": "Japanese Flowering Cherry", "subtype_name": "Japanese Flowering Cherry", "zip_code": "20878", "ownership": "public", "ownership_raw": "City of Gaithersburg", "city": "Gaithersburg", "source_dataset": "Street Trees View", "source_department": "City of Gaithersburg", "source_last_edit_at": "2025-06-11T14:32:58.720000+00:00"}}, {"type": "Feature", "geometry": {"type": "Point", "coordinates": [-77.23096057202856, 39.123838180004476]}, "properties": {"id": "gaithersburg-7404", "species_group": "cherry", "scientific_name": "Prunus serrulata", "common_name": "Japanese Flowering Cherry", "subtype_name": "Japanese Flowering Cherry", "zip_code": "20878", "ownership": "public", "ownership_raw": "City of Gaithersburg", "city": "Gaithersburg", "source_dataset": "Street Trees View", "source_department": "City of Gaithersburg", "source_last_edit_at": "2025-06-11T14:32:58.720000+00:00"}}, {"type": "Feature", "geometry": {"type": "Point", "coordinates": [-77.23090779503795, 39.12385135724881]}, "properties": {"id": "gaithersburg-7405", "species_group": "cherry", "scientific_name": "Prunus serrulata", "common_name": "Japanese Flowering Cherry", "subtype_name": "Japanese Flowering Cherry", "zip_code": "20878", "ownership": "public", "ownership_raw": "City of Gaithersburg", "city": "Gaithersburg", "source_dataset": "Street Trees View", "source_department": "City of Gaithersburg", "source_last_edit_at": "2025-06-11T14:32:58.720000+00:00"}}, {"type": "Feature", "geometry": {"type": "Point", "coordinates": [-77.23090112160739, 39.12383582716669]}, "properties": {"id": "gaithersburg-7406", "species_group": "cherry", "scientific_name": "Prunus serrulata", "common_name": "Japanese Flowering Cherry", "subtype_name": "Japanese Flowering Cherry", "zip_code": "20878", "ownership": "public", "ownership_raw": "City of Gaithersburg", "city": "Gaithersburg", "source_dataset": "Street Trees View", "source_department": "City of Gaithersburg", "source_last_edit_at": "2025-06-11T14:32:58.720000+00:00"}}, {"type": "Feature", "geometry": {"type": "Point", "coordinates": [-77.23085016449004, 39.12384853328656]}, "properties": {"id": "gaithersburg-7407", "species_group": "cherry", "scientific_name": "Prunus serrulata", "common_name": "Japanese Flowering Cherry", "subtype_name": "Japanese Flowering Cherry", "zip_code": "20878", "ownership": "public", "ownership_raw": "City of Gaithersburg", "city": "Gaithersburg", "source_dataset": "Street Trees View", "source_department": "City of Gaithersburg", "source_last_edit_at": "2025-06-11T14:32:58.720000+00:00"}}, {"type": "Feature", "geometry": {"type": "Point", "coordinates": [-77.23085805020364, 39.12386594634901]}, "properties": {"id": "gaithersburg-7408", "species_group": "cherry", "scientific_name": "Prunus serrulata", "common_name": "Japanese Flowering Cherry", "subtype_name": "Japanese Flowering Cherry", "zip_code": "20878", "ownership": "public", "ownership_raw": "City of Gaithersburg", "city": "Gaithersburg", "source_dataset": "Street Trees View", "source_department": "City of Gaithersburg", "source_last_edit_at": "2025-06-11T14:32:58.720000+00:00"}}, {"type": "Feature", "geometry": {"type": "Point", "coordinates": [-77.23030965509955, 39.12392853794643]}, "properties": {"id": "gaithersburg-7409", "species_group": "cherry", "scientific_name": "Prunus serrulata", "common_name": "Japanese Flowering Cherry", "subtype_name": "Japanese Flowering Cherry", "zip_code": "20878", "ownership": "public", "ownership_raw": "City of Gaithersburg", "city": "Gaithersburg", "source_dataset": "Street Trees View", "source_department": "City of Gaithersburg", "source_last_edit_at": "2025-06-11T14:32:58.720000+00:00"}}, {"type": "Feature", "geometry": {"type": "Point", "coordinates": [-77.23565337103918, 39.14326869491476]}, "properties": {"id": "gaithersburg-741", "species_group": "cherry", "scientific_name": "Prunus serrulata", "common_name": "Japanese Flowering Cherry", "subtype_name": "Japanese Flowering Cherry", "zip_code": "20878", "ownership": "public", "ownership_raw": "City of Gaithersburg", "city": "Gaithersburg", "source_dataset": "Street Trees View", "source_department": "City of Gaithersburg", "source_last_edit_at": "2025-06-11T14:32:58.720000+00:00"}}, {"type": "Feature", "geometry": {"type": "Point", "coordinates": [-77.23028175018337, 39.12395112798619]}, "properties": {"id": "gaithersburg-7410", "species_group": "cherry", "scientific_name": "Prunus serrulata", "common_name": "Japanese Flowering Cherry", "subtype_name": "Japanese Flowering Cherry", "zip_code": "20878", "ownership": "public", "ownership_raw": "City of Gaithersburg", "city": "Gaithersburg", "source_dataset": "Street Trees View", "source_department": "City of Gaithersburg", "source_last_edit_at": "2025-06-11T14:32:58.720000+00:00"}}, {"type": "Feature", "geometry": {"type": "Point", "coordinates": [-77.23026840398974, 39.12392947926356]}, "properties": {"id": "gaithersburg-7411", "species_group": "cherry", "scientific_name": "Prunus serrulata", "common_name": "Japanese Flowering Cherry", "subtype_name": "Japanese Flowering Cherry", "zip_code": "20878", "ownership": "public", "ownership_raw": "City of Gaithersburg", "city": "Gaithersburg", "source_dataset": "Street Trees View", "source_department": "City of Gaithersburg", "source_last_edit_at": "2025-06-11T14:32:58.720000+00:00"}}, {"type": "Feature", "geometry": {"type": "Point", "coordinates": [-77.23023625224937, 39.12395018686639]}, "properties": {"id": "gaithersburg-7412", "species_group": "cherry", "scientific_name": "Prunus serrulata", "common_name": "Japanese Flowering Cherry", "subtype_name": "Japanese Flowering Cherry", "zip_code": "20878", "ownership": "public", "ownership_raw": "City of Gaithersburg", "city": "Gaithersburg", "source_dataset": "Street Trees View", "source_department": "City of Gaithersburg", "source_last_edit_at": "2025-06-11T14:32:58.720000+00:00"}}, {"type": "Feature", "geometry": {"type": "Point", "coordinates": [-77.2302204799958, 39.12392430285904]}, "properties": {"id": "gaithersburg-7413", "species_group": "cherry", "scientific_name": "Prunus serrulata", "common_name": "Japanese Flowering Cherry", "subtype_name": "Japanese Flowering Cherry", "zip_code": "20878", "ownership": "public", "ownership_raw": "City of Gaithersburg", "city": "Gaithersburg", "source_dataset": "Street Trees View", "source_department": "City of Gaithersburg", "source_last_edit_at": "2025-06-11T14:32:58.720000+00:00"}}, {"type": "Feature", "geometry": {"type": "Point", "coordinates": [-77.23018893532469, 39.12394642170399]}, "properties": {"id": "gaithersburg-7414", "species_group": "cherry", "scientific_name": "Prunus serrulata", "common_name": "Japanese Flowering Cherry", "subtype_name": "Japanese Flowering Cherry", "zip_code": "20878", "ownership": "public", "ownership_raw": "City of Gaithersburg", "city": "Gaithersburg", "source_dataset": "Street Trees View", "source_department": "City of Gaithersburg", "source_last_edit_at": "2025-06-11T14:32:58.720000+00:00"}}, {"type": "Feature", "geometry": {"type": "Point", "coordinates": [-77.23016770310798, 39.12392006738851]}, "properties": {"id": "gaithersburg-7415", "species_group": "cherry", "scientific_name": "Prunus serrulata", "common_name": "Japanese Flowering Cherry", "subtype_name": "Japanese Flowering Cherry", "zip_code": "20878", "ownership": "public", "ownership_raw": "City of Gaithersburg", "city": "Gaithersburg", "source_dataset": "Street Trees View", "source_department": "City of Gaithersburg", "source_last_edit_at": "2025-06-11T14:32:58.720000+00:00"}}, {"type": "Feature", "geometry": {"type": "Point", "coordinates": [-77.23014283073478, 39.123943127059526]}, "properties": {"id": "gaithersburg-7416", "species_group": "cherry", "scientific_name": "Prunus serrulata", "common_name": "Japanese Flowering Cherry", "subtype_name": "Japanese Flowering Cherry", "zip_code": "20878", "ownership": "public", "ownership_raw": "City of Gaithersburg", "city": "Gaithersburg", "source_dataset": "Street Trees View", "source_department": "City of Gaithersburg", "source_last_edit_at": "2025-06-11T14:32:58.720000+00:00"}}, {"type": "Feature", "geometry": {"type": "Point", "coordinates": [-77.2301215985938, 39.12391536118872]}, "properties": {"id": "gaithersburg-7417", "species_group": "cherry", "scientific_name": "Prunus serrulata", "common_name": "Japanese Flowering Cherry", "subtype_name": "Japanese Flowering Cherry", "zip_code": "20878", "ownership": "public", "ownership_raw": "City of Gaithersburg", "city": "Gaithersburg", "source_dataset": "Street Trees View", "source_department": "City of Gaithersburg", "source_last_edit_at": "2025-06-11T14:32:58.720000+00:00"}}, {"type": "Feature", "geometry": {"type": "Point", "coordinates": [-77.22995598818794, 39.123919126393645]}, "properties": {"id": "gaithersburg-7418", "species_group": "cherry", "scientific_name": "Prunus serrulata", "common_name": "Japanese Flowering Cherry", "subtype_name": "Japanese Flowering Cherry", "zip_code": "20878", "ownership": "public", "ownership_raw": "City of Gaithersburg", "city": "Gaithersburg", "source_dataset": "Street Trees View", "source_department": "City of Gaithersburg", "source_last_edit_at": "2025-06-11T14:32:58.720000+00:00"}}, {"type": "Feature", "geometry": {"type": "Point", "coordinates": [-77.22994082232931, 39.12389512472266]}, "properties": {"id": "gaithersburg-7419", "species_group": "cherry", "scientific_name": "Prunus serrulata", "common_name": "Japanese Flowering Cherry", "subtype_name": "Japanese Flowering Cherry", "zip_code": "20878", "ownership": "public", "ownership_raw": "City of Gaithersburg", "city": "Gaithersburg", "source_dataset": "Street Trees View", "source_department": "City of Gaithersburg", "source_last_edit_at": "2025-06-11T14:32:58.720000+00:00"}}, {"type": "Feature", "geometry": {"type": "Point", "coordinates": [-77.2355752649981, 39.14257966439416]}, "properties": {"id": "gaithersburg-742", "species_group": "cherry", "scientific_name": "Prunus serrulata", "common_name": "Japanese Flowering Cherry", "subtype_name": "Japanese Flowering Cherry", "zip_code": "20878", "ownership": "public", "ownership_raw": "City of Gaithersburg", "city": "Gaithersburg", "source_dataset": "Street Trees View", "source_department": "City of Gaithersburg", "source_last_edit_at": "2025-06-11T14:32:58.720000+00:00"}}, {"type": "Feature", "geometry": {"type": "Point", "coordinates": [-77.22991291718661, 39.12391159647072]}, "properties": {"id": "gaithersburg-7420", "species_group": "cherry", "scientific_name": "Prunus serrulata", "common_name": "Japanese Flowering Cherry", "subtype_name": "Japanese Flowering Cherry", "zip_code": "20878", "ownership": "public", "ownership_raw": "City of Gaithersburg", "city": "Gaithersburg", "source_dataset": "Street Trees View", "source_department": "City of Gaithersburg", "source_last_edit_at": "2025-06-11T14:32:58.720000+00:00"}}, {"type": "Feature", "geometry": {"type": "Point", "coordinates": [-77.22989168465658, 39.12388618343735]}, "properties": {"id": "gaithersburg-7421", "species_group": "cherry", "scientific_name": "Prunus serrulata", "common_name": "Japanese Flowering Cherry", "subtype_name": "Japanese Flowering Cherry", "zip_code": "20878", "ownership": "public", "ownership_raw": "City of Gaithersburg", "city": "Gaithersburg", "source_dataset": "Street Trees View", "source_department": "City of Gaithersburg", "source_last_edit_at": "2025-06-11T14:32:58.720000+00:00"}}, {"type": "Feature", "geometry": {"type": "Point", "coordinates": [-77.22987469879415, 39.12390124292823]}, "properties": {"id": "gaithersburg-7422", "species_group": "cherry", "scientific_name": "Prunus serrulata", "common_name": "Japanese Flowering Cherry", "subtype_name": "Japanese Flowering Cherry", "zip_code": "20878", "ownership": "public", "ownership_raw": "City of Gaithersburg", "city": "Gaithersburg", "source_dataset": "Street Trees View", "source_department": "City of Gaithersburg", "source_last_edit_at": "2025-06-11T14:32:58.720000+00:00"}}, {"type": "Feature", "geometry": {"type": "Point", "coordinates": [-77.22985589318424, 39.12387818251042]}, "properties": {"id": "gaithersburg-7423", "species_group": "cherry", "scientific_name": "Prunus serrulata", "common_name": "Japanese Flowering Cherry", "subtype_name": "Japanese Flowering Cherry", "zip_code": "20878", "ownership": "public", "ownership_raw": "City of Gaithersburg", "city": "Gaithersburg", "source_dataset": "Street Trees View", "source_department": "City of Gaithersburg", "source_last_edit_at": "2025-06-11T14:32:58.720000+00:00"}}, {"type": "Feature", "geometry": {"type": "Point", "coordinates": [-77.22983102170507, 39.12389653635687]}, "properties": {"id": "gaithersburg-7424", "species_group": "cherry", "scientific_name": "Prunus serrulata", "common_name": "Japanese Flowering Cherry", "subtype_name": "Japanese Flowering Cherry", "zip_code": "20878", "ownership": "public", "ownership_raw": "City of Gaithersburg", "city": "Gaithersburg", "source_dataset": "Street Trees View", "source_department": "City of Gaithersburg", "source_last_edit_at": "2025-06-11T14:32:58.720000+00:00"}}, {"type": "Feature", "geometry": {"type": "Point", "coordinates": [-77.22981541920429, 39.1238701691356]}, "properties": {"id": "gaithersburg-7425", "species_group": "cherry", "scientific_name": "Prunus serrulata", "common_name": "Japanese Flowering Cherry", "subtype_name": "Japanese Flowering Cherry", "zip_code": "20878", "ownership": "public", "ownership_raw": "City of Gaithersburg", "city": "Gaithersburg", "source_dataset": "Street Trees View", "source_department": "City of Gaithersburg", "source_last_edit_at": "2025-06-11T14:32:58.720000+00:00"}}, {"type": "Feature", "geometry": {"type": "Point", "coordinates": [-77.22979098417126, 39.12388759519902]}, "properties": {"id": "gaithersburg-7426", "species_group": "cherry", "scientific_name": "Prunus serrulata", "common_name": "Japanese Flowering Cherry", "subtype_name": "Japanese Flowering Cherry", "zip_code": "20878", "ownership": "public", "ownership_raw": "City of Gaithersburg", "city": "Gaithersburg", "source_dataset": "Street Trees View", "source_department": "City of Gaithersburg", "source_last_edit_at": "2025-06-11T14:32:58.720000+00:00"}}, {"type": "Feature", "geometry": {"type": "Point", "coordinates": [-77.22965691773956, 39.12383065115736]}, "properties": {"id": "gaithersburg-7427", "species_group": "cherry", "scientific_name": "Prunus serrulata", "common_name": "Japanese Flowering Cherry", "subtype_name": "Japanese Flowering Cherry", "zip_code": "20878", "ownership": "public", "ownership_raw": "City of Gaithersburg", "city": "Gaithersburg", "source_dataset": "Street Trees View", "source_department": "City of Gaithersburg", "source_last_edit_at": "2025-06-11T14:32:58.720000+00:00"}}, {"type": "Feature", "geometry": {"type": "Point", "coordinates": [-77.22962234025682, 39.12384618106777]}, "properties": {"id": "gaithersburg-7428", "species_group": "cherry", "scientific_name": "Prunus serrulata", "common_name": "Japanese Flowering Cherry", "subtype_name": "Japanese Flowering Cherry", "zip_code": "20878", "ownership": "public", "ownership_raw": "City of Gaithersburg", "city": "Gaithersburg", "source_dataset": "Street Trees View", "source_department": "City of Gaithersburg", "source_last_edit_at": "2025-06-11T14:32:58.720000+00:00"}}, {"type": "Feature", "geometry": {"type": "Point", "coordinates": [-77.22961506037186, 39.123822180117635]}, "properties": {"id": "gaithersburg-7429", "species_group": "cherry", "scientific_name": "Prunus serrulata", "common_name": "Japanese Flowering Cherry", "subtype_name": "Japanese Flowering Cherry", "zip_code": "20878", "ownership": "public", "ownership_raw": "City of Gaithersburg", "city": "Gaithersburg", "source_dataset": "Street Trees View", "source_department": "City of Gaithersburg", "source_last_edit_at": "2025-06-11T14:32:58.720000+00:00"}}, {"type": "Feature", "geometry": {"type": "Point", "coordinates": [-77.23556827767293, 39.142523307796]}, "properties": {"id": "gaithersburg-743", "species_group": "cherry", "scientific_name": "Prunus serrulata", "common_name": "Japanese Flowering Cherry", "subtype_name": "Japanese Flowering Cherry", "zip_code": "20878", "ownership": "public", "ownership_raw": "City of Gaithersburg", "city": "Gaithersburg", "source_dataset": "Street Trees View", "source_department": "City of Gaithersburg", "source_last_edit_at": "2025-06-11T14:32:58.720000+00:00"}}, {"type": "Feature", "geometry": {"type": "Point", "coordinates": [-77.22957805578582, 39.12383959202845]}, "properties": {"id": "gaithersburg-7430", "species_group": "cherry", "scientific_name": "Prunus serrulata", "common_name": "Japanese Flowering Cherry", "subtype_name": "Japanese Flowering Cherry", "zip_code": "20878", "ownership": "public", "ownership_raw": "City of Gaithersburg", "city": "Gaithersburg", "source_dataset": "Street Trees View", "source_department": "City of Gaithersburg", "source_last_edit_at": "2025-06-11T14:32:58.720000+00:00"}}, {"type": "Feature", "geometry": {"type": "Point", "coordinates": [-77.22956471010222, 39.12381229703712]}, "properties": {"id": "gaithersburg-7431", "species_group": "cherry", "scientific_name": "Prunus serrulata", "common_name": "Japanese Flowering Cherry", "subtype_name": "Japanese Flowering Cherry", "zip_code": "20878", "ownership": "public", "ownership_raw": "City of Gaithersburg", "city": "Gaithersburg", "source_dataset": "Street Trees View", "source_department": "City of Gaithersburg", "source_last_edit_at": "2025-06-11T14:32:58.720000+00:00"}}, {"type": "Feature", "geometry": {"type": "Point", "coordinates": [-77.22952709887313, 39.123827356341]}, "properties": {"id": "gaithersburg-7432", "species_group": "cherry", "scientific_name": "Prunus serrulata", "common_name": "Japanese Flowering Cherry", "subtype_name": "Japanese Flowering Cherry", "zip_code": "20878", "ownership": "public", "ownership_raw": "City of Gaithersburg", "city": "Gaithersburg", "source_dataset": "Street Trees View", "source_department": "City of Gaithersburg", "source_last_edit_at": "2025-06-11T14:32:58.720000+00:00"}}, {"type": "Feature", "geometry": {"type": "Point", "coordinates": [-77.22951799883462, 39.12380194289858]}, "properties": {"id": "gaithersburg-7433", "species_group": "cherry", "scientific_name": "Prunus serrulata", "common_name": "Japanese Flowering Cherry", "subtype_name": "Japanese Flowering Cherry", "zip_code": "20878", "ownership": "public", "ownership_raw": "City of Gaithersburg", "city": "Gaithersburg", "source_dataset": "Street Trees View", "source_department": "City of Gaithersburg", "source_last_edit_at": "2025-06-11T14:32:58.720000+00:00"}}, {"type": "Feature", "geometry": {"type": "Point", "coordinates": [-77.2294773544661, 39.12378876637976]}, "properties": {"id": "gaithersburg-7434", "species_group": "cherry", "scientific_name": "Prunus serrulata", "common_name": "Japanese Flowering Cherry", "subtype_name": "Japanese Flowering Cherry", "zip_code": "20878", "ownership": "public", "ownership_raw": "City of Gaithersburg", "city": "Gaithersburg", "source_dataset": "Street Trees View", "source_department": "City of Gaithersburg", "source_last_edit_at": "2025-06-11T14:32:58.720000+00:00"}}, {"type": "Feature", "geometry": {"type": "Point", "coordinates": [-77.22947434106068, 39.12381143720081]}, "properties": {"id": "gaithersburg-7435", "species_group": "cherry", "scientific_name": "Prunus serrulata", "common_name": "Japanese Flowering Cherry", "subtype_name": "Japanese Flowering Cherry", "zip_code": "20878", "ownership": "public", "ownership_raw": "City of Gaithersburg", "city": "Gaithersburg", "source_dataset": "Street Trees View", "source_department": "City of Gaithersburg", "source_last_edit_at": "2025-06-11T14:32:58.720000+00:00"}}, {"type": "Feature", "geometry": {"type": "Point", "coordinates": [-77.22934874923578, 39.12378453036049]}, "properties": {"id": "gaithersburg-7436", "species_group": "cherry", "scientific_name": "Prunus serrulata", "common_name": "Japanese Flowering Cherry", "subtype_name": "Japanese Flowering Cherry", "zip_code": "20878", "ownership": "public", "ownership_raw": "City of Gaithersburg", "city": "Gaithersburg", "source_dataset": "Street Trees View", "source_department": "City of Gaithersburg", "source_last_edit_at": "2025-06-11T14:32:58.720000+00:00"}}, {"type": "Feature", "geometry": {"type": "Point", "coordinates": [-77.22933661669197, 39.123758646317384]}, "properties": {"id": "gaithersburg-7437", "species_group": "cherry", "scientific_name": "Prunus serrulata", "common_name": "Japanese Flowering Cherry", "subtype_name": "Japanese Flowering Cherry", "zip_code": "20878", "ownership": "public", "ownership_raw": "City of Gaithersburg", "city": "Gaithersburg", "source_dataset": "Street Trees View", "source_department": "City of Gaithersburg", "source_last_edit_at": "2025-06-11T14:32:58.720000+00:00"}}, {"type": "Feature", "geometry": {"type": "Point", "coordinates": [-77.22929597149997, 39.123769941654196]}, "properties": {"id": "gaithersburg-7438", "species_group": "cherry", "scientific_name": "Prunus serrulata", "common_name": "Japanese Flowering Cherry", "subtype_name": "Japanese Flowering Cherry", "zip_code": "20878", "ownership": "public", "ownership_raw": "City of Gaithersburg", "city": "Gaithersburg", "source_dataset": "Street Trees View", "source_department": "City of Gaithersburg", "source_last_edit_at": "2025-06-11T14:32:58.720000+00:00"}}, {"type": "Feature", "geometry": {"type": "Point", "coordinates": [-77.22928565857681, 39.123749234521824]}, "properties": {"id": "gaithersburg-7439", "species_group": "cherry", "scientific_name": "Prunus serrulata", "common_name": "Japanese Flowering Cherry", "subtype_name": "Japanese Flowering Cherry", "zip_code": "20878", "ownership": "public", "ownership_raw": "City of Gaithersburg", "city": "Gaithersburg", "source_dataset": "Street Trees View", "source_department": "City of Gaithersburg", "source_last_edit_at": "2025-06-11T14:32:58.720000+00:00"}}, {"type": "Feature", "geometry": {"type": "Point", "coordinates": [-77.23556735044806, 39.1424648113493]}, "properties": {"id": "gaithersburg-744", "species_group": "cherry", "scientific_name": "Prunus serrulata", "common_name": "Japanese Flowering Cherry", "subtype_name": "Japanese Flowering Cherry", "zip_code": "20878", "ownership": "public", "ownership_raw": "City of Gaithersburg", "city": "Gaithersburg", "source_dataset": "Street Trees View", "source_department": "City of Gaithersburg", "source_last_edit_at": "2025-06-11T14:32:58.720000+00:00"}}, {"type": "Feature", "geometry": {"type": "Point", "coordinates": [-77.22925168797855, 39.12376147072748]}, "properties": {"id": "gaithersburg-7440", "species_group": "cherry", "scientific_name": "Prunus serrulata", "common_name": "Japanese Flowering Cherry", "subtype_name": "Japanese Flowering Cherry", "zip_code": "20878", "ownership": "public", "ownership_raw": "City of Gaithersburg", "city": "Gaithersburg", "source_dataset": "Street Trees View", "source_department": "City of Gaithersburg", "source_last_edit_at": "2025-06-11T14:32:58.720000+00:00"}}, {"type": "Feature", "geometry": {"type": "Point", "coordinates": [-77.22924236680335, 39.12373594509661]}, "properties": {"id": "gaithersburg-7441", "species_group": "cherry", "scientific_name": "Prunus serrulata", "common_name": "Japanese Flowering Cherry", "subtype_name": "Japanese Flowering Cherry", "zip_code": "20878", "ownership": "public", "ownership_raw": "City of Gaithersburg", "city": "Gaithersburg", "source_dataset": "Street Trees View", "source_department": "City of Gaithersburg", "source_last_edit_at": "2025-06-11T14:32:58.720000+00:00"}}, {"type": "Feature", "geometry": {"type": "Point", "coordinates": [-77.22921468244273, 39.123752057730286]}, "properties": {"id": "gaithersburg-7442", "species_group": "cherry", "scientific_name": "Prunus serrulata", "common_name": "Japanese Flowering Cherry", "subtype_name": "Japanese Flowering Cherry", "zip_code": "20878", "ownership": "public", "ownership_raw": "City of Gaithersburg", "city": "Gaithersburg", "source_dataset": "Street Trees View", "source_department": "City of Gaithersburg", "source_last_edit_at": "2025-06-11T14:32:58.720000+00:00"}}, {"type": "Feature", "geometry": {"type": "Point", "coordinates": [-77.22919466376217, 39.12372570356706]}, "properties": {"id": "gaithersburg-7443", "species_group": "cherry", "scientific_name": "Prunus serrulata", "common_name": "Japanese Flowering Cherry", "subtype_name": "Japanese Flowering Cherry", "zip_code": "20878", "ownership": "public", "ownership_raw": "City of Gaithersburg", "city": "Gaithersburg", "source_dataset": "Street Trees View", "source_department": "City of Gaithersburg", "source_last_edit_at": "2025-06-11T14:32:58.720000+00:00"}}, {"type": "Feature", "geometry": {"type": "Point", "coordinates": [-77.2291655457576, 39.123742645923336]}, "properties": {"id": "gaithersburg-7444", "species_group": "cherry", "scientific_name": "Prunus serrulata", "common_name": "Japanese Flowering Cherry", "subtype_name": "Japanese Flowering Cherry", "zip_code": "20878", "ownership": "public", "ownership_raw": "City of Gaithersburg", "city": "Gaithersburg", "source_dataset": "Street Trees View", "source_department": "City of Gaithersburg", "source_last_edit_at": "2025-06-11T14:32:58.720000+00:00"}}, {"type": "Feature", "geometry": {"type": "Point", "coordinates": [-77.229148560313, 39.123719115220304]}, "properties": {"id": "gaithersburg-7445", "species_group": "cherry", "scientific_name": "Prunus serrulata", "common_name": "Japanese Flowering Cherry", "subtype_name": "Japanese Flowering Cherry", "zip_code": "20878", "ownership": "public", "ownership_raw": "City of Gaithersburg", "city": "Gaithersburg", "source_dataset": "Street Trees View", "source_department": "City of Gaithersburg", "source_last_edit_at": "2025-06-11T14:32:58.720000+00:00"}}, {"type": "Feature", "geometry": {"type": "Point", "coordinates": [-77.22898173579388, 39.12368617219659]}, "properties": {"id": "gaithersburg-7446", "species_group": "cherry", "scientific_name": "Prunus serrulata", "common_name": "Japanese Flowering Cherry", "subtype_name": "Japanese Flowering Cherry", "zip_code": "20878", "ownership": "public", "ownership_raw": "City of Gaithersburg", "city": "Gaithersburg", "source_dataset": "Street Trees View", "source_department": "City of Gaithersburg", "source_last_edit_at": "2025-06-11T14:32:58.720000+00:00"}}, {"type": "Feature", "geometry": {"type": "Point", "coordinates": [-77.22895625710188, 39.12370311459669]}, "properties": {"id": "gaithersburg-7447", "species_group": "cherry", "scientific_name": "Prunus serrulata", "common_name": "Japanese Flowering Cherry", "subtype_name": "Japanese Flowering Cherry", "zip_code": "20878", "ownership": "public", "ownership_raw": "City of Gaithersburg", "city": "Gaithersburg", "source_dataset": "Street Trees View", "source_department": "City of Gaithersburg", "source_last_edit_at": "2025-06-11T14:32:58.720000+00:00"}}, {"type": "Feature", "geometry": {"type": "Point", "coordinates": [-77.22893805853852, 39.12368099507756]}, "properties": {"id": "gaithersburg-7448", "species_group": "cherry", "scientific_name": "Prunus serrulata", "common_name": "Japanese Flowering Cherry", "subtype_name": "Japanese Flowering Cherry", "zip_code": "20878", "ownership": "public", "ownership_raw": "City of Gaithersburg", "city": "Gaithersburg", "source_dataset": "Street Trees View", "source_department": "City of Gaithersburg", "source_last_edit_at": "2025-06-11T14:32:58.720000+00:00"}}, {"type": "Feature", "geometry": {"type": "Point", "coordinates": [-77.22890772717795, 39.123694642827786]}, "properties": {"id": "gaithersburg-7449", "species_group": "cherry", "scientific_name": "Prunus serrulata", "common_name": "Japanese Flowering Cherry", "subtype_name": "Japanese Flowering Cherry", "zip_code": "20878", "ownership": "public", "ownership_raw": "City of Gaithersburg", "city": "Gaithersburg", "source_dataset": "Street Trees View", "source_department": "City of Gaithersburg", "source_last_edit_at": "2025-06-11T14:32:58.720000+00:00"}}, {"type": "Feature", "geometry": {"type": "Point", "coordinates": [-77.2288913482823, 39.12367628867648]}, "properties": {"id": "gaithersburg-7450", "species_group": "cherry", "scientific_name": "Prunus serrulata", "common_name": "Japanese Flowering Cherry", "subtype_name": "Japanese Flowering Cherry", "zip_code": "20878", "ownership": "public", "ownership_raw": "City of Gaithersburg", "city": "Gaithersburg", "source_dataset": "Street Trees View", "source_department": "City of Gaithersburg", "source_last_edit_at": "2025-06-11T14:32:58.720000+00:00"}}, {"type": "Feature", "geometry": {"type": "Point", "coordinates": [-77.228862836287, 39.12369181912798]}, "properties": {"id": "gaithersburg-7451", "species_group": "cherry", "scientific_name": "Prunus serrulata", "common_name": "Japanese Flowering Cherry", "subtype_name": "Japanese Flowering Cherry", "zip_code": "20878", "ownership": "public", "ownership_raw": "City of Gaithersburg", "city": "Gaithersburg", "source_dataset": "Street Trees View", "source_department": "City of Gaithersburg", "source_last_edit_at": "2025-06-11T14:32:58.720000+00:00"}}, {"type": "Feature", "geometry": {"type": "Point", "coordinates": [-77.22884099741988, 39.1236668764024]}, "properties": {"id": "gaithersburg-7452", "species_group": "cherry", "scientific_name": "Prunus serrulata", "common_name": "Japanese Flowering Cherry", "subtype_name": "Japanese Flowering Cherry", "zip_code": "20878", "ownership": "public", "ownership_raw": "City of Gaithersburg", "city": "Gaithersburg", "source_dataset": "Street Trees View", "source_department": "City of Gaithersburg", "source_last_edit_at": "2025-06-11T14:32:58.720000+00:00"}}, {"type": "Feature", "geometry": {"type": "Point", "coordinates": [-77.2288124850048, 39.123689466378444]}, "properties": {"id": "gaithersburg-7453", "species_group": "cherry", "scientific_name": "Prunus serrulata", "common_name": "Japanese Flowering Cherry", "subtype_name": "Japanese Flowering Cherry", "zip_code": "20878", "ownership": "public", "ownership_raw": "City of Gaithersburg", "city": "Gaithersburg", "source_dataset": "Street Trees View", "source_department": "City of Gaithersburg", "source_last_edit_at": "2025-06-11T14:32:58.720000+00:00"}}, {"type": "Feature", "geometry": {"type": "Point", "coordinates": [-77.22879913955933, 39.12366358284597]}, "properties": {"id": "gaithersburg-7454", "species_group": "cherry", "scientific_name": "Prunus serrulata", "common_name": "Japanese Flowering Cherry", "subtype_name": "Japanese Flowering Cherry", "zip_code": "20878", "ownership": "public", "ownership_raw": "City of Gaithersburg", "city": "Gaithersburg", "source_dataset": "Street Trees View", "source_department": "City of Gaithersburg", "source_last_edit_at": "2025-06-11T14:32:58.720000+00:00"}}, {"type": "Feature", "geometry": {"type": "Point", "coordinates": [-77.22863595602693, 39.12368428992021]}, "properties": {"id": "gaithersburg-7455", "species_group": "cherry", "scientific_name": "Prunus serrulata", "common_name": "Japanese Flowering Cherry", "subtype_name": "Japanese Flowering Cherry", "zip_code": "20878", "ownership": "public", "ownership_raw": "City of Gaithersburg", "city": "Gaithersburg", "source_dataset": "Street Trees View", "source_department": "City of Gaithersburg", "source_last_edit_at": "2025-06-11T14:32:58.720000+00:00"}}, {"type": "Feature", "geometry": {"type": "Point", "coordinates": [-77.22860594029727, 39.123663039249976]}, "properties": {"id": "gaithersburg-7456", "species_group": "cherry", "scientific_name": "Prunus serrulata", "common_name": "Japanese Flowering Cherry", "subtype_name": "Japanese Flowering Cherry", "zip_code": "20878", "ownership": "public", "ownership_raw": "City of Gaithersburg", "city": "Gaithersburg", "source_dataset": "Street Trees View", "source_department": "City of Gaithersburg", "source_last_edit_at": "2025-06-11T14:32:58.720000+00:00"}}, {"type": "Feature", "geometry": {"type": "Point", "coordinates": [-77.22858014507207, 39.12368334845922]}, "properties": {"id": "gaithersburg-7457", "species_group": "cherry", "scientific_name": "Prunus serrulata", "common_name": "Japanese Flowering Cherry", "subtype_name": "Japanese Flowering Cherry", "zip_code": "20878", "ownership": "public", "ownership_raw": "City of Gaithersburg", "city": "Gaithersburg", "source_dataset": "Street Trees View", "source_department": "City of Gaithersburg", "source_last_edit_at": "2025-06-11T14:32:58.720000+00:00"}}, {"type": "Feature", "geometry": {"type": "Point", "coordinates": [-77.22855602588561, 39.12366347260007]}, "properties": {"id": "gaithersburg-7458", "species_group": "cherry", "scientific_name": "Prunus serrulata", "common_name": "Japanese Flowering Cherry", "subtype_name": "Japanese Flowering Cherry", "zip_code": "20878", "ownership": "public", "ownership_raw": "City of Gaithersburg", "city": "Gaithersburg", "source_dataset": "Street Trees View", "source_department": "City of Gaithersburg", "source_last_edit_at": "2025-06-11T14:32:58.720000+00:00"}}, {"type": "Feature", "geometry": {"type": "Point", "coordinates": [-77.22853879177745, 39.12368376240166]}, "properties": {"id": "gaithersburg-7459", "species_group": "cherry", "scientific_name": "Prunus serrulata", "common_name": "Japanese Flowering Cherry", "subtype_name": "Japanese Flowering Cherry", "zip_code": "20878", "ownership": "public", "ownership_raw": "City of Gaithersburg", "city": "Gaithersburg", "source_dataset": "Street Trees View", "source_department": "City of Gaithersburg", "source_last_edit_at": "2025-06-11T14:32:58.720000+00:00"}}, {"type": "Feature", "geometry": {"type": "Point", "coordinates": [-77.23684956433725, 39.14269520400766]}, "properties": {"id": "gaithersburg-746", "species_group": "crabapple", "scientific_name": "Malus floribunda", "common_name": "Crabapple", "subtype_name": "Malus floribunda", "zip_code": "20878", "ownership": "public", "ownership_raw": "City of Gaithersburg", "city": "Gaithersburg", "source_dataset": "Street Trees View", "source_department": "City of Gaithersburg", "source_last_edit_at": "2025-06-11T14:32:58.720000+00:00"}}, {"type": "Feature", "geometry": {"type": "Point", "coordinates": [-77.22851341616673, 39.123662641381785]}, "properties": {"id": "gaithersburg-7460", "species_group": "cherry", "scientific_name": "Prunus serrulata", "common_name": "Japanese Flowering Cherry", "subtype_name": "Japanese Flowering Cherry", "zip_code": "20878", "ownership": "public", "ownership_raw": "City of Gaithersburg", "city": "Gaithersburg", "source_dataset": "Street Trees View", "source_department": "City of Gaithersburg", "source_last_edit_at": "2025-06-11T14:32:58.720000+00:00"}}, {"type": "Feature", "geometry": {"type": "Point", "coordinates": [-77.22849294694925, 39.123687451371794]}, "properties": {"id": "gaithersburg-7461", "species_group": "cherry", "scientific_name": "Prunus serrulata", "common_name": "Japanese Flowering Cherry", "subtype_name": "Japanese Flowering Cherry", "zip_code": "20878", "ownership": "public", "ownership_raw": "City of Gaithersburg", "city": "Gaithersburg", "source_dataset": "Street Trees View", "source_department": "City of Gaithersburg", "source_last_edit_at": "2025-06-11T14:32:58.720000+00:00"}}, {"type": "Feature", "geometry": {"type": "Point", "coordinates": [-77.22846367133779, 39.12366546507372]}, "properties": {"id": "gaithersburg-7462", "species_group": "cherry", "scientific_name": "Prunus serrulata", "common_name": "Japanese Flowering Cherry", "subtype_name": "Japanese Flowering Cherry", "zip_code": "20878", "ownership": "public", "ownership_raw": "City of Gaithersburg", "city": "Gaithersburg", "source_dataset": "Street Trees View", "source_department": "City of Gaithersburg", "source_last_edit_at": "2025-06-11T14:32:58.720000+00:00"}}, {"type": "Feature", "geometry": {"type": "Point", "coordinates": [-77.22843662636868, 39.12369274434232]}, "properties": {"id": "gaithersburg-7463", "species_group": "cherry", "scientific_name": "Prunus serrulata", "common_name": "Japanese Flowering Cherry", "subtype_name": "Japanese Flowering Cherry", "zip_code": "20878", "ownership": "public", "ownership_raw": "City of Gaithersburg", "city": "Gaithersburg", "source_dataset": "Street Trees View", "source_department": "City of Gaithersburg", "source_last_edit_at": "2025-06-11T14:32:58.720000+00:00"}}, {"type": "Feature", "geometry": {"type": "Point", "coordinates": [-77.22808330918626, 39.12376127050799]}, "properties": {"id": "gaithersburg-7464", "species_group": "cherry", "scientific_name": "Prunus serrulata", "common_name": "Japanese Flowering Cherry", "subtype_name": "Japanese Flowering Cherry", "zip_code": "20878", "ownership": "public", "ownership_raw": "City of Gaithersburg", "city": "Gaithersburg", "source_dataset": "Street Trees View", "source_department": "City of Gaithersburg", "source_last_edit_at": "2025-06-11T14:32:58.720000+00:00"}}, {"type": "Feature", "geometry": {"type": "Point", "coordinates": [-77.22807116438707, 39.12371159003894]}, "properties": {"id": "gaithersburg-7465", "species_group": "cherry", "scientific_name": "Prunus serrulata", "common_name": "Japanese Flowering Cherry", "subtype_name": "Japanese Flowering Cherry", "zip_code": "20878", "ownership": "public", "ownership_raw": "City of Gaithersburg", "city": "Gaithersburg", "source_dataset": "Street Trees View", "source_department": "City of Gaithersburg", "source_last_edit_at": "2025-06-11T14:32:58.720000+00:00"}}, {"type": "Feature", "geometry": {"type": "Point", "coordinates": [-77.22802916857043, 39.12372080942892]}, "properties": {"id": "gaithersburg-7466", "species_group": "cherry", "scientific_name": "Prunus serrulata", "common_name": "Japanese Flowering Cherry", "subtype_name": "Japanese Flowering Cherry", "zip_code": "20878", "ownership": "public", "ownership_raw": "City of Gaithersburg", "city": "Gaithersburg", "source_dataset": "Street Trees View", "source_department": "City of Gaithersburg", "source_last_edit_at": "2025-06-11T14:32:58.720000+00:00"}}, {"type": "Feature", "geometry": {"type": "Point", "coordinates": [-77.22804356141025, 39.123771549367596]}, "properties": {"id": "gaithersburg-7467", "species_group": "cherry", "scientific_name": "Prunus serrulata", "common_name": "Japanese Flowering Cherry", "subtype_name": "Japanese Flowering Cherry", "zip_code": "20878", "ownership": "public", "ownership_raw": "City of Gaithersburg", "city": "Gaithersburg", "source_dataset": "Street Trees View", "source_department": "City of Gaithersburg", "source_last_edit_at": "2025-06-11T14:32:58.720000+00:00"}}, {"type": "Feature", "geometry": {"type": "Point", "coordinates": [-77.22800491658774, 39.12377668883022]}, "properties": {"id": "gaithersburg-7468", "species_group": "cherry", "scientific_name": "Prunus serrulata", "common_name": "Japanese Flowering Cherry", "subtype_name": "Japanese Flowering Cherry", "zip_code": "20878", "ownership": "public", "ownership_raw": "City of Gaithersburg", "city": "Gaithersburg", "source_dataset": "Street Trees View", "source_department": "City of Gaithersburg", "source_last_edit_at": "2025-06-11T14:32:58.720000+00:00"}}, {"type": "Feature", "geometry": {"type": "Point", "coordinates": [-77.22799056287582, 39.12372443817641]}, "properties": {"id": "gaithersburg-7469", "species_group": "cherry", "scientific_name": "Prunus serrulata", "common_name": "Japanese Flowering Cherry", "subtype_name": "Japanese Flowering Cherry", "zip_code": "20878", "ownership": "public", "ownership_raw": "City of Gaithersburg", "city": "Gaithersburg", "source_dataset": "Street Trees View", "source_department": "City of Gaithersburg", "source_last_edit_at": "2025-06-11T14:32:58.720000+00:00"}}, {"type": "Feature", "geometry": {"type": "Point", "coordinates": [-77.22796516792485, 39.123785254351546]}, "properties": {"id": "gaithersburg-7470", "species_group": "cherry", "scientific_name": "Prunus serrulata", "common_name": "Japanese Flowering Cherry", "subtype_name": "Japanese Flowering Cherry", "zip_code": "20878", "ownership": "public", "ownership_raw": "City of Gaithersburg", "city": "Gaithersburg", "source_dataset": "Street Trees View", "source_department": "City of Gaithersburg", "source_last_edit_at": "2025-06-11T14:32:58.720000+00:00"}}, {"type": "Feature", "geometry": {"type": "Point", "coordinates": [-77.22795854306922, 39.123758700971756]}, "properties": {"id": "gaithersburg-7471", "species_group": "cherry", "scientific_name": "Prunus serrulata", "common_name": "Japanese Flowering Cherry", "subtype_name": "Japanese Flowering Cherry", "zip_code": "20878", "ownership": "public", "ownership_raw": "City of Gaithersburg", "city": "Gaithersburg", "source_dataset": "Street Trees View", "source_department": "City of Gaithersburg", "source_last_edit_at": "2025-06-11T14:32:58.720000+00:00"}}, {"type": "Feature", "geometry": {"type": "Point", "coordinates": [-77.22794971012154, 39.123731290725566]}, "properties": {"id": "gaithersburg-7472", "species_group": "cherry", "scientific_name": "Prunus serrulata", "common_name": "Japanese Flowering Cherry", "subtype_name": "Japanese Flowering Cherry", "zip_code": "20878", "ownership": "public", "ownership_raw": "City of Gaithersburg", "city": "Gaithersburg", "source_dataset": "Street Trees View", "source_department": "City of Gaithersburg", "source_last_edit_at": "2025-06-11T14:32:58.720000+00:00"}}, {"type": "Feature", "geometry": {"type": "Point", "coordinates": [-77.2274870797224, 39.12384350095543]}, "properties": {"id": "gaithersburg-7473", "species_group": "cherry", "scientific_name": "Prunus serrulata", "common_name": "Japanese Flowering Cherry", "subtype_name": "Japanese Flowering Cherry", "zip_code": "20878", "ownership": "public", "ownership_raw": "City of Gaithersburg", "city": "Gaithersburg", "source_dataset": "Street Trees View", "source_department": "City of Gaithersburg", "source_last_edit_at": "2025-06-11T14:32:58.720000+00:00"}}, {"type": "Feature", "geometry": {"type": "Point", "coordinates": [-77.22748362296647, 39.12382466572264]}, "properties": {"id": "gaithersburg-7474", "species_group": "cherry", "scientific_name": "Prunus serrulata", "common_name": "Japanese Flowering Cherry", "subtype_name": "Japanese Flowering Cherry", "zip_code": "20878", "ownership": "public", "ownership_raw": "City of Gaithersburg", "city": "Gaithersburg", "source_dataset": "Street Trees View", "source_department": "City of Gaithersburg", "source_last_edit_at": "2025-06-11T14:32:58.720000+00:00"}}, {"type": "Feature", "geometry": {"type": "Point", "coordinates": [-77.22743297718925, 39.123838361527284]}, "properties": {"id": "gaithersburg-7475", "species_group": "cherry", "scientific_name": "Prunus serrulata", "common_name": "Japanese Flowering Cherry", "subtype_name": "Japanese Flowering Cherry", "zip_code": "20878", "ownership": "public", "ownership_raw": "City of Gaithersburg", "city": "Gaithersburg", "source_dataset": "Street Trees View", "source_department": "City of Gaithersburg", "source_last_edit_at": "2025-06-11T14:32:58.720000+00:00"}}, {"type": "Feature", "geometry": {"type": "Point", "coordinates": [-77.22744181030798, 39.123857206145296]}, "properties": {"id": "gaithersburg-7476", "species_group": "cherry", "scientific_name": "Prunus serrulata", "common_name": "Japanese Flowering Cherry", "subtype_name": "Japanese Flowering Cherry", "zip_code": "20878", "ownership": "public", "ownership_raw": "City of Gaithersburg", "city": "Gaithersburg", "source_dataset": "Street Trees View", "source_department": "City of Gaithersburg", "source_last_edit_at": "2025-06-11T14:32:58.720000+00:00"}}, {"type": "Feature", "geometry": {"type": "Point", "coordinates": [-77.22738881218439, 39.123868341930596]}, "properties": {"id": "gaithersburg-7477", "species_group": "cherry", "scientific_name": "Prunus serrulata", "common_name": "Japanese Flowering Cherry", "subtype_name": "Japanese Flowering Cherry", "zip_code": "20878", "ownership": "public", "ownership_raw": "City of Gaithersburg", "city": "Gaithersburg", "source_dataset": "Street Trees View", "source_department": "City of Gaithersburg", "source_last_edit_at": "2025-06-11T14:32:58.720000+00:00"}}, {"type": "Feature", "geometry": {"type": "Point", "coordinates": [-77.2273832213403, 39.12384936310515]}, "properties": {"id": "gaithersburg-7478", "species_group": "cherry", "scientific_name": "Prunus serrulata", "common_name": "Japanese Flowering Cherry", "subtype_name": "Japanese Flowering Cherry", "zip_code": "20878", "ownership": "public", "ownership_raw": "City of Gaithersburg", "city": "Gaithersburg", "source_dataset": "Street Trees View", "source_department": "City of Gaithersburg", "source_last_edit_at": "2025-06-11T14:32:58.720000+00:00"}}, {"type": "Feature", "geometry": {"type": "Point", "coordinates": [-77.22733556126707, 39.12388469378899]}, "properties": {"id": "gaithersburg-7479", "species_group": "cherry", "scientific_name": "Prunus serrulata", "common_name": "Japanese Flowering Cherry", "subtype_name": "Japanese Flowering Cherry", "zip_code": "20878", "ownership": "public", "ownership_raw": "City of Gaithersburg", "city": "Gaithersburg", "source_dataset": "Street Trees View", "source_department": "City of Gaithersburg", "source_last_edit_at": "2025-06-11T14:32:58.720000+00:00"}}, {"type": "Feature", "geometry": {"type": "Point", "coordinates": [-77.22691932453013, 39.12406715399404]}, "properties": {"id": "gaithersburg-7480", "species_group": "cherry", "scientific_name": "Prunus serrulata", "common_name": "Japanese Flowering Cherry", "subtype_name": "Japanese Flowering Cherry", "zip_code": "20878", "ownership": "public", "ownership_raw": "City of Gaithersburg", "city": "Gaithersburg", "source_dataset": "Street Trees View", "source_department": "City of Gaithersburg", "source_last_edit_at": "2025-06-11T14:32:58.720000+00:00"}}, {"type": "Feature", "geometry": {"type": "Point", "coordinates": [-77.22692603024885, 39.12409342982825]}, "properties": {"id": "gaithersburg-7481", "species_group": "cherry", "scientific_name": "Prunus serrulata", "common_name": "Japanese Flowering Cherry", "subtype_name": "Japanese Flowering Cherry", "zip_code": "20878", "ownership": "public", "ownership_raw": "City of Gaithersburg", "city": "Gaithersburg", "source_dataset": "Street Trees View", "source_department": "City of Gaithersburg", "source_last_edit_at": "2025-06-11T14:32:58.720000+00:00"}}, {"type": "Feature", "geometry": {"type": "Point", "coordinates": [-77.22689252650495, 39.124090511260874]}, "properties": {"id": "gaithersburg-7482", "species_group": "cherry", "scientific_name": "Prunus serrulata", "common_name": "Japanese Flowering Cherry", "subtype_name": "Japanese Flowering Cherry", "zip_code": "20878", "ownership": "public", "ownership_raw": "City of Gaithersburg", "city": "Gaithersburg", "source_dataset": "Street Trees View", "source_department": "City of Gaithersburg", "source_last_edit_at": "2025-06-11T14:32:58.720000+00:00"}}, {"type": "Feature", "geometry": {"type": "Point", "coordinates": [-77.22687934477794, 39.12412480484483]}, "properties": {"id": "gaithersburg-7483", "species_group": "cherry", "scientific_name": "Prunus serrulata", "common_name": "Japanese Flowering Cherry", "subtype_name": "Japanese Flowering Cherry", "zip_code": "20878", "ownership": "public", "ownership_raw": "City of Gaithersburg", "city": "Gaithersburg", "source_dataset": "Street Trees View", "source_department": "City of Gaithersburg", "source_last_edit_at": "2025-06-11T14:32:58.720000+00:00"}}, {"type": "Feature", "geometry": {"type": "Point", "coordinates": [-77.22684944138959, 39.124113286606374]}, "properties": {"id": "gaithersburg-7484", "species_group": "cherry", "scientific_name": "Prunus serrulata", "common_name": "Japanese Flowering Cherry", "subtype_name": "Japanese Flowering Cherry", "zip_code": "20878", "ownership": "public", "ownership_raw": "City of Gaithersburg", "city": "Gaithersburg", "source_dataset": "Street Trees View", "source_department": "City of Gaithersburg", "source_last_edit_at": "2025-06-11T14:32:58.720000+00:00"}}, {"type": "Feature", "geometry": {"type": "Point", "coordinates": [-77.22684999677142, 39.12414672486429]}, "properties": {"id": "gaithersburg-7485", "species_group": "cherry", "scientific_name": "Prunus serrulata", "common_name": "Japanese Flowering Cherry", "subtype_name": "Japanese Flowering Cherry", "zip_code": "20878", "ownership": "public", "ownership_raw": "City of Gaithersburg", "city": "Gaithersburg", "source_dataset": "Street Trees View", "source_department": "City of Gaithersburg", "source_last_edit_at": "2025-06-11T14:32:58.720000+00:00"}}, {"type": "Feature", "geometry": {"type": "Point", "coordinates": [-77.22681824798384, 39.124133853591765]}, "properties": {"id": "gaithersburg-7486", "species_group": "cherry", "scientific_name": "Prunus serrulata", "common_name": "Japanese Flowering Cherry", "subtype_name": "Japanese Flowering Cherry", "zip_code": "20878", "ownership": "public", "ownership_raw": "City of Gaithersburg", "city": "Gaithersburg", "source_dataset": "Street Trees View", "source_department": "City of Gaithersburg", "source_last_edit_at": "2025-06-11T14:32:58.720000+00:00"}}, {"type": "Feature", "geometry": {"type": "Point", "coordinates": [-77.22678926973957, 39.12415786092435]}, "properties": {"id": "gaithersburg-7487", "species_group": "cherry", "scientific_name": "Prunus serrulata", "common_name": "Japanese Flowering Cherry", "subtype_name": "Japanese Flowering Cherry", "zip_code": "20878", "ownership": "public", "ownership_raw": "City of Gaithersburg", "city": "Gaithersburg", "source_dataset": "Street Trees View", "source_department": "City of Gaithersburg", "source_last_edit_at": "2025-06-11T14:32:58.720000+00:00"}}, {"type": "Feature", "geometry": {"type": "Point", "coordinates": [-77.22680583101177, 39.12417841835939]}, "properties": {"id": "gaithersburg-7488", "species_group": "cherry", "scientific_name": "Prunus serrulata", "common_name": "Japanese Flowering Cherry", "subtype_name": "Japanese Flowering Cherry", "zip_code": "20878", "ownership": "public", "ownership_raw": "City of Gaithersburg", "city": "Gaithersburg", "source_dataset": "Street Trees View", "source_department": "City of Gaithersburg", "source_last_edit_at": "2025-06-11T14:32:58.720000+00:00"}}, {"type": "Feature", "geometry": {"type": "Point", "coordinates": [-77.22650340386694, 39.124495818424805]}, "properties": {"id": "gaithersburg-7489", "species_group": "cherry", "scientific_name": "Prunus serrulata", "common_name": "Japanese Flowering Cherry", "subtype_name": "Japanese Flowering Cherry", "zip_code": "20878", "ownership": "public", "ownership_raw": "City of Gaithersburg", "city": "Gaithersburg", "source_dataset": "Street Trees View", "source_department": "City of Gaithersburg", "source_last_edit_at": "2025-06-11T14:32:58.720000+00:00"}}, {"type": "Feature", "geometry": {"type": "Point", "coordinates": [-77.2264779044091, 39.12448763623462]}, "properties": {"id": "gaithersburg-7490", "species_group": "cherry", "scientific_name": "Prunus serrulata", "common_name": "Japanese Flowering Cherry", "subtype_name": "Japanese Flowering Cherry", "zip_code": "20878", "ownership": "public", "ownership_raw": "City of Gaithersburg", "city": "Gaithersburg", "source_dataset": "Street Trees View", "source_department": "City of Gaithersburg", "source_last_edit_at": "2025-06-11T14:32:58.720000+00:00"}}, {"type": "Feature", "geometry": {"type": "Point", "coordinates": [-77.2264536137215, 39.1244773573538]}, "properties": {"id": "gaithersburg-7491", "species_group": "cherry", "scientific_name": "Prunus serrulata", "common_name": "Japanese Flowering Cherry", "subtype_name": "Japanese Flowering Cherry", "zip_code": "20878", "ownership": "public", "ownership_raw": "City of Gaithersburg", "city": "Gaithersburg", "source_dataset": "Street Trees View", "source_department": "City of Gaithersburg", "source_last_edit_at": "2025-06-11T14:32:58.720000+00:00"}}, {"type": "Feature", "geometry": {"type": "Point", "coordinates": [-77.22642503549784, 39.12451121672169]}, "properties": {"id": "gaithersburg-7492", "species_group": "cherry", "scientific_name": "Prunus serrulata", "common_name": "Japanese Flowering Cherry", "subtype_name": "Japanese Flowering Cherry", "zip_code": "20878", "ownership": "public", "ownership_raw": "City of Gaithersburg", "city": "Gaithersburg", "source_dataset": "Street Trees View", "source_department": "City of Gaithersburg", "source_last_edit_at": "2025-06-11T14:32:58.720000+00:00"}}, {"type": "Feature", "geometry": {"type": "Point", "coordinates": [-77.22645504321514, 39.124525686772685]}, "properties": {"id": "gaithersburg-7493", "species_group": "cherry", "scientific_name": "Prunus serrulata", "common_name": "Japanese Flowering Cherry", "subtype_name": "Japanese Flowering Cherry", "zip_code": "20878", "ownership": "public", "ownership_raw": "City of Gaithersburg", "city": "Gaithersburg", "source_dataset": "Street Trees View", "source_department": "City of Gaithersburg", "source_last_edit_at": "2025-06-11T14:32:58.720000+00:00"}}, {"type": "Feature", "geometry": {"type": "Point", "coordinates": [-77.2264779081433, 39.12453274265976]}, "properties": {"id": "gaithersburg-7494", "species_group": "cherry", "scientific_name": "Prunus serrulata", "common_name": "Japanese Flowering Cherry", "subtype_name": "Japanese Flowering Cherry", "zip_code": "20878", "ownership": "public", "ownership_raw": "City of Gaithersburg", "city": "Gaithersburg", "source_dataset": "Street Trees View", "source_department": "City of Gaithersburg", "source_last_edit_at": "2025-06-11T14:32:58.720000+00:00"}}, {"type": "Feature", "geometry": {"type": "Point", "coordinates": [-77.2264665113869, 39.12456765969729]}, "properties": {"id": "gaithersburg-7495", "species_group": "cherry", "scientific_name": "Prunus serrulata", "common_name": "Japanese Flowering Cherry", "subtype_name": "Japanese Flowering Cherry", "zip_code": "20878", "ownership": "public", "ownership_raw": "City of Gaithersburg", "city": "Gaithersburg", "source_dataset": "Street Trees View", "source_department": "City of Gaithersburg", "source_last_edit_at": "2025-06-11T14:32:58.720000+00:00"}}, {"type": "Feature", "geometry": {"type": "Point", "coordinates": [-77.22643816397209, 39.124559250596526]}, "properties": {"id": "gaithersburg-7496", "species_group": "cherry", "scientific_name": "Prunus serrulata", "common_name": "Japanese Flowering Cherry", "subtype_name": "Japanese Flowering Cherry", "zip_code": "20878", "ownership": "public", "ownership_raw": "City of Gaithersburg", "city": "Gaithersburg", "source_dataset": "Street Trees View", "source_department": "City of Gaithersburg", "source_last_edit_at": "2025-06-11T14:32:58.720000+00:00"}}, {"type": "Feature", "geometry": {"type": "Point", "coordinates": [-77.22640282051192, 39.124549198441194]}, "properties": {"id": "gaithersburg-7497", "species_group": "cherry", "scientific_name": "Prunus serrulata", "common_name": "Japanese Flowering Cherry", "subtype_name": "Japanese Flowering Cherry", "zip_code": "20878", "ownership": "public", "ownership_raw": "City of Gaithersburg", "city": "Gaithersburg", "source_dataset": "Street Trees View", "source_department": "City of Gaithersburg", "source_last_edit_at": "2025-06-11T14:32:58.720000+00:00"}}, {"type": "Feature", "geometry": {"type": "Point", "coordinates": [-77.22644257233826, 39.12460498447217]}, "properties": {"id": "gaithersburg-7498", "species_group": "cherry", "scientific_name": "Prunus serrulata", "common_name": "Japanese Flowering Cherry", "subtype_name": "Japanese Flowering Cherry", "zip_code": "20878", "ownership": "public", "ownership_raw": "City of Gaithersburg", "city": "Gaithersburg", "source_dataset": "Street Trees View", "source_department": "City of Gaithersburg", "source_last_edit_at": "2025-06-11T14:32:58.720000+00:00"}}, {"type": "Feature", "geometry": {"type": "Point", "coordinates": [-77.22641856548678, 39.12459886941325]}, "properties": {"id": "gaithersburg-7499", "species_group": "cherry", "scientific_name": "Prunus serrulata", "common_name": "Japanese Flowering Cherry", "subtype_name": "Japanese Flowering Cherry", "zip_code": "20878", "ownership": "public", "ownership_raw": "City of Gaithersburg", "city": "Gaithersburg", "source_dataset": "Street Trees View", "source_department": "City of Gaithersburg", "source_last_edit_at": "2025-06-11T14:32:58.720000+00:00"}}, {"type": "Feature", "geometry": {"type": "Point", "coordinates": [-77.22638515833057, 39.12458785326388]}, "properties": {"id": "gaithersburg-7500", "species_group": "cherry", "scientific_name": "Prunus serrulata", "common_name": "Japanese Flowering Cherry", "subtype_name": "Japanese Flowering Cherry", "zip_code": "20878", "ownership": "public", "ownership_raw": "City of Gaithersburg", "city": "Gaithersburg", "source_dataset": "Street Trees View", "source_department": "City of Gaithersburg", "source_last_edit_at": "2025-06-11T14:32:58.720000+00:00"}}, {"type": "Feature", "geometry": {"type": "Point", "coordinates": [-77.22631803611773, 39.124825516348096]}, "properties": {"id": "gaithersburg-7501", "species_group": "cherry", "scientific_name": "Prunus serrulata", "common_name": "Japanese Flowering Cherry", "subtype_name": "Japanese Flowering Cherry", "zip_code": "20878", "ownership": "public", "ownership_raw": "City of Gaithersburg", "city": "Gaithersburg", "source_dataset": "Street Trees View", "source_department": "City of Gaithersburg", "source_last_edit_at": "2025-06-11T14:32:58.720000+00:00"}}, {"type": "Feature", "geometry": {"type": "Point", "coordinates": [-77.22628940142764, 39.124834792181645]}, "properties": {"id": "gaithersburg-7502", "species_group": "cherry", "scientific_name": "Prunus serrulata", "common_name": "Japanese Flowering Cherry", "subtype_name": "Japanese Flowering Cherry", "zip_code": "20878", "ownership": "public", "ownership_raw": "City of Gaithersburg", "city": "Gaithersburg", "source_dataset": "Street Trees View", "source_department": "City of Gaithersburg", "source_last_edit_at": "2025-06-11T14:32:58.720000+00:00"}}, {"type": "Feature", "geometry": {"type": "Point", "coordinates": [-77.22630921734063, 39.12486053918711]}, "properties": {"id": "gaithersburg-7503", "species_group": "cherry", "scientific_name": "Prunus serrulata", "common_name": "Japanese Flowering Cherry", "subtype_name": "Japanese Flowering Cherry", "zip_code": "20878", "ownership": "public", "ownership_raw": "City of Gaithersburg", "city": "Gaithersburg", "source_dataset": "Street Trees View", "source_department": "City of Gaithersburg", "source_last_edit_at": "2025-06-11T14:32:58.720000+00:00"}}, {"type": "Feature", "geometry": {"type": "Point", "coordinates": [-77.2262835782208, 39.124871373015445]}, "properties": {"id": "gaithersburg-7504", "species_group": "cherry", "scientific_name": "Prunus serrulata", "common_name": "Japanese Flowering Cherry", "subtype_name": "Japanese Flowering Cherry", "zip_code": "20878", "ownership": "public", "ownership_raw": "City of Gaithersburg", "city": "Gaithersburg", "source_dataset": "Street Trees View", "source_department": "City of Gaithersburg", "source_last_edit_at": "2025-06-11T14:32:58.720000+00:00"}}, {"type": "Feature", "geometry": {"type": "Point", "coordinates": [-77.22629281891895, 39.12489878889683]}, "properties": {"id": "gaithersburg-7505", "species_group": "cherry", "scientific_name": "Prunus serrulata", "common_name": "Japanese Flowering Cherry", "subtype_name": "Japanese Flowering Cherry", "zip_code": "20878", "ownership": "public", "ownership_raw": "City of Gaithersburg", "city": "Gaithersburg", "source_dataset": "Street Trees View", "source_department": "City of Gaithersburg", "source_last_edit_at": "2025-06-11T14:32:58.720000+00:00"}}, {"type": "Feature", "geometry": {"type": "Point", "coordinates": [-77.22627032863262, 39.12490991840865]}, "properties": {"id": "gaithersburg-7506", "species_group": "cherry", "scientific_name": "Prunus serrulata", "common_name": "Japanese Flowering Cherry", "subtype_name": "Japanese Flowering Cherry", "zip_code": "20878", "ownership": "public", "ownership_raw": "City of Gaithersburg", "city": "Gaithersburg", "source_dataset": "Street Trees View", "source_department": "City of Gaithersburg", "source_last_edit_at": "2025-06-11T14:32:58.720000+00:00"}}, {"type": "Feature", "geometry": {"type": "Point", "coordinates": [-77.22628748422002, 39.12493297717533]}, "properties": {"id": "gaithersburg-7507", "species_group": "cherry", "scientific_name": "Prunus serrulata", "common_name": "Japanese Flowering Cherry", "subtype_name": "Japanese Flowering Cherry", "zip_code": "20878", "ownership": "public", "ownership_raw": "City of Gaithersburg", "city": "Gaithersburg", "source_dataset": "Street Trees View", "source_department": "City of Gaithersburg", "source_last_edit_at": "2025-06-11T14:32:58.720000+00:00"}}, {"type": "Feature", "geometry": {"type": "Point", "coordinates": [-77.22626105226053, 39.12493888878182]}, "properties": {"id": "gaithersburg-7508", "species_group": "cherry", "scientific_name": "Prunus serrulata", "common_name": "Japanese Flowering Cherry", "subtype_name": "Japanese Flowering Cherry", "zip_code": "20878", "ownership": "public", "ownership_raw": "City of Gaithersburg", "city": "Gaithersburg", "source_dataset": "Street Trees View", "source_department": "City of Gaithersburg", "source_last_edit_at": "2025-06-11T14:32:58.720000+00:00"}}, {"type": "Feature", "geometry": {"type": "Point", "coordinates": [-77.22628799451762, 39.12497158968421]}, "properties": {"id": "gaithersburg-7509", "species_group": "cherry", "scientific_name": "Prunus serrulata", "common_name": "Japanese Flowering Cherry", "subtype_name": "Japanese Flowering Cherry", "zip_code": "20878", "ownership": "public", "ownership_raw": "City of Gaithersburg", "city": "Gaithersburg", "source_dataset": "Street Trees View", "source_department": "City of Gaithersburg", "source_last_edit_at": "2025-06-11T14:32:58.720000+00:00"}}, {"type": "Feature", "geometry": {"type": "Point", "coordinates": [-77.23097974928865, 39.144685205390054]}, "properties": {"id": "gaithersburg-752", "species_group": "crabapple", "scientific_name": "Malus floribunda", "common_name": "Crabapple", "subtype_name": "Malus floribunda", "zip_code": "20878", "ownership": "public", "ownership_raw": "City of Gaithersburg", "city": "Gaithersburg", "source_dataset": "Street Trees View", "source_department": "City of Gaithersburg", "source_last_edit_at": "2025-06-11T14:32:58.720000+00:00"}}, {"type": "Feature", "geometry": {"type": "Point", "coordinates": [-77.23097812539982, 39.14466249604458]}, "properties": {"id": "gaithersburg-753", "species_group": "peach", "scientific_name": "Prunus persica", "common_name": "Peach", "subtype_name": "Peach", "zip_code": "20878", "ownership": "public", "ownership_raw": "City of Gaithersburg", "city": "Gaithersburg", "source_dataset": "Street Trees View", "source_department": "City of Gaithersburg", "source_last_edit_at": "2025-06-11T14:32:58.720000+00:00"}}, {"type": "Feature", "geometry": {"type": "Point", "coordinates": [-77.2321798224053, 39.14445912690594]}, "properties": {"id": "gaithersburg-754", "species_group": "peach", "scientific_name": "Prunus persica", "common_name": "Peach", "subtype_name": "Peach", "zip_code": "20878", "ownership": "public", "ownership_raw": "City of Gaithersburg", "city": "Gaithersburg", "source_dataset": "Street Trees View", "source_department": "City of Gaithersburg", "source_last_edit_at": "2025-06-11T14:32:58.720000+00:00"}}, {"type": "Feature", "geometry": {"type": "Point", "coordinates": [-77.22611483459139, 39.125394022164066]}, "properties": {"id": "gaithersburg-7559", "species_group": "cherry", "scientific_name": "Prunus serrulata", "common_name": "Japanese Flowering Cherry", "subtype_name": "Japanese Flowering Cherry", "zip_code": "20878", "ownership": "public", "ownership_raw": "City of Gaithersburg", "city": "Gaithersburg", "source_dataset": "Street Trees View", "source_department": "City of Gaithersburg", "source_last_edit_at": "2025-06-11T14:32:58.720000+00:00"}}, {"type": "Feature", "geometry": {"type": "Point", "coordinates": [-77.22610980572284, 39.125443687304035]}, "properties": {"id": "gaithersburg-7560", "species_group": "cherry", "scientific_name": "Prunus serrulata", "common_name": "Japanese Flowering Cherry", "subtype_name": "Japanese Flowering Cherry", "zip_code": "20878", "ownership": "public", "ownership_raw": "City of Gaithersburg", "city": "Gaithersburg", "source_dataset": "Street Trees View", "source_department": "City of Gaithersburg", "source_last_edit_at": "2025-06-11T14:32:58.720000+00:00"}}, {"type": "Feature", "geometry": {"type": "Point", "coordinates": [-77.22609047820488, 39.125479186196976]}, "properties": {"id": "gaithersburg-7561", "species_group": "cherry", "scientific_name": "Prunus serrulata", "common_name": "Japanese Flowering Cherry", "subtype_name": "Japanese Flowering Cherry", "zip_code": "20878", "ownership": "public", "ownership_raw": "City of Gaithersburg", "city": "Gaithersburg", "source_dataset": "Street Trees View", "source_department": "City of Gaithersburg", "source_last_edit_at": "2025-06-11T14:32:58.720000+00:00"}}, {"type": "Feature", "geometry": {"type": "Point", "coordinates": [-77.22604493946422, 39.12548024869752]}, "properties": {"id": "gaithersburg-7562", "species_group": "cherry", "scientific_name": "Prunus serrulata", "common_name": "Japanese Flowering Cherry", "subtype_name": "Japanese Flowering Cherry", "zip_code": "20878", "ownership": "public", "ownership_raw": "City of Gaithersburg", "city": "Gaithersburg", "source_dataset": "Street Trees View", "source_department": "City of Gaithersburg", "source_last_edit_at": "2025-06-11T14:32:58.720000+00:00"}}, {"type": "Feature", "geometry": {"type": "Point", "coordinates": [-77.22605517732258, 39.12550957415772]}, "properties": {"id": "gaithersburg-7563", "species_group": "cherry", "scientific_name": "Prunus serrulata", "common_name": "Japanese Flowering Cherry", "subtype_name": "Japanese Flowering Cherry", "zip_code": "20878", "ownership": "public", "ownership_raw": "City of Gaithersburg", "city": "Gaithersburg", "source_dataset": "Street Trees View", "source_department": "City of Gaithersburg", "source_last_edit_at": "2025-06-11T14:32:58.720000+00:00"}}, {"type": "Feature", "geometry": {"type": "Point", "coordinates": [-77.22634519090138, 39.125375121113635]}, "properties": {"id": "gaithersburg-7564", "species_group": "cherry", "scientific_name": "Prunus serrulata", "common_name": "Japanese Flowering Cherry", "subtype_name": "Japanese Flowering Cherry", "zip_code": "20878", "ownership": "public", "ownership_raw": "City of Gaithersburg", "city": "Gaithersburg", "source_dataset": "Street Trees View", "source_department": "City of Gaithersburg", "source_last_edit_at": "2025-06-11T14:32:58.720000+00:00"}}, {"type": "Feature", "geometry": {"type": "Point", "coordinates": [-77.22629165709672, 39.12534371286987]}, "properties": {"id": "gaithersburg-7565", "species_group": "cherry", "scientific_name": "Prunus serrulata", "common_name": "Japanese Flowering Cherry", "subtype_name": "Japanese Flowering Cherry", "zip_code": "20878", "ownership": "public", "ownership_raw": "City of Gaithersburg", "city": "Gaithersburg", "source_dataset": "Street Trees View", "source_department": "City of Gaithersburg", "source_last_edit_at": "2025-06-11T14:32:58.720000+00:00"}}, {"type": "Feature", "geometry": {"type": "Point", "coordinates": [-77.22626358168728, 39.125379080051516]}, "properties": {"id": "gaithersburg-7566", "species_group": "cherry", "scientific_name": "Prunus serrulata", "common_name": "Japanese Flowering Cherry", "subtype_name": "Japanese Flowering Cherry", "zip_code": "20878", "ownership": "public", "ownership_raw": "City of Gaithersburg", "city": "Gaithersburg", "source_dataset": "Street Trees View", "source_department": "City of Gaithersburg", "source_last_edit_at": "2025-06-11T14:32:58.720000+00:00"}}, {"type": "Feature", "geometry": {"type": "Point", "coordinates": [-77.22662256023972, 39.125644352566745]}, "properties": {"id": "gaithersburg-7567", "species_group": "cherry", "scientific_name": "Prunus serrulata", "common_name": "Japanese Flowering Cherry", "subtype_name": "Japanese Flowering Cherry", "zip_code": "20878", "ownership": "public", "ownership_raw": "City of Gaithersburg", "city": "Gaithersburg", "source_dataset": "Street Trees View", "source_department": "City of Gaithersburg", "source_last_edit_at": "2025-06-11T14:32:58.720000+00:00"}}, {"type": "Feature", "geometry": {"type": "Point", "coordinates": [-77.22662361954906, 39.12559572108815]}, "properties": {"id": "gaithersburg-7568", "species_group": "cherry", "scientific_name": "Prunus serrulata", "common_name": "Japanese Flowering Cherry", "subtype_name": "Japanese Flowering Cherry", "zip_code": "20878", "ownership": "public", "ownership_raw": "City of Gaithersburg", "city": "Gaithersburg", "source_dataset": "Street Trees View", "source_department": "City of Gaithersburg", "source_last_edit_at": "2025-06-11T14:32:58.720000+00:00"}}, {"type": "Feature", "geometry": {"type": "Point", "coordinates": [-77.22665335263912, 39.12557322117853]}, "properties": {"id": "gaithersburg-7569", "species_group": "cherry", "scientific_name": "Prunus serrulata", "common_name": "Japanese Flowering Cherry", "subtype_name": "Japanese Flowering Cherry", "zip_code": "20878", "ownership": "public", "ownership_raw": "City of Gaithersburg", "city": "Gaithersburg", "source_dataset": "Street Trees View", "source_department": "City of Gaithersburg", "source_last_edit_at": "2025-06-11T14:32:58.720000+00:00"}}, {"type": "Feature", "geometry": {"type": "Point", "coordinates": [-77.22661995578089, 39.12554926245187]}, "properties": {"id": "gaithersburg-7570", "species_group": "cherry", "scientific_name": "Prunus serrulata", "common_name": "Japanese Flowering Cherry", "subtype_name": "Japanese Flowering Cherry", "zip_code": "20878", "ownership": "public", "ownership_raw": "City of Gaithersburg", "city": "Gaithersburg", "source_dataset": "Street Trees View", "source_department": "City of Gaithersburg", "source_last_edit_at": "2025-06-11T14:32:58.720000+00:00"}}, {"type": "Feature", "geometry": {"type": "Point", "coordinates": [-77.22660052247052, 39.12550286583354]}, "properties": {"id": "gaithersburg-7571", "species_group": "cherry", "scientific_name": "Prunus serrulata", "common_name": "Japanese Flowering Cherry", "subtype_name": "Japanese Flowering Cherry", "zip_code": "20878", "ownership": "public", "ownership_raw": "City of Gaithersburg", "city": "Gaithersburg", "source_dataset": "Street Trees View", "source_department": "City of Gaithersburg", "source_last_edit_at": "2025-06-11T14:32:58.720000+00:00"}}, {"type": "Feature", "geometry": {"type": "Point", "coordinates": [-77.2265700363515, 39.12546107022238]}, "properties": {"id": "gaithersburg-7572", "species_group": "cherry", "scientific_name": "Prunus serrulata", "common_name": "Japanese Flowering Cherry", "subtype_name": "Japanese Flowering Cherry", "zip_code": "20878", "ownership": "public", "ownership_raw": "City of Gaithersburg", "city": "Gaithersburg", "source_dataset": "Street Trees View", "source_department": "City of Gaithersburg", "source_last_edit_at": "2025-06-11T14:32:58.720000+00:00"}}, {"type": "Feature", "geometry": {"type": "Point", "coordinates": [-77.22664763525206, 39.12552250485197]}, "properties": {"id": "gaithersburg-7573", "species_group": "cherry", "scientific_name": "Prunus serrulata", "common_name": "Japanese Flowering Cherry", "subtype_name": "Japanese Flowering Cherry", "zip_code": "20878", "ownership": "public", "ownership_raw": "City of Gaithersburg", "city": "Gaithersburg", "source_dataset": "Street Trees View", "source_department": "City of Gaithersburg", "source_last_edit_at": "2025-06-11T14:32:58.720000+00:00"}}, {"type": "Feature", "geometry": {"type": "Point", "coordinates": [-77.22662032204317, 39.12547404263788]}, "properties": {"id": "gaithersburg-7574", "species_group": "cherry", "scientific_name": "Prunus serrulata", "common_name": "Japanese Flowering Cherry", "subtype_name": "Japanese Flowering Cherry", "zip_code": "20878", "ownership": "public", "ownership_raw": "City of Gaithersburg", "city": "Gaithersburg", "source_dataset": "Street Trees View", "source_department": "City of Gaithersburg", "source_last_edit_at": "2025-06-11T14:32:58.720000+00:00"}}, {"type": "Feature", "geometry": {"type": "Point", "coordinates": [-77.22657515792584, 39.125423541297685]}, "properties": {"id": "gaithersburg-7575", "species_group": "cherry", "scientific_name": "Prunus serrulata", "common_name": "Japanese Flowering Cherry", "subtype_name": "Japanese Flowering Cherry", "zip_code": "20878", "ownership": "public", "ownership_raw": "City of Gaithersburg", "city": "Gaithersburg", "source_dataset": "Street Trees View", "source_department": "City of Gaithersburg", "source_last_edit_at": "2025-06-11T14:32:58.720000+00:00"}}, {"type": "Feature", "geometry": {"type": "Point", "coordinates": [-77.22653753620938, 39.12538713271581]}, "properties": {"id": "gaithersburg-7576", "species_group": "cherry", "scientific_name": "Prunus serrulata", "common_name": "Japanese Flowering Cherry", "subtype_name": "Japanese Flowering Cherry", "zip_code": "20878", "ownership": "public", "ownership_raw": "City of Gaithersburg", "city": "Gaithersburg", "source_dataset": "Street Trees View", "source_department": "City of Gaithersburg", "source_last_edit_at": "2025-06-11T14:32:58.720000+00:00"}}, {"type": "Feature", "geometry": {"type": "Point", "coordinates": [-77.22648262002673, 39.12538504181188]}, "properties": {"id": "gaithersburg-7577", "species_group": "cherry", "scientific_name": "Prunus serrulata", "common_name": "Japanese Flowering Cherry", "subtype_name": "Japanese Flowering Cherry", "zip_code": "20878", "ownership": "public", "ownership_raw": "City of Gaithersburg", "city": "Gaithersburg", "source_dataset": "Street Trees View", "source_department": "City of Gaithersburg", "source_last_edit_at": "2025-06-11T14:32:58.720000+00:00"}}, {"type": "Feature", "geometry": {"type": "Point", "coordinates": [-77.22644588597906, 39.125326301670675]}, "properties": {"id": "gaithersburg-7578", "species_group": "cherry", "scientific_name": "Prunus serrulata", "common_name": "Japanese Flowering Cherry", "subtype_name": "Japanese Flowering Cherry", "zip_code": "20878", "ownership": "public", "ownership_raw": "City of Gaithersburg", "city": "Gaithersburg", "source_dataset": "Street Trees View", "source_department": "City of Gaithersburg", "source_last_edit_at": "2025-06-11T14:32:58.720000+00:00"}}, {"type": "Feature", "geometry": {"type": "Point", "coordinates": [-77.2260915781605, 39.12576001689141]}, "properties": {"id": "gaithersburg-7580", "species_group": "cherry", "scientific_name": "Prunus serrulata", "common_name": "Japanese Flowering Cherry", "subtype_name": "Japanese Flowering Cherry", "zip_code": "20878", "ownership": "public", "ownership_raw": "City of Gaithersburg", "city": "Gaithersburg", "source_dataset": "Street Trees View", "source_department": "City of Gaithersburg", "source_last_edit_at": "2025-06-11T14:32:58.720000+00:00"}}, {"type": "Feature", "geometry": {"type": "Point", "coordinates": [-77.22615547228419, 39.12576970777896]}, "properties": {"id": "gaithersburg-7581", "species_group": "cherry", "scientific_name": "Prunus serrulata", "common_name": "Japanese Flowering Cherry", "subtype_name": "Japanese Flowering Cherry", "zip_code": "20878", "ownership": "public", "ownership_raw": "City of Gaithersburg", "city": "Gaithersburg", "source_dataset": "Street Trees View", "source_department": "City of Gaithersburg", "source_last_edit_at": "2025-06-11T14:32:58.720000+00:00"}}, {"type": "Feature", "geometry": {"type": "Point", "coordinates": [-77.22617574599276, 39.125821875141284]}, "properties": {"id": "gaithersburg-7582", "species_group": "cherry", "scientific_name": "Prunus serrulata", "common_name": "Japanese Flowering Cherry", "subtype_name": "Japanese Flowering Cherry", "zip_code": "20878", "ownership": "public", "ownership_raw": "City of Gaithersburg", "city": "Gaithersburg", "source_dataset": "Street Trees View", "source_department": "City of Gaithersburg", "source_last_edit_at": "2025-06-11T14:32:58.720000+00:00"}}, {"type": "Feature", "geometry": {"type": "Point", "coordinates": [-77.2262444099141, 39.12582187502891]}, "properties": {"id": "gaithersburg-7583", "species_group": "cherry", "scientific_name": "Prunus serrulata", "common_name": "Japanese Flowering Cherry", "subtype_name": "Japanese Flowering Cherry", "zip_code": "20878", "ownership": "public", "ownership_raw": "City of Gaithersburg", "city": "Gaithersburg", "source_dataset": "Street Trees View", "source_department": "City of Gaithersburg", "source_last_edit_at": "2025-06-11T14:32:58.720000+00:00"}}, {"type": "Feature", "geometry": {"type": "Point", "coordinates": [-77.22629462744709, 39.12587042101684]}, "properties": {"id": "gaithersburg-7584", "species_group": "cherry", "scientific_name": "Prunus serrulata", "common_name": "Japanese Flowering Cherry", "subtype_name": "Japanese Flowering Cherry", "zip_code": "20878", "ownership": "public", "ownership_raw": "City of Gaithersburg", "city": "Gaithersburg", "source_dataset": "Street Trees View", "source_department": "City of Gaithersburg", "source_last_edit_at": "2025-06-11T14:32:58.720000+00:00"}}, {"type": "Feature", "geometry": {"type": "Point", "coordinates": [-77.23466442486786, 39.14333501593683]}, "properties": {"id": "gaithersburg-760", "species_group": "cherry", "scientific_name": "Prunus serrulata", "common_name": "Japanese Flowering Cherry", "subtype_name": "Japanese Flowering Cherry", "zip_code": "20878", "ownership": "public", "ownership_raw": "City of Gaithersburg", "city": "Gaithersburg", "source_dataset": "Street Trees View", "source_department": "City of Gaithersburg", "source_last_edit_at": "2025-06-11T14:32:58.720000+00:00"}}, {"type": "Feature", "geometry": {"type": "Point", "coordinates": [-77.23464890119507, 39.14326567886362]}, "properties": {"id": "gaithersburg-761", "species_group": "cherry", "scientific_name": "Prunus serrulata", "common_name": "Japanese Flowering Cherry", "subtype_name": "Japanese Flowering Cherry", "zip_code": "20878", "ownership": "public", "ownership_raw": "City of Gaithersburg", "city": "Gaithersburg", "source_dataset": "Street Trees View", "source_department": "City of Gaithersburg", "source_last_edit_at": "2025-06-11T14:32:58.720000+00:00"}}, {"type": "Feature", "geometry": {"type": "Point", "coordinates": [-77.23463516003731, 39.14319806593748]}, "properties": {"id": "gaithersburg-762", "species_group": "cherry", "scientific_name": "Prunus serrulata", "common_name": "Japanese Flowering Cherry", "subtype_name": "Japanese Flowering Cherry", "zip_code": "20878", "ownership": "public", "ownership_raw": "City of Gaithersburg", "city": "Gaithersburg", "source_dataset": "Street Trees View", "source_department": "City of Gaithersburg", "source_last_edit_at": "2025-06-11T14:32:58.720000+00:00"}}, {"type": "Feature", "geometry": {"type": "Point", "coordinates": [-77.23462560079398, 39.143161700301256]}, "properties": {"id": "gaithersburg-763", "species_group": "cherry", "scientific_name": "Prunus serrulata", "common_name": "Japanese Flowering Cherry", "subtype_name": "Japanese Flowering Cherry", "zip_code": "20878", "ownership": "public", "ownership_raw": "City of Gaithersburg", "city": "Gaithersburg", "source_dataset": "Street Trees View", "source_department": "City of Gaithersburg", "source_last_edit_at": "2025-06-11T14:32:58.720000+00:00"}}, {"type": "Feature", "geometry": {"type": "Point", "coordinates": [-77.23461249551, 39.14304454887196]}, "properties": {"id": "gaithersburg-764", "species_group": "cherry", "scientific_name": "Prunus serrulata", "common_name": "Japanese Flowering Cherry", "subtype_name": "Japanese Flowering Cherry", "zip_code": "20878", "ownership": "public", "ownership_raw": "City of Gaithersburg", "city": "Gaithersburg", "source_dataset": "Street Trees View", "source_department": "City of Gaithersburg", "source_last_edit_at": "2025-06-11T14:32:58.720000+00:00"}}, {"type": "Feature", "geometry": {"type": "Point", "coordinates": [-77.23460847165924, 39.143005453566076]}, "properties": {"id": "gaithersburg-765", "species_group": "cherry", "scientific_name": "Prunus serrulata", "common_name": "Japanese Flowering Cherry", "subtype_name": "Japanese Flowering Cherry", "zip_code": "20878", "ownership": "public", "ownership_raw": "City of Gaithersburg", "city": "Gaithersburg", "source_dataset": "Street Trees View", "source_department": "City of Gaithersburg", "source_last_edit_at": "2025-06-11T14:32:58.720000+00:00"}}, {"type": "Feature", "geometry": {"type": "Point", "coordinates": [-77.23459336972914, 39.14268951224061]}, "properties": {"id": "gaithersburg-766", "species_group": "cherry", "scientific_name": "Prunus serrulata", "common_name": "Japanese Flowering Cherry", "subtype_name": "Japanese Flowering Cherry", "zip_code": "20878", "ownership": "public", "ownership_raw": "City of Gaithersburg", "city": "Gaithersburg", "source_dataset": "Street Trees View", "source_department": "City of Gaithersburg", "source_last_edit_at": "2025-06-11T14:32:58.720000+00:00"}}, {"type": "Feature", "geometry": {"type": "Point", "coordinates": [-77.23458519509997, 39.14257388947944]}, "properties": {"id": "gaithersburg-767", "species_group": "cherry", "scientific_name": "Prunus serrulata", "common_name": "Japanese Flowering Cherry", "subtype_name": "Japanese Flowering Cherry", "zip_code": "20878", "ownership": "public", "ownership_raw": "City of Gaithersburg", "city": "Gaithersburg", "source_dataset": "Street Trees View", "source_department": "City of Gaithersburg", "source_last_edit_at": "2025-06-11T14:32:58.720000+00:00"}}, {"type": "Feature", "geometry": {"type": "Point", "coordinates": [-77.2345803667978, 39.14253462823056]}, "properties": {"id": "gaithersburg-768", "species_group": "cherry", "scientific_name": "Prunus serrulata", "common_name": "Japanese Flowering Cherry", "subtype_name": "Japanese Flowering Cherry", "zip_code": "20878", "ownership": "public", "ownership_raw": "City of Gaithersburg", "city": "Gaithersburg", "source_dataset": "Street Trees View", "source_department": "City of Gaithersburg", "source_last_edit_at": "2025-06-11T14:32:58.720000+00:00"}}, {"type": "Feature", "geometry": {"type": "Point", "coordinates": [-77.23457980868766, 39.14250431320573]}, "properties": {"id": "gaithersburg-769", "species_group": "cherry", "scientific_name": "Prunus serrulata", "common_name": "Japanese Flowering Cherry", "subtype_name": "Japanese Flowering Cherry", "zip_code": "20878", "ownership": "public", "ownership_raw": "City of Gaithersburg", "city": "Gaithersburg", "source_dataset": "Street Trees View", "source_department": "City of Gaithersburg", "source_last_edit_at": "2025-06-11T14:32:58.720000+00:00"}}, {"type": "Feature", "geometry": {"type": "Point", "coordinates": [-77.23457637605685, 39.142375146555054]}, "properties": {"id": "gaithersburg-770", "species_group": "cherry", "scientific_name": "Prunus serrulata", "common_name": "Japanese Flowering Cherry", "subtype_name": "Japanese Flowering Cherry", "zip_code": "20878", "ownership": "public", "ownership_raw": "City of Gaithersburg", "city": "Gaithersburg", "source_dataset": "Street Trees View", "source_department": "City of Gaithersburg", "source_last_edit_at": "2025-06-11T14:32:58.720000+00:00"}}, {"type": "Feature", "geometry": {"type": "Point", "coordinates": [-77.22457414094856, 39.12635144811067]}, "properties": {"id": "gaithersburg-7708", "species_group": "crabapple", "scientific_name": "Malus floribunda", "common_name": "Crabapple", "subtype_name": "Malus floribunda", "zip_code": "20878", "ownership": "public", "ownership_raw": "City of Gaithersburg", "city": "Gaithersburg", "source_dataset": "Street Trees View", "source_department": "City of Gaithersburg", "source_last_edit_at": "2025-06-11T14:32:58.720000+00:00"}}, {"type": "Feature", "geometry": {"type": "Point", "coordinates": [-77.23457293725052, 39.14233560057576]}, "properties": {"id": "gaithersburg-771", "species_group": "cherry", "scientific_name": "Prunus serrulata", "common_name": "Japanese Flowering Cherry", "subtype_name": "Japanese Flowering Cherry", "zip_code": "20878", "ownership": "public", "ownership_raw": "City of Gaithersburg", "city": "Gaithersburg", "source_dataset": "Street Trees View", "source_department": "City of Gaithersburg", "source_last_edit_at": "2025-06-11T14:32:58.720000+00:00"}}, {"type": "Feature", "geometry": {"type": "Point", "coordinates": [-77.23456972830597, 39.142274568453196]}, "properties": {"id": "gaithersburg-772", "species_group": "cherry", "scientific_name": "Prunus serrulata", "common_name": "Japanese Flowering Cherry", "subtype_name": "Japanese Flowering Cherry", "zip_code": "20878", "ownership": "public", "ownership_raw": "City of Gaithersburg", "city": "Gaithersburg", "source_dataset": "Street Trees View", "source_department": "City of Gaithersburg", "source_last_edit_at": "2025-06-11T14:32:58.720000+00:00"}}, {"type": "Feature", "geometry": {"type": "Point", "coordinates": [-77.23456179975545, 39.14215777415682]}, "properties": {"id": "gaithersburg-773", "species_group": "cherry", "scientific_name": "Prunus serrulata", "common_name": "Japanese Flowering Cherry", "subtype_name": "Japanese Flowering Cherry", "zip_code": "20878", "ownership": "public", "ownership_raw": "City of Gaithersburg", "city": "Gaithersburg", "source_dataset": "Street Trees View", "source_department": "City of Gaithersburg", "source_last_edit_at": "2025-06-11T14:32:58.720000+00:00"}}, {"type": "Feature", "geometry": {"type": "Point", "coordinates": [-77.23436604649828, 39.14208376208508]}, "properties": {"id": "gaithersburg-774", "species_group": "cherry", "scientific_name": "Prunus serrulata", "common_name": "Japanese Flowering Cherry", "subtype_name": "Japanese Flowering Cherry", "zip_code": "20878", "ownership": "public", "ownership_raw": "City of Gaithersburg", "city": "Gaithersburg", "source_dataset": "Street Trees View", "source_department": "City of Gaithersburg", "source_last_edit_at": "2025-06-11T14:32:58.720000+00:00"}}, {"type": "Feature", "geometry": {"type": "Point", "coordinates": [-77.23436537723606, 39.14204812359921]}, "properties": {"id": "gaithersburg-775", "species_group": "cherry", "scientific_name": "Prunus serrulata", "common_name": "Japanese Flowering Cherry", "subtype_name": "Japanese Flowering Cherry", "zip_code": "20878", "ownership": "public", "ownership_raw": "City of Gaithersburg", "city": "Gaithersburg", "source_dataset": "Street Trees View", "source_department": "City of Gaithersburg", "source_last_edit_at": "2025-06-11T14:32:58.720000+00:00"}}, {"type": "Feature", "geometry": {"type": "Point", "coordinates": [-77.2343534192153, 39.14182474214676]}, "properties": {"id": "gaithersburg-776", "species_group": "cherry", "scientific_name": "Prunus serrulata", "common_name": "Japanese Flowering Cherry", "subtype_name": "Japanese Flowering Cherry", "zip_code": "20878", "ownership": "public", "ownership_raw": "City of Gaithersburg", "city": "Gaithersburg", "source_dataset": "Street Trees View", "source_department": "City of Gaithersburg", "source_last_edit_at": "2025-06-11T14:32:58.720000+00:00"}}, {"type": "Feature", "geometry": {"type": "Point", "coordinates": [-77.2343472681339, 39.14175892097778]}, "properties": {"id": "gaithersburg-777", "species_group": "cherry", "scientific_name": "Prunus serrulata", "common_name": "Japanese Flowering Cherry", "subtype_name": "Japanese Flowering Cherry", "zip_code": "20878", "ownership": "public", "ownership_raw": "City of Gaithersburg", "city": "Gaithersburg", "source_dataset": "Street Trees View", "source_department": "City of Gaithersburg", "source_last_edit_at": "2025-06-11T14:32:58.720000+00:00"}}, {"type": "Feature", "geometry": {"type": "Point", "coordinates": [-77.23433780565283, 39.14165741075041]}, "properties": {"id": "gaithersburg-778", "species_group": "cherry", "scientific_name": "Prunus serrulata", "common_name": "Japanese Flowering Cherry", "subtype_name": "Japanese Flowering Cherry", "zip_code": "20878", "ownership": "public", "ownership_raw": "City of Gaithersburg", "city": "Gaithersburg", "source_dataset": "Street Trees View", "source_department": "City of Gaithersburg", "source_last_edit_at": "2025-06-11T14:32:58.720000+00:00"}}, {"type": "Feature", "geometry": {"type": "Point", "coordinates": [-77.23430050807639, 39.14150240678516]}, "properties": {"id": "gaithersburg-779", "species_group": "cherry", "scientific_name": "Prunus serrulata", "common_name": "Japanese Flowering Cherry", "subtype_name": "Japanese Flowering Cherry", "zip_code": "20878", "ownership": "public", "ownership_raw": "City of Gaithersburg", "city": "Gaithersburg", "source_dataset": "Street Trees View", "source_department": "City of Gaithersburg", "source_last_edit_at": "2025-06-11T14:32:58.720000+00:00"}}, {"type": "Feature", "geometry": {"type": "Point", "coordinates": [-77.19284361222438, 39.1401980979588]}, "properties": {"id": "gaithersburg-78", "species_group": "cherry", "scientific_name": "Prunus serrulata", "common_name": "Japanese Flowering Cherry", "subtype_name": "Japanese Flowering Cherry", "zip_code": "20877", "ownership": "public", "ownership_raw": "City of Gaithersburg", "city": "Gaithersburg", "source_dataset": "Street Trees View", "source_department": "City of Gaithersburg", "source_last_edit_at": "2025-06-11T14:32:58.720000+00:00"}}, {"type": "Feature", "geometry": {"type": "Point", "coordinates": [-77.23453722251793, 39.14168977554366]}, "properties": {"id": "gaithersburg-780", "species_group": "cherry", "scientific_name": "Prunus serrulata", "common_name": "Japanese Flowering Cherry", "subtype_name": "Japanese Flowering Cherry", "zip_code": "20878", "ownership": "public", "ownership_raw": "City of Gaithersburg", "city": "Gaithersburg", "source_dataset": "Street Trees View", "source_department": "City of Gaithersburg", "source_last_edit_at": "2025-06-11T14:32:58.720000+00:00"}}, {"type": "Feature", "geometry": {"type": "Point", "coordinates": [-77.23453088965309, 39.14165340162967]}, "properties": {"id": "gaithersburg-781", "species_group": "cherry", "scientific_name": "Prunus serrulata", "common_name": "Japanese Flowering Cherry", "subtype_name": "Japanese Flowering Cherry", "zip_code": "20878", "ownership": "public", "ownership_raw": "City of Gaithersburg", "city": "Gaithersburg", "source_dataset": "Street Trees View", "source_department": "City of Gaithersburg", "source_last_edit_at": "2025-06-11T14:32:58.720000+00:00"}}, {"type": "Feature", "geometry": {"type": "Point", "coordinates": [-77.23452581112949, 39.141624871102316]}, "properties": {"id": "gaithersburg-782", "species_group": "cherry", "scientific_name": "Prunus serrulata", "common_name": "Japanese Flowering Cherry", "subtype_name": "Japanese Flowering Cherry", "zip_code": "20878", "ownership": "public", "ownership_raw": "City of Gaithersburg", "city": "Gaithersburg", "source_dataset": "Street Trees View", "source_department": "City of Gaithersburg", "source_last_edit_at": "2025-06-11T14:32:58.720000+00:00"}}, {"type": "Feature", "geometry": {"type": "Point", "coordinates": [-77.23427075983753, 39.14102667246779]}, "properties": {"id": "gaithersburg-783", "species_group": "cherry", "scientific_name": "Prunus serrulata", "common_name": "Japanese Flowering Cherry", "subtype_name": "Japanese Flowering Cherry", "zip_code": "20878", "ownership": "public", "ownership_raw": "City of Gaithersburg", "city": "Gaithersburg", "source_dataset": "Street Trees View", "source_department": "City of Gaithersburg", "source_last_edit_at": "2025-06-11T14:32:58.720000+00:00"}}, {"type": "Feature", "geometry": {"type": "Point", "coordinates": [-77.19284332226579, 39.14029460739948]}, "properties": {"id": "gaithersburg-79", "species_group": "cherry", "scientific_name": "Prunus serrulata", "common_name": "Japanese Flowering Cherry", "subtype_name": "Japanese Flowering Cherry", "zip_code": "20877", "ownership": "public", "ownership_raw": "City of Gaithersburg", "city": "Gaithersburg", "source_dataset": "Street Trees View", "source_department": "City of Gaithersburg", "source_last_edit_at": "2025-06-11T14:32:58.720000+00:00"}}, {"type": "Feature", "geometry": {"type": "Point", "coordinates": [-77.23393589497927, 39.140902840045136]}, "properties": {"id": "gaithersburg-793", "species_group": "cherry", "scientific_name": "Prunus serrulata", "common_name": "Japanese Flowering Cherry", "subtype_name": "Japanese Flowering Cherry", "zip_code": "20878", "ownership": "public", "ownership_raw": "City of Gaithersburg", "city": "Gaithersburg", "source_dataset": "Street Trees View", "source_department": "City of Gaithersburg", "source_last_edit_at": "2025-06-11T14:32:58.720000+00:00"}}, {"type": "Feature", "geometry": {"type": "Point", "coordinates": [-77.2339585697229, 39.14092619916985]}, "properties": {"id": "gaithersburg-794", "species_group": "cherry", "scientific_name": "Prunus serrulata", "common_name": "Japanese Flowering Cherry", "subtype_name": "Japanese Flowering Cherry", "zip_code": "20878", "ownership": "public", "ownership_raw": "City of Gaithersburg", "city": "Gaithersburg", "source_dataset": "Street Trees View", "source_department": "City of Gaithersburg", "source_last_edit_at": "2025-06-11T14:32:58.720000+00:00"}}, {"type": "Feature", "geometry": {"type": "Point", "coordinates": [-77.23398581637589, 39.140955683557664]}, "properties": {"id": "gaithersburg-795", "species_group": "cherry", "scientific_name": "Prunus serrulata", "common_name": "Japanese Flowering Cherry", "subtype_name": "Japanese Flowering Cherry", "zip_code": "20878", "ownership": "public", "ownership_raw": "City of Gaithersburg", "city": "Gaithersburg", "source_dataset": "Street Trees View", "source_department": "City of Gaithersburg", "source_last_edit_at": "2025-06-11T14:32:58.720000+00:00"}}, {"type": "Feature", "geometry": {"type": "Point", "coordinates": [-77.2340430929637, 39.14102136396241]}, "properties": {"id": "gaithersburg-796", "species_group": "cherry", "scientific_name": "Prunus serrulata", "common_name": "Japanese Flowering Cherry", "subtype_name": "Japanese Flowering Cherry", "zip_code": "20878", "ownership": "public", "ownership_raw": "City of Gaithersburg", "city": "Gaithersburg", "source_dataset": "Street Trees View", "source_department": "City of Gaithersburg", "source_last_edit_at": "2025-06-11T14:32:58.720000+00:00"}}, {"type": "Feature", "geometry": {"type": "Point", "coordinates": [-77.23406399229118, 39.14104896753921]}, "properties": {"id": "gaithersburg-797", "species_group": "cherry", "scientific_name": "Prunus serrulata", "common_name": "Japanese Flowering Cherry", "subtype_name": "Japanese Flowering Cherry", "zip_code": "20878", "ownership": "public", "ownership_raw": "City of Gaithersburg", "city": "Gaithersburg", "source_dataset": "Street Trees View", "source_department": "City of Gaithersburg", "source_last_edit_at": "2025-06-11T14:32:58.720000+00:00"}}, {"type": "Feature", "geometry": {"type": "Point", "coordinates": [-77.22879715271297, 39.129504339214265]}, "properties": {"id": "gaithersburg-8114", "species_group": "cherry", "scientific_name": "Prunus serrulata", "common_name": "Japanese Flowering Cherry", "subtype_name": "Japanese Flowering Cherry", "zip_code": "20878", "ownership": "public", "ownership_raw": "City of Gaithersburg", "city": "Gaithersburg", "source_dataset": "Street Trees View", "source_department": "City of Gaithersburg", "source_last_edit_at": "2025-06-11T14:32:58.720000+00:00"}}, {"type": "Feature", "geometry": {"type": "Point", "coordinates": [-77.18539165006234, 39.14631357813902]}, "properties": {"id": "gaithersburg-8125", "species_group": "cherry", "scientific_name": "Prunus serrulata", "common_name": "Japanese Flowering Cherry", "subtype_name": "Japanese Flowering Cherry", "zip_code": "20877", "ownership": "public", "ownership_raw": "City of Gaithersburg", "city": "Gaithersburg", "source_dataset": "Street Trees View", "source_department": "City of Gaithersburg", "source_last_edit_at": "2025-06-11T14:32:58.720000+00:00"}}, {"type": "Feature", "geometry": {"type": "Point", "coordinates": [-77.1854338224221, 39.14630095803704]}, "properties": {"id": "gaithersburg-8126", "species_group": "cherry", "scientific_name": "Prunus serrulata", "common_name": "Japanese Flowering Cherry", "subtype_name": "Japanese Flowering Cherry", "zip_code": "20877", "ownership": "public", "ownership_raw": "City of Gaithersburg", "city": "Gaithersburg", "source_dataset": "Street Trees View", "source_department": "City of Gaithersburg", "source_last_edit_at": "2025-06-11T14:32:58.720000+00:00"}}, {"type": "Feature", "geometry": {"type": "Point", "coordinates": [-77.18548823261524, 39.146286524184845]}, "properties": {"id": "gaithersburg-8127", "species_group": "cherry", "scientific_name": "Prunus serrulata", "common_name": "Japanese Flowering Cherry", "subtype_name": "Japanese Flowering Cherry", "zip_code": "20877", "ownership": "public", "ownership_raw": "City of Gaithersburg", "city": "Gaithersburg", "source_dataset": "Street Trees View", "source_department": "City of Gaithersburg", "source_last_edit_at": "2025-06-11T14:32:58.720000+00:00"}}, {"type": "Feature", "geometry": {"type": "Point", "coordinates": [-77.18584246353544, 39.146179909618084]}, "properties": {"id": "gaithersburg-8129", "species_group": "cherry", "scientific_name": "Prunus serrulata", "common_name": "Japanese Flowering Cherry", "subtype_name": "Japanese Flowering Cherry", "zip_code": "20877", "ownership": "public", "ownership_raw": "City of Gaithersburg", "city": "Gaithersburg", "source_dataset": "Street Trees View", "source_department": "City of Gaithersburg", "source_last_edit_at": "2025-06-11T14:32:58.720000+00:00"}}, {"type": "Feature", "geometry": {"type": "Point", "coordinates": [-77.18587847280558, 39.14617237507495]}, "properties": {"id": "gaithersburg-8130", "species_group": "cherry", "scientific_name": "Prunus serrulata", "common_name": "Japanese Flowering Cherry", "subtype_name": "Japanese Flowering Cherry", "zip_code": "20877", "ownership": "public", "ownership_raw": "City of Gaithersburg", "city": "Gaithersburg", "source_dataset": "Street Trees View", "source_department": "City of Gaithersburg", "source_last_edit_at": "2025-06-11T14:32:58.720000+00:00"}}, {"type": "Feature", "geometry": {"type": "Point", "coordinates": [-77.18590698891917, 39.14616554691219]}, "properties": {"id": "gaithersburg-8131", "species_group": "cherry", "scientific_name": "Prunus serrulata", "common_name": "Japanese Flowering Cherry", "subtype_name": "Japanese Flowering Cherry", "zip_code": "20877", "ownership": "public", "ownership_raw": "City of Gaithersburg", "city": "Gaithersburg", "source_dataset": "Street Trees View", "source_department": "City of Gaithersburg", "source_last_edit_at": "2025-06-11T14:32:58.720000+00:00"}}, {"type": "Feature", "geometry": {"type": "Point", "coordinates": [-77.1863171490623, 39.14609414324911]}, "properties": {"id": "gaithersburg-8134", "species_group": "cherry", "scientific_name": "Prunus serrulata", "common_name": "Japanese Flowering Cherry", "subtype_name": "Japanese Flowering Cherry", "zip_code": "20877", "ownership": "public", "ownership_raw": "City of Gaithersburg", "city": "Gaithersburg", "source_dataset": "Street Trees View", "source_department": "City of Gaithersburg", "source_last_edit_at": "2025-06-11T14:32:58.720000+00:00"}}, {"type": "Feature", "geometry": {"type": "Point", "coordinates": [-77.18634897477838, 39.146090417443126]}, "properties": {"id": "gaithersburg-8135", "species_group": "cherry", "scientific_name": "Prunus serrulata", "common_name": "Japanese Flowering Cherry", "subtype_name": "Japanese Flowering Cherry", "zip_code": "20877", "ownership": "public", "ownership_raw": "City of Gaithersburg", "city": "Gaithersburg", "source_dataset": "Street Trees View", "source_department": "City of Gaithersburg", "source_last_edit_at": "2025-06-11T14:32:58.720000+00:00"}}, {"type": "Feature", "geometry": {"type": "Point", "coordinates": [-77.18621440525098, 39.14599156241802]}, "properties": {"id": "gaithersburg-8141", "species_group": "crabapple", "scientific_name": "Malus floribunda", "common_name": "Crabapple", "subtype_name": "Malus floribunda", "zip_code": "20877", "ownership": "public", "ownership_raw": "City of Gaithersburg", "city": "Gaithersburg", "source_dataset": "Street Trees View", "source_department": "City of Gaithersburg", "source_last_edit_at": "2025-06-11T14:32:58.720000+00:00"}}, {"type": "Feature", "geometry": {"type": "Point", "coordinates": [-77.1847167010773, 39.1460580581151]}, "properties": {"id": "gaithersburg-8146", "species_group": "cherry", "scientific_name": "Prunus serrulata", "common_name": "Japanese Flowering Cherry", "subtype_name": "Japanese Flowering Cherry", "zip_code": "20877", "ownership": "public", "ownership_raw": "City of Gaithersburg", "city": "Gaithersburg", "source_dataset": "Street Trees View", "source_department": "City of Gaithersburg", "source_last_edit_at": "2025-06-11T14:32:58.720000+00:00"}}, {"type": "Feature", "geometry": {"type": "Point", "coordinates": [-77.18469806178021, 39.14602794255561]}, "properties": {"id": "gaithersburg-8147", "species_group": "cherry", "scientific_name": "Prunus serrulata", "common_name": "Japanese Flowering Cherry", "subtype_name": "Japanese Flowering Cherry", "zip_code": "20877", "ownership": "public", "ownership_raw": "City of Gaithersburg", "city": "Gaithersburg", "source_dataset": "Street Trees View", "source_department": "City of Gaithersburg", "source_last_edit_at": "2025-06-11T14:32:58.720000+00:00"}}, {"type": "Feature", "geometry": {"type": "Point", "coordinates": [-77.18467786924255, 39.14599662238159]}, "properties": {"id": "gaithersburg-8148", "species_group": "cherry", "scientific_name": "Prunus serrulata", "common_name": "Japanese Flowering Cherry", "subtype_name": "Japanese Flowering Cherry", "zip_code": "20877", "ownership": "public", "ownership_raw": "City of Gaithersburg", "city": "Gaithersburg", "source_dataset": "Street Trees View", "source_department": "City of Gaithersburg", "source_last_edit_at": "2025-06-11T14:32:58.720000+00:00"}}, {"type": "Feature", "geometry": {"type": "Point", "coordinates": [-77.24685854463718, 39.12188914797698]}, "properties": {"id": "gaithersburg-8316", "species_group": "plum", "scientific_name": "Prunus cerasifera", "common_name": "Purple-Leaf Plum", "subtype_name": "Purpleleaf Plum", "zip_code": "20878", "ownership": "public", "ownership_raw": "City of Gaithersburg", "city": "Gaithersburg", "source_dataset": "Street Trees View", "source_department": "City of Gaithersburg", "source_last_edit_at": "2025-06-11T14:32:58.720000+00:00"}}, {"type": "Feature", "geometry": {"type": "Point", "coordinates": [-77.22879342862568, 39.12964378765455]}, "properties": {"id": "gaithersburg-8759", "species_group": "cherry", "scientific_name": "Prunus serrulata", "common_name": "Japanese Flowering Cherry", "subtype_name": "Japanese Flowering Cherry", "zip_code": "20878", "ownership": "public", "ownership_raw": "City of Gaithersburg", "city": "Gaithersburg", "source_dataset": "Street Trees View", "source_department": "City of Gaithersburg", "source_last_edit_at": "2025-06-11T14:32:58.720000+00:00"}}, {"type": "Feature", "geometry": {"type": "Point", "coordinates": [-77.22983134729, 39.13057457722857]}, "properties": {"id": "gaithersburg-8774", "species_group": "cherry", "scientific_name": "Prunus serrulata", "common_name": "Japanese Flowering Cherry", "subtype_name": "Japanese Flowering Cherry", "zip_code": "20878", "ownership": "public", "ownership_raw": "City of Gaithersburg", "city": "Gaithersburg", "source_dataset": "Street Trees View", "source_department": "City of Gaithersburg", "source_last_edit_at": "2025-06-11T14:32:58.720000+00:00"}}, {"type": "Feature", "geometry": {"type": "Point", "coordinates": [-77.22981127720064, 39.13059273966027]}, "properties": {"id": "gaithersburg-8775", "species_group": "cherry", "scientific_name": "Prunus serrulata", "common_name": "Japanese Flowering Cherry", "subtype_name": "Japanese Flowering Cherry", "zip_code": "20878", "ownership": "public", "ownership_raw": "City of Gaithersburg", "city": "Gaithersburg", "source_dataset": "Street Trees View", "source_department": "City of Gaithersburg", "source_last_edit_at": "2025-06-11T14:32:58.720000+00:00"}}, {"type": "Feature", "geometry": {"type": "Point", "coordinates": [-77.22978442997473, 39.13061422399206]}, "properties": {"id": "gaithersburg-8776", "species_group": "cherry", "scientific_name": "Prunus serrulata", "common_name": "Japanese Flowering Cherry", "subtype_name": "Japanese Flowering Cherry", "zip_code": "20878", "ownership": "public", "ownership_raw": "City of Gaithersburg", "city": "Gaithersburg", "source_dataset": "Street Trees View", "source_department": "City of Gaithersburg", "source_last_edit_at": "2025-06-11T14:32:58.720000+00:00"}}, {"type": "Feature", "geometry": {"type": "Point", "coordinates": [-77.22990312339603, 39.1307440893353]}, "properties": {"id": "gaithersburg-8777", "species_group": "cherry", "scientific_name": "Prunus serrulata", "common_name": "Japanese Flowering Cherry", "subtype_name": "Japanese Flowering Cherry", "zip_code": "20878", "ownership": "public", "ownership_raw": "City of Gaithersburg", "city": "Gaithersburg", "source_dataset": "Street Trees View", "source_department": "City of Gaithersburg", "source_last_edit_at": "2025-06-11T14:32:58.720000+00:00"}}, {"type": "Feature", "geometry": {"type": "Point", "coordinates": [-77.22993504004407, 39.13073804185045]}, "properties": {"id": "gaithersburg-8778", "species_group": "cherry", "scientific_name": "Prunus serrulata", "common_name": "Japanese Flowering Cherry", "subtype_name": "Japanese Flowering Cherry", "zip_code": "20878", "ownership": "public", "ownership_raw": "City of Gaithersburg", "city": "Gaithersburg", "source_dataset": "Street Trees View", "source_department": "City of Gaithersburg", "source_last_edit_at": "2025-06-11T14:32:58.720000+00:00"}}, {"type": "Feature", "geometry": {"type": "Point", "coordinates": [-77.22997185546569, 39.13072792936993]}, "properties": {"id": "gaithersburg-8779", "species_group": "cherry", "scientific_name": "Prunus serrulata", "common_name": "Japanese Flowering Cherry", "subtype_name": "Japanese Flowering Cherry", "zip_code": "20878", "ownership": "public", "ownership_raw": "City of Gaithersburg", "city": "Gaithersburg", "source_dataset": "Street Trees View", "source_department": "City of Gaithersburg", "source_last_edit_at": "2025-06-11T14:32:58.720000+00:00"}}, {"type": "Feature", "geometry": {"type": "Point", "coordinates": [-77.22999774985918, 39.13070650361556]}, "properties": {"id": "gaithersburg-8780", "species_group": "cherry", "scientific_name": "Prunus serrulata", "common_name": "Japanese Flowering Cherry", "subtype_name": "Japanese Flowering Cherry", "zip_code": "20878", "ownership": "public", "ownership_raw": "City of Gaithersburg", "city": "Gaithersburg", "source_dataset": "Street Trees View", "source_department": "City of Gaithersburg", "source_last_edit_at": "2025-06-11T14:32:58.720000+00:00"}}, {"type": "Feature", "geometry": {"type": "Point", "coordinates": [-77.19309737699092, 39.14040193461569]}, "properties": {"id": "gaithersburg-88", "species_group": "magnolia", "scientific_name": "Magnolia soulangiana", "common_name": "Saucer Magnolia", "subtype_name": "Saucer Magnolia", "zip_code": "20877", "ownership": "public", "ownership_raw": "City of Gaithersburg", "city": "Gaithersburg", "source_dataset": "Street Trees View", "source_department": "City of Gaithersburg", "source_last_edit_at": "2025-06-11T14:32:58.720000+00:00"}}, {"type": "Feature", "geometry": {"type": "Point", "coordinates": [-77.22871165323393, 39.130867838371984]}, "properties": {"id": "gaithersburg-8842", "species_group": "cherry", "scientific_name": "Prunus serrulata", "common_name": "Japanese Flowering Cherry", "subtype_name": "Japanese Flowering Cherry", "zip_code": "20878", "ownership": "public", "ownership_raw": "City of Gaithersburg", "city": "Gaithersburg", "source_dataset": "Street Trees View", "source_department": "City of Gaithersburg", "source_last_edit_at": "2025-06-11T14:32:58.720000+00:00"}}, {"type": "Feature", "geometry": {"type": "Point", "coordinates": [-77.23989044278903, 39.12824802160868]}, "properties": {"id": "gaithersburg-8968", "species_group": "cherry", "scientific_name": "Prunus serrulata", "common_name": "Japanese Flowering Cherry", "subtype_name": "Japanese Flowering Cherry", "zip_code": "20878", "ownership": "public", "ownership_raw": "City of Gaithersburg", "city": "Gaithersburg", "source_dataset": "Street Trees View", "source_department": "City of Gaithersburg", "source_last_edit_at": "2025-06-11T14:32:58.720000+00:00"}}, {"type": "Feature", "geometry": {"type": "Point", "coordinates": [-77.23977230436219, 39.128309212039355]}, "properties": {"id": "gaithersburg-8969", "species_group": "cherry", "scientific_name": "Prunus serrulata", "common_name": "Japanese Flowering Cherry", "subtype_name": "Japanese Flowering Cherry", "zip_code": "20878", "ownership": "public", "ownership_raw": "City of Gaithersburg", "city": "Gaithersburg", "source_dataset": "Street Trees View", "source_department": "City of Gaithersburg", "source_last_edit_at": "2025-06-11T14:32:58.720000+00:00"}}, {"type": "Feature", "geometry": {"type": "Point", "coordinates": [-77.24045132408727, 39.12900062591791]}, "properties": {"id": "gaithersburg-8997", "species_group": "cherry", "scientific_name": "Prunus serrulata", "common_name": "Japanese Flowering Cherry", "subtype_name": "Japanese Flowering Cherry", "zip_code": "20878", "ownership": "public", "ownership_raw": "City of Gaithersburg", "city": "Gaithersburg", "source_dataset": "Street Trees View", "source_department": "City of Gaithersburg", "source_last_edit_at": "2025-06-11T14:32:58.720000+00:00"}}, {"type": "Feature", "geometry": {"type": "Point", "coordinates": [-77.24351281053973, 39.13198578268131]}, "properties": {"id": "gaithersburg-9066", "species_group": "cherry", "scientific_name": "Prunus serrulata", "common_name": "Japanese Flowering Cherry", "subtype_name": "Japanese Flowering Cherry", "zip_code": "20878", "ownership": "public", "ownership_raw": "City of Gaithersburg", "city": "Gaithersburg", "source_dataset": "Street Trees View", "source_department": "City of Gaithersburg", "source_last_edit_at": "2025-06-11T14:32:58.720000+00:00"}}, {"type": "Feature", "geometry": {"type": "Point", "coordinates": [-77.18327943682898, 39.124408201179484]}, "properties": {"id": "gaithersburg-9119", "species_group": "cherry", "scientific_name": "Prunus serrulata", "common_name": "Japanese Flowering Cherry", "subtype_name": "Japanese Flowering Cherry", "zip_code": "20877", "ownership": "public", "ownership_raw": "City of Gaithersburg", "city": "Gaithersburg", "source_dataset": "Street Trees View", "source_department": "City of Gaithersburg", "source_last_edit_at": "2025-06-11T14:32:58.720000+00:00"}}, {"type": "Feature", "geometry": {"type": "Point", "coordinates": [-77.18319291004379, 39.124090210950854]}, "properties": {"id": "gaithersburg-9122", "species_group": "cherry", "scientific_name": "Prunus serrulata", "common_name": "Japanese Flowering Cherry", "subtype_name": "Japanese Flowering Cherry", "zip_code": "20877", "ownership": "public", "ownership_raw": "City of Gaithersburg", "city": "Gaithersburg", "source_dataset": "Street Trees View", "source_department": "City of Gaithersburg", "source_last_edit_at": "2025-06-11T14:32:58.720000+00:00"}}, {"type": "Feature", "geometry": {"type": "Point", "coordinates": [-77.18338394825676, 39.12368036499026]}, "properties": {"id": "gaithersburg-9125", "species_group": "cherry", "scientific_name": "Prunus serrulata", "common_name": "Japanese Flowering Cherry", "subtype_name": "Japanese Flowering Cherry", "zip_code": "20877", "ownership": "public", "ownership_raw": "City of Gaithersburg", "city": "Gaithersburg", "source_dataset": "Street Trees View", "source_department": "City of Gaithersburg", "source_last_edit_at": "2025-06-11T14:32:58.720000+00:00"}}, {"type": "Feature", "geometry": {"type": "Point", "coordinates": [-77.18414103565921, 39.123193707160624]}, "properties": {"id": "gaithersburg-9130", "species_group": "cherry", "scientific_name": "Prunus serrulata", "common_name": "Japanese Flowering Cherry", "subtype_name": "Japanese Flowering Cherry", "zip_code": "20877", "ownership": "public", "ownership_raw": "City of Gaithersburg", "city": "Gaithersburg", "source_dataset": "Street Trees View", "source_department": "City of Gaithersburg", "source_last_edit_at": "2025-06-11T14:32:58.720000+00:00"}}, {"type": "Feature", "geometry": {"type": "Point", "coordinates": [-77.18428740263307, 39.12309547421888]}, "properties": {"id": "gaithersburg-9132", "species_group": "cherry", "scientific_name": "Prunus serrulata", "common_name": "Japanese Flowering Cherry", "subtype_name": "Japanese Flowering Cherry", "zip_code": "20877", "ownership": "public", "ownership_raw": "City of Gaithersburg", "city": "Gaithersburg", "source_dataset": "Street Trees View", "source_department": "City of Gaithersburg", "source_last_edit_at": "2025-06-11T14:32:58.720000+00:00"}}, {"type": "Feature", "geometry": {"type": "Point", "coordinates": [-77.18332964047238, 39.12355438733894]}, "properties": {"id": "gaithersburg-9138", "species_group": "crabapple", "scientific_name": "Malus floribunda", "common_name": "Crabapple", "subtype_name": "Malus floribunda", "zip_code": "20877", "ownership": "public", "ownership_raw": "City of Gaithersburg", "city": "Gaithersburg", "source_dataset": "Street Trees View", "source_department": "City of Gaithersburg", "source_last_edit_at": "2025-06-11T14:32:58.720000+00:00"}}, {"type": "Feature", "geometry": {"type": "Point", "coordinates": [-77.18308099098027, 39.12384688303514]}, "properties": {"id": "gaithersburg-9141", "species_group": "crabapple", "scientific_name": "Malus floribunda", "common_name": "Crabapple", "subtype_name": "Malus floribunda", "zip_code": "20877", "ownership": "public", "ownership_raw": "City of Gaithersburg", "city": "Gaithersburg", "source_dataset": "Street Trees View", "source_department": "City of Gaithersburg", "source_last_edit_at": "2025-06-11T14:32:58.720000+00:00"}}, {"type": "Feature", "geometry": {"type": "Point", "coordinates": [-77.18303061667116, 39.123930713099526]}, "properties": {"id": "gaithersburg-9142", "species_group": "cherry", "scientific_name": "Prunus serrulata", "common_name": "Japanese Flowering Cherry", "subtype_name": "Japanese Flowering Cherry", "zip_code": "20877", "ownership": "public", "ownership_raw": "City of Gaithersburg", "city": "Gaithersburg", "source_dataset": "Street Trees View", "source_department": "City of Gaithersburg", "source_last_edit_at": "2025-06-11T14:32:58.720000+00:00"}}, {"type": "Feature", "geometry": {"type": "Point", "coordinates": [-77.18441882375217, 39.12539675173821]}, "properties": {"id": "gaithersburg-9149", "species_group": "cherry", "scientific_name": "Prunus serrulata", "common_name": "Japanese Flowering Cherry", "subtype_name": "Japanese Flowering Cherry", "zip_code": "20877", "ownership": "public", "ownership_raw": "City of Gaithersburg", "city": "Gaithersburg", "source_dataset": "Street Trees View", "source_department": "City of Gaithersburg", "source_last_edit_at": "2025-06-11T14:32:58.720000+00:00"}}, {"type": "Feature", "geometry": {"type": "Point", "coordinates": [-77.18468292609191, 39.12558074557702]}, "properties": {"id": "gaithersburg-9150", "species_group": "cherry", "scientific_name": "Prunus serrulata", "common_name": "Japanese Flowering Cherry", "subtype_name": "Japanese Flowering Cherry", "zip_code": "20877", "ownership": "public", "ownership_raw": "City of Gaithersburg", "city": "Gaithersburg", "source_dataset": "Street Trees View", "source_department": "City of Gaithersburg", "source_last_edit_at": "2025-06-11T14:32:58.720000+00:00"}}, {"type": "Feature", "geometry": {"type": "Point", "coordinates": [-77.18495804206164, 39.12574349151466]}, "properties": {"id": "gaithersburg-9151", "species_group": "cherry", "scientific_name": "Prunus serrulata", "common_name": "Japanese Flowering Cherry", "subtype_name": "Japanese Flowering Cherry", "zip_code": "20877", "ownership": "public", "ownership_raw": "City of Gaithersburg", "city": "Gaithersburg", "source_dataset": "Street Trees View", "source_department": "City of Gaithersburg", "source_last_edit_at": "2025-06-11T14:32:58.720000+00:00"}}, {"type": "Feature", "geometry": {"type": "Point", "coordinates": [-77.18518815263934, 39.12589212041406]}, "properties": {"id": "gaithersburg-9152", "species_group": "cherry", "scientific_name": "Prunus serrulata", "common_name": "Japanese Flowering Cherry", "subtype_name": "Japanese Flowering Cherry", "zip_code": "20877", "ownership": "public", "ownership_raw": "City of Gaithersburg", "city": "Gaithersburg", "source_dataset": "Street Trees View", "source_department": "City of Gaithersburg", "source_last_edit_at": "2025-06-11T14:32:58.720000+00:00"}}, {"type": "Feature", "geometry": {"type": "Point", "coordinates": [-77.19566017667334, 39.139133282997854]}, "properties": {"id": "gaithersburg-9197", "species_group": "cherry", "scientific_name": "Prunus serrulata", "common_name": "Japanese Flowering Cherry", "subtype_name": "Japanese Flowering Cherry", "zip_code": "20877", "ownership": "public", "ownership_raw": "City of Gaithersburg", "city": "Gaithersburg", "source_dataset": "Street Trees View", "source_department": "City of Gaithersburg", "source_last_edit_at": "2025-06-11T14:32:58.720000+00:00"}}, {"type": "Feature", "geometry": {"type": "Point", "coordinates": [-77.19549993815686, 39.13900549923463]}, "properties": {"id": "gaithersburg-9198", "species_group": "cherry", "scientific_name": "Prunus serrulata", "common_name": "Japanese Flowering Cherry", "subtype_name": "Japanese Flowering Cherry", "zip_code": "20877", "ownership": "public", "ownership_raw": "City of Gaithersburg", "city": "Gaithersburg", "source_dataset": "Street Trees View", "source_department": "City of Gaithersburg", "source_last_edit_at": "2025-06-11T14:32:58.720000+00:00"}}, {"type": "Feature", "geometry": {"type": "Point", "coordinates": [-77.19519409928863, 39.13875780390703]}, "properties": {"id": "gaithersburg-9199", "species_group": "cherry", "scientific_name": "Prunus serrulata", "common_name": "Japanese Flowering Cherry", "subtype_name": "Japanese Flowering Cherry", "zip_code": "20877", "ownership": "public", "ownership_raw": "City of Gaithersburg", "city": "Gaithersburg", "source_dataset": "Street Trees View", "source_department": "City of Gaithersburg", "source_last_edit_at": "2025-06-11T14:32:58.720000+00:00"}}, {"type": "Feature", "geometry": {"type": "Point", "coordinates": [-77.1950591125923, 39.13865093890055]}, "properties": {"id": "gaithersburg-9200", "species_group": "cherry", "scientific_name": "Prunus serrulata", "common_name": "Japanese Flowering Cherry", "subtype_name": "Japanese Flowering Cherry", "zip_code": "20877", "ownership": "public", "ownership_raw": "City of Gaithersburg", "city": "Gaithersburg", "source_dataset": "Street Trees View", "source_department": "City of Gaithersburg", "source_last_edit_at": "2025-06-11T14:32:58.720000+00:00"}}, {"type": "Feature", "geometry": {"type": "Point", "coordinates": [-77.22563837422814, 39.12041138762146]}, "properties": {"id": "gaithersburg-932", "species_group": "magnolia", "scientific_name": "Magnolia grandiflora", "common_name": "Southern Magnolia", "subtype_name": "Southern Magnolia", "zip_code": "20878", "ownership": "public", "ownership_raw": "City of Gaithersburg", "city": "Gaithersburg", "source_dataset": "Street Trees View", "source_department": "City of Gaithersburg", "source_last_edit_at": "2025-06-11T14:32:58.720000+00:00"}}, {"type": "Feature", "geometry": {"type": "Point", "coordinates": [-77.22555295401736, 39.12045637117983]}, "properties": {"id": "gaithersburg-933", "species_group": "magnolia", "scientific_name": "Magnolia grandiflora", "common_name": "Southern Magnolia", "subtype_name": "Southern Magnolia", "zip_code": "20878", "ownership": "public", "ownership_raw": "City of Gaithersburg", "city": "Gaithersburg", "source_dataset": "Street Trees View", "source_department": "City of Gaithersburg", "source_last_edit_at": "2025-06-11T14:32:58.720000+00:00"}}, {"type": "Feature", "geometry": {"type": "Point", "coordinates": [-77.2254800829213, 39.1204991659174]}, "properties": {"id": "gaithersburg-934", "species_group": "magnolia", "scientific_name": "Magnolia grandiflora", "common_name": "Southern Magnolia", "subtype_name": "Southern Magnolia", "zip_code": "20878", "ownership": "public", "ownership_raw": "City of Gaithersburg", "city": "Gaithersburg", "source_dataset": "Street Trees View", "source_department": "City of Gaithersburg", "source_last_edit_at": "2025-06-11T14:32:58.720000+00:00"}}, {"type": "Feature", "geometry": {"type": "Point", "coordinates": [-77.22107549259017, 39.14297905944821]}, "properties": {"id": "gaithersburg-9683", "species_group": "cherry", "scientific_name": "Prunus serrulata", "common_name": "Japanese Flowering Cherry", "subtype_name": "Japanese Flowering Cherry", "zip_code": "20878", "ownership": "public", "ownership_raw": "City of Gaithersburg", "city": "Gaithersburg", "source_dataset": "Street Trees View", "source_department": "City of Gaithersburg", "source_last_edit_at": "2025-06-11T14:32:58.720000+00:00"}}, {"type": "Feature", "geometry": {"type": "Point", "coordinates": [-77.22115647738084, 39.14294404968034]}, "properties": {"id": "gaithersburg-9684", "species_group": "cherry", "scientific_name": "Prunus serrulata", "common_name": "Japanese Flowering Cherry", "subtype_name": "Japanese Flowering Cherry", "zip_code": "20878", "ownership": "public", "ownership_raw": "City of Gaithersburg", "city": "Gaithersburg", "source_dataset": "Street Trees View", "source_department": "City of Gaithersburg", "source_last_edit_at": "2025-06-11T14:32:58.720000+00:00"}}, {"type": "Feature", "geometry": {"type": "Point", "coordinates": [-77.22124274699182, 39.142927513216705]}, "properties": {"id": "gaithersburg-9685", "species_group": "cherry", "scientific_name": "Prunus serrulata", "common_name": "Japanese Flowering Cherry", "subtype_name": "Japanese Flowering Cherry", "zip_code": "20878", "ownership": "public", "ownership_raw": "City of Gaithersburg", "city": "Gaithersburg", "source_dataset": "Street Trees View", "source_department": "City of Gaithersburg", "source_last_edit_at": "2025-06-11T14:32:58.720000+00:00"}}, {"type": "Feature", "geometry": {"type": "Point", "coordinates": [-77.22134088718207, 39.14292655778219]}, "properties": {"id": "gaithersburg-9686", "species_group": "cherry", "scientific_name": "Prunus serrulata", "common_name": "Japanese Flowering Cherry", "subtype_name": "Japanese Flowering Cherry", "zip_code": "20878", "ownership": "public", "ownership_raw": "City of Gaithersburg", "city": "Gaithersburg", "source_dataset": "Street Trees View", "source_department": "City of Gaithersburg", "source_last_edit_at": "2025-06-11T14:32:58.720000+00:00"}}, {"type": "Feature", "geometry": {"type": "Point", "coordinates": [-77.23396396467163, 39.141319132751356]}, "properties": {"id": "gaithersburg-9728", "species_group": "crabapple", "scientific_name": "Malus domestica", "common_name": "Edible Apple Species", "subtype_name": "Apple", "zip_code": "20878", "ownership": "public", "ownership_raw": "City of Gaithersburg", "city": "Gaithersburg", "source_dataset": "Street Trees View", "source_department": "City of Gaithersburg", "source_last_edit_at": "2025-06-11T14:32:58.720000+00:00"}}, {"type": "Feature", "geometry": {"type": "Point", "coordinates": [-77.23394667219085, 39.141314432700945]}, "properties": {"id": "gaithersburg-9729", "species_group": "crabapple", "scientific_name": "Malus domestica", "common_name": "Edible Apple Species", "subtype_name": "Apple", "zip_code": "20878", "ownership": "public", "ownership_raw": "City of Gaithersburg", "city": "Gaithersburg", "source_dataset": "Street Trees View", "source_department": "City of Gaithersburg", "source_last_edit_at": "2025-06-11T14:32:58.720000+00:00"}}, {"type": "Feature", "geometry": {"type": "Point", "coordinates": [-77.23380700448261, 39.141376010236336]}, "properties": {"id": "gaithersburg-9730", "species_group": "crabapple", "scientific_name": "Malus domestica", "common_name": "Edible Apple Species", "subtype_name": "Apple", "zip_code": "20878", "ownership": "public", "ownership_raw": "City of Gaithersburg", "city": "Gaithersburg", "source_dataset": "Street Trees View", "source_department": "City of Gaithersburg", "source_last_edit_at": "2025-06-11T14:32:58.720000+00:00"}}, {"type": "Feature", "geometry": {"type": "Point", "coordinates": [-77.2224475330411, 39.16161301502561]}, "properties": {"id": "gaithersburg-9755", "species_group": "cherry", "scientific_name": "Prunus serrulata", "common_name": "Japanese Flowering Cherry", "subtype_name": "Japanese Flowering Cherry", "zip_code": "20879", "ownership": "public", "ownership_raw": "City of Gaithersburg", "city": "Gaithersburg", "source_dataset": "Street Trees View", "source_department": "City of Gaithersburg", "source_last_edit_at": "2025-06-11T14:32:58.720000+00:00"}}, {"type": "Feature", "geometry": {"type": "Point", "coordinates": [-77.22240597155336, 39.16166377483527]}, "properties": {"id": "gaithersburg-9756", "species_group": "cherry", "scientific_name": "Prunus serrulata", "common_name": "Japanese Flowering Cherry", "subtype_name": "Japanese Flowering Cherry", "zip_code": "20879", "ownership": "public", "ownership_raw": "City of Gaithersburg", "city": "Gaithersburg", "source_dataset": "Street Trees View", "source_department": "City of Gaithersburg", "source_last_edit_at": "2025-06-11T14:32:58.720000+00:00"}}, {"type": "Feature", "geometry": {"type": "Point", "coordinates": [-77.22235169974277, 39.16171494516927]}, "properties": {"id": "gaithersburg-9757", "species_group": "cherry", "scientific_name": "Prunus serrulata", "common_name": "Japanese Flowering Cherry", "subtype_name": "Japanese Flowering Cherry", "zip_code": "20879", "ownership": "public", "ownership_raw": "City of Gaithersburg", "city": "Gaithersburg", "source_dataset": "Street Trees View", "source_department": "City of Gaithersburg", "source_last_edit_at": "2025-06-11T14:32:58.720000+00:00"}}, {"type": "Feature", "geometry": {"type": "Point", "coordinates": [-77.2153725889962, 39.155482848115604]}, "properties": {"id": "gaithersburg-9774", "species_group": "crabapple", "scientific_name": "Malus floribunda", "common_name": "Crabapple", "subtype_name": "Malus floribunda", "zip_code": "20879", "ownership": "public", "ownership_raw": "City of Gaithersburg", "city": "Gaithersburg", "source_dataset": "Street Trees View", "source_department": "City of Gaithersburg", "source_last_edit_at": "2025-06-11T14:32:58.720000+00:00"}}, {"type": "Feature", "geometry": {"type": "Point", "coordinates": [-77.21534545542286, 39.15546324095386]}, "properties": {"id": "gaithersburg-9775", "species_group": "crabapple", "scientific_name": "Malus floribunda", "common_name": "Crabapple", "subtype_name": "Malus floribunda", "zip_code": "20879", "ownership": "public", "ownership_raw": "City of Gaithersburg", "city": "Gaithersburg", "source_dataset": "Street Trees View", "source_department": "City of Gaithersburg", "source_last_edit_at": "2025-06-11T14:32:58.720000+00:00"}}, {"type": "Feature", "geometry": {"type": "Point", "coordinates": [-77.21042398411565, 39.15124972491766]}, "properties": {"id": "gaithersburg-9798", "species_group": "crabapple", "scientific_name": "Malus floribunda", "common_name": "Crabapple", "subtype_name": "Malus floribunda", "zip_code": "20877", "ownership": "public", "ownership_raw": "City of Gaithersburg", "city": "Gaithersburg", "source_dataset": "Street Trees View", "source_department": "City of Gaithersburg", "source_last_edit_at": "2025-06-11T14:32:58.720000+00:00"}}, {"type": "Feature", "geometry": {"type": "Point", "coordinates": [-77.19245121145791, 39.140763112779176]}, "properties": {"id": "gaithersburg-98", "species_group": "cherry", "scientific_name": "Prunus yeodensis", "common_name": "Yoshino Cherry", "subtype_name": "Yoshino", "zip_code": "20877", "ownership": "public", "ownership_raw": "City of Gaithersburg", "city": "Gaithersburg", "source_dataset": "Street Trees View", "source_department": "City of Gaithersburg", "source_last_edit_at": "2025-06-11T14:32:58.720000+00:00"}}, {"type": "Feature", "geometry": {"type": "Point", "coordinates": [-77.20822156943524, 39.1494198277225]}, "properties": {"id": "gaithersburg-9805", "species_group": "crabapple", "scientific_name": "Malus floribunda", "common_name": "Crabapple", "subtype_name": "Malus floribunda", "zip_code": "20877", "ownership": "public", "ownership_raw": "City of Gaithersburg", "city": "Gaithersburg", "source_dataset": "Street Trees View", "source_department": "City of Gaithersburg", "source_last_edit_at": "2025-06-11T14:32:58.720000+00:00"}}, {"type": "Feature", "geometry": {"type": "Point", "coordinates": [-77.2079580930849, 39.14922534291967]}, "properties": {"id": "gaithersburg-9807", "species_group": "crabapple", "scientific_name": "Malus floribunda", "common_name": "Crabapple", "subtype_name": "Malus floribunda", "zip_code": "20877", "ownership": "public", "ownership_raw": "City of Gaithersburg", "city": "Gaithersburg", "source_dataset": "Street Trees View", "source_department": "City of Gaithersburg", "source_last_edit_at": "2025-06-11T14:32:58.720000+00:00"}}, {"type": "Feature", "geometry": {"type": "Point", "coordinates": [-77.2096641106554, 39.14944941233272]}, "properties": {"id": "gaithersburg-9817", "species_group": "cherry", "scientific_name": "Prunus serrulata", "common_name": "Japanese Flowering Cherry", "subtype_name": "Japanese Flowering Cherry", "zip_code": "20877", "ownership": "public", "ownership_raw": "City of Gaithersburg", "city": "Gaithersburg", "source_dataset": "Street Trees View", "source_department": "City of Gaithersburg", "source_last_edit_at": "2025-06-11T14:32:58.720000+00:00"}}, {"type": "Feature", "geometry": {"type": "Point", "coordinates": [-77.20943818702374, 39.149599767851086]}, "properties": {"id": "gaithersburg-9818", "species_group": "cherry", "scientific_name": "Prunus serrulata", "common_name": "Japanese Flowering Cherry", "subtype_name": "Japanese Flowering Cherry", "zip_code": "20877", "ownership": "public", "ownership_raw": "City of Gaithersburg", "city": "Gaithersburg", "source_dataset": "Street Trees View", "source_department": "City of Gaithersburg", "source_last_edit_at": "2025-06-11T14:32:58.720000+00:00"}}, {"type": "Feature", "geometry": {"type": "Point", "coordinates": [-77.20927427249279, 39.1497043260224]}, "properties": {"id": "gaithersburg-9819", "species_group": "cherry", "scientific_name": "Prunus serrulata", "common_name": "Japanese Flowering Cherry", "subtype_name": "Japanese Flowering Cherry", "zip_code": "20877", "ownership": "public", "ownership_raw": "City of Gaithersburg", "city": "Gaithersburg", "source_dataset": "Street Trees View", "source_department": "City of Gaithersburg", "source_last_edit_at": "2025-06-11T14:32:58.720000+00:00"}}, {"type": "Feature", "geometry": {"type": "Point", "coordinates": [-77.21030005783926, 39.150860846027676]}, "properties": {"id": "gaithersburg-9821", "species_group": "cherry", "scientific_name": "Prunus serrulata", "common_name": "Japanese Flowering Cherry", "subtype_name": "Japanese Flowering Cherry", "zip_code": "20877", "ownership": "public", "ownership_raw": "City of Gaithersburg", "city": "Gaithersburg", "source_dataset": "Street Trees View", "source_department": "City of Gaithersburg", "source_last_edit_at": "2025-06-11T14:32:58.720000+00:00"}}, {"type": "Feature", "geometry": {"type": "Point", "coordinates": [-77.21037814563293, 39.15093354013806]}, "properties": {"id": "gaithersburg-9822", "species_group": "cherry", "scientific_name": "Prunus serrulata", "common_name": "Japanese Flowering Cherry", "subtype_name": "Japanese Flowering Cherry", "zip_code": "20877", "ownership": "public", "ownership_raw": "City of Gaithersburg", "city": "Gaithersburg", "source_dataset": "Street Trees View", "source_department": "City of Gaithersburg", "source_last_edit_at": "2025-06-11T14:32:58.720000+00:00"}}, {"type": "Feature", "geometry": {"type": "Point", "coordinates": [-77.21041236990925, 39.15093703683851]}, "properties": {"id": "gaithersburg-9823", "species_group": "cherry", "scientific_name": "Prunus serrulata", "common_name": "Japanese Flowering Cherry", "subtype_name": "Japanese Flowering Cherry", "zip_code": "20877", "ownership": "public", "ownership_raw": "City of Gaithersburg", "city": "Gaithersburg", "source_dataset": "Street Trees View", "source_department": "City of Gaithersburg", "source_last_edit_at": "2025-06-11T14:32:58.720000+00:00"}}, {"type": "Feature", "geometry": {"type": "Point", "coordinates": [-77.21046861005969, 39.15099843006119]}, "properties": {"id": "gaithersburg-9824", "species_group": "cherry", "scientific_name": "Prunus serrulata", "common_name": "Japanese Flowering Cherry", "subtype_name": "Japanese Flowering Cherry", "zip_code": "20877", "ownership": "public", "ownership_raw": "City of Gaithersburg", "city": "Gaithersburg", "source_dataset": "Street Trees View", "source_department": "City of Gaithersburg", "source_last_edit_at": "2025-06-11T14:32:58.720000+00:00"}}, {"type": "Feature", "geometry": {"type": "Point", "coordinates": [-77.2105422500315, 39.15105749229664]}, "properties": {"id": "gaithersburg-9825", "species_group": "cherry", "scientific_name": "Prunus serrulata", "common_name": "Japanese Flowering Cherry", "subtype_name": "Japanese Flowering Cherry", "zip_code": "20877", "ownership": "public", "ownership_raw": "City of Gaithersburg", "city": "Gaithersburg", "source_dataset": "Street Trees View", "source_department": "City of Gaithersburg", "source_last_edit_at": "2025-06-11T14:32:58.720000+00:00"}}, {"type": "Feature", "geometry": {"type": "Point", "coordinates": [-77.211183498562, 39.151574815150596]}, "properties": {"id": "gaithersburg-9826", "species_group": "cherry", "scientific_name": "Prunus serrulata", "common_name": "Japanese Flowering Cherry", "subtype_name": "Japanese Flowering Cherry", "zip_code": "20877", "ownership": "public", "ownership_raw": "City of Gaithersburg", "city": "Gaithersburg", "source_dataset": "Street Trees View", "source_department": "City of Gaithersburg", "source_last_edit_at": "2025-06-11T14:32:58.720000+00:00"}}, {"type": "Feature", "geometry": {"type": "Point", "coordinates": [-77.21128617652869, 39.15166023573651]}, "properties": {"id": "gaithersburg-9827", "species_group": "cherry", "scientific_name": "Prunus serrulata", "common_name": "Japanese Flowering Cherry", "subtype_name": "Japanese Flowering Cherry", "zip_code": "20877", "ownership": "public", "ownership_raw": "City of Gaithersburg", "city": "Gaithersburg", "source_dataset": "Street Trees View", "source_department": "City of Gaithersburg", "source_last_edit_at": "2025-06-11T14:32:58.720000+00:00"}}, {"type": "Feature", "geometry": {"type": "Point", "coordinates": [-77.21140818286891, 39.15176500725937]}, "properties": {"id": "gaithersburg-9828", "species_group": "cherry", "scientific_name": "Prunus serrulata", "common_name": "Japanese Flowering Cherry", "subtype_name": "Japanese Flowering Cherry", "zip_code": "20877", "ownership": "public", "ownership_raw": "City of Gaithersburg", "city": "Gaithersburg", "source_dataset": "Street Trees View", "source_department": "City of Gaithersburg", "source_last_edit_at": "2025-06-11T14:32:58.720000+00:00"}}, {"type": "Feature", "geometry": {"type": "Point", "coordinates": [-77.21152154557033, 39.1518539781958]}, "properties": {"id": "gaithersburg-9829", "species_group": "cherry", "scientific_name": "Prunus serrulata", "common_name": "Japanese Flowering Cherry", "subtype_name": "Japanese Flowering Cherry", "zip_code": "20877", "ownership": "public", "ownership_raw": "City of Gaithersburg", "city": "Gaithersburg", "source_dataset": "Street Trees View", "source_department": "City of Gaithersburg", "source_last_edit_at": "2025-06-11T14:32:58.720000+00:00"}}, {"type": "Feature", "geometry": {"type": "Point", "coordinates": [-77.211656550871, 39.15196238410762]}, "properties": {"id": "gaithersburg-9830", "species_group": "cherry", "scientific_name": "Prunus serrulata", "common_name": "Japanese Flowering Cherry", "subtype_name": "Japanese Flowering Cherry", "zip_code": "20877", "ownership": "public", "ownership_raw": "City of Gaithersburg", "city": "Gaithersburg", "source_dataset": "Street Trees View", "source_department": "City of Gaithersburg", "source_last_edit_at": "2025-06-11T14:32:58.720000+00:00"}}, {"type": "Feature", "geometry": {"type": "Point", "coordinates": [-77.21175180107817, 39.1520434092274]}, "properties": {"id": "gaithersburg-9831", "species_group": "cherry", "scientific_name": "Prunus serrulata", "common_name": "Japanese Flowering Cherry", "subtype_name": "Japanese Flowering Cherry", "zip_code": "20877", "ownership": "public", "ownership_raw": "City of Gaithersburg", "city": "Gaithersburg", "source_dataset": "Street Trees View", "source_department": "City of Gaithersburg", "source_last_edit_at": "2025-06-11T14:32:58.720000+00:00"}}, {"type": "Feature", "geometry": {"type": "Point", "coordinates": [-77.17883889048944, 39.12710996992825]}, "properties": {"id": "gaithersburg-9891", "species_group": "cherry", "scientific_name": "Prunus serrulata", "common_name": "Japanese Flowering Cherry", "subtype_name": "Japanese Flowering Cherry", "zip_code": "20877", "ownership": "public", "ownership_raw": "City of Gaithersburg", "city": "Gaithersburg", "source_dataset": "Street Trees View", "source_department": "City of Gaithersburg", "source_last_edit_at": "2025-06-11T14:32:58.720000+00:00"}}, {"type": "Feature", "geometry": {"type": "Point", "coordinates": [-77.178819477897, 39.12707429027844]}, "properties": {"id": "gaithersburg-9892", "species_group": "cherry", "scientific_name": "Prunus serrulata", "common_name": "Japanese Flowering Cherry", "subtype_name": "Japanese Flowering Cherry", "zip_code": "20877", "ownership": "public", "ownership_raw": "City of Gaithersburg", "city": "Gaithersburg", "source_dataset": "Street Trees View", "source_department": "City of Gaithersburg", "source_last_edit_at": "2025-06-11T14:32:58.720000+00:00"}}, {"type": "Feature", "geometry": {"type": "Point", "coordinates": [-77.1787940912032, 39.12710038807425]}, "properties": {"id": "gaithersburg-9893", "species_group": "cherry", "scientific_name": "Prunus serrulata", "common_name": "Japanese Flowering Cherry", "subtype_name": "Japanese Flowering Cherry", "zip_code": "20877", "ownership": "public", "ownership_raw": "City of Gaithersburg", "city": "Gaithersburg", "source_dataset": "Street Trees View", "source_department": "City of Gaithersburg", "source_last_edit_at": "2025-06-11T14:32:58.720000+00:00"}}, {"type": "Feature", "geometry": {"type": "Point", "coordinates": [-77.17868592827423, 39.126987261085745]}, "properties": {"id": "gaithersburg-9895", "species_group": "cherry", "scientific_name": "Prunus serrulata", "common_name": "Japanese Flowering Cherry", "subtype_name": "Japanese Flowering Cherry", "zip_code": "20877", "ownership": "public", "ownership_raw": "City of Gaithersburg", "city": "Gaithersburg", "source_dataset": "Street Trees View", "source_department": "City of Gaithersburg", "source_last_edit_at": "2025-06-11T14:32:58.720000+00:00"}}, {"type": "Feature", "geometry": {"type": "Point", "coordinates": [-77.17865920666264, 39.12700955863714]}, "properties": {"id": "gaithersburg-9896", "species_group": "cherry", "scientific_name": "Prunus serrulata", "common_name": "Japanese Flowering Cherry", "subtype_name": "Japanese Flowering Cherry", "zip_code": "20877", "ownership": "public", "ownership_raw": "City of Gaithersburg", "city": "Gaithersburg", "source_dataset": "Street Trees View", "source_department": "City of Gaithersburg", "source_last_edit_at": "2025-06-11T14:32:58.720000+00:00"}}, {"type": "Feature", "geometry": {"type": "Point", "coordinates": [-77.17865361940102, 39.12698278204838]}, "properties": {"id": "gaithersburg-9897", "species_group": "cherry", "scientific_name": "Prunus serrulata", "common_name": "Japanese Flowering Cherry", "subtype_name": "Japanese Flowering Cherry", "zip_code": "20877", "ownership": "public", "ownership_raw": "City of Gaithersburg", "city": "Gaithersburg", "source_dataset": "Street Trees View", "source_department": "City of Gaithersburg", "source_last_edit_at": "2025-06-11T14:32:58.720000+00:00"}}, {"type": "Feature", "geometry": {"type": "Point", "coordinates": [-77.17984139079493, 39.12778083435515]}, "properties": {"id": "gaithersburg-9942", "species_group": "cherry", "scientific_name": "Prunus serrulata", "common_name": "Japanese Flowering Cherry", "subtype_name": "Japanese Flowering Cherry", "zip_code": "20877", "ownership": "public", "ownership_raw": "City of Gaithersburg", "city": "Gaithersburg", "source_dataset": "Street Trees View", "source_department": "City of Gaithersburg", "source_last_edit_at": "2025-06-11T14:32:58.720000+00:00"}}, {"type": "Feature", "geometry": {"type": "Point", "coordinates": [-77.17977233355141, 39.127735767295206]}, "properties": {"id": "gaithersburg-9943", "species_group": "cherry", "scientific_name": "Prunus serrulata", "common_name": "Japanese Flowering Cherry", "subtype_name": "Japanese Flowering Cherry", "zip_code": "20877", "ownership": "public", "ownership_raw": "City of Gaithersburg", "city": "Gaithersburg", "source_dataset": "Street Trees View", "source_department": "City of Gaithersburg", "source_last_edit_at": "2025-06-11T14:32:58.720000+00:00"}}, {"type": "Feature", "geometry": {"type": "Point", "coordinates": [-77.2237926855305, 39.16178586213714]}, "properties": {"id": "gaithersburg-9955", "species_group": "cherry", "scientific_name": "Prunus serrulata", "common_name": "Japanese Flowering Cherry", "subtype_name": "Japanese Flowering Cherry", "zip_code": "20879", "ownership": "public", "ownership_raw": "City of Gaithersburg", "city": "Gaithersburg", "source_dataset": "Street Trees View", "source_department": "City of Gaithersburg", "source_last_edit_at": "2025-06-11T14:32:58.720000+00:00"}}, {"type": "Feature", "geometry": {"type": "Point", "coordinates": [-77.22365644628938, 39.161724417267735]}, "properties": {"id": "gaithersburg-9956", "species_group": "cherry", "scientific_name": "Prunus serrulata", "common_name": "Japanese Flowering Cherry", "subtype_name": "Japanese Flowering Cherry", "zip_code": "20879", "ownership": "public", "ownership_raw": "City of Gaithersburg", "city": "Gaithersburg", "source_dataset": "Street Trees View", "source_department": "City of Gaithersburg", "source_last_edit_at": "2025-06-11T14:32:58.720000+00:00"}}, {"type": "Feature", "geometry": {"type": "Point", "coordinates": [-77.22358007934083, 39.16168639025407]}, "properties": {"id": "gaithersburg-9957", "species_group": "cherry", "scientific_name": "Prunus serrulata", "common_name": "Japanese Flowering Cherry", "subtype_name": "Japanese Flowering Cherry", "zip_code": "20879", "ownership": "public", "ownership_raw": "City of Gaithersburg", "city": "Gaithersburg", "source_dataset": "Street Trees View", "source_department": "City of Gaithersburg", "source_last_edit_at": "2025-06-11T14:32:58.720000+00:00"}}, {"type": "Feature", "geometry": {"type": "Point", "coordinates": [-77.22341576687626, 39.161617313113894]}, "properties": {"id": "gaithersburg-9958", "species_group": "cherry", "scientific_name": "Prunus serrulata", "common_name": "Japanese Flowering Cherry", "subtype_name": "Japanese Flowering Cherry", "zip_code": "20879", "ownership": "public", "ownership_raw": "City of Gaithersburg", "city": "Gaithersburg", "source_dataset": "Street Trees View", "source_department": "City of Gaithersburg", "source_last_edit_at": "2025-06-11T14:32:58.720000+00:00"}}, {"type": "Feature", "geometry": {"type": "Point", "coordinates": [-77.22320284927386, 39.16153072329193]}, "properties": {"id": "gaithersburg-9959", "species_group": "cherry", "scientific_name": "Prunus serrulata", "common_name": "Japanese Flowering Cherry", "subtype_name": "Japanese Flowering Cherry", "zip_code": "20879", "ownership": "public", "ownership_raw": "City of Gaithersburg", "city": "Gaithersburg", "source_dataset": "Street Trees View", "source_department": "City of Gaithersburg", "source_last_edit_at": "2025-06-11T14:32:58.720000+00:00"}}, {"type": "Feature", "geometry": {"type": "Point", "coordinates": [-77.22258421215606, 39.16169819800012]}, "properties": {"id": "gaithersburg-9962", "species_group": "cherry", "scientific_name": "Prunus serrulata", "common_name": "Japanese Flowering Cherry", "subtype_name": "Japanese Flowering Cherry", "zip_code": "20879", "ownership": "public", "ownership_raw": "City of Gaithersburg", "city": "Gaithersburg", "source_dataset": "Street Trees View", "source_department": "City of Gaithersburg", "source_last_edit_at": "2025-06-11T14:32:58.720000+00:00"}}, {"type": "Feature", "geometry": {"type": "Point", "coordinates": [-77.22252566105173, 39.16176064628182]}, "properties": {"id": "gaithersburg-9963", "species_group": "cherry", "scientific_name": "Prunus serrulata", "common_name": "Japanese Flowering Cherry", "subtype_name": "Japanese Flowering Cherry", "zip_code": "20879", "ownership": "public", "ownership_raw": "City of Gaithersburg", "city": "Gaithersburg", "source_dataset": "Street Trees View", "source_department": "City of Gaithersburg", "source_last_edit_at": "2025-06-11T14:32:58.720000+00:00"}}, {"type": "Feature", "geometry": {"type": "Point", "coordinates": [-77.22248630164869, 39.16182958432184]}, "properties": {"id": "gaithersburg-9964", "species_group": "cherry", "scientific_name": "Prunus serrulata", "common_name": "Japanese Flowering Cherry", "subtype_name": "Japanese Flowering Cherry", "zip_code": "20879", "ownership": "public", "ownership_raw": "City of Gaithersburg", "city": "Gaithersburg", "source_dataset": "Street Trees View", "source_department": "City of Gaithersburg", "source_last_edit_at": "2025-06-11T14:32:58.720000+00:00"}}]}