{"type": "FeatureCollection", "features": [{"type": "Feature", "geometry": {"type": "Point", "coordinates": [-123.14474742215097, 49.322186638580185]}, "properties": {"id": "west-vancouver-1014", "species_group": "crabapple", "scientific_name": "Malus species", "common_name": "Pacific Crabapple - Malus fusca", "subtype_name": "Pacific Crabapple - Malus fusca", "zip_code": null, "ownership": "public", "ownership_raw": "District of West Vancouver", "city": "West Vancouver", "source_dataset": "FORM_DWV Tree Inventory", "source_department": "District of West Vancouver", "source_last_edit_at": "2026-03-27T08:15:19.224000+00:00"}}, {"type": "Feature", "geometry": {"type": "Point", "coordinates": [-123.14459116110558, 49.32247990026005]}, "properties": {"id": "west-vancouver-1024", "species_group": "crabapple", "scientific_name": "Malus species", "common_name": "Pacific Crabapple - Malus fusca", "subtype_name": "Pacific Crabapple - Malus fusca", "zip_code": null, "ownership": "public", "ownership_raw": "District of West Vancouver", "city": "West Vancouver", "source_dataset": "FORM_DWV Tree Inventory", "source_department": "District of West Vancouver", "source_last_edit_at": "2026-03-27T08:15:19.224000+00:00"}}, {"type": "Feature", "geometry": {"type": "Point", "coordinates": [-123.14297375611464, 49.321922727162665]}, "properties": {"id": "west-vancouver-1051", "species_group": "crabapple", "scientific_name": "Malus species", "common_name": "Pacific Crabapple - Malus fusca", "subtype_name": "Pacific Crabapple - Malus fusca", "zip_code": null, "ownership": "public", "ownership_raw": "District of West Vancouver", "city": "West Vancouver", "source_dataset": "FORM_DWV Tree Inventory", "source_department": "District of West Vancouver", "source_last_edit_at": "2026-03-27T08:15:19.224000+00:00"}}, {"type": "Feature", "geometry": {"type": "Point", "coordinates": [-123.14296673128914, 49.32252840318105]}, "properties": {"id": "west-vancouver-1083", "species_group": "crabapple", "scientific_name": "Malus species", "common_name": "Domestic - Malus pumila Apple", "subtype_name": "Domestic - Malus pumila Apple", "zip_code": null, "ownership": "public", "ownership_raw": "District of West Vancouver", "city": "West Vancouver", "source_dataset": "FORM_DWV Tree Inventory", "source_department": "District of West Vancouver", "source_last_edit_at": "2026-03-27T08:15:19.224000+00:00"}}, {"type": "Feature", "geometry": {"type": "Point", "coordinates": [-123.14271334529354, 49.32250040116249]}, "properties": {"id": "west-vancouver-1118", "species_group": "crabapple", "scientific_name": "Malus species", "common_name": "Pacific Crabapple - Malus fusca", "subtype_name": "Pacific Crabapple - Malus fusca", "zip_code": null, "ownership": "public", "ownership_raw": "District of West Vancouver", "city": "West Vancouver", "source_dataset": "FORM_DWV Tree Inventory", "source_department": "District of West Vancouver", "source_last_edit_at": "2026-03-27T08:15:19.224000+00:00"}}, {"type": "Feature", "geometry": {"type": "Point", "coordinates": [-123.14257765656652, 49.3225291801689]}, "properties": {"id": "west-vancouver-1119", "species_group": "crabapple", "scientific_name": "Malus species", "common_name": "Pacific Crabapple - Malus fusca", "subtype_name": "Pacific Crabapple - Malus fusca", "zip_code": null, "ownership": "public", "ownership_raw": "District of West Vancouver", "city": "West Vancouver", "source_dataset": "FORM_DWV Tree Inventory", "source_department": "District of West Vancouver", "source_last_edit_at": "2026-03-27T08:15:19.224000+00:00"}}, {"type": "Feature", "geometry": {"type": "Point", "coordinates": [-123.14522037706318, 49.32247453160201]}, "properties": {"id": "west-vancouver-1157", "species_group": "crabapple", "scientific_name": "Malus species", "common_name": "Pacific Crabapple - Malus fusca", "subtype_name": "Pacific Crabapple - Malus fusca", "zip_code": null, "ownership": "public", "ownership_raw": "District of West Vancouver", "city": "West Vancouver", "source_dataset": "FORM_DWV Tree Inventory", "source_department": "District of West Vancouver", "source_last_edit_at": "2026-03-27T08:15:19.224000+00:00"}}, {"type": "Feature", "geometry": {"type": "Point", "coordinates": [-123.14609330595736, 49.32391872811227]}, "properties": {"id": "west-vancouver-1219", "species_group": "cherry", "scientific_name": "Prunus species", "common_name": "Cherry Plum - Prunus cerasifera", "subtype_name": "Cherry Plum - Prunus cerasifera", "zip_code": null, "ownership": "public", "ownership_raw": "District of West Vancouver", "city": "West Vancouver", "source_dataset": "FORM_DWV Tree Inventory", "source_department": "District of West Vancouver", "source_last_edit_at": "2026-03-27T08:15:19.224000+00:00"}}, {"type": "Feature", "geometry": {"type": "Point", "coordinates": [-123.15472750373486, 49.32870576837458]}, "properties": {"id": "west-vancouver-126", "species_group": "cherry", "scientific_name": "Prunus species", "common_name": "Japanese Cherry - Prunus serrulata", "subtype_name": "Japanese Cherry - Prunus serrulata", "zip_code": null, "ownership": "public", "ownership_raw": "District of West Vancouver", "city": "West Vancouver", "source_dataset": "FORM_DWV Tree Inventory", "source_department": "District of West Vancouver", "source_last_edit_at": "2026-03-27T08:15:19.224000+00:00"}}, {"type": "Feature", "geometry": {"type": "Point", "coordinates": [-123.15490634123996, 49.328680791956685]}, "properties": {"id": "west-vancouver-127", "species_group": "cherry", "scientific_name": "Prunus species", "common_name": "Japanese Cherry - Prunus serrulata", "subtype_name": "Japanese Cherry - Prunus serrulata", "zip_code": null, "ownership": "public", "ownership_raw": "District of West Vancouver", "city": "West Vancouver", "source_dataset": "FORM_DWV Tree Inventory", "source_department": "District of West Vancouver", "source_last_edit_at": "2026-03-27T08:15:19.224000+00:00"}}, {"type": "Feature", "geometry": {"type": "Point", "coordinates": [-123.14526986435386, 49.32276973139277]}, "properties": {"id": "west-vancouver-1270", "species_group": "cherry", "scientific_name": "Prunus species", "common_name": "Cherry Laurel - Prunus laurocerasus", "subtype_name": "Cherry Laurel - Prunus laurocerasus", "zip_code": null, "ownership": "public", "ownership_raw": "District of West Vancouver", "city": "West Vancouver", "source_dataset": "FORM_DWV Tree Inventory", "source_department": "District of West Vancouver", "source_last_edit_at": "2026-03-27T08:15:19.224000+00:00"}}, {"type": "Feature", "geometry": {"type": "Point", "coordinates": [-123.1451222828308, 49.322683365468855]}, "properties": {"id": "west-vancouver-1272", "species_group": "cherry", "scientific_name": "Prunus species", "common_name": "Japanese Cherry - Prunus serrulata", "subtype_name": "Japanese Cherry - Prunus serrulata", "zip_code": null, "ownership": "public", "ownership_raw": "District of West Vancouver", "city": "West Vancouver", "source_dataset": "FORM_DWV Tree Inventory", "source_department": "District of West Vancouver", "source_last_edit_at": "2026-03-27T08:15:19.224000+00:00"}}, {"type": "Feature", "geometry": {"type": "Point", "coordinates": [-123.1553404431179, 49.32868677641576]}, "properties": {"id": "west-vancouver-128", "species_group": "cherry", "scientific_name": "Prunus species", "common_name": "Japanese Cherry - Prunus serrulata", "subtype_name": "Japanese Cherry - Prunus serrulata", "zip_code": null, "ownership": "public", "ownership_raw": "District of West Vancouver", "city": "West Vancouver", "source_dataset": "FORM_DWV Tree Inventory", "source_department": "District of West Vancouver", "source_last_edit_at": "2026-03-27T08:15:19.224000+00:00"}}, {"type": "Feature", "geometry": {"type": "Point", "coordinates": [-123.15530922845838, 49.32883864279849]}, "properties": {"id": "west-vancouver-132", "species_group": "cherry", "scientific_name": "Prunus species", "common_name": "Japanese Cherry - Prunus serrulata", "subtype_name": "Japanese Cherry - Prunus serrulata", "zip_code": null, "ownership": "public", "ownership_raw": "District of West Vancouver", "city": "West Vancouver", "source_dataset": "FORM_DWV Tree Inventory", "source_department": "District of West Vancouver", "source_last_edit_at": "2026-03-27T08:15:19.224000+00:00"}}, {"type": "Feature", "geometry": {"type": "Point", "coordinates": [-123.2411094807946, 49.35807023826236]}, "properties": {"id": "west-vancouver-1339", "species_group": "cherry", "scientific_name": "Prunus species", "common_name": "Bitter Cherry - Prunus emarginata", "subtype_name": "Bitter Cherry - Prunus emarginata", "zip_code": null, "ownership": "public", "ownership_raw": "District of West Vancouver", "city": "West Vancouver", "source_dataset": "FORM_DWV Tree Inventory", "source_department": "District of West Vancouver", "source_last_edit_at": "2026-03-27T08:15:19.224000+00:00"}}, {"type": "Feature", "geometry": {"type": "Point", "coordinates": [-123.28984446566864, 49.37348771700103]}, "properties": {"id": "west-vancouver-1479", "species_group": "cherry", "scientific_name": "Prunus species", "common_name": "Japanese Cherry - Prunus serrulata", "subtype_name": "Japanese Cherry - Prunus serrulata", "zip_code": null, "ownership": "public", "ownership_raw": "District of West Vancouver", "city": "West Vancouver", "source_dataset": "FORM_DWV Tree Inventory", "source_department": "District of West Vancouver", "source_last_edit_at": "2026-03-27T08:15:19.224000+00:00"}}, {"type": "Feature", "geometry": {"type": "Point", "coordinates": [-123.29049833948248, 49.37277429975528]}, "properties": {"id": "west-vancouver-1492", "species_group": "cherry", "scientific_name": "Prunus species", "common_name": "Cherry Plum - Prunus cerasifera", "subtype_name": "Cherry Plum - Prunus cerasifera", "zip_code": null, "ownership": "public", "ownership_raw": "District of West Vancouver", "city": "West Vancouver", "source_dataset": "FORM_DWV Tree Inventory", "source_department": "District of West Vancouver", "source_last_edit_at": "2026-03-27T08:15:19.224000+00:00"}}, {"type": "Feature", "geometry": {"type": "Point", "coordinates": [-123.29029790288472, 49.37207094060512]}, "properties": {"id": "west-vancouver-1504", "species_group": "cherry", "scientific_name": "Prunus species", "common_name": "Japanese Cherry - Prunus serrulata", "subtype_name": "Japanese Cherry - Prunus serrulata", "zip_code": null, "ownership": "public", "ownership_raw": "District of West Vancouver", "city": "West Vancouver", "source_dataset": "FORM_DWV Tree Inventory", "source_department": "District of West Vancouver", "source_last_edit_at": "2026-03-27T08:15:19.224000+00:00"}}, {"type": "Feature", "geometry": {"type": "Point", "coordinates": [-123.28998483641494, 49.37136967425443]}, "properties": {"id": "west-vancouver-1528", "species_group": "cherry", "scientific_name": "Prunus species", "common_name": "Bitter Cherry - Prunus emarginata", "subtype_name": "Bitter Cherry - Prunus emarginata", "zip_code": null, "ownership": "public", "ownership_raw": "District of West Vancouver", "city": "West Vancouver", "source_dataset": "FORM_DWV Tree Inventory", "source_department": "District of West Vancouver", "source_last_edit_at": "2026-03-27T08:15:19.224000+00:00"}}, {"type": "Feature", "geometry": {"type": "Point", "coordinates": [-123.2903354892945, 49.37332004996651]}, "properties": {"id": "west-vancouver-1568", "species_group": "cherry", "scientific_name": "Prunus species", "common_name": "Japanese Cherry - Prunus serrulata", "subtype_name": "Japanese Cherry - Prunus serrulata", "zip_code": null, "ownership": "public", "ownership_raw": "District of West Vancouver", "city": "West Vancouver", "source_dataset": "FORM_DWV Tree Inventory", "source_department": "District of West Vancouver", "source_last_edit_at": "2026-03-27T08:15:19.224000+00:00"}}, {"type": "Feature", "geometry": {"type": "Point", "coordinates": [-123.27244548022415, 49.374405562670674]}, "properties": {"id": "west-vancouver-1585", "species_group": "cherry", "scientific_name": "Prunus species", "common_name": "Japanese Cherry - Prunus serrulata", "subtype_name": "Japanese Cherry - Prunus serrulata", "zip_code": null, "ownership": "public", "ownership_raw": "District of West Vancouver", "city": "West Vancouver", "source_dataset": "FORM_DWV Tree Inventory", "source_department": "District of West Vancouver", "source_last_edit_at": "2026-03-27T08:15:19.224000+00:00"}}, {"type": "Feature", "geometry": {"type": "Point", "coordinates": [-123.27258397888143, 49.37440332189942]}, "properties": {"id": "west-vancouver-1586", "species_group": "cherry", "scientific_name": "Prunus species", "common_name": "Japanese Cherry - Prunus serrulata", "subtype_name": "Japanese Cherry - Prunus serrulata", "zip_code": null, "ownership": "public", "ownership_raw": "District of West Vancouver", "city": "West Vancouver", "source_dataset": "FORM_DWV Tree Inventory", "source_department": "District of West Vancouver", "source_last_edit_at": "2026-03-27T08:15:19.224000+00:00"}}, {"type": "Feature", "geometry": {"type": "Point", "coordinates": [-123.27300481803243, 49.374400777562236]}, "properties": {"id": "west-vancouver-1587", "species_group": "magnolia", "scientific_name": "Magnolia species", "common_name": "Magnolia - Magnolia spp.", "subtype_name": "Magnolia - Magnolia spp.", "zip_code": null, "ownership": "public", "ownership_raw": "District of West Vancouver", "city": "West Vancouver", "source_dataset": "FORM_DWV Tree Inventory", "source_department": "District of West Vancouver", "source_last_edit_at": "2026-03-27T08:15:19.224000+00:00"}}, {"type": "Feature", "geometry": {"type": "Point", "coordinates": [-123.27315815685817, 49.374435059423575]}, "properties": {"id": "west-vancouver-1588", "species_group": "magnolia", "scientific_name": "Magnolia species", "common_name": "Magnolia - Magnolia spp.", "subtype_name": "Magnolia - Magnolia spp.", "zip_code": null, "ownership": "public", "ownership_raw": "District of West Vancouver", "city": "West Vancouver", "source_dataset": "FORM_DWV Tree Inventory", "source_department": "District of West Vancouver", "source_last_edit_at": "2026-03-27T08:15:19.224000+00:00"}}, {"type": "Feature", "geometry": {"type": "Point", "coordinates": [-123.2732896648259, 49.37443224427715]}, "properties": {"id": "west-vancouver-1589", "species_group": "magnolia", "scientific_name": "Magnolia species", "common_name": "Magnolia - Magnolia spp.", "subtype_name": "Magnolia - Magnolia spp.", "zip_code": null, "ownership": "public", "ownership_raw": "District of West Vancouver", "city": "West Vancouver", "source_dataset": "FORM_DWV Tree Inventory", "source_department": "District of West Vancouver", "source_last_edit_at": "2026-03-27T08:15:19.224000+00:00"}}, {"type": "Feature", "geometry": {"type": "Point", "coordinates": [-123.27342518826293, 49.37445852111528]}, "properties": {"id": "west-vancouver-1590", "species_group": "magnolia", "scientific_name": "Magnolia species", "common_name": "Magnolia - Magnolia spp.", "subtype_name": "Magnolia - Magnolia spp.", "zip_code": null, "ownership": "public", "ownership_raw": "District of West Vancouver", "city": "West Vancouver", "source_dataset": "FORM_DWV Tree Inventory", "source_department": "District of West Vancouver", "source_last_edit_at": "2026-03-27T08:15:19.224000+00:00"}}, {"type": "Feature", "geometry": {"type": "Point", "coordinates": [-123.27353171947242, 49.37446923539333]}, "properties": {"id": "west-vancouver-1591", "species_group": "magnolia", "scientific_name": "Magnolia species", "common_name": "Magnolia - Magnolia spp.", "subtype_name": "Magnolia - Magnolia spp.", "zip_code": null, "ownership": "public", "ownership_raw": "District of West Vancouver", "city": "West Vancouver", "source_dataset": "FORM_DWV Tree Inventory", "source_department": "District of West Vancouver", "source_last_edit_at": "2026-03-27T08:15:19.224000+00:00"}}, {"type": "Feature", "geometry": {"type": "Point", "coordinates": [-123.27365253748827, 49.37446947169466]}, "properties": {"id": "west-vancouver-1592", "species_group": "cherry", "scientific_name": "Prunus species", "common_name": "Japanese Cherry - Prunus serrulata", "subtype_name": "Japanese Cherry - Prunus serrulata", "zip_code": null, "ownership": "public", "ownership_raw": "District of West Vancouver", "city": "West Vancouver", "source_dataset": "FORM_DWV Tree Inventory", "source_department": "District of West Vancouver", "source_last_edit_at": "2026-03-27T08:15:19.224000+00:00"}}, {"type": "Feature", "geometry": {"type": "Point", "coordinates": [-123.27373064959548, 49.37447739480752]}, "properties": {"id": "west-vancouver-1593", "species_group": "cherry", "scientific_name": "Prunus species", "common_name": "Japanese Cherry - Prunus serrulata", "subtype_name": "Japanese Cherry - Prunus serrulata", "zip_code": null, "ownership": "public", "ownership_raw": "District of West Vancouver", "city": "West Vancouver", "source_dataset": "FORM_DWV Tree Inventory", "source_department": "District of West Vancouver", "source_last_edit_at": "2026-03-27T08:15:19.224000+00:00"}}, {"type": "Feature", "geometry": {"type": "Point", "coordinates": [-123.27388639680451, 49.37450948205633]}, "properties": {"id": "west-vancouver-1594", "species_group": "cherry", "scientific_name": "Prunus species", "common_name": "Japanese Cherry - Prunus serrulata", "subtype_name": "Japanese Cherry - Prunus serrulata", "zip_code": null, "ownership": "public", "ownership_raw": "District of West Vancouver", "city": "West Vancouver", "source_dataset": "FORM_DWV Tree Inventory", "source_department": "District of West Vancouver", "source_last_edit_at": "2026-03-27T08:15:19.224000+00:00"}}, {"type": "Feature", "geometry": {"type": "Point", "coordinates": [-123.27447618750091, 49.37348716367052]}, "properties": {"id": "west-vancouver-1626", "species_group": "cherry", "scientific_name": "Prunus species", "common_name": "Japanese Cherry - Prunus serrulata", "subtype_name": "Japanese Cherry - Prunus serrulata", "zip_code": null, "ownership": "public", "ownership_raw": "District of West Vancouver", "city": "West Vancouver", "source_dataset": "FORM_DWV Tree Inventory", "source_department": "District of West Vancouver", "source_last_edit_at": "2026-03-27T08:15:19.224000+00:00"}}, {"type": "Feature", "geometry": {"type": "Point", "coordinates": [-123.2745055444444, 49.373484691815506]}, "properties": {"id": "west-vancouver-1627", "species_group": "cherry", "scientific_name": "Prunus species", "common_name": "Japanese Cherry - Prunus serrulata", "subtype_name": "Japanese Cherry - Prunus serrulata", "zip_code": null, "ownership": "public", "ownership_raw": "District of West Vancouver", "city": "West Vancouver", "source_dataset": "FORM_DWV Tree Inventory", "source_department": "District of West Vancouver", "source_last_edit_at": "2026-03-27T08:15:19.224000+00:00"}}, {"type": "Feature", "geometry": {"type": "Point", "coordinates": [-123.27457838523753, 49.37349458157443]}, "properties": {"id": "west-vancouver-1628", "species_group": "cherry", "scientific_name": "Prunus species", "common_name": "Japanese Cherry - Prunus serrulata", "subtype_name": "Japanese Cherry - Prunus serrulata", "zip_code": null, "ownership": "public", "ownership_raw": "District of West Vancouver", "city": "West Vancouver", "source_dataset": "FORM_DWV Tree Inventory", "source_department": "District of West Vancouver", "source_last_edit_at": "2026-03-27T08:15:19.224000+00:00"}}, {"type": "Feature", "geometry": {"type": "Point", "coordinates": [-123.27400285799118, 49.37356788259431]}, "properties": {"id": "west-vancouver-1635", "species_group": "cherry", "scientific_name": "Prunus species", "common_name": "Japanese Cherry - Prunus serrulata", "subtype_name": "Japanese Cherry - Prunus serrulata", "zip_code": null, "ownership": "public", "ownership_raw": "District of West Vancouver", "city": "West Vancouver", "source_dataset": "FORM_DWV Tree Inventory", "source_department": "District of West Vancouver", "source_last_edit_at": "2026-03-27T08:15:19.224000+00:00"}}, {"type": "Feature", "geometry": {"type": "Point", "coordinates": [-123.27373841822606, 49.37355279295437]}, "properties": {"id": "west-vancouver-1636", "species_group": "cherry", "scientific_name": "Prunus species", "common_name": "Japanese Cherry - Prunus serrulata", "subtype_name": "Japanese Cherry - Prunus serrulata", "zip_code": null, "ownership": "public", "ownership_raw": "District of West Vancouver", "city": "West Vancouver", "source_dataset": "FORM_DWV Tree Inventory", "source_department": "District of West Vancouver", "source_last_edit_at": "2026-03-27T08:15:19.224000+00:00"}}, {"type": "Feature", "geometry": {"type": "Point", "coordinates": [-123.27288377723443, 49.3734491213054]}, "properties": {"id": "west-vancouver-1638", "species_group": "cherry", "scientific_name": "Prunus species", "common_name": "Cherry Plum - Prunus cerasifera", "subtype_name": "Cherry Plum - Prunus cerasifera", "zip_code": null, "ownership": "public", "ownership_raw": "District of West Vancouver", "city": "West Vancouver", "source_dataset": "FORM_DWV Tree Inventory", "source_department": "District of West Vancouver", "source_last_edit_at": "2026-03-27T08:15:19.224000+00:00"}}, {"type": "Feature", "geometry": {"type": "Point", "coordinates": [-123.27371522552207, 49.37433766567567]}, "properties": {"id": "west-vancouver-1642", "species_group": "magnolia", "scientific_name": "Magnolia species", "common_name": "Magnolia - Magnolia spp.", "subtype_name": "Magnolia - Magnolia spp.", "zip_code": null, "ownership": "public", "ownership_raw": "District of West Vancouver", "city": "West Vancouver", "source_dataset": "FORM_DWV Tree Inventory", "source_department": "District of West Vancouver", "source_last_edit_at": "2026-03-27T08:15:19.224000+00:00"}}, {"type": "Feature", "geometry": {"type": "Point", "coordinates": [-123.27393118231299, 49.37436601663941]}, "properties": {"id": "west-vancouver-1644", "species_group": "magnolia", "scientific_name": "Magnolia species", "common_name": "Magnolia - Magnolia spp.", "subtype_name": "Magnolia - Magnolia spp.", "zip_code": null, "ownership": "public", "ownership_raw": "District of West Vancouver", "city": "West Vancouver", "source_dataset": "FORM_DWV Tree Inventory", "source_department": "District of West Vancouver", "source_last_edit_at": "2026-03-27T08:15:19.224000+00:00"}}, {"type": "Feature", "geometry": {"type": "Point", "coordinates": [-123.27412300137223, 49.37438478742378]}, "properties": {"id": "west-vancouver-1646", "species_group": "magnolia", "scientific_name": "Magnolia species", "common_name": "Magnolia - Magnolia spp.", "subtype_name": "Magnolia - Magnolia spp.", "zip_code": null, "ownership": "public", "ownership_raw": "District of West Vancouver", "city": "West Vancouver", "source_dataset": "FORM_DWV Tree Inventory", "source_department": "District of West Vancouver", "source_last_edit_at": "2026-03-27T08:15:19.224000+00:00"}}, {"type": "Feature", "geometry": {"type": "Point", "coordinates": [-123.27467425164802, 49.3746299785283]}, "properties": {"id": "west-vancouver-1655", "species_group": "cherry", "scientific_name": "Prunus species", "common_name": "Japanese Cherry - Prunus serrulata", "subtype_name": "Japanese Cherry - Prunus serrulata", "zip_code": null, "ownership": "public", "ownership_raw": "District of West Vancouver", "city": "West Vancouver", "source_dataset": "FORM_DWV Tree Inventory", "source_department": "District of West Vancouver", "source_last_edit_at": "2026-03-27T08:15:19.224000+00:00"}}, {"type": "Feature", "geometry": {"type": "Point", "coordinates": [-123.27488075816217, 49.37472343004751]}, "properties": {"id": "west-vancouver-1656", "species_group": "cherry", "scientific_name": "Prunus species", "common_name": "Japanese Cherry - Prunus serrulata", "subtype_name": "Japanese Cherry - Prunus serrulata", "zip_code": null, "ownership": "public", "ownership_raw": "District of West Vancouver", "city": "West Vancouver", "source_dataset": "FORM_DWV Tree Inventory", "source_department": "District of West Vancouver", "source_last_edit_at": "2026-03-27T08:15:19.224000+00:00"}}, {"type": "Feature", "geometry": {"type": "Point", "coordinates": [-123.2749988138585, 49.374779874157326]}, "properties": {"id": "west-vancouver-1657", "species_group": "cherry", "scientific_name": "Prunus species", "common_name": "Japanese Cherry - Prunus serrulata", "subtype_name": "Japanese Cherry - Prunus serrulata", "zip_code": null, "ownership": "public", "ownership_raw": "District of West Vancouver", "city": "West Vancouver", "source_dataset": "FORM_DWV Tree Inventory", "source_department": "District of West Vancouver", "source_last_edit_at": "2026-03-27T08:15:19.224000+00:00"}}, {"type": "Feature", "geometry": {"type": "Point", "coordinates": [-123.27517125715538, 49.374824438883365]}, "properties": {"id": "west-vancouver-1658", "species_group": "cherry", "scientific_name": "Prunus species", "common_name": "Japanese Cherry - Prunus serrulata", "subtype_name": "Japanese Cherry - Prunus serrulata", "zip_code": null, "ownership": "public", "ownership_raw": "District of West Vancouver", "city": "West Vancouver", "source_dataset": "FORM_DWV Tree Inventory", "source_department": "District of West Vancouver", "source_last_edit_at": "2026-03-27T08:15:19.224000+00:00"}}, {"type": "Feature", "geometry": {"type": "Point", "coordinates": [-123.27535419097818, 49.374952068006436]}, "properties": {"id": "west-vancouver-1659", "species_group": "cherry", "scientific_name": "Prunus species", "common_name": "Japanese Cherry - Prunus serrulata", "subtype_name": "Japanese Cherry - Prunus serrulata", "zip_code": null, "ownership": "public", "ownership_raw": "District of West Vancouver", "city": "West Vancouver", "source_dataset": "FORM_DWV Tree Inventory", "source_department": "District of West Vancouver", "source_last_edit_at": "2026-03-27T08:15:19.224000+00:00"}}, {"type": "Feature", "geometry": {"type": "Point", "coordinates": [-123.27555805644536, 49.37502818722939]}, "properties": {"id": "west-vancouver-1660", "species_group": "cherry", "scientific_name": "Prunus species", "common_name": "Japanese Cherry - Prunus serrulata", "subtype_name": "Japanese Cherry - Prunus serrulata", "zip_code": null, "ownership": "public", "ownership_raw": "District of West Vancouver", "city": "West Vancouver", "source_dataset": "FORM_DWV Tree Inventory", "source_department": "District of West Vancouver", "source_last_edit_at": "2026-03-27T08:15:19.224000+00:00"}}, {"type": "Feature", "geometry": {"type": "Point", "coordinates": [-123.27599999971738, 49.375218245256356]}, "properties": {"id": "west-vancouver-1662", "species_group": "cherry", "scientific_name": "Prunus species", "common_name": "Japanese Cherry - Prunus serrulata", "subtype_name": "Japanese Cherry - Prunus serrulata", "zip_code": null, "ownership": "public", "ownership_raw": "District of West Vancouver", "city": "West Vancouver", "source_dataset": "FORM_DWV Tree Inventory", "source_department": "District of West Vancouver", "source_last_edit_at": "2026-03-27T08:15:19.224000+00:00"}}, {"type": "Feature", "geometry": {"type": "Point", "coordinates": [-123.27624037810763, 49.3752958725099]}, "properties": {"id": "west-vancouver-1663", "species_group": "cherry", "scientific_name": "Prunus species", "common_name": "Japanese Cherry - Prunus serrulata", "subtype_name": "Japanese Cherry - Prunus serrulata", "zip_code": null, "ownership": "public", "ownership_raw": "District of West Vancouver", "city": "West Vancouver", "source_dataset": "FORM_DWV Tree Inventory", "source_department": "District of West Vancouver", "source_last_edit_at": "2026-03-27T08:15:19.224000+00:00"}}, {"type": "Feature", "geometry": {"type": "Point", "coordinates": [-123.29084589317435, 49.373605439388434]}, "properties": {"id": "west-vancouver-1691", "species_group": "cherry", "scientific_name": "Prunus species", "common_name": "Japanese Cherry - Prunus serrulata", "subtype_name": "Japanese Cherry - Prunus serrulata", "zip_code": null, "ownership": "public", "ownership_raw": "District of West Vancouver", "city": "West Vancouver", "source_dataset": "FORM_DWV Tree Inventory", "source_department": "District of West Vancouver", "source_last_edit_at": "2026-03-27T08:15:19.224000+00:00"}}, {"type": "Feature", "geometry": {"type": "Point", "coordinates": [-123.29126392239515, 49.37366522054591]}, "properties": {"id": "west-vancouver-1694", "species_group": "cherry", "scientific_name": "Prunus species", "common_name": "Japanese Cherry - Prunus serrulata", "subtype_name": "Japanese Cherry - Prunus serrulata", "zip_code": null, "ownership": "public", "ownership_raw": "District of West Vancouver", "city": "West Vancouver", "source_dataset": "FORM_DWV Tree Inventory", "source_department": "District of West Vancouver", "source_last_edit_at": "2026-03-27T08:15:19.224000+00:00"}}, {"type": "Feature", "geometry": {"type": "Point", "coordinates": [-123.2896455876479, 49.373372488419314]}, "properties": {"id": "west-vancouver-1704", "species_group": "cherry", "scientific_name": "Prunus species", "common_name": "Bitter Cherry - Prunus emarginata", "subtype_name": "Bitter Cherry - Prunus emarginata", "zip_code": null, "ownership": "public", "ownership_raw": "District of West Vancouver", "city": "West Vancouver", "source_dataset": "FORM_DWV Tree Inventory", "source_department": "District of West Vancouver", "source_last_edit_at": "2026-03-27T08:15:19.224000+00:00"}}, {"type": "Feature", "geometry": {"type": "Point", "coordinates": [-123.28952498343111, 49.37349449793141]}, "properties": {"id": "west-vancouver-1705", "species_group": "cherry", "scientific_name": "Prunus species", "common_name": "Bitter Cherry - Prunus emarginata", "subtype_name": "Bitter Cherry - Prunus emarginata", "zip_code": null, "ownership": "public", "ownership_raw": "District of West Vancouver", "city": "West Vancouver", "source_dataset": "FORM_DWV Tree Inventory", "source_department": "District of West Vancouver", "source_last_edit_at": "2026-03-27T08:15:19.224000+00:00"}}, {"type": "Feature", "geometry": {"type": "Point", "coordinates": [-123.28955256260865, 49.37349474359612]}, "properties": {"id": "west-vancouver-1707", "species_group": "cherry", "scientific_name": "Prunus species", "common_name": "Bitter Cherry - Prunus emarginata", "subtype_name": "Bitter Cherry - Prunus emarginata", "zip_code": null, "ownership": "public", "ownership_raw": "District of West Vancouver", "city": "West Vancouver", "source_dataset": "FORM_DWV Tree Inventory", "source_department": "District of West Vancouver", "source_last_edit_at": "2026-03-27T08:15:19.224000+00:00"}}, {"type": "Feature", "geometry": {"type": "Point", "coordinates": [-123.28960481132049, 49.37354445732718]}, "properties": {"id": "west-vancouver-1710", "species_group": "cherry", "scientific_name": "Prunus species", "common_name": "Bitter Cherry - Prunus emarginata", "subtype_name": "Bitter Cherry - Prunus emarginata", "zip_code": null, "ownership": "public", "ownership_raw": "District of West Vancouver", "city": "West Vancouver", "source_dataset": "FORM_DWV Tree Inventory", "source_department": "District of West Vancouver", "source_last_edit_at": "2026-03-27T08:15:19.224000+00:00"}}, {"type": "Feature", "geometry": {"type": "Point", "coordinates": [-123.28954241254424, 49.37360779834888]}, "properties": {"id": "west-vancouver-1716", "species_group": "cherry", "scientific_name": "Prunus species", "common_name": "Bitter Cherry - Prunus emarginata", "subtype_name": "Bitter Cherry - Prunus emarginata", "zip_code": null, "ownership": "public", "ownership_raw": "District of West Vancouver", "city": "West Vancouver", "source_dataset": "FORM_DWV Tree Inventory", "source_department": "District of West Vancouver", "source_last_edit_at": "2026-03-27T08:15:19.224000+00:00"}}, {"type": "Feature", "geometry": {"type": "Point", "coordinates": [-123.28984211387923, 49.37364677645369]}, "properties": {"id": "west-vancouver-1754", "species_group": "cherry", "scientific_name": "Prunus species", "common_name": "Bitter Cherry - Prunus emarginata", "subtype_name": "Bitter Cherry - Prunus emarginata", "zip_code": null, "ownership": "public", "ownership_raw": "District of West Vancouver", "city": "West Vancouver", "source_dataset": "FORM_DWV Tree Inventory", "source_department": "District of West Vancouver", "source_last_edit_at": "2026-03-27T08:15:19.224000+00:00"}}, {"type": "Feature", "geometry": {"type": "Point", "coordinates": [-123.29247164081931, 49.373383619980025]}, "properties": {"id": "west-vancouver-1795", "species_group": "cherry", "scientific_name": "Prunus species", "common_name": "Japanese Cherry - Prunus serrulata", "subtype_name": "Japanese Cherry - Prunus serrulata", "zip_code": null, "ownership": "public", "ownership_raw": "District of West Vancouver", "city": "West Vancouver", "source_dataset": "FORM_DWV Tree Inventory", "source_department": "District of West Vancouver", "source_last_edit_at": "2026-03-27T08:15:19.224000+00:00"}}, {"type": "Feature", "geometry": {"type": "Point", "coordinates": [-123.29247645578927, 49.373417751057296]}, "properties": {"id": "west-vancouver-1796", "species_group": "cherry", "scientific_name": "Prunus species", "common_name": "Japanese Cherry - Prunus serrulata", "subtype_name": "Japanese Cherry - Prunus serrulata", "zip_code": null, "ownership": "public", "ownership_raw": "District of West Vancouver", "city": "West Vancouver", "source_dataset": "FORM_DWV Tree Inventory", "source_department": "District of West Vancouver", "source_last_edit_at": "2026-03-27T08:15:19.224000+00:00"}}, {"type": "Feature", "geometry": {"type": "Point", "coordinates": [-123.29196976913808, 49.37319358468995]}, "properties": {"id": "west-vancouver-1853", "species_group": "cherry", "scientific_name": "Prunus species", "common_name": "Cherry Plum - Prunus cerasifera", "subtype_name": "Cherry Plum - Prunus cerasifera", "zip_code": null, "ownership": "public", "ownership_raw": "District of West Vancouver", "city": "West Vancouver", "source_dataset": "FORM_DWV Tree Inventory", "source_department": "District of West Vancouver", "source_last_edit_at": "2026-03-27T08:15:19.224000+00:00"}}, {"type": "Feature", "geometry": {"type": "Point", "coordinates": [-123.29074589990343, 49.3720974474142]}, "properties": {"id": "west-vancouver-1925", "species_group": "cherry", "scientific_name": "Prunus species", "common_name": "Bitter Cherry - Prunus emarginata", "subtype_name": "Bitter Cherry - Prunus emarginata", "zip_code": null, "ownership": "public", "ownership_raw": "District of West Vancouver", "city": "West Vancouver", "source_dataset": "FORM_DWV Tree Inventory", "source_department": "District of West Vancouver", "source_last_edit_at": "2026-03-27T08:15:19.224000+00:00"}}, {"type": "Feature", "geometry": {"type": "Point", "coordinates": [-123.2907165645195, 49.37211836927599]}, "properties": {"id": "west-vancouver-1926", "species_group": "cherry", "scientific_name": "Prunus species", "common_name": "Bitter Cherry - Prunus emarginata", "subtype_name": "Bitter Cherry - Prunus emarginata", "zip_code": null, "ownership": "public", "ownership_raw": "District of West Vancouver", "city": "West Vancouver", "source_dataset": "FORM_DWV Tree Inventory", "source_department": "District of West Vancouver", "source_last_edit_at": "2026-03-27T08:15:19.224000+00:00"}}, {"type": "Feature", "geometry": {"type": "Point", "coordinates": [-123.29074317621148, 49.37213801071267]}, "properties": {"id": "west-vancouver-1927", "species_group": "cherry", "scientific_name": "Prunus species", "common_name": "Bitter Cherry - Prunus emarginata", "subtype_name": "Bitter Cherry - Prunus emarginata", "zip_code": null, "ownership": "public", "ownership_raw": "District of West Vancouver", "city": "West Vancouver", "source_dataset": "FORM_DWV Tree Inventory", "source_department": "District of West Vancouver", "source_last_edit_at": "2026-03-27T08:15:19.224000+00:00"}}, {"type": "Feature", "geometry": {"type": "Point", "coordinates": [-123.29072262545276, 49.372125430577796]}, "properties": {"id": "west-vancouver-1928", "species_group": "cherry", "scientific_name": "Prunus species", "common_name": "Bitter Cherry - Prunus emarginata", "subtype_name": "Bitter Cherry - Prunus emarginata", "zip_code": null, "ownership": "public", "ownership_raw": "District of West Vancouver", "city": "West Vancouver", "source_dataset": "FORM_DWV Tree Inventory", "source_department": "District of West Vancouver", "source_last_edit_at": "2026-03-27T08:15:19.224000+00:00"}}, {"type": "Feature", "geometry": {"type": "Point", "coordinates": [-123.29072326325657, 49.372150758134815]}, "properties": {"id": "west-vancouver-1929", "species_group": "cherry", "scientific_name": "Prunus species", "common_name": "Bitter Cherry - Prunus emarginata", "subtype_name": "Bitter Cherry - Prunus emarginata", "zip_code": null, "ownership": "public", "ownership_raw": "District of West Vancouver", "city": "West Vancouver", "source_dataset": "FORM_DWV Tree Inventory", "source_department": "District of West Vancouver", "source_last_edit_at": "2026-03-27T08:15:19.224000+00:00"}}, {"type": "Feature", "geometry": {"type": "Point", "coordinates": [-123.29072451371144, 49.37216775391265]}, "properties": {"id": "west-vancouver-1930", "species_group": "cherry", "scientific_name": "Prunus species", "common_name": "Bitter Cherry - Prunus emarginata", "subtype_name": "Bitter Cherry - Prunus emarginata", "zip_code": null, "ownership": "public", "ownership_raw": "District of West Vancouver", "city": "West Vancouver", "source_dataset": "FORM_DWV Tree Inventory", "source_department": "District of West Vancouver", "source_last_edit_at": "2026-03-27T08:15:19.224000+00:00"}}, {"type": "Feature", "geometry": {"type": "Point", "coordinates": [-123.29089182762806, 49.372315080434035]}, "properties": {"id": "west-vancouver-1943", "species_group": "cherry", "scientific_name": "Prunus species", "common_name": "Bitter Cherry - Prunus emarginata", "subtype_name": "Bitter Cherry - Prunus emarginata", "zip_code": null, "ownership": "public", "ownership_raw": "District of West Vancouver", "city": "West Vancouver", "source_dataset": "FORM_DWV Tree Inventory", "source_department": "District of West Vancouver", "source_last_edit_at": "2026-03-27T08:15:19.224000+00:00"}}, {"type": "Feature", "geometry": {"type": "Point", "coordinates": [-123.29089172611845, 49.372344117516924]}, "properties": {"id": "west-vancouver-1944", "species_group": "cherry", "scientific_name": "Prunus species", "common_name": "Bitter Cherry - Prunus emarginata", "subtype_name": "Bitter Cherry - Prunus emarginata", "zip_code": null, "ownership": "public", "ownership_raw": "District of West Vancouver", "city": "West Vancouver", "source_dataset": "FORM_DWV Tree Inventory", "source_department": "District of West Vancouver", "source_last_edit_at": "2026-03-27T08:15:19.224000+00:00"}}, {"type": "Feature", "geometry": {"type": "Point", "coordinates": [-123.2908574589836, 49.37237134364163]}, "properties": {"id": "west-vancouver-1946", "species_group": "cherry", "scientific_name": "Prunus species", "common_name": "Bitter Cherry - Prunus emarginata", "subtype_name": "Bitter Cherry - Prunus emarginata", "zip_code": null, "ownership": "public", "ownership_raw": "District of West Vancouver", "city": "West Vancouver", "source_dataset": "FORM_DWV Tree Inventory", "source_department": "District of West Vancouver", "source_last_edit_at": "2026-03-27T08:15:19.224000+00:00"}}, {"type": "Feature", "geometry": {"type": "Point", "coordinates": [-123.29086975512321, 49.37240593927039]}, "properties": {"id": "west-vancouver-1947", "species_group": "cherry", "scientific_name": "Prunus species", "common_name": "Bitter Cherry - Prunus emarginata", "subtype_name": "Bitter Cherry - Prunus emarginata", "zip_code": null, "ownership": "public", "ownership_raw": "District of West Vancouver", "city": "West Vancouver", "source_dataset": "FORM_DWV Tree Inventory", "source_department": "District of West Vancouver", "source_last_edit_at": "2026-03-27T08:15:19.224000+00:00"}}, {"type": "Feature", "geometry": {"type": "Point", "coordinates": [-123.29088087716475, 49.37239410674336]}, "properties": {"id": "west-vancouver-1948", "species_group": "cherry", "scientific_name": "Prunus species", "common_name": "Bitter Cherry - Prunus emarginata", "subtype_name": "Bitter Cherry - Prunus emarginata", "zip_code": null, "ownership": "public", "ownership_raw": "District of West Vancouver", "city": "West Vancouver", "source_dataset": "FORM_DWV Tree Inventory", "source_department": "District of West Vancouver", "source_last_edit_at": "2026-03-27T08:15:19.224000+00:00"}}, {"type": "Feature", "geometry": {"type": "Point", "coordinates": [-123.29090051882845, 49.37239088787903]}, "properties": {"id": "west-vancouver-1949", "species_group": "cherry", "scientific_name": "Prunus species", "common_name": "Bitter Cherry - Prunus emarginata", "subtype_name": "Bitter Cherry - Prunus emarginata", "zip_code": null, "ownership": "public", "ownership_raw": "District of West Vancouver", "city": "West Vancouver", "source_dataset": "FORM_DWV Tree Inventory", "source_department": "District of West Vancouver", "source_last_edit_at": "2026-03-27T08:15:19.224000+00:00"}}, {"type": "Feature", "geometry": {"type": "Point", "coordinates": [-123.2907967193957, 49.372363747164776]}, "properties": {"id": "west-vancouver-2044", "species_group": "cherry", "scientific_name": "Prunus species", "common_name": "Bitter Cherry - Prunus emarginata", "subtype_name": "Bitter Cherry - Prunus emarginata", "zip_code": null, "ownership": "public", "ownership_raw": "District of West Vancouver", "city": "West Vancouver", "source_dataset": "FORM_DWV Tree Inventory", "source_department": "District of West Vancouver", "source_last_edit_at": "2026-03-27T08:15:19.224000+00:00"}}, {"type": "Feature", "geometry": {"type": "Point", "coordinates": [-123.2908565642616, 49.37235386712222]}, "properties": {"id": "west-vancouver-2048", "species_group": "cherry", "scientific_name": "Prunus species", "common_name": "Bitter Cherry - Prunus emarginata", "subtype_name": "Bitter Cherry - Prunus emarginata", "zip_code": null, "ownership": "public", "ownership_raw": "District of West Vancouver", "city": "West Vancouver", "source_dataset": "FORM_DWV Tree Inventory", "source_department": "District of West Vancouver", "source_last_edit_at": "2026-03-27T08:15:19.224000+00:00"}}, {"type": "Feature", "geometry": {"type": "Point", "coordinates": [-123.29086796298425, 49.37236676013578]}, "properties": {"id": "west-vancouver-2049", "species_group": "cherry", "scientific_name": "Prunus species", "common_name": "Bitter Cherry - Prunus emarginata", "subtype_name": "Bitter Cherry - Prunus emarginata", "zip_code": null, "ownership": "public", "ownership_raw": "District of West Vancouver", "city": "West Vancouver", "source_dataset": "FORM_DWV Tree Inventory", "source_department": "District of West Vancouver", "source_last_edit_at": "2026-03-27T08:15:19.224000+00:00"}}, {"type": "Feature", "geometry": {"type": "Point", "coordinates": [-123.2916516343735, 49.37258432645151]}, "properties": {"id": "west-vancouver-2097", "species_group": "cherry", "scientific_name": "Prunus species", "common_name": "Bitter Cherry - Prunus emarginata", "subtype_name": "Bitter Cherry - Prunus emarginata", "zip_code": null, "ownership": "public", "ownership_raw": "District of West Vancouver", "city": "West Vancouver", "source_dataset": "FORM_DWV Tree Inventory", "source_department": "District of West Vancouver", "source_last_edit_at": "2026-03-27T08:15:19.224000+00:00"}}, {"type": "Feature", "geometry": {"type": "Point", "coordinates": [-123.1350885655362, 49.338944323309455]}, "properties": {"id": "west-vancouver-2108", "species_group": "cherry", "scientific_name": "Prunus species", "common_name": "Japanese Cherry - Prunus serrulata", "subtype_name": "Japanese Cherry - Prunus serrulata", "zip_code": null, "ownership": "public", "ownership_raw": "District of West Vancouver", "city": "West Vancouver", "source_dataset": "FORM_DWV Tree Inventory", "source_department": "District of West Vancouver", "source_last_edit_at": "2026-03-27T08:15:19.224000+00:00"}}, {"type": "Feature", "geometry": {"type": "Point", "coordinates": [-123.13507502163664, 49.33902529502734]}, "properties": {"id": "west-vancouver-2109", "species_group": "cherry", "scientific_name": "Prunus species", "common_name": "Japanese Cherry - Prunus serrulata", "subtype_name": "Japanese Cherry - Prunus serrulata", "zip_code": null, "ownership": "public", "ownership_raw": "District of West Vancouver", "city": "West Vancouver", "source_dataset": "FORM_DWV Tree Inventory", "source_department": "District of West Vancouver", "source_last_edit_at": "2026-03-27T08:15:19.224000+00:00"}}, {"type": "Feature", "geometry": {"type": "Point", "coordinates": [-123.13510470377027, 49.33911334143465]}, "properties": {"id": "west-vancouver-2110", "species_group": "cherry", "scientific_name": "Prunus species", "common_name": "Japanese Cherry - Prunus serrulata", "subtype_name": "Japanese Cherry - Prunus serrulata", "zip_code": null, "ownership": "public", "ownership_raw": "District of West Vancouver", "city": "West Vancouver", "source_dataset": "FORM_DWV Tree Inventory", "source_department": "District of West Vancouver", "source_last_edit_at": "2026-03-27T08:15:19.224000+00:00"}}, {"type": "Feature", "geometry": {"type": "Point", "coordinates": [-123.13508238422872, 49.339200690563764]}, "properties": {"id": "west-vancouver-2111", "species_group": "cherry", "scientific_name": "Prunus species", "common_name": "Japanese Cherry - Prunus serrulata", "subtype_name": "Japanese Cherry - Prunus serrulata", "zip_code": null, "ownership": "public", "ownership_raw": "District of West Vancouver", "city": "West Vancouver", "source_dataset": "FORM_DWV Tree Inventory", "source_department": "District of West Vancouver", "source_last_edit_at": "2026-03-27T08:15:19.224000+00:00"}}, {"type": "Feature", "geometry": {"type": "Point", "coordinates": [-123.1350859792865, 49.33925690562132]}, "properties": {"id": "west-vancouver-2112", "species_group": "cherry", "scientific_name": "Prunus species", "common_name": "Japanese Cherry - Prunus serrulata", "subtype_name": "Japanese Cherry - Prunus serrulata", "zip_code": null, "ownership": "public", "ownership_raw": "District of West Vancouver", "city": "West Vancouver", "source_dataset": "FORM_DWV Tree Inventory", "source_department": "District of West Vancouver", "source_last_edit_at": "2026-03-27T08:15:19.224000+00:00"}}, {"type": "Feature", "geometry": {"type": "Point", "coordinates": [-123.13508657666614, 49.339475036364206]}, "properties": {"id": "west-vancouver-2115", "species_group": "cherry", "scientific_name": "Prunus species", "common_name": "Japanese Cherry - Prunus serrulata", "subtype_name": "Japanese Cherry - Prunus serrulata", "zip_code": null, "ownership": "public", "ownership_raw": "District of West Vancouver", "city": "West Vancouver", "source_dataset": "FORM_DWV Tree Inventory", "source_department": "District of West Vancouver", "source_last_edit_at": "2026-03-27T08:15:19.224000+00:00"}}, {"type": "Feature", "geometry": {"type": "Point", "coordinates": [-123.13508184973115, 49.33952342479491]}, "properties": {"id": "west-vancouver-2116", "species_group": "cherry", "scientific_name": "Prunus species", "common_name": "Japanese Cherry - Prunus serrulata", "subtype_name": "Japanese Cherry - Prunus serrulata", "zip_code": null, "ownership": "public", "ownership_raw": "District of West Vancouver", "city": "West Vancouver", "source_dataset": "FORM_DWV Tree Inventory", "source_department": "District of West Vancouver", "source_last_edit_at": "2026-03-27T08:15:19.224000+00:00"}}, {"type": "Feature", "geometry": {"type": "Point", "coordinates": [-123.13506986800189, 49.33965720594448]}, "properties": {"id": "west-vancouver-2117", "species_group": "cherry", "scientific_name": "Prunus species", "common_name": "Japanese Cherry - Prunus serrulata", "subtype_name": "Japanese Cherry - Prunus serrulata", "zip_code": null, "ownership": "public", "ownership_raw": "District of West Vancouver", "city": "West Vancouver", "source_dataset": "FORM_DWV Tree Inventory", "source_department": "District of West Vancouver", "source_last_edit_at": "2026-03-27T08:15:19.224000+00:00"}}, {"type": "Feature", "geometry": {"type": "Point", "coordinates": [-123.13509364910237, 49.33976544291122]}, "properties": {"id": "west-vancouver-2118", "species_group": "cherry", "scientific_name": "Prunus species", "common_name": "Japanese Cherry - Prunus serrulata", "subtype_name": "Japanese Cherry - Prunus serrulata", "zip_code": null, "ownership": "public", "ownership_raw": "District of West Vancouver", "city": "West Vancouver", "source_dataset": "FORM_DWV Tree Inventory", "source_department": "District of West Vancouver", "source_last_edit_at": "2026-03-27T08:15:19.224000+00:00"}}, {"type": "Feature", "geometry": {"type": "Point", "coordinates": [-123.13506696195189, 49.339852852926406]}, "properties": {"id": "west-vancouver-2119", "species_group": "cherry", "scientific_name": "Prunus species", "common_name": "Japanese Cherry - Prunus serrulata", "subtype_name": "Japanese Cherry - Prunus serrulata", "zip_code": null, "ownership": "public", "ownership_raw": "District of West Vancouver", "city": "West Vancouver", "source_dataset": "FORM_DWV Tree Inventory", "source_department": "District of West Vancouver", "source_last_edit_at": "2026-03-27T08:15:19.224000+00:00"}}, {"type": "Feature", "geometry": {"type": "Point", "coordinates": [-123.13507060012881, 49.339924809295326]}, "properties": {"id": "west-vancouver-2120", "species_group": "cherry", "scientific_name": "Prunus species", "common_name": "Japanese Cherry - Prunus serrulata", "subtype_name": "Japanese Cherry - Prunus serrulata", "zip_code": null, "ownership": "public", "ownership_raw": "District of West Vancouver", "city": "West Vancouver", "source_dataset": "FORM_DWV Tree Inventory", "source_department": "District of West Vancouver", "source_last_edit_at": "2026-03-27T08:15:19.224000+00:00"}}, {"type": "Feature", "geometry": {"type": "Point", "coordinates": [-123.13508459408433, 49.34000799715582]}, "properties": {"id": "west-vancouver-2121", "species_group": "cherry", "scientific_name": "Prunus species", "common_name": "Japanese Cherry - Prunus serrulata", "subtype_name": "Japanese Cherry - Prunus serrulata", "zip_code": null, "ownership": "public", "ownership_raw": "District of West Vancouver", "city": "West Vancouver", "source_dataset": "FORM_DWV Tree Inventory", "source_department": "District of West Vancouver", "source_last_edit_at": "2026-03-27T08:15:19.224000+00:00"}}, {"type": "Feature", "geometry": {"type": "Point", "coordinates": [-123.13505726463845, 49.34008223894678]}, "properties": {"id": "west-vancouver-2122", "species_group": "cherry", "scientific_name": "Prunus species", "common_name": "Japanese Cherry - Prunus serrulata", "subtype_name": "Japanese Cherry - Prunus serrulata", "zip_code": null, "ownership": "public", "ownership_raw": "District of West Vancouver", "city": "West Vancouver", "source_dataset": "FORM_DWV Tree Inventory", "source_department": "District of West Vancouver", "source_last_edit_at": "2026-03-27T08:15:19.224000+00:00"}}, {"type": "Feature", "geometry": {"type": "Point", "coordinates": [-123.13508111940078, 49.340169073037245]}, "properties": {"id": "west-vancouver-2123", "species_group": "cherry", "scientific_name": "Prunus species", "common_name": "Japanese Cherry - Prunus serrulata", "subtype_name": "Japanese Cherry - Prunus serrulata", "zip_code": null, "ownership": "public", "ownership_raw": "District of West Vancouver", "city": "West Vancouver", "source_dataset": "FORM_DWV Tree Inventory", "source_department": "District of West Vancouver", "source_last_edit_at": "2026-03-27T08:15:19.224000+00:00"}}, {"type": "Feature", "geometry": {"type": "Point", "coordinates": [-123.13505775691522, 49.3402621399543]}, "properties": {"id": "west-vancouver-2124", "species_group": "cherry", "scientific_name": "Prunus species", "common_name": "Japanese Cherry - Prunus serrulata", "subtype_name": "Japanese Cherry - Prunus serrulata", "zip_code": null, "ownership": "public", "ownership_raw": "District of West Vancouver", "city": "West Vancouver", "source_dataset": "FORM_DWV Tree Inventory", "source_department": "District of West Vancouver", "source_last_edit_at": "2026-03-27T08:15:19.224000+00:00"}}, {"type": "Feature", "geometry": {"type": "Point", "coordinates": [-123.13506486169081, 49.34034308726223]}, "properties": {"id": "west-vancouver-2125", "species_group": "cherry", "scientific_name": "Prunus species", "common_name": "Japanese Cherry - Prunus serrulata", "subtype_name": "Japanese Cherry - Prunus serrulata", "zip_code": null, "ownership": "public", "ownership_raw": "District of West Vancouver", "city": "West Vancouver", "source_dataset": "FORM_DWV Tree Inventory", "source_department": "District of West Vancouver", "source_last_edit_at": "2026-03-27T08:15:19.224000+00:00"}}, {"type": "Feature", "geometry": {"type": "Point", "coordinates": [-123.1350581755301, 49.34041505579119]}, "properties": {"id": "west-vancouver-2126", "species_group": "cherry", "scientific_name": "Prunus species", "common_name": "Japanese Cherry - Prunus serrulata", "subtype_name": "Japanese Cherry - Prunus serrulata", "zip_code": null, "ownership": "public", "ownership_raw": "District of West Vancouver", "city": "West Vancouver", "source_dataset": "FORM_DWV Tree Inventory", "source_department": "District of West Vancouver", "source_last_edit_at": "2026-03-27T08:15:19.224000+00:00"}}, {"type": "Feature", "geometry": {"type": "Point", "coordinates": [-123.13503776670517, 49.34050278188966]}, "properties": {"id": "west-vancouver-2127", "species_group": "cherry", "scientific_name": "Prunus species", "common_name": "Japanese Cherry - Prunus serrulata", "subtype_name": "Japanese Cherry - Prunus serrulata", "zip_code": null, "ownership": "public", "ownership_raw": "District of West Vancouver", "city": "West Vancouver", "source_dataset": "FORM_DWV Tree Inventory", "source_department": "District of West Vancouver", "source_last_edit_at": "2026-03-27T08:15:19.224000+00:00"}}, {"type": "Feature", "geometry": {"type": "Point", "coordinates": [-123.1350561758803, 49.340600825043154]}, "properties": {"id": "west-vancouver-2128", "species_group": "cherry", "scientific_name": "Prunus species", "common_name": "Japanese Cherry - Prunus serrulata", "subtype_name": "Japanese Cherry - Prunus serrulata", "zip_code": null, "ownership": "public", "ownership_raw": "District of West Vancouver", "city": "West Vancouver", "source_dataset": "FORM_DWV Tree Inventory", "source_department": "District of West Vancouver", "source_last_edit_at": "2026-03-27T08:15:19.224000+00:00"}}, {"type": "Feature", "geometry": {"type": "Point", "coordinates": [-123.13501413831831, 49.34083272614228]}, "properties": {"id": "west-vancouver-2129", "species_group": "cherry", "scientific_name": "Prunus species", "common_name": "Japanese Cherry - Prunus serrulata", "subtype_name": "Japanese Cherry - Prunus serrulata", "zip_code": null, "ownership": "public", "ownership_raw": "District of West Vancouver", "city": "West Vancouver", "source_dataset": "FORM_DWV Tree Inventory", "source_department": "District of West Vancouver", "source_last_edit_at": "2026-03-27T08:15:19.224000+00:00"}}, {"type": "Feature", "geometry": {"type": "Point", "coordinates": [-123.13487659457019, 49.34071435461166]}, "properties": {"id": "west-vancouver-2130", "species_group": "cherry", "scientific_name": "Prunus species", "common_name": "Japanese Cherry - Prunus serrulata", "subtype_name": "Japanese Cherry - Prunus serrulata", "zip_code": null, "ownership": "public", "ownership_raw": "District of West Vancouver", "city": "West Vancouver", "source_dataset": "FORM_DWV Tree Inventory", "source_department": "District of West Vancouver", "source_last_edit_at": "2026-03-27T08:15:19.224000+00:00"}}, {"type": "Feature", "geometry": {"type": "Point", "coordinates": [-123.13451643661656, 49.33863016271683]}, "properties": {"id": "west-vancouver-2133", "species_group": "cherry", "scientific_name": "Prunus species", "common_name": "Japanese Cherry - Prunus serrulata", "subtype_name": "Japanese Cherry - Prunus serrulata", "zip_code": null, "ownership": "public", "ownership_raw": "District of West Vancouver", "city": "West Vancouver", "source_dataset": "FORM_DWV Tree Inventory", "source_department": "District of West Vancouver", "source_last_edit_at": "2026-03-27T08:15:19.224000+00:00"}}, {"type": "Feature", "geometry": {"type": "Point", "coordinates": [-123.13450709054437, 49.338704178307744]}, "properties": {"id": "west-vancouver-2134", "species_group": "cherry", "scientific_name": "Prunus species", "common_name": "Japanese Cherry - Prunus serrulata", "subtype_name": "Japanese Cherry - Prunus serrulata", "zip_code": null, "ownership": "public", "ownership_raw": "District of West Vancouver", "city": "West Vancouver", "source_dataset": "FORM_DWV Tree Inventory", "source_department": "District of West Vancouver", "source_last_edit_at": "2026-03-27T08:15:19.224000+00:00"}}, {"type": "Feature", "geometry": {"type": "Point", "coordinates": [-123.13449297621462, 49.33880711722076]}, "properties": {"id": "west-vancouver-2135", "species_group": "cherry", "scientific_name": "Prunus species", "common_name": "Japanese Cherry - Prunus serrulata", "subtype_name": "Japanese Cherry - Prunus serrulata", "zip_code": null, "ownership": "public", "ownership_raw": "District of West Vancouver", "city": "West Vancouver", "source_dataset": "FORM_DWV Tree Inventory", "source_department": "District of West Vancouver", "source_last_edit_at": "2026-03-27T08:15:19.224000+00:00"}}, {"type": "Feature", "geometry": {"type": "Point", "coordinates": [-123.13452093268457, 49.33901694593724]}, "properties": {"id": "west-vancouver-2137", "species_group": "cherry", "scientific_name": "Prunus species", "common_name": "Japanese Cherry - Prunus serrulata", "subtype_name": "Japanese Cherry - Prunus serrulata", "zip_code": null, "ownership": "public", "ownership_raw": "District of West Vancouver", "city": "West Vancouver", "source_dataset": "FORM_DWV Tree Inventory", "source_department": "District of West Vancouver", "source_last_edit_at": "2026-03-27T08:15:19.224000+00:00"}}, {"type": "Feature", "geometry": {"type": "Point", "coordinates": [-123.13450632517976, 49.339069106070255]}, "properties": {"id": "west-vancouver-2138", "species_group": "cherry", "scientific_name": "Prunus species", "common_name": "Japanese Cherry - Prunus serrulata", "subtype_name": "Japanese Cherry - Prunus serrulata", "zip_code": null, "ownership": "public", "ownership_raw": "District of West Vancouver", "city": "West Vancouver", "source_dataset": "FORM_DWV Tree Inventory", "source_department": "District of West Vancouver", "source_last_edit_at": "2026-03-27T08:15:19.224000+00:00"}}, {"type": "Feature", "geometry": {"type": "Point", "coordinates": [-123.13448604840713, 49.339277757170585]}, "properties": {"id": "west-vancouver-2140", "species_group": "cherry", "scientific_name": "Prunus species", "common_name": "Japanese Cherry - Prunus serrulata", "subtype_name": "Japanese Cherry - Prunus serrulata", "zip_code": null, "ownership": "public", "ownership_raw": "District of West Vancouver", "city": "West Vancouver", "source_dataset": "FORM_DWV Tree Inventory", "source_department": "District of West Vancouver", "source_last_edit_at": "2026-03-27T08:15:19.224000+00:00"}}, {"type": "Feature", "geometry": {"type": "Point", "coordinates": [-123.13453948020023, 49.339387424327334]}, "properties": {"id": "west-vancouver-2141", "species_group": "cherry", "scientific_name": "Prunus species", "common_name": "Japanese Cherry - Prunus serrulata", "subtype_name": "Japanese Cherry - Prunus serrulata", "zip_code": null, "ownership": "public", "ownership_raw": "District of West Vancouver", "city": "West Vancouver", "source_dataset": "FORM_DWV Tree Inventory", "source_department": "District of West Vancouver", "source_last_edit_at": "2026-03-27T08:15:19.224000+00:00"}}, {"type": "Feature", "geometry": {"type": "Point", "coordinates": [-123.13455656166536, 49.339444904635535]}, "properties": {"id": "west-vancouver-2143", "species_group": "cherry", "scientific_name": "Prunus species", "common_name": "Japanese Cherry - Prunus serrulata", "subtype_name": "Japanese Cherry - Prunus serrulata", "zip_code": null, "ownership": "public", "ownership_raw": "District of West Vancouver", "city": "West Vancouver", "source_dataset": "FORM_DWV Tree Inventory", "source_department": "District of West Vancouver", "source_last_edit_at": "2026-03-27T08:15:19.224000+00:00"}}, {"type": "Feature", "geometry": {"type": "Point", "coordinates": [-123.134879839285, 49.340642390032265]}, "properties": {"id": "west-vancouver-2191", "species_group": "cherry", "scientific_name": "Prunus species", "common_name": "Japanese Cherry - Prunus serrulata", "subtype_name": "Japanese Cherry - Prunus serrulata", "zip_code": null, "ownership": "public", "ownership_raw": "District of West Vancouver", "city": "West Vancouver", "source_dataset": "FORM_DWV Tree Inventory", "source_department": "District of West Vancouver", "source_last_edit_at": "2026-03-27T08:15:19.224000+00:00"}}, {"type": "Feature", "geometry": {"type": "Point", "coordinates": [-123.13488768517067, 49.34057247919184]}, "properties": {"id": "west-vancouver-2192", "species_group": "cherry", "scientific_name": "Prunus species", "common_name": "Japanese Cherry - Prunus serrulata", "subtype_name": "Japanese Cherry - Prunus serrulata", "zip_code": null, "ownership": "public", "ownership_raw": "District of West Vancouver", "city": "West Vancouver", "source_dataset": "FORM_DWV Tree Inventory", "source_department": "District of West Vancouver", "source_last_edit_at": "2026-03-27T08:15:19.224000+00:00"}}, {"type": "Feature", "geometry": {"type": "Point", "coordinates": [-123.1348884801797, 49.340497196876775]}, "properties": {"id": "west-vancouver-2193", "species_group": "cherry", "scientific_name": "Prunus species", "common_name": "Japanese Cherry - Prunus serrulata", "subtype_name": "Japanese Cherry - Prunus serrulata", "zip_code": null, "ownership": "public", "ownership_raw": "District of West Vancouver", "city": "West Vancouver", "source_dataset": "FORM_DWV Tree Inventory", "source_department": "District of West Vancouver", "source_last_edit_at": "2026-03-27T08:15:19.224000+00:00"}}, {"type": "Feature", "geometry": {"type": "Point", "coordinates": [-123.1348929537898, 49.34040400514799]}, "properties": {"id": "west-vancouver-2194", "species_group": "cherry", "scientific_name": "Prunus species", "common_name": "Japanese Cherry - Prunus serrulata", "subtype_name": "Japanese Cherry - Prunus serrulata", "zip_code": null, "ownership": "public", "ownership_raw": "District of West Vancouver", "city": "West Vancouver", "source_dataset": "FORM_DWV Tree Inventory", "source_department": "District of West Vancouver", "source_last_edit_at": "2026-03-27T08:15:19.224000+00:00"}}, {"type": "Feature", "geometry": {"type": "Point", "coordinates": [-123.13488134755632, 49.34016841924332]}, "properties": {"id": "west-vancouver-2195", "species_group": "cherry", "scientific_name": "Prunus species", "common_name": "Japanese Cherry - Prunus serrulata", "subtype_name": "Japanese Cherry - Prunus serrulata", "zip_code": null, "ownership": "public", "ownership_raw": "District of West Vancouver", "city": "West Vancouver", "source_dataset": "FORM_DWV Tree Inventory", "source_department": "District of West Vancouver", "source_last_edit_at": "2026-03-27T08:15:19.224000+00:00"}}, {"type": "Feature", "geometry": {"type": "Point", "coordinates": [-123.13489333018393, 49.340094424584606]}, "properties": {"id": "west-vancouver-2196", "species_group": "cherry", "scientific_name": "Prunus species", "common_name": "Japanese Cherry - Prunus serrulata", "subtype_name": "Japanese Cherry - Prunus serrulata", "zip_code": null, "ownership": "public", "ownership_raw": "District of West Vancouver", "city": "West Vancouver", "source_dataset": "FORM_DWV Tree Inventory", "source_department": "District of West Vancouver", "source_last_edit_at": "2026-03-27T08:15:19.224000+00:00"}}, {"type": "Feature", "geometry": {"type": "Point", "coordinates": [-123.13490062001243, 49.34000500502925]}, "properties": {"id": "west-vancouver-2197", "species_group": "cherry", "scientific_name": "Prunus species", "common_name": "Japanese Cherry - Prunus serrulata", "subtype_name": "Japanese Cherry - Prunus serrulata", "zip_code": null, "ownership": "public", "ownership_raw": "District of West Vancouver", "city": "West Vancouver", "source_dataset": "FORM_DWV Tree Inventory", "source_department": "District of West Vancouver", "source_last_edit_at": "2026-03-27T08:15:19.224000+00:00"}}, {"type": "Feature", "geometry": {"type": "Point", "coordinates": [-123.13492453765687, 49.339932580525364]}, "properties": {"id": "west-vancouver-2198", "species_group": "cherry", "scientific_name": "Prunus species", "common_name": "Japanese Cherry - Prunus serrulata", "subtype_name": "Japanese Cherry - Prunus serrulata", "zip_code": null, "ownership": "public", "ownership_raw": "District of West Vancouver", "city": "West Vancouver", "source_dataset": "FORM_DWV Tree Inventory", "source_department": "District of West Vancouver", "source_last_edit_at": "2026-03-27T08:15:19.224000+00:00"}}, {"type": "Feature", "geometry": {"type": "Point", "coordinates": [-123.13490155426037, 49.33986363093607]}, "properties": {"id": "west-vancouver-2199", "species_group": "cherry", "scientific_name": "Prunus species", "common_name": "Japanese Cherry - Prunus serrulata", "subtype_name": "Japanese Cherry - Prunus serrulata", "zip_code": null, "ownership": "public", "ownership_raw": "District of West Vancouver", "city": "West Vancouver", "source_dataset": "FORM_DWV Tree Inventory", "source_department": "District of West Vancouver", "source_last_edit_at": "2026-03-27T08:15:19.224000+00:00"}}, {"type": "Feature", "geometry": {"type": "Point", "coordinates": [-123.13446295811106, 49.34079784491073]}, "properties": {"id": "west-vancouver-2200", "species_group": "cherry", "scientific_name": "Prunus species", "common_name": "Japanese Cherry - Prunus serrulata", "subtype_name": "Japanese Cherry - Prunus serrulata", "zip_code": null, "ownership": "public", "ownership_raw": "District of West Vancouver", "city": "West Vancouver", "source_dataset": "FORM_DWV Tree Inventory", "source_department": "District of West Vancouver", "source_last_edit_at": "2026-03-27T08:15:19.224000+00:00"}}, {"type": "Feature", "geometry": {"type": "Point", "coordinates": [-123.13451799070204, 49.34046291008122]}, "properties": {"id": "west-vancouver-2201", "species_group": "cherry", "scientific_name": "Prunus species", "common_name": "Japanese Cherry - Prunus serrulata", "subtype_name": "Japanese Cherry - Prunus serrulata", "zip_code": null, "ownership": "public", "ownership_raw": "District of West Vancouver", "city": "West Vancouver", "source_dataset": "FORM_DWV Tree Inventory", "source_department": "District of West Vancouver", "source_last_edit_at": "2026-03-27T08:15:19.224000+00:00"}}, {"type": "Feature", "geometry": {"type": "Point", "coordinates": [-123.1345109236557, 49.34039545494524]}, "properties": {"id": "west-vancouver-2202", "species_group": "cherry", "scientific_name": "Prunus species", "common_name": "Japanese Cherry - Prunus serrulata", "subtype_name": "Japanese Cherry - Prunus serrulata", "zip_code": null, "ownership": "public", "ownership_raw": "District of West Vancouver", "city": "West Vancouver", "source_dataset": "FORM_DWV Tree Inventory", "source_department": "District of West Vancouver", "source_last_edit_at": "2026-03-27T08:15:19.224000+00:00"}}, {"type": "Feature", "geometry": {"type": "Point", "coordinates": [-123.13450044570622, 49.34033924821192]}, "properties": {"id": "west-vancouver-2203", "species_group": "cherry", "scientific_name": "Prunus species", "common_name": "Japanese Cherry - Prunus serrulata", "subtype_name": "Japanese Cherry - Prunus serrulata", "zip_code": null, "ownership": "public", "ownership_raw": "District of West Vancouver", "city": "West Vancouver", "source_dataset": "FORM_DWV Tree Inventory", "source_department": "District of West Vancouver", "source_last_edit_at": "2026-03-27T08:15:19.224000+00:00"}}, {"type": "Feature", "geometry": {"type": "Point", "coordinates": [-123.134510525702, 49.340249285347085]}, "properties": {"id": "west-vancouver-2204", "species_group": "cherry", "scientific_name": "Prunus species", "common_name": "Japanese Cherry - Prunus serrulata", "subtype_name": "Japanese Cherry - Prunus serrulata", "zip_code": null, "ownership": "public", "ownership_raw": "District of West Vancouver", "city": "West Vancouver", "source_dataset": "FORM_DWV Tree Inventory", "source_department": "District of West Vancouver", "source_last_edit_at": "2026-03-27T08:15:19.224000+00:00"}}, {"type": "Feature", "geometry": {"type": "Point", "coordinates": [-123.13451306523929, 49.340135498924]}, "properties": {"id": "west-vancouver-2206", "species_group": "cherry", "scientific_name": "Prunus species", "common_name": "Japanese Cherry - Prunus serrulata", "subtype_name": "Japanese Cherry - Prunus serrulata", "zip_code": null, "ownership": "public", "ownership_raw": "District of West Vancouver", "city": "West Vancouver", "source_dataset": "FORM_DWV Tree Inventory", "source_department": "District of West Vancouver", "source_last_edit_at": "2026-03-27T08:15:19.224000+00:00"}}, {"type": "Feature", "geometry": {"type": "Point", "coordinates": [-123.13451494900646, 49.34009046786695]}, "properties": {"id": "west-vancouver-2207", "species_group": "cherry", "scientific_name": "Prunus species", "common_name": "Japanese Cherry - Prunus serrulata", "subtype_name": "Japanese Cherry - Prunus serrulata", "zip_code": null, "ownership": "public", "ownership_raw": "District of West Vancouver", "city": "West Vancouver", "source_dataset": "FORM_DWV Tree Inventory", "source_department": "District of West Vancouver", "source_last_edit_at": "2026-03-27T08:15:19.224000+00:00"}}, {"type": "Feature", "geometry": {"type": "Point", "coordinates": [-123.13451678965447, 49.34002215239406]}, "properties": {"id": "west-vancouver-2209", "species_group": "cherry", "scientific_name": "Prunus species", "common_name": "Japanese Cherry - Prunus serrulata", "subtype_name": "Japanese Cherry - Prunus serrulata", "zip_code": null, "ownership": "public", "ownership_raw": "District of West Vancouver", "city": "West Vancouver", "source_dataset": "FORM_DWV Tree Inventory", "source_department": "District of West Vancouver", "source_last_edit_at": "2026-03-27T08:15:19.224000+00:00"}}, {"type": "Feature", "geometry": {"type": "Point", "coordinates": [-123.13452059132476, 49.339514226489776]}, "properties": {"id": "west-vancouver-2210", "species_group": "cherry", "scientific_name": "Prunus species", "common_name": "Japanese Cherry - Prunus serrulata", "subtype_name": "Japanese Cherry - Prunus serrulata", "zip_code": null, "ownership": "public", "ownership_raw": "District of West Vancouver", "city": "West Vancouver", "source_dataset": "FORM_DWV Tree Inventory", "source_department": "District of West Vancouver", "source_last_edit_at": "2026-03-27T08:15:19.224000+00:00"}}, {"type": "Feature", "geometry": {"type": "Point", "coordinates": [-123.13451208248237, 49.33969698065761]}, "properties": {"id": "west-vancouver-2212", "species_group": "cherry", "scientific_name": "Prunus species", "common_name": "Japanese Cherry - Prunus serrulata", "subtype_name": "Japanese Cherry - Prunus serrulata", "zip_code": null, "ownership": "public", "ownership_raw": "District of West Vancouver", "city": "West Vancouver", "source_dataset": "FORM_DWV Tree Inventory", "source_department": "District of West Vancouver", "source_last_edit_at": "2026-03-27T08:15:19.224000+00:00"}}, {"type": "Feature", "geometry": {"type": "Point", "coordinates": [-123.13451972804378, 49.339837749427126]}, "properties": {"id": "west-vancouver-2213", "species_group": "cherry", "scientific_name": "Prunus species", "common_name": "Japanese Cherry - Prunus serrulata", "subtype_name": "Japanese Cherry - Prunus serrulata", "zip_code": null, "ownership": "public", "ownership_raw": "District of West Vancouver", "city": "West Vancouver", "source_dataset": "FORM_DWV Tree Inventory", "source_department": "District of West Vancouver", "source_last_edit_at": "2026-03-27T08:15:19.224000+00:00"}}, {"type": "Feature", "geometry": {"type": "Point", "coordinates": [-123.13470386560901, 49.338375499908956]}, "properties": {"id": "west-vancouver-2214", "species_group": "cherry", "scientific_name": "Prunus species", "common_name": "Japanese Cherry - Prunus serrulata", "subtype_name": "Japanese Cherry - Prunus serrulata", "zip_code": null, "ownership": "public", "ownership_raw": "District of West Vancouver", "city": "West Vancouver", "source_dataset": "FORM_DWV Tree Inventory", "source_department": "District of West Vancouver", "source_last_edit_at": "2026-03-27T08:15:19.224000+00:00"}}, {"type": "Feature", "geometry": {"type": "Point", "coordinates": [-123.13469981959696, 49.33844838443454]}, "properties": {"id": "west-vancouver-2215", "species_group": "cherry", "scientific_name": "Prunus species", "common_name": "Japanese Cherry - Prunus serrulata", "subtype_name": "Japanese Cherry - Prunus serrulata", "zip_code": null, "ownership": "public", "ownership_raw": "District of West Vancouver", "city": "West Vancouver", "source_dataset": "FORM_DWV Tree Inventory", "source_department": "District of West Vancouver", "source_last_edit_at": "2026-03-27T08:15:19.224000+00:00"}}, {"type": "Feature", "geometry": {"type": "Point", "coordinates": [-123.13470041158676, 49.33852614056973]}, "properties": {"id": "west-vancouver-2216", "species_group": "cherry", "scientific_name": "Prunus species", "common_name": "Japanese Cherry - Prunus serrulata", "subtype_name": "Japanese Cherry - Prunus serrulata", "zip_code": null, "ownership": "public", "ownership_raw": "District of West Vancouver", "city": "West Vancouver", "source_dataset": "FORM_DWV Tree Inventory", "source_department": "District of West Vancouver", "source_last_edit_at": "2026-03-27T08:15:19.224000+00:00"}}, {"type": "Feature", "geometry": {"type": "Point", "coordinates": [-123.13469877395798, 49.33860971125956]}, "properties": {"id": "west-vancouver-2217", "species_group": "cherry", "scientific_name": "Prunus species", "common_name": "Japanese Cherry - Prunus serrulata", "subtype_name": "Japanese Cherry - Prunus serrulata", "zip_code": null, "ownership": "public", "ownership_raw": "District of West Vancouver", "city": "West Vancouver", "source_dataset": "FORM_DWV Tree Inventory", "source_department": "District of West Vancouver", "source_last_edit_at": "2026-03-27T08:15:19.224000+00:00"}}, {"type": "Feature", "geometry": {"type": "Point", "coordinates": [-123.13471293679676, 49.33868908030923]}, "properties": {"id": "west-vancouver-2218", "species_group": "cherry", "scientific_name": "Prunus species", "common_name": "Japanese Cherry - Prunus serrulata", "subtype_name": "Japanese Cherry - Prunus serrulata", "zip_code": null, "ownership": "public", "ownership_raw": "District of West Vancouver", "city": "West Vancouver", "source_dataset": "FORM_DWV Tree Inventory", "source_department": "District of West Vancouver", "source_last_edit_at": "2026-03-27T08:15:19.224000+00:00"}}, {"type": "Feature", "geometry": {"type": "Point", "coordinates": [-123.13470031367041, 49.33878111165175]}, "properties": {"id": "west-vancouver-2219", "species_group": "cherry", "scientific_name": "Prunus species", "common_name": "Japanese Cherry - Prunus serrulata", "subtype_name": "Japanese Cherry - Prunus serrulata", "zip_code": null, "ownership": "public", "ownership_raw": "District of West Vancouver", "city": "West Vancouver", "source_dataset": "FORM_DWV Tree Inventory", "source_department": "District of West Vancouver", "source_last_edit_at": "2026-03-27T08:15:19.224000+00:00"}}, {"type": "Feature", "geometry": {"type": "Point", "coordinates": [-123.1347084416271, 49.33893710330142]}, "properties": {"id": "west-vancouver-2220", "species_group": "cherry", "scientific_name": "Prunus species", "common_name": "Japanese Cherry - Prunus serrulata", "subtype_name": "Japanese Cherry - Prunus serrulata", "zip_code": null, "ownership": "public", "ownership_raw": "District of West Vancouver", "city": "West Vancouver", "source_dataset": "FORM_DWV Tree Inventory", "source_department": "District of West Vancouver", "source_last_edit_at": "2026-03-27T08:15:19.224000+00:00"}}, {"type": "Feature", "geometry": {"type": "Point", "coordinates": [-123.13470291519144, 49.338866066794324]}, "properties": {"id": "west-vancouver-2221", "species_group": "cherry", "scientific_name": "Prunus species", "common_name": "Japanese Cherry - Prunus serrulata", "subtype_name": "Japanese Cherry - Prunus serrulata", "zip_code": null, "ownership": "public", "ownership_raw": "District of West Vancouver", "city": "West Vancouver", "source_dataset": "FORM_DWV Tree Inventory", "source_department": "District of West Vancouver", "source_last_edit_at": "2026-03-27T08:15:19.224000+00:00"}}, {"type": "Feature", "geometry": {"type": "Point", "coordinates": [-123.13469645001634, 49.3390189904811]}, "properties": {"id": "west-vancouver-2222", "species_group": "cherry", "scientific_name": "Prunus species", "common_name": "Japanese Cherry - Prunus serrulata", "subtype_name": "Japanese Cherry - Prunus serrulata", "zip_code": null, "ownership": "public", "ownership_raw": "District of West Vancouver", "city": "West Vancouver", "source_dataset": "FORM_DWV Tree Inventory", "source_department": "District of West Vancouver", "source_last_edit_at": "2026-03-27T08:15:19.224000+00:00"}}, {"type": "Feature", "geometry": {"type": "Point", "coordinates": [-123.13469670154463, 49.33911118978028]}, "properties": {"id": "west-vancouver-2223", "species_group": "cherry", "scientific_name": "Prunus species", "common_name": "Japanese Cherry - Prunus serrulata", "subtype_name": "Japanese Cherry - Prunus serrulata", "zip_code": null, "ownership": "public", "ownership_raw": "District of West Vancouver", "city": "West Vancouver", "source_dataset": "FORM_DWV Tree Inventory", "source_department": "District of West Vancouver", "source_last_edit_at": "2026-03-27T08:15:19.224000+00:00"}}, {"type": "Feature", "geometry": {"type": "Point", "coordinates": [-123.13469347479617, 49.339189900702365]}, "properties": {"id": "west-vancouver-2224", "species_group": "cherry", "scientific_name": "Prunus species", "common_name": "Japanese Cherry - Prunus serrulata", "subtype_name": "Japanese Cherry - Prunus serrulata", "zip_code": null, "ownership": "public", "ownership_raw": "District of West Vancouver", "city": "West Vancouver", "source_dataset": "FORM_DWV Tree Inventory", "source_department": "District of West Vancouver", "source_last_edit_at": "2026-03-27T08:15:19.224000+00:00"}}, {"type": "Feature", "geometry": {"type": "Point", "coordinates": [-123.13469562087134, 49.33926709843847]}, "properties": {"id": "west-vancouver-2225", "species_group": "cherry", "scientific_name": "Prunus species", "common_name": "Japanese Cherry - Prunus serrulata", "subtype_name": "Japanese Cherry - Prunus serrulata", "zip_code": null, "ownership": "public", "ownership_raw": "District of West Vancouver", "city": "West Vancouver", "source_dataset": "FORM_DWV Tree Inventory", "source_department": "District of West Vancouver", "source_last_edit_at": "2026-03-27T08:15:19.224000+00:00"}}, {"type": "Feature", "geometry": {"type": "Point", "coordinates": [-123.13470078708256, 49.33934730636522]}, "properties": {"id": "west-vancouver-2226", "species_group": "cherry", "scientific_name": "Prunus species", "common_name": "Japanese Cherry - Prunus serrulata", "subtype_name": "Japanese Cherry - Prunus serrulata", "zip_code": null, "ownership": "public", "ownership_raw": "District of West Vancouver", "city": "West Vancouver", "source_dataset": "FORM_DWV Tree Inventory", "source_department": "District of West Vancouver", "source_last_edit_at": "2026-03-27T08:15:19.224000+00:00"}}, {"type": "Feature", "geometry": {"type": "Point", "coordinates": [-123.13468038993571, 49.339439529632834]}, "properties": {"id": "west-vancouver-2227", "species_group": "cherry", "scientific_name": "Prunus species", "common_name": "Japanese Cherry - Prunus serrulata", "subtype_name": "Japanese Cherry - Prunus serrulata", "zip_code": null, "ownership": "public", "ownership_raw": "District of West Vancouver", "city": "West Vancouver", "source_dataset": "FORM_DWV Tree Inventory", "source_department": "District of West Vancouver", "source_last_edit_at": "2026-03-27T08:15:19.224000+00:00"}}, {"type": "Feature", "geometry": {"type": "Point", "coordinates": [-123.13468748123658, 49.339515979523526]}, "properties": {"id": "west-vancouver-2228", "species_group": "cherry", "scientific_name": "Prunus species", "common_name": "Japanese Cherry - Prunus serrulata", "subtype_name": "Japanese Cherry - Prunus serrulata", "zip_code": null, "ownership": "public", "ownership_raw": "District of West Vancouver", "city": "West Vancouver", "source_dataset": "FORM_DWV Tree Inventory", "source_department": "District of West Vancouver", "source_last_edit_at": "2026-03-27T08:15:19.224000+00:00"}}, {"type": "Feature", "geometry": {"type": "Point", "coordinates": [-123.13469805171249, 49.339605918560146]}, "properties": {"id": "west-vancouver-2229", "species_group": "cherry", "scientific_name": "Prunus species", "common_name": "Japanese Cherry - Prunus serrulata", "subtype_name": "Japanese Cherry - Prunus serrulata", "zip_code": null, "ownership": "public", "ownership_raw": "District of West Vancouver", "city": "West Vancouver", "source_dataset": "FORM_DWV Tree Inventory", "source_department": "District of West Vancouver", "source_last_edit_at": "2026-03-27T08:15:19.224000+00:00"}}, {"type": "Feature", "geometry": {"type": "Point", "coordinates": [-123.13468789895317, 49.33966889592297]}, "properties": {"id": "west-vancouver-2230", "species_group": "cherry", "scientific_name": "Prunus species", "common_name": "Japanese Cherry - Prunus serrulata", "subtype_name": "Japanese Cherry - Prunus serrulata", "zip_code": null, "ownership": "public", "ownership_raw": "District of West Vancouver", "city": "West Vancouver", "source_dataset": "FORM_DWV Tree Inventory", "source_department": "District of West Vancouver", "source_last_edit_at": "2026-03-27T08:15:19.224000+00:00"}}, {"type": "Feature", "geometry": {"type": "Point", "coordinates": [-123.13469502708496, 49.339758838192026]}, "properties": {"id": "west-vancouver-2231", "species_group": "cherry", "scientific_name": "Prunus species", "common_name": "Japanese Cherry - Prunus serrulata", "subtype_name": "Japanese Cherry - Prunus serrulata", "zip_code": null, "ownership": "public", "ownership_raw": "District of West Vancouver", "city": "West Vancouver", "source_dataset": "FORM_DWV Tree Inventory", "source_department": "District of West Vancouver", "source_last_edit_at": "2026-03-27T08:15:19.224000+00:00"}}, {"type": "Feature", "geometry": {"type": "Point", "coordinates": [-123.13470240405007, 49.339828314712896]}, "properties": {"id": "west-vancouver-2232", "species_group": "cherry", "scientific_name": "Prunus species", "common_name": "Japanese Cherry - Prunus serrulata", "subtype_name": "Japanese Cherry - Prunus serrulata", "zip_code": null, "ownership": "public", "ownership_raw": "District of West Vancouver", "city": "West Vancouver", "source_dataset": "FORM_DWV Tree Inventory", "source_department": "District of West Vancouver", "source_last_edit_at": "2026-03-27T08:15:19.224000+00:00"}}, {"type": "Feature", "geometry": {"type": "Point", "coordinates": [-123.13469334094715, 49.33989994977953]}, "properties": {"id": "west-vancouver-2233", "species_group": "cherry", "scientific_name": "Prunus species", "common_name": "Japanese Cherry - Prunus serrulata", "subtype_name": "Japanese Cherry - Prunus serrulata", "zip_code": null, "ownership": "public", "ownership_raw": "District of West Vancouver", "city": "West Vancouver", "source_dataset": "FORM_DWV Tree Inventory", "source_department": "District of West Vancouver", "source_last_edit_at": "2026-03-27T08:15:19.224000+00:00"}}, {"type": "Feature", "geometry": {"type": "Point", "coordinates": [-123.13468947459816, 49.34000581393359]}, "properties": {"id": "west-vancouver-2234", "species_group": "cherry", "scientific_name": "Prunus species", "common_name": "Japanese Cherry - Prunus serrulata", "subtype_name": "Japanese Cherry - Prunus serrulata", "zip_code": null, "ownership": "public", "ownership_raw": "District of West Vancouver", "city": "West Vancouver", "source_dataset": "FORM_DWV Tree Inventory", "source_department": "District of West Vancouver", "source_last_edit_at": "2026-03-27T08:15:19.224000+00:00"}}, {"type": "Feature", "geometry": {"type": "Point", "coordinates": [-123.13468898860958, 49.34007698868543]}, "properties": {"id": "west-vancouver-2235", "species_group": "cherry", "scientific_name": "Prunus species", "common_name": "Japanese Cherry - Prunus serrulata", "subtype_name": "Japanese Cherry - Prunus serrulata", "zip_code": null, "ownership": "public", "ownership_raw": "District of West Vancouver", "city": "West Vancouver", "source_dataset": "FORM_DWV Tree Inventory", "source_department": "District of West Vancouver", "source_last_edit_at": "2026-03-27T08:15:19.224000+00:00"}}, {"type": "Feature", "geometry": {"type": "Point", "coordinates": [-123.13467442871547, 49.34015772265883]}, "properties": {"id": "west-vancouver-2236", "species_group": "cherry", "scientific_name": "Prunus species", "common_name": "Japanese Cherry - Prunus serrulata", "subtype_name": "Japanese Cherry - Prunus serrulata", "zip_code": null, "ownership": "public", "ownership_raw": "District of West Vancouver", "city": "West Vancouver", "source_dataset": "FORM_DWV Tree Inventory", "source_department": "District of West Vancouver", "source_last_edit_at": "2026-03-27T08:15:19.224000+00:00"}}, {"type": "Feature", "geometry": {"type": "Point", "coordinates": [-123.13469083734249, 49.34025394618154]}, "properties": {"id": "west-vancouver-2237", "species_group": "cherry", "scientific_name": "Prunus species", "common_name": "Japanese Cherry - Prunus serrulata", "subtype_name": "Japanese Cherry - Prunus serrulata", "zip_code": null, "ownership": "public", "ownership_raw": "District of West Vancouver", "city": "West Vancouver", "source_dataset": "FORM_DWV Tree Inventory", "source_department": "District of West Vancouver", "source_last_edit_at": "2026-03-27T08:15:19.224000+00:00"}}, {"type": "Feature", "geometry": {"type": "Point", "coordinates": [-123.13468365980334, 49.34034653825151]}, "properties": {"id": "west-vancouver-2238", "species_group": "cherry", "scientific_name": "Prunus species", "common_name": "Japanese Cherry - Prunus serrulata", "subtype_name": "Japanese Cherry - Prunus serrulata", "zip_code": null, "ownership": "public", "ownership_raw": "District of West Vancouver", "city": "West Vancouver", "source_dataset": "FORM_DWV Tree Inventory", "source_department": "District of West Vancouver", "source_last_edit_at": "2026-03-27T08:15:19.224000+00:00"}}, {"type": "Feature", "geometry": {"type": "Point", "coordinates": [-123.13450632428139, 49.33992139866324]}, "properties": {"id": "west-vancouver-2239", "species_group": "cherry", "scientific_name": "Prunus species", "common_name": "Japanese Cherry - Prunus serrulata", "subtype_name": "Japanese Cherry - Prunus serrulata", "zip_code": null, "ownership": "public", "ownership_raw": "District of West Vancouver", "city": "West Vancouver", "source_dataset": "FORM_DWV Tree Inventory", "source_department": "District of West Vancouver", "source_last_edit_at": "2026-03-27T08:15:19.224000+00:00"}}, {"type": "Feature", "geometry": {"type": "Point", "coordinates": [-123.13487860320316, 49.33854096175631]}, "properties": {"id": "west-vancouver-2241", "species_group": "cherry", "scientific_name": "Prunus species", "common_name": "Japanese Cherry - Prunus serrulata", "subtype_name": "Japanese Cherry - Prunus serrulata", "zip_code": null, "ownership": "public", "ownership_raw": "District of West Vancouver", "city": "West Vancouver", "source_dataset": "FORM_DWV Tree Inventory", "source_department": "District of West Vancouver", "source_last_edit_at": "2026-03-27T08:15:19.224000+00:00"}}, {"type": "Feature", "geometry": {"type": "Point", "coordinates": [-123.13491208970198, 49.33862169122558]}, "properties": {"id": "west-vancouver-2242", "species_group": "cherry", "scientific_name": "Prunus species", "common_name": "Japanese Cherry - Prunus serrulata", "subtype_name": "Japanese Cherry - Prunus serrulata", "zip_code": null, "ownership": "public", "ownership_raw": "District of West Vancouver", "city": "West Vancouver", "source_dataset": "FORM_DWV Tree Inventory", "source_department": "District of West Vancouver", "source_last_edit_at": "2026-03-27T08:15:19.224000+00:00"}}, {"type": "Feature", "geometry": {"type": "Point", "coordinates": [-123.13490471812678, 49.33870314929799]}, "properties": {"id": "west-vancouver-2243", "species_group": "cherry", "scientific_name": "Prunus species", "common_name": "Japanese Cherry - Prunus serrulata", "subtype_name": "Japanese Cherry - Prunus serrulata", "zip_code": null, "ownership": "public", "ownership_raw": "District of West Vancouver", "city": "West Vancouver", "source_dataset": "FORM_DWV Tree Inventory", "source_department": "District of West Vancouver", "source_last_edit_at": "2026-03-27T08:15:19.224000+00:00"}}, {"type": "Feature", "geometry": {"type": "Point", "coordinates": [-123.13491975053473, 49.33878071538412]}, "properties": {"id": "west-vancouver-2244", "species_group": "cherry", "scientific_name": "Prunus species", "common_name": "Japanese Cherry - Prunus serrulata", "subtype_name": "Japanese Cherry - Prunus serrulata", "zip_code": null, "ownership": "public", "ownership_raw": "District of West Vancouver", "city": "West Vancouver", "source_dataset": "FORM_DWV Tree Inventory", "source_department": "District of West Vancouver", "source_last_edit_at": "2026-03-27T08:15:19.224000+00:00"}}, {"type": "Feature", "geometry": {"type": "Point", "coordinates": [-123.13491113569114, 49.33887887376601]}, "properties": {"id": "west-vancouver-2245", "species_group": "cherry", "scientific_name": "Prunus species", "common_name": "Japanese Cherry - Prunus serrulata", "subtype_name": "Japanese Cherry - Prunus serrulata", "zip_code": null, "ownership": "public", "ownership_raw": "District of West Vancouver", "city": "West Vancouver", "source_dataset": "FORM_DWV Tree Inventory", "source_department": "District of West Vancouver", "source_last_edit_at": "2026-03-27T08:15:19.224000+00:00"}}, {"type": "Feature", "geometry": {"type": "Point", "coordinates": [-123.13491267001368, 49.338956487571984]}, "properties": {"id": "west-vancouver-2246", "species_group": "cherry", "scientific_name": "Prunus species", "common_name": "Japanese Cherry - Prunus serrulata", "subtype_name": "Japanese Cherry - Prunus serrulata", "zip_code": null, "ownership": "public", "ownership_raw": "District of West Vancouver", "city": "West Vancouver", "source_dataset": "FORM_DWV Tree Inventory", "source_department": "District of West Vancouver", "source_last_edit_at": "2026-03-27T08:15:19.224000+00:00"}}, {"type": "Feature", "geometry": {"type": "Point", "coordinates": [-123.13491158754377, 49.339032836951695]}, "properties": {"id": "west-vancouver-2247", "species_group": "cherry", "scientific_name": "Prunus species", "common_name": "Japanese Cherry - Prunus serrulata", "subtype_name": "Japanese Cherry - Prunus serrulata", "zip_code": null, "ownership": "public", "ownership_raw": "District of West Vancouver", "city": "West Vancouver", "source_dataset": "FORM_DWV Tree Inventory", "source_department": "District of West Vancouver", "source_last_edit_at": "2026-03-27T08:15:19.224000+00:00"}}, {"type": "Feature", "geometry": {"type": "Point", "coordinates": [-123.13492077730913, 49.33913131500334]}, "properties": {"id": "west-vancouver-2248", "species_group": "cherry", "scientific_name": "Prunus species", "common_name": "Japanese Cherry - Prunus serrulata", "subtype_name": "Japanese Cherry - Prunus serrulata", "zip_code": null, "ownership": "public", "ownership_raw": "District of West Vancouver", "city": "West Vancouver", "source_dataset": "FORM_DWV Tree Inventory", "source_department": "District of West Vancouver", "source_last_edit_at": "2026-03-27T08:15:19.224000+00:00"}}, {"type": "Feature", "geometry": {"type": "Point", "coordinates": [-123.1349218633723, 49.33920159488913]}, "properties": {"id": "west-vancouver-2249", "species_group": "cherry", "scientific_name": "Prunus species", "common_name": "Japanese Cherry - Prunus serrulata", "subtype_name": "Japanese Cherry - Prunus serrulata", "zip_code": null, "ownership": "public", "ownership_raw": "District of West Vancouver", "city": "West Vancouver", "source_dataset": "FORM_DWV Tree Inventory", "source_department": "District of West Vancouver", "source_last_edit_at": "2026-03-27T08:15:19.224000+00:00"}}, {"type": "Feature", "geometry": {"type": "Point", "coordinates": [-123.1349157386587, 49.339274601694434]}, "properties": {"id": "west-vancouver-2250", "species_group": "cherry", "scientific_name": "Prunus species", "common_name": "Japanese Cherry - Prunus serrulata", "subtype_name": "Japanese Cherry - Prunus serrulata", "zip_code": null, "ownership": "public", "ownership_raw": "District of West Vancouver", "city": "West Vancouver", "source_dataset": "FORM_DWV Tree Inventory", "source_department": "District of West Vancouver", "source_last_edit_at": "2026-03-27T08:15:19.224000+00:00"}}, {"type": "Feature", "geometry": {"type": "Point", "coordinates": [-123.13491018617188, 49.339354418613844]}, "properties": {"id": "west-vancouver-2251", "species_group": "cherry", "scientific_name": "Prunus species", "common_name": "Japanese Cherry - Prunus serrulata", "subtype_name": "Japanese Cherry - Prunus serrulata", "zip_code": null, "ownership": "public", "ownership_raw": "District of West Vancouver", "city": "West Vancouver", "source_dataset": "FORM_DWV Tree Inventory", "source_department": "District of West Vancouver", "source_last_edit_at": "2026-03-27T08:15:19.224000+00:00"}}, {"type": "Feature", "geometry": {"type": "Point", "coordinates": [-123.13489093886862, 49.339454687103846]}, "properties": {"id": "west-vancouver-2252", "species_group": "cherry", "scientific_name": "Prunus species", "common_name": "Japanese Cherry - Prunus serrulata", "subtype_name": "Japanese Cherry - Prunus serrulata", "zip_code": null, "ownership": "public", "ownership_raw": "District of West Vancouver", "city": "West Vancouver", "source_dataset": "FORM_DWV Tree Inventory", "source_department": "District of West Vancouver", "source_last_edit_at": "2026-03-27T08:15:19.224000+00:00"}}, {"type": "Feature", "geometry": {"type": "Point", "coordinates": [-123.13488823404133, 49.33952844918176]}, "properties": {"id": "west-vancouver-2253", "species_group": "cherry", "scientific_name": "Prunus species", "common_name": "Japanese Cherry - Prunus serrulata", "subtype_name": "Japanese Cherry - Prunus serrulata", "zip_code": null, "ownership": "public", "ownership_raw": "District of West Vancouver", "city": "West Vancouver", "source_dataset": "FORM_DWV Tree Inventory", "source_department": "District of West Vancouver", "source_last_edit_at": "2026-03-27T08:15:19.224000+00:00"}}, {"type": "Feature", "geometry": {"type": "Point", "coordinates": [-123.13490250647452, 49.33959295959474]}, "properties": {"id": "west-vancouver-2254", "species_group": "cherry", "scientific_name": "Prunus species", "common_name": "Japanese Cherry - Prunus serrulata", "subtype_name": "Japanese Cherry - Prunus serrulata", "zip_code": null, "ownership": "public", "ownership_raw": "District of West Vancouver", "city": "West Vancouver", "source_dataset": "FORM_DWV Tree Inventory", "source_department": "District of West Vancouver", "source_last_edit_at": "2026-03-27T08:15:19.224000+00:00"}}, {"type": "Feature", "geometry": {"type": "Point", "coordinates": [-123.13490014390536, 49.339678316620095]}, "properties": {"id": "west-vancouver-2255", "species_group": "cherry", "scientific_name": "Prunus species", "common_name": "Japanese Cherry - Prunus serrulata", "subtype_name": "Japanese Cherry - Prunus serrulata", "zip_code": null, "ownership": "public", "ownership_raw": "District of West Vancouver", "city": "West Vancouver", "source_dataset": "FORM_DWV Tree Inventory", "source_department": "District of West Vancouver", "source_last_edit_at": "2026-03-27T08:15:19.224000+00:00"}}, {"type": "Feature", "geometry": {"type": "Point", "coordinates": [-123.13489993819114, 49.3397718047229]}, "properties": {"id": "west-vancouver-2256", "species_group": "cherry", "scientific_name": "Prunus species", "common_name": "Japanese Cherry - Prunus serrulata", "subtype_name": "Japanese Cherry - Prunus serrulata", "zip_code": null, "ownership": "public", "ownership_raw": "District of West Vancouver", "city": "West Vancouver", "source_dataset": "FORM_DWV Tree Inventory", "source_department": "District of West Vancouver", "source_last_edit_at": "2026-03-27T08:15:19.224000+00:00"}}, {"type": "Feature", "geometry": {"type": "Point", "coordinates": [-123.13469712015957, 49.34074089178716]}, "properties": {"id": "west-vancouver-2257", "species_group": "cherry", "scientific_name": "Prunus species", "common_name": "Japanese Cherry - Prunus serrulata", "subtype_name": "Japanese Cherry - Prunus serrulata", "zip_code": null, "ownership": "public", "ownership_raw": "District of West Vancouver", "city": "West Vancouver", "source_dataset": "FORM_DWV Tree Inventory", "source_department": "District of West Vancouver", "source_last_edit_at": "2026-03-27T08:15:19.224000+00:00"}}, {"type": "Feature", "geometry": {"type": "Point", "coordinates": [-123.1346820113948, 49.34064891444583]}, "properties": {"id": "west-vancouver-2258", "species_group": "cherry", "scientific_name": "Prunus species", "common_name": "Japanese Cherry - Prunus serrulata", "subtype_name": "Japanese Cherry - Prunus serrulata", "zip_code": null, "ownership": "public", "ownership_raw": "District of West Vancouver", "city": "West Vancouver", "source_dataset": "FORM_DWV Tree Inventory", "source_department": "District of West Vancouver", "source_last_edit_at": "2026-03-27T08:15:19.224000+00:00"}}, {"type": "Feature", "geometry": {"type": "Point", "coordinates": [-123.1346921156451, 49.340587500522545]}, "properties": {"id": "west-vancouver-2259", "species_group": "cherry", "scientific_name": "Prunus species", "common_name": "Japanese Cherry - Prunus serrulata", "subtype_name": "Japanese Cherry - Prunus serrulata", "zip_code": null, "ownership": "public", "ownership_raw": "District of West Vancouver", "city": "West Vancouver", "source_dataset": "FORM_DWV Tree Inventory", "source_department": "District of West Vancouver", "source_last_edit_at": "2026-03-27T08:15:19.224000+00:00"}}, {"type": "Feature", "geometry": {"type": "Point", "coordinates": [-123.13468458327144, 49.340502397342036]}, "properties": {"id": "west-vancouver-2260", "species_group": "cherry", "scientific_name": "Prunus species", "common_name": "Japanese Cherry - Prunus serrulata", "subtype_name": "Japanese Cherry - Prunus serrulata", "zip_code": null, "ownership": "public", "ownership_raw": "District of West Vancouver", "city": "West Vancouver", "source_dataset": "FORM_DWV Tree Inventory", "source_department": "District of West Vancouver", "source_last_edit_at": "2026-03-27T08:15:19.224000+00:00"}}, {"type": "Feature", "geometry": {"type": "Point", "coordinates": [-123.13469370835813, 49.34043448864554]}, "properties": {"id": "west-vancouver-2261", "species_group": "cherry", "scientific_name": "Prunus species", "common_name": "Japanese Cherry - Prunus serrulata", "subtype_name": "Japanese Cherry - Prunus serrulata", "zip_code": null, "ownership": "public", "ownership_raw": "District of West Vancouver", "city": "West Vancouver", "source_dataset": "FORM_DWV Tree Inventory", "source_department": "District of West Vancouver", "source_last_edit_at": "2026-03-27T08:15:19.224000+00:00"}}, {"type": "Feature", "geometry": {"type": "Point", "coordinates": [-123.13450923302634, 49.33983801867261]}, "properties": {"id": "west-vancouver-2262", "species_group": "cherry", "scientific_name": "Prunus species", "common_name": "Japanese Cherry - Prunus serrulata", "subtype_name": "Japanese Cherry - Prunus serrulata", "zip_code": null, "ownership": "public", "ownership_raw": "District of West Vancouver", "city": "West Vancouver", "source_dataset": "FORM_DWV Tree Inventory", "source_department": "District of West Vancouver", "source_last_edit_at": "2026-03-27T08:15:19.224000+00:00"}}, {"type": "Feature", "geometry": {"type": "Point", "coordinates": [-123.14634612601432, 49.32443153993881]}, "properties": {"id": "west-vancouver-2280", "species_group": "cherry", "scientific_name": "Prunus species", "common_name": "Bitter Cherry - Prunus emarginata", "subtype_name": "Bitter Cherry - Prunus emarginata", "zip_code": null, "ownership": "public", "ownership_raw": "District of West Vancouver", "city": "West Vancouver", "source_dataset": "FORM_DWV Tree Inventory", "source_department": "District of West Vancouver", "source_last_edit_at": "2026-03-27T08:15:19.224000+00:00"}}, {"type": "Feature", "geometry": {"type": "Point", "coordinates": [-123.14707095595583, 49.325167337524405]}, "properties": {"id": "west-vancouver-2296", "species_group": "cherry", "scientific_name": "Prunus species", "common_name": "Japanese Cherry - Prunus serrulata", "subtype_name": "Japanese Cherry - Prunus serrulata", "zip_code": null, "ownership": "public", "ownership_raw": "District of West Vancouver", "city": "West Vancouver", "source_dataset": "FORM_DWV Tree Inventory", "source_department": "District of West Vancouver", "source_last_edit_at": "2026-03-27T08:15:19.224000+00:00"}}, {"type": "Feature", "geometry": {"type": "Point", "coordinates": [-123.14242757143873, 49.32238530546204]}, "properties": {"id": "west-vancouver-2351", "species_group": "crabapple", "scientific_name": "Malus species", "common_name": "Pacific Crabapple - Malus fusca", "subtype_name": "Pacific Crabapple - Malus fusca", "zip_code": null, "ownership": "public", "ownership_raw": "District of West Vancouver", "city": "West Vancouver", "source_dataset": "FORM_DWV Tree Inventory", "source_department": "District of West Vancouver", "source_last_edit_at": "2026-03-27T08:15:19.224000+00:00"}}, {"type": "Feature", "geometry": {"type": "Point", "coordinates": [-123.14241947582138, 49.322347934389]}, "properties": {"id": "west-vancouver-2352", "species_group": "crabapple", "scientific_name": "Malus species", "common_name": "Pacific Crabapple - Malus fusca", "subtype_name": "Pacific Crabapple - Malus fusca", "zip_code": null, "ownership": "public", "ownership_raw": "District of West Vancouver", "city": "West Vancouver", "source_dataset": "FORM_DWV Tree Inventory", "source_department": "District of West Vancouver", "source_last_edit_at": "2026-03-27T08:15:19.224000+00:00"}}, {"type": "Feature", "geometry": {"type": "Point", "coordinates": [-123.1430285892796, 49.32212401182924]}, "properties": {"id": "west-vancouver-2358", "species_group": "crabapple", "scientific_name": "Malus species", "common_name": "Pacific Crabapple - Malus fusca", "subtype_name": "Pacific Crabapple - Malus fusca", "zip_code": null, "ownership": "public", "ownership_raw": "District of West Vancouver", "city": "West Vancouver", "source_dataset": "FORM_DWV Tree Inventory", "source_department": "District of West Vancouver", "source_last_edit_at": "2026-03-27T08:15:19.224000+00:00"}}, {"type": "Feature", "geometry": {"type": "Point", "coordinates": [-123.14225145493066, 49.32203862963082]}, "properties": {"id": "west-vancouver-2362", "species_group": "crabapple", "scientific_name": "Malus species", "common_name": "Pacific Crabapple - Malus fusca", "subtype_name": "Pacific Crabapple - Malus fusca", "zip_code": null, "ownership": "public", "ownership_raw": "District of West Vancouver", "city": "West Vancouver", "source_dataset": "FORM_DWV Tree Inventory", "source_department": "District of West Vancouver", "source_last_edit_at": "2026-03-27T08:15:19.224000+00:00"}}, {"type": "Feature", "geometry": {"type": "Point", "coordinates": [-123.14259534169953, 49.321946852722036]}, "properties": {"id": "west-vancouver-2364", "species_group": "crabapple", "scientific_name": "Malus species", "common_name": "Pacific Crabapple - Malus fusca", "subtype_name": "Pacific Crabapple - Malus fusca", "zip_code": null, "ownership": "public", "ownership_raw": "District of West Vancouver", "city": "West Vancouver", "source_dataset": "FORM_DWV Tree Inventory", "source_department": "District of West Vancouver", "source_last_edit_at": "2026-03-27T08:15:19.224000+00:00"}}, {"type": "Feature", "geometry": {"type": "Point", "coordinates": [-123.14796953264971, 49.32329207679958]}, "properties": {"id": "west-vancouver-2371", "species_group": "crabapple", "scientific_name": "Malus species", "common_name": "Pacific Crabapple - Malus fusca", "subtype_name": "Pacific Crabapple - Malus fusca", "zip_code": null, "ownership": "public", "ownership_raw": "District of West Vancouver", "city": "West Vancouver", "source_dataset": "FORM_DWV Tree Inventory", "source_department": "District of West Vancouver", "source_last_edit_at": "2026-03-27T08:15:19.224000+00:00"}}, {"type": "Feature", "geometry": {"type": "Point", "coordinates": [-123.14919337852818, 49.32421064160445]}, "properties": {"id": "west-vancouver-240", "species_group": "cherry", "scientific_name": "Prunus species", "common_name": "Cherry Plum - Prunus cerasifera", "subtype_name": "Cherry Plum - Prunus cerasifera", "zip_code": null, "ownership": "public", "ownership_raw": "District of West Vancouver", "city": "West Vancouver", "source_dataset": "FORM_DWV Tree Inventory", "source_department": "District of West Vancouver", "source_last_edit_at": "2026-03-27T08:15:19.224000+00:00"}}, {"type": "Feature", "geometry": {"type": "Point", "coordinates": [-123.24090606268838, 49.35820340787865]}, "properties": {"id": "west-vancouver-2403", "species_group": "cherry", "scientific_name": "Prunus species", "common_name": "Bitter Cherry - Prunus emarginata", "subtype_name": "Bitter Cherry - Prunus emarginata", "zip_code": null, "ownership": "public", "ownership_raw": "District of West Vancouver", "city": "West Vancouver", "source_dataset": "FORM_DWV Tree Inventory", "source_department": "District of West Vancouver", "source_last_edit_at": "2026-03-27T08:15:19.224000+00:00"}}, {"type": "Feature", "geometry": {"type": "Point", "coordinates": [-123.14920151367139, 49.32422360637645]}, "properties": {"id": "west-vancouver-242", "species_group": "cherry", "scientific_name": "Prunus species", "common_name": "Cherry Plum - Prunus cerasifera", "subtype_name": "Cherry Plum - Prunus cerasifera", "zip_code": null, "ownership": "public", "ownership_raw": "District of West Vancouver", "city": "West Vancouver", "source_dataset": "FORM_DWV Tree Inventory", "source_department": "District of West Vancouver", "source_last_edit_at": "2026-03-27T08:15:19.224000+00:00"}}, {"type": "Feature", "geometry": {"type": "Point", "coordinates": [-123.23586537488069, 49.35627766870449]}, "properties": {"id": "west-vancouver-2428", "species_group": "cherry", "scientific_name": "Prunus species", "common_name": "Bitter Cherry - Prunus emarginata", "subtype_name": "Bitter Cherry - Prunus emarginata", "zip_code": null, "ownership": "public", "ownership_raw": "District of West Vancouver", "city": "West Vancouver", "source_dataset": "FORM_DWV Tree Inventory", "source_department": "District of West Vancouver", "source_last_edit_at": "2026-03-27T08:15:19.224000+00:00"}}, {"type": "Feature", "geometry": {"type": "Point", "coordinates": [-123.18192115399712, 49.334827846053685]}, "properties": {"id": "west-vancouver-2466", "species_group": "magnolia", "scientific_name": "Magnolia species", "common_name": "Star Magnolia - Magnolia stellata", "subtype_name": "Star Magnolia", "zip_code": null, "ownership": "public", "ownership_raw": "District of West Vancouver", "city": "West Vancouver", "source_dataset": "FORM_DWV Tree Inventory", "source_department": "District of West Vancouver", "source_last_edit_at": "2026-03-27T08:15:19.224000+00:00"}}, {"type": "Feature", "geometry": {"type": "Point", "coordinates": [-123.18170075863033, 49.33478318302492]}, "properties": {"id": "west-vancouver-2467", "species_group": "magnolia", "scientific_name": "Magnolia species", "common_name": "Star Magnolia - Magnolia stellata", "subtype_name": "Star Magnolia", "zip_code": null, "ownership": "public", "ownership_raw": "District of West Vancouver", "city": "West Vancouver", "source_dataset": "FORM_DWV Tree Inventory", "source_department": "District of West Vancouver", "source_last_edit_at": "2026-03-27T08:15:19.224000+00:00"}}, {"type": "Feature", "geometry": {"type": "Point", "coordinates": [-123.18151295324378, 49.33473066185497]}, "properties": {"id": "west-vancouver-2468", "species_group": "magnolia", "scientific_name": "Magnolia species", "common_name": "Star Magnolia - Magnolia stellata", "subtype_name": "Star Magnolia", "zip_code": null, "ownership": "public", "ownership_raw": "District of West Vancouver", "city": "West Vancouver", "source_dataset": "FORM_DWV Tree Inventory", "source_department": "District of West Vancouver", "source_last_edit_at": "2026-03-27T08:15:19.224000+00:00"}}, {"type": "Feature", "geometry": {"type": "Point", "coordinates": [-123.18138387252398, 49.33470047629371]}, "properties": {"id": "west-vancouver-2469", "species_group": "magnolia", "scientific_name": "Magnolia species", "common_name": "Star Magnolia - Magnolia stellata", "subtype_name": "Star Magnolia", "zip_code": null, "ownership": "public", "ownership_raw": "District of West Vancouver", "city": "West Vancouver", "source_dataset": "FORM_DWV Tree Inventory", "source_department": "District of West Vancouver", "source_last_edit_at": "2026-03-27T08:15:19.224000+00:00"}}, {"type": "Feature", "geometry": {"type": "Point", "coordinates": [-123.15204332329292, 49.32690288479566]}, "properties": {"id": "west-vancouver-247", "species_group": "magnolia", "scientific_name": "Magnolia species", "common_name": "Magnolia - Magnolia spp.", "subtype_name": "Magnolia - Magnolia spp.", "zip_code": null, "ownership": "public", "ownership_raw": "District of West Vancouver", "city": "West Vancouver", "source_dataset": "FORM_DWV Tree Inventory", "source_department": "District of West Vancouver", "source_last_edit_at": "2026-03-27T08:15:19.224000+00:00"}}, {"type": "Feature", "geometry": {"type": "Point", "coordinates": [-123.18105666477501, 49.33461778464341]}, "properties": {"id": "west-vancouver-2470", "species_group": "magnolia", "scientific_name": "Magnolia species", "common_name": "Star Magnolia - Magnolia stellata", "subtype_name": "Star Magnolia", "zip_code": null, "ownership": "public", "ownership_raw": "District of West Vancouver", "city": "West Vancouver", "source_dataset": "FORM_DWV Tree Inventory", "source_department": "District of West Vancouver", "source_last_edit_at": "2026-03-27T08:15:19.224000+00:00"}}, {"type": "Feature", "geometry": {"type": "Point", "coordinates": [-123.18073298111689, 49.33455757434324]}, "properties": {"id": "west-vancouver-2471", "species_group": "magnolia", "scientific_name": "Magnolia species", "common_name": "Star Magnolia - Magnolia stellata", "subtype_name": "Star Magnolia", "zip_code": null, "ownership": "public", "ownership_raw": "District of West Vancouver", "city": "West Vancouver", "source_dataset": "FORM_DWV Tree Inventory", "source_department": "District of West Vancouver", "source_last_edit_at": "2026-03-27T08:15:19.224000+00:00"}}, {"type": "Feature", "geometry": {"type": "Point", "coordinates": [-123.18066062002413, 49.33453070192343]}, "properties": {"id": "west-vancouver-2472", "species_group": "magnolia", "scientific_name": "Magnolia species", "common_name": "Star Magnolia - Magnolia stellata", "subtype_name": "Star Magnolia", "zip_code": null, "ownership": "public", "ownership_raw": "District of West Vancouver", "city": "West Vancouver", "source_dataset": "FORM_DWV Tree Inventory", "source_department": "District of West Vancouver", "source_last_edit_at": "2026-03-27T08:15:19.224000+00:00"}}, {"type": "Feature", "geometry": {"type": "Point", "coordinates": [-123.1802490937076, 49.334421221803105]}, "properties": {"id": "west-vancouver-2473", "species_group": "magnolia", "scientific_name": "Magnolia species", "common_name": "Star Magnolia - Magnolia stellata", "subtype_name": "Star Magnolia", "zip_code": null, "ownership": "public", "ownership_raw": "District of West Vancouver", "city": "West Vancouver", "source_dataset": "FORM_DWV Tree Inventory", "source_department": "District of West Vancouver", "source_last_edit_at": "2026-03-27T08:15:19.224000+00:00"}}, {"type": "Feature", "geometry": {"type": "Point", "coordinates": [-123.18007857011051, 49.33439218632591]}, "properties": {"id": "west-vancouver-2474", "species_group": "magnolia", "scientific_name": "Magnolia species", "common_name": "Star Magnolia - Magnolia stellata", "subtype_name": "Star Magnolia", "zip_code": null, "ownership": "public", "ownership_raw": "District of West Vancouver", "city": "West Vancouver", "source_dataset": "FORM_DWV Tree Inventory", "source_department": "District of West Vancouver", "source_last_edit_at": "2026-03-27T08:15:19.224000+00:00"}}, {"type": "Feature", "geometry": {"type": "Point", "coordinates": [-123.179899437958, 49.334338494560754]}, "properties": {"id": "west-vancouver-2475", "species_group": "magnolia", "scientific_name": "Magnolia species", "common_name": "Star Magnolia - Magnolia stellata", "subtype_name": "Star Magnolia", "zip_code": null, "ownership": "public", "ownership_raw": "District of West Vancouver", "city": "West Vancouver", "source_dataset": "FORM_DWV Tree Inventory", "source_department": "District of West Vancouver", "source_last_edit_at": "2026-03-27T08:15:19.224000+00:00"}}, {"type": "Feature", "geometry": {"type": "Point", "coordinates": [-123.17972809330072, 49.33429742709085]}, "properties": {"id": "west-vancouver-2476", "species_group": "magnolia", "scientific_name": "Magnolia species", "common_name": "Star Magnolia - Magnolia stellata", "subtype_name": "Star Magnolia", "zip_code": null, "ownership": "public", "ownership_raw": "District of West Vancouver", "city": "West Vancouver", "source_dataset": "FORM_DWV Tree Inventory", "source_department": "District of West Vancouver", "source_last_edit_at": "2026-03-27T08:15:19.224000+00:00"}}, {"type": "Feature", "geometry": {"type": "Point", "coordinates": [-123.1795274842264, 49.33425137095526]}, "properties": {"id": "west-vancouver-2477", "species_group": "magnolia", "scientific_name": "Magnolia species", "common_name": "Star Magnolia - Magnolia stellata", "subtype_name": "Star Magnolia", "zip_code": null, "ownership": "public", "ownership_raw": "District of West Vancouver", "city": "West Vancouver", "source_dataset": "FORM_DWV Tree Inventory", "source_department": "District of West Vancouver", "source_last_edit_at": "2026-03-27T08:15:19.224000+00:00"}}, {"type": "Feature", "geometry": {"type": "Point", "coordinates": [-123.1520267385961, 49.326931789446924]}, "properties": {"id": "west-vancouver-248", "species_group": "magnolia", "scientific_name": "Magnolia species", "common_name": "Magnolia - Magnolia spp.", "subtype_name": "Magnolia - Magnolia spp.", "zip_code": null, "ownership": "public", "ownership_raw": "District of West Vancouver", "city": "West Vancouver", "source_dataset": "FORM_DWV Tree Inventory", "source_department": "District of West Vancouver", "source_last_edit_at": "2026-03-27T08:15:19.224000+00:00"}}, {"type": "Feature", "geometry": {"type": "Point", "coordinates": [-123.1519670284775, 49.326905463205996]}, "properties": {"id": "west-vancouver-249", "species_group": "magnolia", "scientific_name": "Magnolia species", "common_name": "Magnolia - Magnolia spp.", "subtype_name": "Magnolia - Magnolia spp.", "zip_code": null, "ownership": "public", "ownership_raw": "District of West Vancouver", "city": "West Vancouver", "source_dataset": "FORM_DWV Tree Inventory", "source_department": "District of West Vancouver", "source_last_edit_at": "2026-03-27T08:15:19.224000+00:00"}}, {"type": "Feature", "geometry": {"type": "Point", "coordinates": [-123.15096936581115, 49.32728276444557]}, "properties": {"id": "west-vancouver-274", "species_group": "cherry", "scientific_name": "Prunus species", "common_name": "Cherry spp. - Prunus spp.", "subtype_name": "Cherry spp. - Prunus spp.", "zip_code": null, "ownership": "public", "ownership_raw": "District of West Vancouver", "city": "West Vancouver", "source_dataset": "FORM_DWV Tree Inventory", "source_department": "District of West Vancouver", "source_last_edit_at": "2026-03-27T08:15:19.224000+00:00"}}, {"type": "Feature", "geometry": {"type": "Point", "coordinates": [-123.14736991887565, 49.326718573773654]}, "properties": {"id": "west-vancouver-309", "species_group": "cherry", "scientific_name": "Prunus species", "common_name": "Japanese Cherry - Prunus serrulata", "subtype_name": "Japanese Cherry - Prunus serrulata", "zip_code": null, "ownership": "public", "ownership_raw": "District of West Vancouver", "city": "West Vancouver", "source_dataset": "FORM_DWV Tree Inventory", "source_department": "District of West Vancouver", "source_last_edit_at": "2026-03-27T08:15:19.224000+00:00"}}, {"type": "Feature", "geometry": {"type": "Point", "coordinates": [-123.14734512178052, 49.326747530054654]}, "properties": {"id": "west-vancouver-310", "species_group": "cherry", "scientific_name": "Prunus species", "common_name": "Japanese Cherry - Prunus serrulata", "subtype_name": "Japanese Cherry - Prunus serrulata", "zip_code": null, "ownership": "public", "ownership_raw": "District of West Vancouver", "city": "West Vancouver", "source_dataset": "FORM_DWV Tree Inventory", "source_department": "District of West Vancouver", "source_last_edit_at": "2026-03-27T08:15:19.224000+00:00"}}, {"type": "Feature", "geometry": {"type": "Point", "coordinates": [-123.14724816751023, 49.32667386298942]}, "properties": {"id": "west-vancouver-311", "species_group": "cherry", "scientific_name": "Prunus species", "common_name": "Japanese Cherry - Prunus serrulata", "subtype_name": "Japanese Cherry - Prunus serrulata", "zip_code": null, "ownership": "public", "ownership_raw": "District of West Vancouver", "city": "West Vancouver", "source_dataset": "FORM_DWV Tree Inventory", "source_department": "District of West Vancouver", "source_last_edit_at": "2026-03-27T08:15:19.224000+00:00"}}, {"type": "Feature", "geometry": {"type": "Point", "coordinates": [-123.14713794063164, 49.32669624385467]}, "properties": {"id": "west-vancouver-312", "species_group": "cherry", "scientific_name": "Prunus species", "common_name": "Japanese Cherry - Prunus serrulata", "subtype_name": "Japanese Cherry - Prunus serrulata", "zip_code": null, "ownership": "public", "ownership_raw": "District of West Vancouver", "city": "West Vancouver", "source_dataset": "FORM_DWV Tree Inventory", "source_department": "District of West Vancouver", "source_last_edit_at": "2026-03-27T08:15:19.224000+00:00"}}, {"type": "Feature", "geometry": {"type": "Point", "coordinates": [-123.14711452963702, 49.32661827231171]}, "properties": {"id": "west-vancouver-313", "species_group": "cherry", "scientific_name": "Prunus species", "common_name": "Japanese Cherry - Prunus serrulata", "subtype_name": "Japanese Cherry - Prunus serrulata", "zip_code": null, "ownership": "public", "ownership_raw": "District of West Vancouver", "city": "West Vancouver", "source_dataset": "FORM_DWV Tree Inventory", "source_department": "District of West Vancouver", "source_last_edit_at": "2026-03-27T08:15:19.224000+00:00"}}, {"type": "Feature", "geometry": {"type": "Point", "coordinates": [-123.14902855653814, 49.32603721160683]}, "properties": {"id": "west-vancouver-338", "species_group": "cherry", "scientific_name": "Prunus species", "common_name": "Japanese Cherry - Prunus serrulata", "subtype_name": "Japanese Cherry - Prunus serrulata", "zip_code": null, "ownership": "public", "ownership_raw": "District of West Vancouver", "city": "West Vancouver", "source_dataset": "FORM_DWV Tree Inventory", "source_department": "District of West Vancouver", "source_last_edit_at": "2026-03-27T08:15:19.224000+00:00"}}, {"type": "Feature", "geometry": {"type": "Point", "coordinates": [-123.14811091310237, 49.32291933602191]}, "properties": {"id": "west-vancouver-392", "species_group": "crabapple", "scientific_name": "Malus species", "common_name": "Pacific Crabapple - Malus fusca", "subtype_name": "Pacific Crabapple - Malus fusca", "zip_code": null, "ownership": "public", "ownership_raw": "District of West Vancouver", "city": "West Vancouver", "source_dataset": "FORM_DWV Tree Inventory", "source_department": "District of West Vancouver", "source_last_edit_at": "2026-03-27T08:15:19.224000+00:00"}}, {"type": "Feature", "geometry": {"type": "Point", "coordinates": [-123.1471790708952, 49.32261859517151]}, "properties": {"id": "west-vancouver-395", "species_group": "crabapple", "scientific_name": "Malus species", "common_name": "Crabapple flowering - Malus xx", "subtype_name": "Crabapple flowering - Malus xx", "zip_code": null, "ownership": "public", "ownership_raw": "District of West Vancouver", "city": "West Vancouver", "source_dataset": "FORM_DWV Tree Inventory", "source_department": "District of West Vancouver", "source_last_edit_at": "2026-03-27T08:15:19.224000+00:00"}}, {"type": "Feature", "geometry": {"type": "Point", "coordinates": [-123.14726858980993, 49.32261970004974]}, "properties": {"id": "west-vancouver-398", "species_group": "crabapple", "scientific_name": "Malus species", "common_name": "Crabapple flowering - Malus xx", "subtype_name": "Crabapple flowering - Malus xx", "zip_code": null, "ownership": "public", "ownership_raw": "District of West Vancouver", "city": "West Vancouver", "source_dataset": "FORM_DWV Tree Inventory", "source_department": "District of West Vancouver", "source_last_edit_at": "2026-03-27T08:15:19.224000+00:00"}}, {"type": "Feature", "geometry": {"type": "Point", "coordinates": [-123.14833664805519, 49.32293303712923]}, "properties": {"id": "west-vancouver-409", "species_group": "cherry", "scientific_name": "Prunus species", "common_name": "Bitter Cherry - Prunus emarginata", "subtype_name": "Bitter Cherry - Prunus emarginata", "zip_code": null, "ownership": "public", "ownership_raw": "District of West Vancouver", "city": "West Vancouver", "source_dataset": "FORM_DWV Tree Inventory", "source_department": "District of West Vancouver", "source_last_edit_at": "2026-03-27T08:15:19.224000+00:00"}}, {"type": "Feature", "geometry": {"type": "Point", "coordinates": [-123.14834043984399, 49.32294887302817]}, "properties": {"id": "west-vancouver-410", "species_group": "cherry", "scientific_name": "Prunus species", "common_name": "Bitter Cherry - Prunus emarginata", "subtype_name": "Bitter Cherry - Prunus emarginata", "zip_code": null, "ownership": "public", "ownership_raw": "District of West Vancouver", "city": "West Vancouver", "source_dataset": "FORM_DWV Tree Inventory", "source_department": "District of West Vancouver", "source_last_edit_at": "2026-03-27T08:15:19.224000+00:00"}}, {"type": "Feature", "geometry": {"type": "Point", "coordinates": [-123.14832621322483, 49.3229631379801]}, "properties": {"id": "west-vancouver-411", "species_group": "cherry", "scientific_name": "Prunus species", "common_name": "Bitter Cherry - Prunus emarginata", "subtype_name": "Bitter Cherry - Prunus emarginata", "zip_code": null, "ownership": "public", "ownership_raw": "District of West Vancouver", "city": "West Vancouver", "source_dataset": "FORM_DWV Tree Inventory", "source_department": "District of West Vancouver", "source_last_edit_at": "2026-03-27T08:15:19.224000+00:00"}}, {"type": "Feature", "geometry": {"type": "Point", "coordinates": [-123.14829283721879, 49.322968293456704]}, "properties": {"id": "west-vancouver-412", "species_group": "cherry", "scientific_name": "Prunus species", "common_name": "Bitter Cherry - Prunus emarginata", "subtype_name": "Bitter Cherry - Prunus emarginata", "zip_code": null, "ownership": "public", "ownership_raw": "District of West Vancouver", "city": "West Vancouver", "source_dataset": "FORM_DWV Tree Inventory", "source_department": "District of West Vancouver", "source_last_edit_at": "2026-03-27T08:15:19.224000+00:00"}}, {"type": "Feature", "geometry": {"type": "Point", "coordinates": [-123.14842766086818, 49.32299988559669]}, "properties": {"id": "west-vancouver-413", "species_group": "cherry", "scientific_name": "Prunus species", "common_name": "Bitter Cherry - Prunus emarginata", "subtype_name": "Bitter Cherry - Prunus emarginata", "zip_code": null, "ownership": "public", "ownership_raw": "District of West Vancouver", "city": "West Vancouver", "source_dataset": "FORM_DWV Tree Inventory", "source_department": "District of West Vancouver", "source_last_edit_at": "2026-03-27T08:15:19.224000+00:00"}}, {"type": "Feature", "geometry": {"type": "Point", "coordinates": [-123.14821309736426, 49.323724267850885]}, "properties": {"id": "west-vancouver-424", "species_group": "crabapple", "scientific_name": "Malus species", "common_name": "Pacific Crabapple - Malus fusca", "subtype_name": "Pacific Crabapple - Malus fusca", "zip_code": null, "ownership": "public", "ownership_raw": "District of West Vancouver", "city": "West Vancouver", "source_dataset": "FORM_DWV Tree Inventory", "source_department": "District of West Vancouver", "source_last_edit_at": "2026-03-27T08:15:19.224000+00:00"}}, {"type": "Feature", "geometry": {"type": "Point", "coordinates": [-123.1573746214849, 49.32753871177716]}, "properties": {"id": "west-vancouver-569", "species_group": "cherry", "scientific_name": "Prunus species", "common_name": "Japanese Cherry - Prunus serrulata", "subtype_name": "Japanese Cherry - Prunus serrulata", "zip_code": null, "ownership": "public", "ownership_raw": "District of West Vancouver", "city": "West Vancouver", "source_dataset": "FORM_DWV Tree Inventory", "source_department": "District of West Vancouver", "source_last_edit_at": "2026-03-27T08:15:19.224000+00:00"}}, {"type": "Feature", "geometry": {"type": "Point", "coordinates": [-123.15808224240047, 49.32765329837559]}, "properties": {"id": "west-vancouver-570", "species_group": "cherry", "scientific_name": "Prunus species", "common_name": "Japanese Cherry - Prunus serrulata", "subtype_name": "Japanese Cherry - Prunus serrulata", "zip_code": null, "ownership": "public", "ownership_raw": "District of West Vancouver", "city": "West Vancouver", "source_dataset": "FORM_DWV Tree Inventory", "source_department": "District of West Vancouver", "source_last_edit_at": "2026-03-27T08:15:19.224000+00:00"}}, {"type": "Feature", "geometry": {"type": "Point", "coordinates": [-123.15818553248849, 49.327675644838884]}, "properties": {"id": "west-vancouver-571", "species_group": "cherry", "scientific_name": "Prunus species", "common_name": "Japanese Cherry - Prunus serrulata", "subtype_name": "Japanese Cherry - Prunus serrulata", "zip_code": null, "ownership": "public", "ownership_raw": "District of West Vancouver", "city": "West Vancouver", "source_dataset": "FORM_DWV Tree Inventory", "source_department": "District of West Vancouver", "source_last_edit_at": "2026-03-27T08:15:19.224000+00:00"}}, {"type": "Feature", "geometry": {"type": "Point", "coordinates": [-123.15870876341228, 49.32775588336476]}, "properties": {"id": "west-vancouver-572", "species_group": "cherry", "scientific_name": "Prunus species", "common_name": "Japanese Cherry - Prunus serrulata", "subtype_name": "Japanese Cherry - Prunus serrulata", "zip_code": null, "ownership": "public", "ownership_raw": "District of West Vancouver", "city": "West Vancouver", "source_dataset": "FORM_DWV Tree Inventory", "source_department": "District of West Vancouver", "source_last_edit_at": "2026-03-27T08:15:19.224000+00:00"}}, {"type": "Feature", "geometry": {"type": "Point", "coordinates": [-123.15918383385701, 49.32775648053393]}, "properties": {"id": "west-vancouver-574", "species_group": "cherry", "scientific_name": "Prunus species", "common_name": "Japanese Cherry - Prunus serrulata", "subtype_name": "Japanese Cherry - Prunus serrulata", "zip_code": null, "ownership": "public", "ownership_raw": "District of West Vancouver", "city": "West Vancouver", "source_dataset": "FORM_DWV Tree Inventory", "source_department": "District of West Vancouver", "source_last_edit_at": "2026-03-27T08:15:19.224000+00:00"}}, {"type": "Feature", "geometry": {"type": "Point", "coordinates": [-123.15927549255872, 49.3277540467768]}, "properties": {"id": "west-vancouver-576", "species_group": "cherry", "scientific_name": "Prunus species", "common_name": "Japanese Cherry - Prunus serrulata", "subtype_name": "Japanese Cherry - Prunus serrulata", "zip_code": null, "ownership": "public", "ownership_raw": "District of West Vancouver", "city": "West Vancouver", "source_dataset": "FORM_DWV Tree Inventory", "source_department": "District of West Vancouver", "source_last_edit_at": "2026-03-27T08:15:19.224000+00:00"}}, {"type": "Feature", "geometry": {"type": "Point", "coordinates": [-123.15950411469686, 49.327762958648044]}, "properties": {"id": "west-vancouver-578", "species_group": "cherry", "scientific_name": "Prunus species", "common_name": "Japanese Cherry - Prunus serrulata", "subtype_name": "Japanese Cherry - Prunus serrulata", "zip_code": null, "ownership": "public", "ownership_raw": "District of West Vancouver", "city": "West Vancouver", "source_dataset": "FORM_DWV Tree Inventory", "source_department": "District of West Vancouver", "source_last_edit_at": "2026-03-27T08:15:19.224000+00:00"}}, {"type": "Feature", "geometry": {"type": "Point", "coordinates": [-123.15962721982335, 49.32773374536174]}, "properties": {"id": "west-vancouver-580", "species_group": "cherry", "scientific_name": "Prunus species", "common_name": "Japanese Cherry - Prunus serrulata", "subtype_name": "Japanese Cherry - Prunus serrulata", "zip_code": null, "ownership": "public", "ownership_raw": "District of West Vancouver", "city": "West Vancouver", "source_dataset": "FORM_DWV Tree Inventory", "source_department": "District of West Vancouver", "source_last_edit_at": "2026-03-27T08:15:19.224000+00:00"}}, {"type": "Feature", "geometry": {"type": "Point", "coordinates": [-123.1597387528524, 49.3277603252494]}, "properties": {"id": "west-vancouver-582", "species_group": "cherry", "scientific_name": "Prunus species", "common_name": "Japanese Cherry - Prunus serrulata", "subtype_name": "Japanese Cherry - Prunus serrulata", "zip_code": null, "ownership": "public", "ownership_raw": "District of West Vancouver", "city": "West Vancouver", "source_dataset": "FORM_DWV Tree Inventory", "source_department": "District of West Vancouver", "source_last_edit_at": "2026-03-27T08:15:19.224000+00:00"}}, {"type": "Feature", "geometry": {"type": "Point", "coordinates": [-123.15989380566369, 49.32775747464498]}, "properties": {"id": "west-vancouver-584", "species_group": "cherry", "scientific_name": "Prunus species", "common_name": "Japanese Cherry - Prunus serrulata", "subtype_name": "Japanese Cherry - Prunus serrulata", "zip_code": null, "ownership": "public", "ownership_raw": "District of West Vancouver", "city": "West Vancouver", "source_dataset": "FORM_DWV Tree Inventory", "source_department": "District of West Vancouver", "source_last_edit_at": "2026-03-27T08:15:19.224000+00:00"}}, {"type": "Feature", "geometry": {"type": "Point", "coordinates": [-123.16037966577335, 49.32783864333181]}, "properties": {"id": "west-vancouver-587", "species_group": "cherry", "scientific_name": "Prunus species", "common_name": "Japanese Cherry - Prunus serrulata", "subtype_name": "Japanese Cherry - Prunus serrulata", "zip_code": null, "ownership": "public", "ownership_raw": "District of West Vancouver", "city": "West Vancouver", "source_dataset": "FORM_DWV Tree Inventory", "source_department": "District of West Vancouver", "source_last_edit_at": "2026-03-27T08:15:19.224000+00:00"}}, {"type": "Feature", "geometry": {"type": "Point", "coordinates": [-123.16057300388371, 49.32776602704328]}, "properties": {"id": "west-vancouver-589", "species_group": "cherry", "scientific_name": "Prunus species", "common_name": "Japanese Cherry - Prunus serrulata", "subtype_name": "Japanese Cherry - Prunus serrulata", "zip_code": null, "ownership": "public", "ownership_raw": "District of West Vancouver", "city": "West Vancouver", "source_dataset": "FORM_DWV Tree Inventory", "source_department": "District of West Vancouver", "source_last_edit_at": "2026-03-27T08:15:19.224000+00:00"}}, {"type": "Feature", "geometry": {"type": "Point", "coordinates": [-123.1606729423574, 49.32776326250178]}, "properties": {"id": "west-vancouver-590", "species_group": "cherry", "scientific_name": "Prunus species", "common_name": "Japanese Cherry - Prunus serrulata", "subtype_name": "Japanese Cherry - Prunus serrulata", "zip_code": null, "ownership": "public", "ownership_raw": "District of West Vancouver", "city": "West Vancouver", "source_dataset": "FORM_DWV Tree Inventory", "source_department": "District of West Vancouver", "source_last_edit_at": "2026-03-27T08:15:19.224000+00:00"}}, {"type": "Feature", "geometry": {"type": "Point", "coordinates": [-123.16086227128667, 49.32776315887535]}, "properties": {"id": "west-vancouver-591", "species_group": "cherry", "scientific_name": "Prunus species", "common_name": "Japanese Cherry - Prunus serrulata", "subtype_name": "Japanese Cherry - Prunus serrulata", "zip_code": null, "ownership": "public", "ownership_raw": "District of West Vancouver", "city": "West Vancouver", "source_dataset": "FORM_DWV Tree Inventory", "source_department": "District of West Vancouver", "source_last_edit_at": "2026-03-27T08:15:19.224000+00:00"}}, {"type": "Feature", "geometry": {"type": "Point", "coordinates": [-123.16146117808661, 49.32776619565569]}, "properties": {"id": "west-vancouver-593", "species_group": "cherry", "scientific_name": "Prunus species", "common_name": "Japanese Cherry - Prunus serrulata", "subtype_name": "Japanese Cherry - Prunus serrulata", "zip_code": null, "ownership": "public", "ownership_raw": "District of West Vancouver", "city": "West Vancouver", "source_dataset": "FORM_DWV Tree Inventory", "source_department": "District of West Vancouver", "source_last_edit_at": "2026-03-27T08:15:19.224000+00:00"}}, {"type": "Feature", "geometry": {"type": "Point", "coordinates": [-123.16167742323672, 49.327774940668775]}, "properties": {"id": "west-vancouver-594", "species_group": "cherry", "scientific_name": "Prunus species", "common_name": "Japanese Cherry - Prunus serrulata", "subtype_name": "Japanese Cherry - Prunus serrulata", "zip_code": null, "ownership": "public", "ownership_raw": "District of West Vancouver", "city": "West Vancouver", "source_dataset": "FORM_DWV Tree Inventory", "source_department": "District of West Vancouver", "source_last_edit_at": "2026-03-27T08:15:19.224000+00:00"}}, {"type": "Feature", "geometry": {"type": "Point", "coordinates": [-123.16198451141828, 49.32777081142095]}, "properties": {"id": "west-vancouver-595", "species_group": "cherry", "scientific_name": "Prunus species", "common_name": "Japanese Cherry - Prunus serrulata", "subtype_name": "Japanese Cherry - Prunus serrulata", "zip_code": null, "ownership": "public", "ownership_raw": "District of West Vancouver", "city": "West Vancouver", "source_dataset": "FORM_DWV Tree Inventory", "source_department": "District of West Vancouver", "source_last_edit_at": "2026-03-27T08:15:19.224000+00:00"}}, {"type": "Feature", "geometry": {"type": "Point", "coordinates": [-123.16076936302842, 49.327654089333635]}, "properties": {"id": "west-vancouver-605", "species_group": "crabapple", "scientific_name": "Malus species", "common_name": "Apple spp. - Malus spp.", "subtype_name": "Apple spp. - Malus spp.", "zip_code": null, "ownership": "public", "ownership_raw": "District of West Vancouver", "city": "West Vancouver", "source_dataset": "FORM_DWV Tree Inventory", "source_department": "District of West Vancouver", "source_last_edit_at": "2026-03-27T08:15:19.224000+00:00"}}, {"type": "Feature", "geometry": {"type": "Point", "coordinates": [-123.16068331161075, 49.327642965569886]}, "properties": {"id": "west-vancouver-606", "species_group": "crabapple", "scientific_name": "Malus species", "common_name": "Apple spp. - Malus spp.", "subtype_name": "Apple spp. - Malus spp.", "zip_code": null, "ownership": "public", "ownership_raw": "District of West Vancouver", "city": "West Vancouver", "source_dataset": "FORM_DWV Tree Inventory", "source_department": "District of West Vancouver", "source_last_edit_at": "2026-03-27T08:15:19.224000+00:00"}}, {"type": "Feature", "geometry": {"type": "Point", "coordinates": [-123.16059387803595, 49.32764983595797]}, "properties": {"id": "west-vancouver-607", "species_group": "crabapple", "scientific_name": "Malus species", "common_name": "Apple spp. - Malus spp.", "subtype_name": "Apple spp. - Malus spp.", "zip_code": null, "ownership": "public", "ownership_raw": "District of West Vancouver", "city": "West Vancouver", "source_dataset": "FORM_DWV Tree Inventory", "source_department": "District of West Vancouver", "source_last_edit_at": "2026-03-27T08:15:19.224000+00:00"}}, {"type": "Feature", "geometry": {"type": "Point", "coordinates": [-123.160466531963, 49.327636520225774]}, "properties": {"id": "west-vancouver-608", "species_group": "crabapple", "scientific_name": "Malus species", "common_name": "Apple spp. - Malus spp.", "subtype_name": "Apple spp. - Malus spp.", "zip_code": null, "ownership": "public", "ownership_raw": "District of West Vancouver", "city": "West Vancouver", "source_dataset": "FORM_DWV Tree Inventory", "source_department": "District of West Vancouver", "source_last_edit_at": "2026-03-27T08:15:19.224000+00:00"}}, {"type": "Feature", "geometry": {"type": "Point", "coordinates": [-123.1601725367267, 49.32763069078635]}, "properties": {"id": "west-vancouver-609", "species_group": "crabapple", "scientific_name": "Malus species", "common_name": "Apple spp. - Malus spp.", "subtype_name": "Apple spp. - Malus spp.", "zip_code": null, "ownership": "public", "ownership_raw": "District of West Vancouver", "city": "West Vancouver", "source_dataset": "FORM_DWV Tree Inventory", "source_department": "District of West Vancouver", "source_last_edit_at": "2026-03-27T08:15:19.224000+00:00"}}, {"type": "Feature", "geometry": {"type": "Point", "coordinates": [-123.1600134747343, 49.32763126629497]}, "properties": {"id": "west-vancouver-610", "species_group": "crabapple", "scientific_name": "Malus species", "common_name": "Apple spp. - Malus spp.", "subtype_name": "Apple spp. - Malus spp.", "zip_code": null, "ownership": "public", "ownership_raw": "District of West Vancouver", "city": "West Vancouver", "source_dataset": "FORM_DWV Tree Inventory", "source_department": "District of West Vancouver", "source_last_edit_at": "2026-03-27T08:15:19.224000+00:00"}}, {"type": "Feature", "geometry": {"type": "Point", "coordinates": [-123.159860943494, 49.32762386664705]}, "properties": {"id": "west-vancouver-611", "species_group": "crabapple", "scientific_name": "Malus species", "common_name": "Apple spp. - Malus spp.", "subtype_name": "Apple spp. - Malus spp.", "zip_code": null, "ownership": "public", "ownership_raw": "District of West Vancouver", "city": "West Vancouver", "source_dataset": "FORM_DWV Tree Inventory", "source_department": "District of West Vancouver", "source_last_edit_at": "2026-03-27T08:15:19.224000+00:00"}}, {"type": "Feature", "geometry": {"type": "Point", "coordinates": [-123.15967179063449, 49.32764886467779]}, "properties": {"id": "west-vancouver-612", "species_group": "crabapple", "scientific_name": "Malus species", "common_name": "Apple spp. - Malus spp.", "subtype_name": "Apple spp. - Malus spp.", "zip_code": null, "ownership": "public", "ownership_raw": "District of West Vancouver", "city": "West Vancouver", "source_dataset": "FORM_DWV Tree Inventory", "source_department": "District of West Vancouver", "source_last_edit_at": "2026-03-27T08:15:19.224000+00:00"}}, {"type": "Feature", "geometry": {"type": "Point", "coordinates": [-123.15952093475221, 49.327636656052846]}, "properties": {"id": "west-vancouver-613", "species_group": "crabapple", "scientific_name": "Malus species", "common_name": "Apple spp. - Malus spp.", "subtype_name": "Apple spp. - Malus spp.", "zip_code": null, "ownership": "public", "ownership_raw": "District of West Vancouver", "city": "West Vancouver", "source_dataset": "FORM_DWV Tree Inventory", "source_department": "District of West Vancouver", "source_last_edit_at": "2026-03-27T08:15:19.224000+00:00"}}, {"type": "Feature", "geometry": {"type": "Point", "coordinates": [-123.15935860828205, 49.32763204905696]}, "properties": {"id": "west-vancouver-614", "species_group": "crabapple", "scientific_name": "Malus species", "common_name": "Apple spp. - Malus spp.", "subtype_name": "Apple spp. - Malus spp.", "zip_code": null, "ownership": "public", "ownership_raw": "District of West Vancouver", "city": "West Vancouver", "source_dataset": "FORM_DWV Tree Inventory", "source_department": "District of West Vancouver", "source_last_edit_at": "2026-03-27T08:15:19.224000+00:00"}}, {"type": "Feature", "geometry": {"type": "Point", "coordinates": [-123.15882959759777, 49.32755342444901]}, "properties": {"id": "west-vancouver-616", "species_group": "magnolia", "scientific_name": "Magnolia species", "common_name": "Magnolia - Magnolia spp.", "subtype_name": "Magnolia - Magnolia spp.", "zip_code": null, "ownership": "public", "ownership_raw": "District of West Vancouver", "city": "West Vancouver", "source_dataset": "FORM_DWV Tree Inventory", "source_department": "District of West Vancouver", "source_last_edit_at": "2026-03-27T08:15:19.224000+00:00"}}, {"type": "Feature", "geometry": {"type": "Point", "coordinates": [-123.15849145735176, 49.32758527476326]}, "properties": {"id": "west-vancouver-617", "species_group": "cherry", "scientific_name": "Prunus species", "common_name": "Japanese Cherry - Prunus serrulata", "subtype_name": "Japanese Cherry - Prunus serrulata", "zip_code": null, "ownership": "public", "ownership_raw": "District of West Vancouver", "city": "West Vancouver", "source_dataset": "FORM_DWV Tree Inventory", "source_department": "District of West Vancouver", "source_last_edit_at": "2026-03-27T08:15:19.224000+00:00"}}, {"type": "Feature", "geometry": {"type": "Point", "coordinates": [-123.15828492837977, 49.32755632365867]}, "properties": {"id": "west-vancouver-618", "species_group": "cherry", "scientific_name": "Prunus species", "common_name": "Japanese Cherry - Prunus serrulata", "subtype_name": "Japanese Cherry - Prunus serrulata", "zip_code": null, "ownership": "public", "ownership_raw": "District of West Vancouver", "city": "West Vancouver", "source_dataset": "FORM_DWV Tree Inventory", "source_department": "District of West Vancouver", "source_last_edit_at": "2026-03-27T08:15:19.224000+00:00"}}, {"type": "Feature", "geometry": {"type": "Point", "coordinates": [-123.15819135896145, 49.32753737516614]}, "properties": {"id": "west-vancouver-619", "species_group": "cherry", "scientific_name": "Prunus species", "common_name": "Japanese Cherry - Prunus serrulata", "subtype_name": "Japanese Cherry - Prunus serrulata", "zip_code": null, "ownership": "public", "ownership_raw": "District of West Vancouver", "city": "West Vancouver", "source_dataset": "FORM_DWV Tree Inventory", "source_department": "District of West Vancouver", "source_last_edit_at": "2026-03-27T08:15:19.224000+00:00"}}, {"type": "Feature", "geometry": {"type": "Point", "coordinates": [-123.15811494826339, 49.327528474377814]}, "properties": {"id": "west-vancouver-620", "species_group": "cherry", "scientific_name": "Prunus species", "common_name": "Japanese Cherry - Prunus serrulata", "subtype_name": "Japanese Cherry - Prunus serrulata", "zip_code": null, "ownership": "public", "ownership_raw": "District of West Vancouver", "city": "West Vancouver", "source_dataset": "FORM_DWV Tree Inventory", "source_department": "District of West Vancouver", "source_last_edit_at": "2026-03-27T08:15:19.224000+00:00"}}, {"type": "Feature", "geometry": {"type": "Point", "coordinates": [-123.15773408144751, 49.32744688657304]}, "properties": {"id": "west-vancouver-621", "species_group": "cherry", "scientific_name": "Prunus species", "common_name": "Japanese Cherry - Prunus serrulata", "subtype_name": "Japanese Cherry - Prunus serrulata", "zip_code": null, "ownership": "public", "ownership_raw": "District of West Vancouver", "city": "West Vancouver", "source_dataset": "FORM_DWV Tree Inventory", "source_department": "District of West Vancouver", "source_last_edit_at": "2026-03-27T08:15:19.224000+00:00"}}, {"type": "Feature", "geometry": {"type": "Point", "coordinates": [-123.1496070419367, 49.32423633518781]}, "properties": {"id": "west-vancouver-644", "species_group": "cherry", "scientific_name": "Prunus species", "common_name": "Cherry Plum - Prunus cerasifera", "subtype_name": "Cherry Plum - Prunus cerasifera", "zip_code": null, "ownership": "public", "ownership_raw": "District of West Vancouver", "city": "West Vancouver", "source_dataset": "FORM_DWV Tree Inventory", "source_department": "District of West Vancouver", "source_last_edit_at": "2026-03-27T08:15:19.224000+00:00"}}, {"type": "Feature", "geometry": {"type": "Point", "coordinates": [-123.15378268266852, 49.326923990988924]}, "properties": {"id": "west-vancouver-676", "species_group": "cherry", "scientific_name": "Prunus species", "common_name": "Japanese Cherry - Prunus serrulata", "subtype_name": "Japanese Cherry - Prunus serrulata", "zip_code": null, "ownership": "public", "ownership_raw": "District of West Vancouver", "city": "West Vancouver", "source_dataset": "FORM_DWV Tree Inventory", "source_department": "District of West Vancouver", "source_last_edit_at": "2026-03-27T08:15:19.224000+00:00"}}, {"type": "Feature", "geometry": {"type": "Point", "coordinates": [-123.1538326532528, 49.32691305733796]}, "properties": {"id": "west-vancouver-677", "species_group": "cherry", "scientific_name": "Prunus species", "common_name": "Japanese Cherry - Prunus serrulata", "subtype_name": "Japanese Cherry - Prunus serrulata", "zip_code": null, "ownership": "public", "ownership_raw": "District of West Vancouver", "city": "West Vancouver", "source_dataset": "FORM_DWV Tree Inventory", "source_department": "District of West Vancouver", "source_last_edit_at": "2026-03-27T08:15:19.224000+00:00"}}, {"type": "Feature", "geometry": {"type": "Point", "coordinates": [-123.15391780096536, 49.326876528094814]}, "properties": {"id": "west-vancouver-678", "species_group": "cherry", "scientific_name": "Prunus species", "common_name": "Japanese Cherry - Prunus serrulata", "subtype_name": "Japanese Cherry - Prunus serrulata", "zip_code": null, "ownership": "public", "ownership_raw": "District of West Vancouver", "city": "West Vancouver", "source_dataset": "FORM_DWV Tree Inventory", "source_department": "District of West Vancouver", "source_last_edit_at": "2026-03-27T08:15:19.224000+00:00"}}, {"type": "Feature", "geometry": {"type": "Point", "coordinates": [-123.15409034397524, 49.326866230254346]}, "properties": {"id": "west-vancouver-679", "species_group": "cherry", "scientific_name": "Prunus species", "common_name": "Japanese Cherry - Prunus serrulata", "subtype_name": "Japanese Cherry - Prunus serrulata", "zip_code": null, "ownership": "public", "ownership_raw": "District of West Vancouver", "city": "West Vancouver", "source_dataset": "FORM_DWV Tree Inventory", "source_department": "District of West Vancouver", "source_last_edit_at": "2026-03-27T08:15:19.224000+00:00"}}, {"type": "Feature", "geometry": {"type": "Point", "coordinates": [-123.15415716156438, 49.3269036880607]}, "properties": {"id": "west-vancouver-680", "species_group": "cherry", "scientific_name": "Prunus species", "common_name": "Japanese Cherry - Prunus serrulata", "subtype_name": "Japanese Cherry - Prunus serrulata", "zip_code": null, "ownership": "public", "ownership_raw": "District of West Vancouver", "city": "West Vancouver", "source_dataset": "FORM_DWV Tree Inventory", "source_department": "District of West Vancouver", "source_last_edit_at": "2026-03-27T08:15:19.224000+00:00"}}, {"type": "Feature", "geometry": {"type": "Point", "coordinates": [-123.15429482838165, 49.32701731421186]}, "properties": {"id": "west-vancouver-681", "species_group": "cherry", "scientific_name": "Prunus species", "common_name": "Japanese Cherry - Prunus serrulata", "subtype_name": "Japanese Cherry - Prunus serrulata", "zip_code": null, "ownership": "public", "ownership_raw": "District of West Vancouver", "city": "West Vancouver", "source_dataset": "FORM_DWV Tree Inventory", "source_department": "District of West Vancouver", "source_last_edit_at": "2026-03-27T08:15:19.224000+00:00"}}, {"type": "Feature", "geometry": {"type": "Point", "coordinates": [-123.15438541718989, 49.32686823900375]}, "properties": {"id": "west-vancouver-682", "species_group": "cherry", "scientific_name": "Prunus species", "common_name": "Japanese Cherry - Prunus serrulata", "subtype_name": "Japanese Cherry - Prunus serrulata", "zip_code": null, "ownership": "public", "ownership_raw": "District of West Vancouver", "city": "West Vancouver", "source_dataset": "FORM_DWV Tree Inventory", "source_department": "District of West Vancouver", "source_last_edit_at": "2026-03-27T08:15:19.224000+00:00"}}, {"type": "Feature", "geometry": {"type": "Point", "coordinates": [-123.15397411365558, 49.32700993027934]}, "properties": {"id": "west-vancouver-683", "species_group": "cherry", "scientific_name": "Prunus species", "common_name": "Japanese Cherry - Prunus serrulata", "subtype_name": "Japanese Cherry - Prunus serrulata", "zip_code": null, "ownership": "public", "ownership_raw": "District of West Vancouver", "city": "West Vancouver", "source_dataset": "FORM_DWV Tree Inventory", "source_department": "District of West Vancouver", "source_last_edit_at": "2026-03-27T08:15:19.224000+00:00"}}, {"type": "Feature", "geometry": {"type": "Point", "coordinates": [-123.15386105169388, 49.32698851440978]}, "properties": {"id": "west-vancouver-684", "species_group": "cherry", "scientific_name": "Prunus species", "common_name": "Japanese Cherry - Prunus serrulata", "subtype_name": "Japanese Cherry - Prunus serrulata", "zip_code": null, "ownership": "public", "ownership_raw": "District of West Vancouver", "city": "West Vancouver", "source_dataset": "FORM_DWV Tree Inventory", "source_department": "District of West Vancouver", "source_last_edit_at": "2026-03-27T08:15:19.224000+00:00"}}, {"type": "Feature", "geometry": {"type": "Point", "coordinates": [-123.16037523348574, 49.32847737963131]}, "properties": {"id": "west-vancouver-69", "species_group": "cherry", "scientific_name": "Prunus species", "common_name": "Japanese Cherry - Prunus serrulata", "subtype_name": "Japanese Cherry - Prunus serrulata", "zip_code": null, "ownership": "public", "ownership_raw": "District of West Vancouver", "city": "West Vancouver", "source_dataset": "FORM_DWV Tree Inventory", "source_department": "District of West Vancouver", "source_last_edit_at": "2026-03-27T08:15:19.224000+00:00"}}, {"type": "Feature", "geometry": {"type": "Point", "coordinates": [-123.15455757122922, 49.32708517175054]}, "properties": {"id": "west-vancouver-691", "species_group": "cherry", "scientific_name": "Prunus species", "common_name": "Japanese Cherry - Prunus serrulata", "subtype_name": "Japanese Cherry - Prunus serrulata", "zip_code": null, "ownership": "public", "ownership_raw": "District of West Vancouver", "city": "West Vancouver", "source_dataset": "FORM_DWV Tree Inventory", "source_department": "District of West Vancouver", "source_last_edit_at": "2026-03-27T08:15:19.224000+00:00"}}, {"type": "Feature", "geometry": {"type": "Point", "coordinates": [-123.1545801503839, 49.32702094704537]}, "properties": {"id": "west-vancouver-692", "species_group": "cherry", "scientific_name": "Prunus species", "common_name": "Japanese Cherry - Prunus serrulata", "subtype_name": "Japanese Cherry - Prunus serrulata", "zip_code": null, "ownership": "public", "ownership_raw": "District of West Vancouver", "city": "West Vancouver", "source_dataset": "FORM_DWV Tree Inventory", "source_department": "District of West Vancouver", "source_last_edit_at": "2026-03-27T08:15:19.224000+00:00"}}, {"type": "Feature", "geometry": {"type": "Point", "coordinates": [-123.15455412978336, 49.326930709840646]}, "properties": {"id": "west-vancouver-693", "species_group": "cherry", "scientific_name": "Prunus species", "common_name": "Japanese Cherry - Prunus serrulata", "subtype_name": "Japanese Cherry - Prunus serrulata", "zip_code": null, "ownership": "public", "ownership_raw": "District of West Vancouver", "city": "West Vancouver", "source_dataset": "FORM_DWV Tree Inventory", "source_department": "District of West Vancouver", "source_last_edit_at": "2026-03-27T08:15:19.224000+00:00"}}, {"type": "Feature", "geometry": {"type": "Point", "coordinates": [-123.15458338611552, 49.326891132067104]}, "properties": {"id": "west-vancouver-694", "species_group": "cherry", "scientific_name": "Prunus species", "common_name": "Japanese Cherry - Prunus serrulata", "subtype_name": "Japanese Cherry - Prunus serrulata", "zip_code": null, "ownership": "public", "ownership_raw": "District of West Vancouver", "city": "West Vancouver", "source_dataset": "FORM_DWV Tree Inventory", "source_department": "District of West Vancouver", "source_last_edit_at": "2026-03-27T08:15:19.224000+00:00"}}, {"type": "Feature", "geometry": {"type": "Point", "coordinates": [-123.15458282197355, 49.32681264269078]}, "properties": {"id": "west-vancouver-695", "species_group": "cherry", "scientific_name": "Prunus species", "common_name": "Japanese Cherry - Prunus serrulata", "subtype_name": "Japanese Cherry - Prunus serrulata", "zip_code": null, "ownership": "public", "ownership_raw": "District of West Vancouver", "city": "West Vancouver", "source_dataset": "FORM_DWV Tree Inventory", "source_department": "District of West Vancouver", "source_last_edit_at": "2026-03-27T08:15:19.224000+00:00"}}, {"type": "Feature", "geometry": {"type": "Point", "coordinates": [-123.1546167863761, 49.32674899256359]}, "properties": {"id": "west-vancouver-696", "species_group": "cherry", "scientific_name": "Prunus species", "common_name": "Japanese Cherry - Prunus serrulata", "subtype_name": "Japanese Cherry - Prunus serrulata", "zip_code": null, "ownership": "public", "ownership_raw": "District of West Vancouver", "city": "West Vancouver", "source_dataset": "FORM_DWV Tree Inventory", "source_department": "District of West Vancouver", "source_last_edit_at": "2026-03-27T08:15:19.224000+00:00"}}, {"type": "Feature", "geometry": {"type": "Point", "coordinates": [-123.15846254776928, 49.326854386769064]}, "properties": {"id": "west-vancouver-711", "species_group": "plum", "scientific_name": "Prunus species", "common_name": "Plum - Prunus spp.", "subtype_name": "Plum - Prunus spp.", "zip_code": null, "ownership": "public", "ownership_raw": "District of West Vancouver", "city": "West Vancouver", "source_dataset": "FORM_DWV Tree Inventory", "source_department": "District of West Vancouver", "source_last_edit_at": "2026-03-27T08:15:19.224000+00:00"}}, {"type": "Feature", "geometry": {"type": "Point", "coordinates": [-123.15917992977879, 49.32683992212793]}, "properties": {"id": "west-vancouver-762", "species_group": "cherry", "scientific_name": "Prunus species", "common_name": "Japanese Cherry - Prunus serrulata", "subtype_name": "Japanese Cherry - Prunus serrulata", "zip_code": null, "ownership": "public", "ownership_raw": "District of West Vancouver", "city": "West Vancouver", "source_dataset": "FORM_DWV Tree Inventory", "source_department": "District of West Vancouver", "source_last_edit_at": "2026-03-27T08:15:19.224000+00:00"}}, {"type": "Feature", "geometry": {"type": "Point", "coordinates": [-123.15719833070365, 49.32715070020735]}, "properties": {"id": "west-vancouver-766", "species_group": "crabapple", "scientific_name": "Malus species", "common_name": "Apple spp. - Malus spp.", "subtype_name": "Apple spp. - Malus spp.", "zip_code": null, "ownership": "public", "ownership_raw": "District of West Vancouver", "city": "West Vancouver", "source_dataset": "FORM_DWV Tree Inventory", "source_department": "District of West Vancouver", "source_last_edit_at": "2026-03-27T08:15:19.224000+00:00"}}, {"type": "Feature", "geometry": {"type": "Point", "coordinates": [-123.1416935930544, 49.32248358612541]}, "properties": {"id": "west-vancouver-786", "species_group": "cherry", "scientific_name": "Prunus species", "common_name": "Cherry Plum - Prunus cerasifera", "subtype_name": "Cherry Plum - Prunus cerasifera", "zip_code": null, "ownership": "public", "ownership_raw": "District of West Vancouver", "city": "West Vancouver", "source_dataset": "FORM_DWV Tree Inventory", "source_department": "District of West Vancouver", "source_last_edit_at": "2026-03-27T08:15:19.224000+00:00"}}, {"type": "Feature", "geometry": {"type": "Point", "coordinates": [-123.14195122179304, 49.32253373611631]}, "properties": {"id": "west-vancouver-796", "species_group": "cherry", "scientific_name": "Prunus species", "common_name": "Japanese Cherry - Prunus serrulata", "subtype_name": "Japanese Cherry - Prunus serrulata", "zip_code": null, "ownership": "public", "ownership_raw": "District of West Vancouver", "city": "West Vancouver", "source_dataset": "FORM_DWV Tree Inventory", "source_department": "District of West Vancouver", "source_last_edit_at": "2026-03-27T08:15:19.224000+00:00"}}, {"type": "Feature", "geometry": {"type": "Point", "coordinates": [-123.18367647284205, 49.33384668952678]}, "properties": {"id": "west-vancouver-924", "species_group": "magnolia", "scientific_name": "Magnolia species", "common_name": "Saucer Magnolia - Magnolia x soulangena", "subtype_name": "Saucer Magnolia", "zip_code": null, "ownership": "public", "ownership_raw": "District of West Vancouver", "city": "West Vancouver", "source_dataset": "FORM_DWV Tree Inventory", "source_department": "District of West Vancouver", "source_last_edit_at": "2026-03-27T08:15:19.224000+00:00"}}, {"type": "Feature", "geometry": {"type": "Point", "coordinates": [-123.18350577137852, 49.333903259004934]}, "properties": {"id": "west-vancouver-928", "species_group": "magnolia", "scientific_name": "Magnolia species", "common_name": "Magnolia - Magnolia spp.", "subtype_name": "Magnolia - Magnolia spp.", "zip_code": null, "ownership": "public", "ownership_raw": "District of West Vancouver", "city": "West Vancouver", "source_dataset": "FORM_DWV Tree Inventory", "source_department": "District of West Vancouver", "source_last_edit_at": "2026-03-27T08:15:19.224000+00:00"}}, {"type": "Feature", "geometry": {"type": "Point", "coordinates": [-123.18347287058123, 49.33394148006967]}, "properties": {"id": "west-vancouver-929", "species_group": "magnolia", "scientific_name": "Magnolia species", "common_name": "Magnolia - Magnolia spp.", "subtype_name": "Magnolia - Magnolia spp.", "zip_code": null, "ownership": "public", "ownership_raw": "District of West Vancouver", "city": "West Vancouver", "source_dataset": "FORM_DWV Tree Inventory", "source_department": "District of West Vancouver", "source_last_edit_at": "2026-03-27T08:15:19.224000+00:00"}}, {"type": "Feature", "geometry": {"type": "Point", "coordinates": [-123.18364796570481, 49.33373442553184]}, "properties": {"id": "west-vancouver-943", "species_group": "cherry", "scientific_name": "Prunus species", "common_name": "Cherry spp. - Prunus spp.", "subtype_name": "Cherry spp. - Prunus spp.", "zip_code": null, "ownership": "public", "ownership_raw": "District of West Vancouver", "city": "West Vancouver", "source_dataset": "FORM_DWV Tree Inventory", "source_department": "District of West Vancouver", "source_last_edit_at": "2026-03-27T08:15:19.224000+00:00"}}, {"type": "Feature", "geometry": {"type": "Point", "coordinates": [-123.18362535960071, 49.333733717211295]}, "properties": {"id": "west-vancouver-944", "species_group": "cherry", "scientific_name": "Prunus species", "common_name": "Cherry spp. - Prunus spp.", "subtype_name": "Cherry spp. - Prunus spp.", "zip_code": null, "ownership": "public", "ownership_raw": "District of West Vancouver", "city": "West Vancouver", "source_dataset": "FORM_DWV Tree Inventory", "source_department": "District of West Vancouver", "source_last_edit_at": "2026-03-27T08:15:19.224000+00:00"}}, {"type": "Feature", "geometry": {"type": "Point", "coordinates": [-123.18209760467848, 49.33345300195085]}, "properties": {"id": "west-vancouver-968", "species_group": "magnolia", "scientific_name": "Magnolia species", "common_name": "Southern Magnolia - Magnolia grandiflora", "subtype_name": "Southern Magnolia", "zip_code": null, "ownership": "public", "ownership_raw": "District of West Vancouver", "city": "West Vancouver", "source_dataset": "FORM_DWV Tree Inventory", "source_department": "District of West Vancouver", "source_last_edit_at": "2026-03-27T08:15:19.224000+00:00"}}, {"type": "Feature", "geometry": {"type": "Point", "coordinates": [-123.18170999420977, 49.333402748929586]}, "properties": {"id": "west-vancouver-975", "species_group": "magnolia", "scientific_name": "Magnolia species", "common_name": "Chinese Magnolia - Magnolia officunalis", "subtype_name": "Chinese Magnolia - Magnolia officunalis", "zip_code": null, "ownership": "public", "ownership_raw": "District of West Vancouver", "city": "West Vancouver", "source_dataset": "FORM_DWV Tree Inventory", "source_department": "District of West Vancouver", "source_last_edit_at": "2026-03-27T08:15:19.224000+00:00"}}, {"type": "Feature", "geometry": {"type": "Point", "coordinates": [-123.18153908343878, 49.33340123100598]}, "properties": {"id": "west-vancouver-976", "species_group": "magnolia", "scientific_name": "Magnolia species", "common_name": "Chinese Magnolia - Magnolia officunalis", "subtype_name": "Chinese Magnolia - Magnolia officunalis", "zip_code": null, "ownership": "public", "ownership_raw": "District of West Vancouver", "city": "West Vancouver", "source_dataset": "FORM_DWV Tree Inventory", "source_department": "District of West Vancouver", "source_last_edit_at": "2026-03-27T08:15:19.224000+00:00"}}, {"type": "Feature", "geometry": {"type": "Point", "coordinates": [-123.15902219549635, 49.328782409987014]}, "properties": {"id": "west-vancouver-98", "species_group": "cherry", "scientific_name": "Prunus species", "common_name": "Japanese Cherry - Prunus serrulata", "subtype_name": "Japanese Cherry - Prunus serrulata", "zip_code": null, "ownership": "public", "ownership_raw": "District of West Vancouver", "city": "West Vancouver", "source_dataset": "FORM_DWV Tree Inventory", "source_department": "District of West Vancouver", "source_last_edit_at": "2026-03-27T08:15:19.224000+00:00"}}, {"type": "Feature", "geometry": {"type": "Point", "coordinates": [-123.14182645029163, 49.321661367837876]}, "properties": {"id": "west-vancouver-983", "species_group": "cherry", "scientific_name": "Prunus species", "common_name": "Bitter Cherry - Prunus emarginata", "subtype_name": "Bitter Cherry - Prunus emarginata", "zip_code": null, "ownership": "public", "ownership_raw": "District of West Vancouver", "city": "West Vancouver", "source_dataset": "FORM_DWV Tree Inventory", "source_department": "District of West Vancouver", "source_last_edit_at": "2026-03-27T08:15:19.224000+00:00"}}, {"type": "Feature", "geometry": {"type": "Point", "coordinates": [-123.14126978766627, 49.32162462507777]}, "properties": {"id": "west-vancouver-985", "species_group": "crabapple", "scientific_name": "Malus species", "common_name": "Pacific Crabapple - Malus fusca", "subtype_name": "Pacific Crabapple - Malus fusca", "zip_code": null, "ownership": "public", "ownership_raw": "District of West Vancouver", "city": "West Vancouver", "source_dataset": "FORM_DWV Tree Inventory", "source_department": "District of West Vancouver", "source_last_edit_at": "2026-03-27T08:15:19.224000+00:00"}}, {"type": "Feature", "geometry": {"type": "Point", "coordinates": [-123.1419362558604, 49.32180006973899]}, "properties": {"id": "west-vancouver-986", "species_group": "crabapple", "scientific_name": "Malus species", "common_name": "Pacific Crabapple - Malus fusca", "subtype_name": "Pacific Crabapple - Malus fusca", "zip_code": null, "ownership": "public", "ownership_raw": "District of West Vancouver", "city": "West Vancouver", "source_dataset": "FORM_DWV Tree Inventory", "source_department": "District of West Vancouver", "source_last_edit_at": "2026-03-27T08:15:19.224000+00:00"}}, {"type": "Feature", "geometry": {"type": "Point", "coordinates": [-123.14200997071427, 49.32170084851817]}, "properties": {"id": "west-vancouver-987", "species_group": "crabapple", "scientific_name": "Malus species", "common_name": "Pacific Crabapple - Malus fusca", "subtype_name": "Pacific Crabapple - Malus fusca", "zip_code": null, "ownership": "public", "ownership_raw": "District of West Vancouver", "city": "West Vancouver", "source_dataset": "FORM_DWV Tree Inventory", "source_department": "District of West Vancouver", "source_last_edit_at": "2026-03-27T08:15:19.224000+00:00"}}, {"type": "Feature", "geometry": {"type": "Point", "coordinates": [-123.15883611667178, 49.32877698698402]}, "properties": {"id": "west-vancouver-99", "species_group": "cherry", "scientific_name": "Prunus species", "common_name": "Japanese Cherry - Prunus serrulata", "subtype_name": "Japanese Cherry - Prunus serrulata", "zip_code": null, "ownership": "public", "ownership_raw": "District of West Vancouver", "city": "West Vancouver", "source_dataset": "FORM_DWV Tree Inventory", "source_department": "District of West Vancouver", "source_last_edit_at": "2026-03-27T08:15:19.224000+00:00"}}]}