{"type": "FeatureCollection", "features": [{"type": "Feature", "geometry": {"type": "Point", "coordinates": [-84.50145341392438, 39.05179841667529]}, "properties": {"id": "covington-1046", "species_group": "crabapple", "scientific_name": "Malus", "common_name": "Crabapple", "subtype_name": null, "zip_code": "41015", "ownership": "public", "ownership_raw": "City of Covington", "city": "Covington", "source_dataset": "Trees", "source_department": "City of Covington", "source_last_edit_at": "2022-01-14T18:21:34.293000+00:00"}}, {"type": "Feature", "geometry": {"type": "Point", "coordinates": [-84.50119981975578, 39.05195610423029]}, "properties": {"id": "covington-1049", "species_group": "crabapple", "scientific_name": "Malus", "common_name": "Crabapple", "subtype_name": null, "zip_code": "41015", "ownership": "public", "ownership_raw": "City of Covington", "city": "Covington", "source_dataset": "Trees", "source_department": "City of Covington", "source_last_edit_at": "2022-01-14T18:21:34.293000+00:00"}}, {"type": "Feature", "geometry": {"type": "Point", "coordinates": [-84.5008181090092, 39.052133129670196]}, "properties": {"id": "covington-1050", "species_group": "crabapple", "scientific_name": "Malus", "common_name": "Crabapple", "subtype_name": null, "zip_code": "41015", "ownership": "public", "ownership_raw": "City of Covington", "city": "Covington", "source_dataset": "Trees", "source_department": "City of Covington", "source_last_edit_at": "2022-01-14T18:21:34.293000+00:00"}}, {"type": "Feature", "geometry": {"type": "Point", "coordinates": [-84.50080414684068, 39.0728321704298]}, "properties": {"id": "covington-1071", "species_group": "crabapple", "scientific_name": "Malus", "common_name": "Crabapple", "subtype_name": null, "zip_code": "41014", "ownership": "public", "ownership_raw": "City of Covington", "city": "Covington", "source_dataset": "Trees", "source_department": "City of Covington", "source_last_edit_at": "2022-01-14T18:21:34.293000+00:00"}}, {"type": "Feature", "geometry": {"type": "Point", "coordinates": [-84.5008963272521, 39.07301430115559]}, "properties": {"id": "covington-1072", "species_group": "crabapple", "scientific_name": "Malus", "common_name": "Crabapple", "subtype_name": null, "zip_code": "41014", "ownership": "public", "ownership_raw": "City of Covington", "city": "Covington", "source_dataset": "Trees", "source_department": "City of Covington", "source_last_edit_at": "2022-01-14T18:21:34.293000+00:00"}}, {"type": "Feature", "geometry": {"type": "Point", "coordinates": [-84.5009110468017, 39.073371763540585]}, "properties": {"id": "covington-1073", "species_group": "crabapple", "scientific_name": "Malus", "common_name": "Crabapple", "subtype_name": null, "zip_code": "41014", "ownership": "public", "ownership_raw": "City of Covington", "city": "Covington", "source_dataset": "Trees", "source_department": "City of Covington", "source_last_edit_at": "2022-01-14T18:21:34.293000+00:00"}}, {"type": "Feature", "geometry": {"type": "Point", "coordinates": [-84.4960392514191, 39.0675249846711]}, "properties": {"id": "covington-1102", "species_group": "crabapple", "scientific_name": "Malus", "common_name": "Crabapple", "subtype_name": null, "zip_code": "41014", "ownership": "public", "ownership_raw": "City of Covington", "city": "Covington", "source_dataset": "Trees", "source_department": "City of Covington", "source_last_edit_at": "2022-01-14T18:21:34.293000+00:00"}}, {"type": "Feature", "geometry": {"type": "Point", "coordinates": [-84.5264031730531, 38.97540334273678]}, "properties": {"id": "covington-1129", "species_group": "magnolia", "scientific_name": "Magnolia", "common_name": "Magnolia", "subtype_name": null, "zip_code": "41017", "ownership": "public", "ownership_raw": "City of Covington", "city": "Covington", "source_dataset": "Trees", "source_department": "City of Covington", "source_last_edit_at": "2022-01-14T18:21:34.293000+00:00"}}, {"type": "Feature", "geometry": {"type": "Point", "coordinates": [-84.51836908156379, 38.9828335859297]}, "properties": {"id": "covington-1141", "species_group": "magnolia", "scientific_name": "Magnolia", "common_name": "Magnolia", "subtype_name": null, "zip_code": "41017", "ownership": "public", "ownership_raw": "City of Covington", "city": "Covington", "source_dataset": "Trees", "source_department": "City of Covington", "source_last_edit_at": "2022-01-14T18:21:34.293000+00:00"}}, {"type": "Feature", "geometry": {"type": "Point", "coordinates": [-84.50091775661612, 39.059932933612984]}, "properties": {"id": "covington-1255", "species_group": "crabapple", "scientific_name": "Malus", "common_name": "Crabapple", "subtype_name": null, "zip_code": "41014", "ownership": "public", "ownership_raw": "City of Covington", "city": "Covington", "source_dataset": "Trees", "source_department": "City of Covington", "source_last_edit_at": "2022-01-14T18:21:34.293000+00:00"}}, {"type": "Feature", "geometry": {"type": "Point", "coordinates": [-84.5002232056387, 39.06013258639329]}, "properties": {"id": "covington-1268", "species_group": "crabapple", "scientific_name": "Malus", "common_name": "Crabapple", "subtype_name": null, "zip_code": "41014", "ownership": "public", "ownership_raw": "City of Covington", "city": "Covington", "source_dataset": "Trees", "source_department": "City of Covington", "source_last_edit_at": "2022-01-14T18:21:34.293000+00:00"}}, {"type": "Feature", "geometry": {"type": "Point", "coordinates": [-84.51107152405909, 39.0495945656281]}, "properties": {"id": "covington-1314", "species_group": "crabapple", "scientific_name": "Malus", "common_name": "Crabapple", "subtype_name": null, "zip_code": "41015", "ownership": "public", "ownership_raw": "City of Covington", "city": "Covington", "source_dataset": "Trees", "source_department": "City of Covington", "source_last_edit_at": "2022-01-14T18:21:34.293000+00:00"}}, {"type": "Feature", "geometry": {"type": "Point", "coordinates": [-84.5110660594276, 39.04954894526839]}, "properties": {"id": "covington-1315", "species_group": "crabapple", "scientific_name": "Malus", "common_name": "Crabapple", "subtype_name": null, "zip_code": "41015", "ownership": "public", "ownership_raw": "City of Covington", "city": "Covington", "source_dataset": "Trees", "source_department": "City of Covington", "source_last_edit_at": "2022-01-14T18:21:34.293000+00:00"}}, {"type": "Feature", "geometry": {"type": "Point", "coordinates": [-84.5108091802391, 39.05186599214169]}, "properties": {"id": "covington-1319", "species_group": "crabapple", "scientific_name": "Malus", "common_name": "Crabapple", "subtype_name": null, "zip_code": "41015", "ownership": "public", "ownership_raw": "City of Covington", "city": "Covington", "source_dataset": "Trees", "source_department": "City of Covington", "source_last_edit_at": "2022-01-14T18:21:34.293000+00:00"}}, {"type": "Feature", "geometry": {"type": "Point", "coordinates": [-84.5124480714395, 39.0512429018478]}, "properties": {"id": "covington-1339", "species_group": "crabapple", "scientific_name": "Malus", "common_name": "Crabapple", "subtype_name": null, "zip_code": "41015", "ownership": "public", "ownership_raw": "City of Covington", "city": "Covington", "source_dataset": "Trees", "source_department": "City of Covington", "source_last_edit_at": "2022-01-14T18:21:34.293000+00:00"}}, {"type": "Feature", "geometry": {"type": "Point", "coordinates": [-84.5097917348814, 39.04975746472319]}, "properties": {"id": "covington-1368", "species_group": "magnolia", "scientific_name": "Magnolia", "common_name": "Magnolia", "subtype_name": null, "zip_code": "41015", "ownership": "public", "ownership_raw": "City of Covington", "city": "Covington", "source_dataset": "Trees", "source_department": "City of Covington", "source_last_edit_at": "2022-01-14T18:21:34.293000+00:00"}}, {"type": "Feature", "geometry": {"type": "Point", "coordinates": [-84.5097954476623, 39.0496754010468]}, "properties": {"id": "covington-1369", "species_group": "magnolia", "scientific_name": "Magnolia", "common_name": "Magnolia", "subtype_name": null, "zip_code": "41015", "ownership": "public", "ownership_raw": "City of Covington", "city": "Covington", "source_dataset": "Trees", "source_department": "City of Covington", "source_last_edit_at": "2022-01-14T18:21:34.293000+00:00"}}, {"type": "Feature", "geometry": {"type": "Point", "coordinates": [-84.50979528524618, 39.04961357603049]}, "properties": {"id": "covington-1370", "species_group": "magnolia", "scientific_name": "Magnolia", "common_name": "Magnolia", "subtype_name": null, "zip_code": "41015", "ownership": "public", "ownership_raw": "City of Covington", "city": "Covington", "source_dataset": "Trees", "source_department": "City of Covington", "source_last_edit_at": "2022-01-14T18:21:34.293000+00:00"}}, {"type": "Feature", "geometry": {"type": "Point", "coordinates": [-84.5098205140403, 39.0494314835077]}, "properties": {"id": "covington-1372", "species_group": "magnolia", "scientific_name": "Magnolia", "common_name": "Magnolia", "subtype_name": null, "zip_code": "41015", "ownership": "public", "ownership_raw": "City of Covington", "city": "Covington", "source_dataset": "Trees", "source_department": "City of Covington", "source_last_edit_at": "2022-01-14T18:21:34.293000+00:00"}}, {"type": "Feature", "geometry": {"type": "Point", "coordinates": [-84.5098341343503, 39.04931771293649]}, "properties": {"id": "covington-1373", "species_group": "crabapple", "scientific_name": "Malus", "common_name": "Crabapple", "subtype_name": null, "zip_code": "41015", "ownership": "public", "ownership_raw": "City of Covington", "city": "Covington", "source_dataset": "Trees", "source_department": "City of Covington", "source_last_edit_at": "2022-01-14T18:21:34.293000+00:00"}}, {"type": "Feature", "geometry": {"type": "Point", "coordinates": [-84.509876260492, 39.048849495883495]}, "properties": {"id": "covington-1376", "species_group": "crabapple", "scientific_name": "Malus", "common_name": "Crabapple", "subtype_name": null, "zip_code": "41015", "ownership": "public", "ownership_raw": "City of Covington", "city": "Covington", "source_dataset": "Trees", "source_department": "City of Covington", "source_last_edit_at": "2022-01-14T18:21:34.293000+00:00"}}, {"type": "Feature", "geometry": {"type": "Point", "coordinates": [-84.53351706108519, 39.08038166096309]}, "properties": {"id": "covington-147", "species_group": "magnolia", "scientific_name": "Magnolia", "common_name": "Magnolia", "subtype_name": null, "zip_code": "41011", "ownership": "public", "ownership_raw": "City of Covington", "city": "Covington", "source_dataset": "Trees", "source_department": "City of Covington", "source_last_edit_at": "2022-01-14T18:21:34.293000+00:00"}}, {"type": "Feature", "geometry": {"type": "Point", "coordinates": [-84.4982705987556, 39.0653827633918]}, "properties": {"id": "covington-1518", "species_group": "magnolia", "scientific_name": "Magnolia", "common_name": "Magnolia", "subtype_name": null, "zip_code": "41014", "ownership": "public", "ownership_raw": "City of Covington", "city": "Covington", "source_dataset": "Trees", "source_department": "City of Covington", "source_last_edit_at": "2022-01-14T18:21:34.293000+00:00"}}, {"type": "Feature", "geometry": {"type": "Point", "coordinates": [-84.4975592945973, 39.0653650798205]}, "properties": {"id": "covington-1520", "species_group": "magnolia", "scientific_name": "Magnolia", "common_name": "Magnolia", "subtype_name": null, "zip_code": "41014", "ownership": "public", "ownership_raw": "City of Covington", "city": "Covington", "source_dataset": "Trees", "source_department": "City of Covington", "source_last_edit_at": "2022-01-14T18:21:34.293000+00:00"}}, {"type": "Feature", "geometry": {"type": "Point", "coordinates": [-84.4962413585717, 39.066147977253]}, "properties": {"id": "covington-1537", "species_group": "magnolia", "scientific_name": "Magnolia", "common_name": "Magnolia", "subtype_name": null, "zip_code": "41014", "ownership": "public", "ownership_raw": "City of Covington", "city": "Covington", "source_dataset": "Trees", "source_department": "City of Covington", "source_last_edit_at": "2022-01-14T18:21:34.293000+00:00"}}, {"type": "Feature", "geometry": {"type": "Point", "coordinates": [-84.49624060159708, 39.0661853294578]}, "properties": {"id": "covington-1538", "species_group": "magnolia", "scientific_name": "Magnolia", "common_name": "Magnolia", "subtype_name": null, "zip_code": "41014", "ownership": "public", "ownership_raw": "City of Covington", "city": "Covington", "source_dataset": "Trees", "source_department": "City of Covington", "source_last_edit_at": "2022-01-14T18:21:34.293000+00:00"}}, {"type": "Feature", "geometry": {"type": "Point", "coordinates": [-84.4972697756579, 39.06434200584861]}, "properties": {"id": "covington-1553", "species_group": "crabapple", "scientific_name": "Malus", "common_name": "Crabapple", "subtype_name": null, "zip_code": "41014", "ownership": "public", "ownership_raw": "City of Covington", "city": "Covington", "source_dataset": "Trees", "source_department": "City of Covington", "source_last_edit_at": "2022-01-14T18:21:34.293000+00:00"}}, {"type": "Feature", "geometry": {"type": "Point", "coordinates": [-84.4973126677065, 39.0646810399062]}, "properties": {"id": "covington-1555", "species_group": "crabapple", "scientific_name": "Malus", "common_name": "Crabapple", "subtype_name": null, "zip_code": "41014", "ownership": "public", "ownership_raw": "City of Covington", "city": "Covington", "source_dataset": "Trees", "source_department": "City of Covington", "source_last_edit_at": "2022-01-14T18:21:34.293000+00:00"}}, {"type": "Feature", "geometry": {"type": "Point", "coordinates": [-84.4973374306901, 39.0648024708993]}, "properties": {"id": "covington-1557", "species_group": "crabapple", "scientific_name": "Malus", "common_name": "Crabapple", "subtype_name": null, "zip_code": "41014", "ownership": "public", "ownership_raw": "City of Covington", "city": "Covington", "source_dataset": "Trees", "source_department": "City of Covington", "source_last_edit_at": "2022-01-14T18:21:34.293000+00:00"}}, {"type": "Feature", "geometry": {"type": "Point", "coordinates": [-84.49734838511002, 39.064885278558194]}, "properties": {"id": "covington-1558", "species_group": "crabapple", "scientific_name": "Malus", "common_name": "Crabapple", "subtype_name": null, "zip_code": "41014", "ownership": "public", "ownership_raw": "City of Covington", "city": "Covington", "source_dataset": "Trees", "source_department": "City of Covington", "source_last_edit_at": "2022-01-14T18:21:34.293000+00:00"}}, {"type": "Feature", "geometry": {"type": "Point", "coordinates": [-84.5359291173623, 39.0796133367992]}, "properties": {"id": "covington-1769", "species_group": "crabapple", "scientific_name": "Malus", "common_name": "Crabapple", "subtype_name": null, "zip_code": "41011", "ownership": "public", "ownership_raw": "City of Covington", "city": "Covington", "source_dataset": "Trees", "source_department": "City of Covington", "source_last_edit_at": "2022-01-14T18:21:34.293000+00:00"}}, {"type": "Feature", "geometry": {"type": "Point", "coordinates": [-84.50846337422432, 39.05456686322841]}, "properties": {"id": "covington-1915", "species_group": "plum", "scientific_name": "Prunus cerasifera", "common_name": "Cherry Plum", "subtype_name": "Cherry Plum", "zip_code": "41015", "ownership": "public", "ownership_raw": "City of Covington", "city": "Covington", "source_dataset": "Trees", "source_department": "City of Covington", "source_last_edit_at": "2022-01-14T18:21:34.293000+00:00"}}, {"type": "Feature", "geometry": {"type": "Point", "coordinates": [-84.5080681588083, 39.054658331739]}, "properties": {"id": "covington-1916", "species_group": "plum", "scientific_name": "Prunus cerasifera", "common_name": "Cherry Plum", "subtype_name": "Cherry Plum", "zip_code": "41015", "ownership": "public", "ownership_raw": "City of Covington", "city": "Covington", "source_dataset": "Trees", "source_department": "City of Covington", "source_last_edit_at": "2022-01-14T18:21:34.293000+00:00"}}, {"type": "Feature", "geometry": {"type": "Point", "coordinates": [-84.52880568478008, 39.0812430210635]}, "properties": {"id": "covington-1951", "species_group": "magnolia", "scientific_name": "Magnolia", "common_name": "Magnolia", "subtype_name": null, "zip_code": "41011", "ownership": "public", "ownership_raw": "City of Covington", "city": "Covington", "source_dataset": "Trees", "source_department": "City of Covington", "source_last_edit_at": "2022-01-14T18:21:34.293000+00:00"}}, {"type": "Feature", "geometry": {"type": "Point", "coordinates": [-84.52896276184708, 39.0813493459062]}, "properties": {"id": "covington-1952", "species_group": "crabapple", "scientific_name": "Malus", "common_name": "Crabapple", "subtype_name": null, "zip_code": "41011", "ownership": "public", "ownership_raw": "City of Covington", "city": "Covington", "source_dataset": "Trees", "source_department": "City of Covington", "source_last_edit_at": "2022-01-14T18:21:34.293000+00:00"}}, {"type": "Feature", "geometry": {"type": "Point", "coordinates": [-84.5288918507138, 39.081300771941805]}, "properties": {"id": "covington-1953", "species_group": "crabapple", "scientific_name": "Malus", "common_name": "Crabapple", "subtype_name": null, "zip_code": "41011", "ownership": "public", "ownership_raw": "City of Covington", "city": "Covington", "source_dataset": "Trees", "source_department": "City of Covington", "source_last_edit_at": "2022-01-14T18:21:34.293000+00:00"}}, {"type": "Feature", "geometry": {"type": "Point", "coordinates": [-84.5289695661312, 39.081090505879494]}, "properties": {"id": "covington-1955", "species_group": "magnolia", "scientific_name": "Magnolia", "common_name": "Magnolia", "subtype_name": null, "zip_code": "41011", "ownership": "public", "ownership_raw": "City of Covington", "city": "Covington", "source_dataset": "Trees", "source_department": "City of Covington", "source_last_edit_at": "2022-01-14T18:21:34.293000+00:00"}}, {"type": "Feature", "geometry": {"type": "Point", "coordinates": [-84.5293044063565, 39.08119239405951]}, "properties": {"id": "covington-1959", "species_group": "magnolia", "scientific_name": "Magnolia", "common_name": "Magnolia", "subtype_name": null, "zip_code": "41011", "ownership": "public", "ownership_raw": "City of Covington", "city": "Covington", "source_dataset": "Trees", "source_department": "City of Covington", "source_last_edit_at": "2022-01-14T18:21:34.293000+00:00"}}, {"type": "Feature", "geometry": {"type": "Point", "coordinates": [-84.5098013621538, 39.08978862915179]}, "properties": {"id": "covington-2115", "species_group": "magnolia", "scientific_name": "Magnolia", "common_name": "Magnolia", "subtype_name": null, "zip_code": "41011", "ownership": "public", "ownership_raw": "City of Covington", "city": "Covington", "source_dataset": "Trees", "source_department": "City of Covington", "source_last_edit_at": "2022-01-14T18:21:34.293000+00:00"}}, {"type": "Feature", "geometry": {"type": "Point", "coordinates": [-84.5324399708028, 39.0896833105448]}, "properties": {"id": "covington-2164", "species_group": "crabapple", "scientific_name": "Malus", "common_name": "Crabapple", "subtype_name": null, "zip_code": "41011", "ownership": "public", "ownership_raw": "City of Covington", "city": "Covington", "source_dataset": "Trees", "source_department": "City of Covington", "source_last_edit_at": "2022-01-14T18:21:34.293000+00:00"}}, {"type": "Feature", "geometry": {"type": "Point", "coordinates": [-84.5325288204351, 39.08959206063249]}, "properties": {"id": "covington-2165", "species_group": "crabapple", "scientific_name": "Malus", "common_name": "Crabapple", "subtype_name": null, "zip_code": "41011", "ownership": "public", "ownership_raw": "City of Covington", "city": "Covington", "source_dataset": "Trees", "source_department": "City of Covington", "source_last_edit_at": "2022-01-14T18:21:34.293000+00:00"}}, {"type": "Feature", "geometry": {"type": "Point", "coordinates": [-84.5325875206965, 39.0895446680316]}, "properties": {"id": "covington-2166", "species_group": "crabapple", "scientific_name": "Malus", "common_name": "Crabapple", "subtype_name": null, "zip_code": "41011", "ownership": "public", "ownership_raw": "City of Covington", "city": "Covington", "source_dataset": "Trees", "source_department": "City of Covington", "source_last_edit_at": "2022-01-14T18:21:34.293000+00:00"}}, {"type": "Feature", "geometry": {"type": "Point", "coordinates": [-84.5329040993573, 39.0891983959723]}, "properties": {"id": "covington-2167", "species_group": "crabapple", "scientific_name": "Malus", "common_name": "Crabapple", "subtype_name": null, "zip_code": "41011", "ownership": "public", "ownership_raw": "City of Covington", "city": "Covington", "source_dataset": "Trees", "source_department": "City of Covington", "source_last_edit_at": "2022-01-14T18:21:34.293000+00:00"}}, {"type": "Feature", "geometry": {"type": "Point", "coordinates": [-84.5330952265734, 39.08914249916089]}, "properties": {"id": "covington-2168", "species_group": "crabapple", "scientific_name": "Malus", "common_name": "Crabapple", "subtype_name": null, "zip_code": "41011", "ownership": "public", "ownership_raw": "City of Covington", "city": "Covington", "source_dataset": "Trees", "source_department": "City of Covington", "source_last_edit_at": "2022-01-14T18:21:34.293000+00:00"}}, {"type": "Feature", "geometry": {"type": "Point", "coordinates": [-84.533278273844, 39.089156469809595]}, "properties": {"id": "covington-2169", "species_group": "crabapple", "scientific_name": "Malus", "common_name": "Crabapple", "subtype_name": null, "zip_code": "41011", "ownership": "public", "ownership_raw": "City of Covington", "city": "Covington", "source_dataset": "Trees", "source_department": "City of Covington", "source_last_edit_at": "2022-01-14T18:21:34.293000+00:00"}}, {"type": "Feature", "geometry": {"type": "Point", "coordinates": [-84.5337614206494, 39.08921634448469]}, "properties": {"id": "covington-2170", "species_group": "crabapple", "scientific_name": "Malus", "common_name": "Crabapple", "subtype_name": null, "zip_code": "41011", "ownership": "public", "ownership_raw": "City of Covington", "city": "Covington", "source_dataset": "Trees", "source_department": "City of Covington", "source_last_edit_at": "2022-01-14T18:21:34.293000+00:00"}}, {"type": "Feature", "geometry": {"type": "Point", "coordinates": [-84.5334511118868, 39.089004782206594]}, "properties": {"id": "covington-2172", "species_group": "crabapple", "scientific_name": "Malus", "common_name": "Crabapple", "subtype_name": null, "zip_code": "41011", "ownership": "public", "ownership_raw": "City of Covington", "city": "Covington", "source_dataset": "Trees", "source_department": "City of Covington", "source_last_edit_at": "2022-01-14T18:21:34.293000+00:00"}}, {"type": "Feature", "geometry": {"type": "Point", "coordinates": [-84.5333052913802, 39.08899110271079]}, "properties": {"id": "covington-2173", "species_group": "crabapple", "scientific_name": "Malus", "common_name": "Crabapple", "subtype_name": null, "zip_code": "41011", "ownership": "public", "ownership_raw": "City of Covington", "city": "Covington", "source_dataset": "Trees", "source_department": "City of Covington", "source_last_edit_at": "2022-01-14T18:21:34.293000+00:00"}}, {"type": "Feature", "geometry": {"type": "Point", "coordinates": [-84.5331566988514, 39.0889773116786]}, "properties": {"id": "covington-2174", "species_group": "crabapple", "scientific_name": "Malus", "common_name": "Crabapple", "subtype_name": null, "zip_code": "41011", "ownership": "public", "ownership_raw": "City of Covington", "city": "Covington", "source_dataset": "Trees", "source_department": "City of Covington", "source_last_edit_at": "2022-01-14T18:21:34.293000+00:00"}}, {"type": "Feature", "geometry": {"type": "Point", "coordinates": [-84.53296107165912, 39.088975811174606]}, "properties": {"id": "covington-2175", "species_group": "crabapple", "scientific_name": "Malus", "common_name": "Crabapple", "subtype_name": null, "zip_code": "41011", "ownership": "public", "ownership_raw": "City of Covington", "city": "Covington", "source_dataset": "Trees", "source_department": "City of Covington", "source_last_edit_at": "2022-01-14T18:21:34.293000+00:00"}}, {"type": "Feature", "geometry": {"type": "Point", "coordinates": [-84.5326098912888, 39.08929446730199]}, "properties": {"id": "covington-2176", "species_group": "crabapple", "scientific_name": "Malus", "common_name": "Crabapple", "subtype_name": null, "zip_code": "41011", "ownership": "public", "ownership_raw": "City of Covington", "city": "Covington", "source_dataset": "Trees", "source_department": "City of Covington", "source_last_edit_at": "2022-01-14T18:21:34.293000+00:00"}}, {"type": "Feature", "geometry": {"type": "Point", "coordinates": [-84.5324215674633, 39.08945439375789]}, "properties": {"id": "covington-2177", "species_group": "crabapple", "scientific_name": "Malus", "common_name": "Crabapple", "subtype_name": null, "zip_code": "41011", "ownership": "public", "ownership_raw": "City of Covington", "city": "Covington", "source_dataset": "Trees", "source_department": "City of Covington", "source_last_edit_at": "2022-01-14T18:21:34.293000+00:00"}}, {"type": "Feature", "geometry": {"type": "Point", "coordinates": [-84.5207699128721, 39.0841014051174]}, "properties": {"id": "covington-2201", "species_group": "crabapple", "scientific_name": "Malus", "common_name": "Crabapple", "subtype_name": null, "zip_code": "41011", "ownership": "public", "ownership_raw": "City of Covington", "city": "Covington", "source_dataset": "Trees", "source_department": "City of Covington", "source_last_edit_at": "2022-01-14T18:21:34.293000+00:00"}}, {"type": "Feature", "geometry": {"type": "Point", "coordinates": [-84.52067132128269, 39.0840736654454]}, "properties": {"id": "covington-2202", "species_group": "crabapple", "scientific_name": "Malus", "common_name": "Crabapple", "subtype_name": null, "zip_code": "41011", "ownership": "public", "ownership_raw": "City of Covington", "city": "Covington", "source_dataset": "Trees", "source_department": "City of Covington", "source_last_edit_at": "2022-01-14T18:21:34.293000+00:00"}}, {"type": "Feature", "geometry": {"type": "Point", "coordinates": [-84.5201943135818, 39.0840197167932]}, "properties": {"id": "covington-2203", "species_group": "crabapple", "scientific_name": "Malus", "common_name": "Crabapple", "subtype_name": null, "zip_code": "41011", "ownership": "public", "ownership_raw": "City of Covington", "city": "Covington", "source_dataset": "Trees", "source_department": "City of Covington", "source_last_edit_at": "2022-01-14T18:21:34.293000+00:00"}}, {"type": "Feature", "geometry": {"type": "Point", "coordinates": [-84.5203323275206, 39.08402704491628]}, "properties": {"id": "covington-2205", "species_group": "crabapple", "scientific_name": "Malus", "common_name": "Crabapple", "subtype_name": null, "zip_code": "41011", "ownership": "public", "ownership_raw": "City of Covington", "city": "Covington", "source_dataset": "Trees", "source_department": "City of Covington", "source_last_edit_at": "2022-01-14T18:21:34.293000+00:00"}}, {"type": "Feature", "geometry": {"type": "Point", "coordinates": [-84.5205815828494, 39.08405148915799]}, "properties": {"id": "covington-2210", "species_group": "crabapple", "scientific_name": "Malus", "common_name": "Crabapple", "subtype_name": null, "zip_code": "41011", "ownership": "public", "ownership_raw": "City of Covington", "city": "Covington", "source_dataset": "Trees", "source_department": "City of Covington", "source_last_edit_at": "2022-01-14T18:21:34.293000+00:00"}}, {"type": "Feature", "geometry": {"type": "Point", "coordinates": [-84.5204615282461, 39.0840970490781]}, "properties": {"id": "covington-2212", "species_group": "crabapple", "scientific_name": "Malus", "common_name": "Crabapple", "subtype_name": null, "zip_code": "41011", "ownership": "public", "ownership_raw": "City of Covington", "city": "Covington", "source_dataset": "Trees", "source_department": "City of Covington", "source_last_edit_at": "2022-01-14T18:21:34.293000+00:00"}}, {"type": "Feature", "geometry": {"type": "Point", "coordinates": [-84.5203094580551, 39.084090008168985]}, "properties": {"id": "covington-2213", "species_group": "crabapple", "scientific_name": "Malus", "common_name": "Crabapple", "subtype_name": null, "zip_code": "41011", "ownership": "public", "ownership_raw": "City of Covington", "city": "Covington", "source_dataset": "Trees", "source_department": "City of Covington", "source_last_edit_at": "2022-01-14T18:21:34.293000+00:00"}}, {"type": "Feature", "geometry": {"type": "Point", "coordinates": [-84.5202990849451, 39.0843830226759]}, "properties": {"id": "covington-2228", "species_group": "crabapple", "scientific_name": "Malus", "common_name": "Crabapple", "subtype_name": null, "zip_code": "41011", "ownership": "public", "ownership_raw": "City of Covington", "city": "Covington", "source_dataset": "Trees", "source_department": "City of Covington", "source_last_edit_at": "2022-01-14T18:21:34.293000+00:00"}}, {"type": "Feature", "geometry": {"type": "Point", "coordinates": [-84.51046103033171, 39.08339762203671]}, "properties": {"id": "covington-2229", "species_group": "magnolia", "scientific_name": "Magnolia", "common_name": "Magnolia", "subtype_name": null, "zip_code": "41011", "ownership": "public", "ownership_raw": "City of Covington", "city": "Covington", "source_dataset": "Trees", "source_department": "City of Covington", "source_last_edit_at": "2022-01-14T18:21:34.293000+00:00"}}, {"type": "Feature", "geometry": {"type": "Point", "coordinates": [-84.5202938727931, 39.084501868460386]}, "properties": {"id": "covington-2230", "species_group": "crabapple", "scientific_name": "Malus", "common_name": "Crabapple", "subtype_name": null, "zip_code": "41011", "ownership": "public", "ownership_raw": "City of Covington", "city": "Covington", "source_dataset": "Trees", "source_department": "City of Covington", "source_last_edit_at": "2022-01-14T18:21:34.293000+00:00"}}, {"type": "Feature", "geometry": {"type": "Point", "coordinates": [-84.5201896364622, 39.084546355154295]}, "properties": {"id": "covington-2237", "species_group": "magnolia", "scientific_name": "Magnolia", "common_name": "Magnolia", "subtype_name": null, "zip_code": "41011", "ownership": "public", "ownership_raw": "City of Covington", "city": "Covington", "source_dataset": "Trees", "source_department": "City of Covington", "source_last_edit_at": "2022-01-14T18:21:34.293000+00:00"}}, {"type": "Feature", "geometry": {"type": "Point", "coordinates": [-84.52258516577969, 39.077100187339894]}, "properties": {"id": "covington-2352", "species_group": "crabapple", "scientific_name": "Malus", "common_name": "Crabapple", "subtype_name": null, "zip_code": "41011", "ownership": "public", "ownership_raw": "City of Covington", "city": "Covington", "source_dataset": "Trees", "source_department": "City of Covington", "source_last_edit_at": "2022-01-14T18:21:34.293000+00:00"}}, {"type": "Feature", "geometry": {"type": "Point", "coordinates": [-84.5052561163902, 39.09026539230529]}, "properties": {"id": "covington-2369", "species_group": "magnolia", "scientific_name": "Magnolia", "common_name": "Magnolia", "subtype_name": null, "zip_code": "41011", "ownership": "public", "ownership_raw": "City of Covington", "city": "Covington", "source_dataset": "Trees", "source_department": "City of Covington", "source_last_edit_at": "2022-01-14T18:21:34.293000+00:00"}}, {"type": "Feature", "geometry": {"type": "Point", "coordinates": [-84.5052722096443, 39.090331969041]}, "properties": {"id": "covington-2370", "species_group": "magnolia", "scientific_name": "Magnolia", "common_name": "Magnolia", "subtype_name": null, "zip_code": "41011", "ownership": "public", "ownership_raw": "City of Covington", "city": "Covington", "source_dataset": "Trees", "source_department": "City of Covington", "source_last_edit_at": "2022-01-14T18:21:34.293000+00:00"}}, {"type": "Feature", "geometry": {"type": "Point", "coordinates": [-84.5042008969053, 39.07388030364571]}, "properties": {"id": "covington-2429", "species_group": "crabapple", "scientific_name": "Malus", "common_name": "Crabapple", "subtype_name": null, "zip_code": "41011", "ownership": "public", "ownership_raw": "City of Covington", "city": "Covington", "source_dataset": "Trees", "source_department": "City of Covington", "source_last_edit_at": "2022-01-14T18:21:34.293000+00:00"}}, {"type": "Feature", "geometry": {"type": "Point", "coordinates": [-84.5041893234358, 39.073818815368206]}, "properties": {"id": "covington-2430", "species_group": "crabapple", "scientific_name": "Malus", "common_name": "Crabapple", "subtype_name": null, "zip_code": "41011", "ownership": "public", "ownership_raw": "City of Covington", "city": "Covington", "source_dataset": "Trees", "source_department": "City of Covington", "source_last_edit_at": "2022-01-14T18:21:34.293000+00:00"}}, {"type": "Feature", "geometry": {"type": "Point", "coordinates": [-84.5338950006584, 39.08028011376349]}, "properties": {"id": "covington-250", "species_group": "magnolia", "scientific_name": "Magnolia", "common_name": "Magnolia", "subtype_name": null, "zip_code": "41011", "ownership": "public", "ownership_raw": "City of Covington", "city": "Covington", "source_dataset": "Trees", "source_department": "City of Covington", "source_last_edit_at": "2022-01-14T18:21:34.293000+00:00"}}, {"type": "Feature", "geometry": {"type": "Point", "coordinates": [-84.5161667391038, 39.0693360751858]}, "properties": {"id": "covington-2573", "species_group": "crabapple", "scientific_name": "Malus", "common_name": "Crabapple", "subtype_name": null, "zip_code": "41014", "ownership": "public", "ownership_raw": "City of Covington", "city": "Covington", "source_dataset": "Trees", "source_department": "City of Covington", "source_last_edit_at": "2022-01-14T18:21:34.293000+00:00"}}, {"type": "Feature", "geometry": {"type": "Point", "coordinates": [-84.5160604030237, 39.069201251329886]}, "properties": {"id": "covington-2575", "species_group": "crabapple", "scientific_name": "Malus", "common_name": "Crabapple", "subtype_name": null, "zip_code": "41014", "ownership": "public", "ownership_raw": "City of Covington", "city": "Covington", "source_dataset": "Trees", "source_department": "City of Covington", "source_last_edit_at": "2022-01-14T18:21:34.293000+00:00"}}, {"type": "Feature", "geometry": {"type": "Point", "coordinates": [-84.5159600066971, 39.06906115901139]}, "properties": {"id": "covington-2578", "species_group": "crabapple", "scientific_name": "Malus", "common_name": "Crabapple", "subtype_name": null, "zip_code": "41014", "ownership": "public", "ownership_raw": "City of Covington", "city": "Covington", "source_dataset": "Trees", "source_department": "City of Covington", "source_last_edit_at": "2022-01-14T18:21:34.293000+00:00"}}, {"type": "Feature", "geometry": {"type": "Point", "coordinates": [-84.5043652418978, 39.0738095391845]}, "properties": {"id": "covington-2593", "species_group": "crabapple", "scientific_name": "Malus", "common_name": "Crabapple", "subtype_name": null, "zip_code": "41011", "ownership": "public", "ownership_raw": "City of Covington", "city": "Covington", "source_dataset": "Trees", "source_department": "City of Covington", "source_last_edit_at": "2022-01-14T18:21:34.293000+00:00"}}, {"type": "Feature", "geometry": {"type": "Point", "coordinates": [-84.50437528488511, 39.07386757996369]}, "properties": {"id": "covington-2594", "species_group": "crabapple", "scientific_name": "Malus", "common_name": "Crabapple", "subtype_name": null, "zip_code": "41011", "ownership": "public", "ownership_raw": "City of Covington", "city": "Covington", "source_dataset": "Trees", "source_department": "City of Covington", "source_last_edit_at": "2022-01-14T18:21:34.293000+00:00"}}, {"type": "Feature", "geometry": {"type": "Point", "coordinates": [-84.5053586581447, 39.0776375388151]}, "properties": {"id": "covington-2615", "species_group": "crabapple", "scientific_name": "Malus", "common_name": "Crabapple", "subtype_name": null, "zip_code": "41011", "ownership": "public", "ownership_raw": "City of Covington", "city": "Covington", "source_dataset": "Trees", "source_department": "City of Covington", "source_last_edit_at": "2022-01-14T18:21:34.293000+00:00"}}, {"type": "Feature", "geometry": {"type": "Point", "coordinates": [-84.5154775058271, 39.06847737724108]}, "properties": {"id": "covington-2622", "species_group": "crabapple", "scientific_name": "Malus", "common_name": "Crabapple", "subtype_name": null, "zip_code": "41014", "ownership": "public", "ownership_raw": "City of Covington", "city": "Covington", "source_dataset": "Trees", "source_department": "City of Covington", "source_last_edit_at": "2022-01-14T18:21:34.293000+00:00"}}, {"type": "Feature", "geometry": {"type": "Point", "coordinates": [-84.51489059476398, 39.067721563907796]}, "properties": {"id": "covington-2627", "species_group": "crabapple", "scientific_name": "Malus", "common_name": "Crabapple", "subtype_name": null, "zip_code": "41014", "ownership": "public", "ownership_raw": "City of Covington", "city": "Covington", "source_dataset": "Trees", "source_department": "City of Covington", "source_last_edit_at": "2022-01-14T18:21:34.293000+00:00"}}, {"type": "Feature", "geometry": {"type": "Point", "coordinates": [-84.5154272385501, 39.06857761786239]}, "properties": {"id": "covington-2629", "species_group": "crabapple", "scientific_name": "Malus", "common_name": "Crabapple", "subtype_name": null, "zip_code": "41014", "ownership": "public", "ownership_raw": "City of Covington", "city": "Covington", "source_dataset": "Trees", "source_department": "City of Covington", "source_last_edit_at": "2022-01-14T18:21:34.293000+00:00"}}, {"type": "Feature", "geometry": {"type": "Point", "coordinates": [-84.5150638445009, 39.0681290219206]}, "properties": {"id": "covington-2631", "species_group": "crabapple", "scientific_name": "Malus", "common_name": "Crabapple", "subtype_name": null, "zip_code": "41014", "ownership": "public", "ownership_raw": "City of Covington", "city": "Covington", "source_dataset": "Trees", "source_department": "City of Covington", "source_last_edit_at": "2022-01-14T18:21:34.293000+00:00"}}, {"type": "Feature", "geometry": {"type": "Point", "coordinates": [-84.5156684561784, 39.06890427957989]}, "properties": {"id": "covington-2632", "species_group": "crabapple", "scientific_name": "Malus", "common_name": "Crabapple", "subtype_name": null, "zip_code": "41014", "ownership": "public", "ownership_raw": "City of Covington", "city": "Covington", "source_dataset": "Trees", "source_department": "City of Covington", "source_last_edit_at": "2022-01-14T18:21:34.293000+00:00"}}, {"type": "Feature", "geometry": {"type": "Point", "coordinates": [-84.51632120251091, 39.0696937537452]}, "properties": {"id": "covington-2634", "species_group": "crabapple", "scientific_name": "Malus", "common_name": "Crabapple", "subtype_name": null, "zip_code": "41014", "ownership": "public", "ownership_raw": "City of Covington", "city": "Covington", "source_dataset": "Trees", "source_department": "City of Covington", "source_last_edit_at": "2022-01-14T18:21:34.293000+00:00"}}, {"type": "Feature", "geometry": {"type": "Point", "coordinates": [-84.5382220706187, 39.0800162565601]}, "properties": {"id": "covington-266", "species_group": "crabapple", "scientific_name": "Malus", "common_name": "Crabapple", "subtype_name": null, "zip_code": "41016", "ownership": "public", "ownership_raw": "City of Covington", "city": "Covington", "source_dataset": "Trees", "source_department": "City of Covington", "source_last_edit_at": "2022-01-14T18:21:34.293000+00:00"}}, {"type": "Feature", "geometry": {"type": "Point", "coordinates": [-84.5118427431289, 39.0709407500864]}, "properties": {"id": "covington-2669", "species_group": "crabapple", "scientific_name": "Malus", "common_name": "Crabapple", "subtype_name": null, "zip_code": "41011", "ownership": "public", "ownership_raw": "City of Covington", "city": "Covington", "source_dataset": "Trees", "source_department": "City of Covington", "source_last_edit_at": "2022-01-14T18:21:34.293000+00:00"}}, {"type": "Feature", "geometry": {"type": "Point", "coordinates": [-84.5109329537284, 39.0710695156446]}, "properties": {"id": "covington-2670", "species_group": "crabapple", "scientific_name": "Malus", "common_name": "Crabapple", "subtype_name": null, "zip_code": "41011", "ownership": "public", "ownership_raw": "City of Covington", "city": "Covington", "source_dataset": "Trees", "source_department": "City of Covington", "source_last_edit_at": "2022-01-14T18:21:34.293000+00:00"}}, {"type": "Feature", "geometry": {"type": "Point", "coordinates": [-84.51065301563358, 39.0711173076948]}, "properties": {"id": "covington-2671", "species_group": "crabapple", "scientific_name": "Malus", "common_name": "Crabapple", "subtype_name": null, "zip_code": "41011", "ownership": "public", "ownership_raw": "City of Covington", "city": "Covington", "source_dataset": "Trees", "source_department": "City of Covington", "source_last_edit_at": "2022-01-14T18:21:34.293000+00:00"}}, {"type": "Feature", "geometry": {"type": "Point", "coordinates": [-84.5104422162741, 39.071260187701]}, "properties": {"id": "covington-2672", "species_group": "crabapple", "scientific_name": "Malus", "common_name": "Crabapple", "subtype_name": null, "zip_code": "41011", "ownership": "public", "ownership_raw": "City of Covington", "city": "Covington", "source_dataset": "Trees", "source_department": "City of Covington", "source_last_edit_at": "2022-01-14T18:21:34.293000+00:00"}}, {"type": "Feature", "geometry": {"type": "Point", "coordinates": [-84.5107567431727, 39.0712186917451]}, "properties": {"id": "covington-2673", "species_group": "crabapple", "scientific_name": "Malus", "common_name": "Crabapple", "subtype_name": null, "zip_code": "41011", "ownership": "public", "ownership_raw": "City of Covington", "city": "Covington", "source_dataset": "Trees", "source_department": "City of Covington", "source_last_edit_at": "2022-01-14T18:21:34.293000+00:00"}}, {"type": "Feature", "geometry": {"type": "Point", "coordinates": [-84.5115339808508, 39.07109872052079]}, "properties": {"id": "covington-2674", "species_group": "crabapple", "scientific_name": "Malus", "common_name": "Crabapple", "subtype_name": null, "zip_code": "41011", "ownership": "public", "ownership_raw": "City of Covington", "city": "Covington", "source_dataset": "Trees", "source_department": "City of Covington", "source_last_edit_at": "2022-01-14T18:21:34.293000+00:00"}}, {"type": "Feature", "geometry": {"type": "Point", "coordinates": [-84.511673964448, 39.0710844417312]}, "properties": {"id": "covington-2675", "species_group": "crabapple", "scientific_name": "Malus", "common_name": "Crabapple", "subtype_name": null, "zip_code": "41011", "ownership": "public", "ownership_raw": "City of Covington", "city": "Covington", "source_dataset": "Trees", "source_department": "City of Covington", "source_last_edit_at": "2022-01-14T18:21:34.293000+00:00"}}, {"type": "Feature", "geometry": {"type": "Point", "coordinates": [-84.512426338585, 39.070960174458]}, "properties": {"id": "covington-2676", "species_group": "crabapple", "scientific_name": "Malus", "common_name": "Crabapple", "subtype_name": null, "zip_code": "41011", "ownership": "public", "ownership_raw": "City of Covington", "city": "Covington", "source_dataset": "Trees", "source_department": "City of Covington", "source_last_edit_at": "2022-01-14T18:21:34.293000+00:00"}}, {"type": "Feature", "geometry": {"type": "Point", "coordinates": [-84.5123475596008, 39.0757220436956]}, "properties": {"id": "covington-2757", "species_group": "crabapple", "scientific_name": "Malus", "common_name": "Crabapple", "subtype_name": null, "zip_code": "41011", "ownership": "public", "ownership_raw": "City of Covington", "city": "Covington", "source_dataset": "Trees", "source_department": "City of Covington", "source_last_edit_at": "2022-01-14T18:21:34.293000+00:00"}}, {"type": "Feature", "geometry": {"type": "Point", "coordinates": [-84.5113640339759, 39.0758403164258]}, "properties": {"id": "covington-2787", "species_group": "crabapple", "scientific_name": "Malus", "common_name": "Crabapple", "subtype_name": null, "zip_code": "41011", "ownership": "public", "ownership_raw": "City of Covington", "city": "Covington", "source_dataset": "Trees", "source_department": "City of Covington", "source_last_edit_at": "2022-01-14T18:21:34.293000+00:00"}}, {"type": "Feature", "geometry": {"type": "Point", "coordinates": [-84.5022671394283, 39.0710538525105]}, "properties": {"id": "covington-2846", "species_group": "crabapple", "scientific_name": "Malus", "common_name": "Crabapple", "subtype_name": null, "zip_code": "41014", "ownership": "public", "ownership_raw": "City of Covington", "city": "Covington", "source_dataset": "Trees", "source_department": "City of Covington", "source_last_edit_at": "2022-01-14T18:21:34.293000+00:00"}}, {"type": "Feature", "geometry": {"type": "Point", "coordinates": [-84.50223832285322, 39.0709011960841]}, "properties": {"id": "covington-2847", "species_group": "crabapple", "scientific_name": "Malus", "common_name": "Crabapple", "subtype_name": null, "zip_code": "41014", "ownership": "public", "ownership_raw": "City of Covington", "city": "Covington", "source_dataset": "Trees", "source_department": "City of Covington", "source_last_edit_at": "2022-01-14T18:21:34.293000+00:00"}}, {"type": "Feature", "geometry": {"type": "Point", "coordinates": [-84.5016072765807, 39.06768021396529]}, "properties": {"id": "covington-2886", "species_group": "crabapple", "scientific_name": "Malus", "common_name": "Crabapple", "subtype_name": null, "zip_code": "41014", "ownership": "public", "ownership_raw": "City of Covington", "city": "Covington", "source_dataset": "Trees", "source_department": "City of Covington", "source_last_edit_at": "2022-01-14T18:21:34.293000+00:00"}}, {"type": "Feature", "geometry": {"type": "Point", "coordinates": [-84.50197703672251, 39.071308525822396]}, "properties": {"id": "covington-2969", "species_group": "crabapple", "scientific_name": "Malus", "common_name": "Crabapple", "subtype_name": null, "zip_code": "41014", "ownership": "public", "ownership_raw": "City of Covington", "city": "Covington", "source_dataset": "Trees", "source_department": "City of Covington", "source_last_edit_at": "2022-01-14T18:21:34.293000+00:00"}}, {"type": "Feature", "geometry": {"type": "Point", "coordinates": [-84.5018462601132, 39.071324712811894]}, "properties": {"id": "covington-2970", "species_group": "crabapple", "scientific_name": "Malus", "common_name": "Crabapple", "subtype_name": null, "zip_code": "41014", "ownership": "public", "ownership_raw": "City of Covington", "city": "Covington", "source_dataset": "Trees", "source_department": "City of Covington", "source_last_edit_at": "2022-01-14T18:21:34.293000+00:00"}}, {"type": "Feature", "geometry": {"type": "Point", "coordinates": [-84.5016424897985, 39.0713695459071]}, "properties": {"id": "covington-2971", "species_group": "crabapple", "scientific_name": "Malus", "common_name": "Crabapple", "subtype_name": null, "zip_code": "41014", "ownership": "public", "ownership_raw": "City of Covington", "city": "Covington", "source_dataset": "Trees", "source_department": "City of Covington", "source_last_edit_at": "2022-01-14T18:21:34.293000+00:00"}}, {"type": "Feature", "geometry": {"type": "Point", "coordinates": [-84.499507054406, 39.07430725581781]}, "properties": {"id": "covington-2993", "species_group": "crabapple", "scientific_name": "Malus", "common_name": "Crabapple", "subtype_name": null, "zip_code": "41014", "ownership": "public", "ownership_raw": "City of Covington", "city": "Covington", "source_dataset": "Trees", "source_department": "City of Covington", "source_last_edit_at": "2022-01-14T18:21:34.293000+00:00"}}, {"type": "Feature", "geometry": {"type": "Point", "coordinates": [-84.4995613431202, 39.07451696560159]}, "properties": {"id": "covington-2994", "species_group": "crabapple", "scientific_name": "Malus", "common_name": "Crabapple", "subtype_name": null, "zip_code": "41014", "ownership": "public", "ownership_raw": "City of Covington", "city": "Covington", "source_dataset": "Trees", "source_department": "City of Covington", "source_last_edit_at": "2022-01-14T18:21:34.293000+00:00"}}, {"type": "Feature", "geometry": {"type": "Point", "coordinates": [-84.5019357124436, 39.07030898667821]}, "properties": {"id": "covington-2998", "species_group": "crabapple", "scientific_name": "Malus", "common_name": "Crabapple", "subtype_name": null, "zip_code": "41014", "ownership": "public", "ownership_raw": "City of Covington", "city": "Covington", "source_dataset": "Trees", "source_department": "City of Covington", "source_last_edit_at": "2022-01-14T18:21:34.293000+00:00"}}, {"type": "Feature", "geometry": {"type": "Point", "coordinates": [-84.5020405236231, 39.0706485213441]}, "properties": {"id": "covington-3001", "species_group": "crabapple", "scientific_name": "Malus", "common_name": "Crabapple", "subtype_name": null, "zip_code": "41014", "ownership": "public", "ownership_raw": "City of Covington", "city": "Covington", "source_dataset": "Trees", "source_department": "City of Covington", "source_last_edit_at": "2022-01-14T18:21:34.293000+00:00"}}, {"type": "Feature", "geometry": {"type": "Point", "coordinates": [-84.5021423678757, 39.07112445312659]}, "properties": {"id": "covington-3003", "species_group": "crabapple", "scientific_name": "Malus", "common_name": "Crabapple", "subtype_name": null, "zip_code": "41014", "ownership": "public", "ownership_raw": "City of Covington", "city": "Covington", "source_dataset": "Trees", "source_department": "City of Covington", "source_last_edit_at": "2022-01-14T18:21:34.293000+00:00"}}, {"type": "Feature", "geometry": {"type": "Point", "coordinates": [-84.5021859337557, 39.071314363796596]}, "properties": {"id": "covington-3004", "species_group": "crabapple", "scientific_name": "Malus", "common_name": "Crabapple", "subtype_name": null, "zip_code": "41014", "ownership": "public", "ownership_raw": "City of Covington", "city": "Covington", "source_dataset": "Trees", "source_department": "City of Covington", "source_last_edit_at": "2022-01-14T18:21:34.293000+00:00"}}, {"type": "Feature", "geometry": {"type": "Point", "coordinates": [-84.5022043399073, 39.07139587675668]}, "properties": {"id": "covington-3005", "species_group": "crabapple", "scientific_name": "Malus", "common_name": "Crabapple", "subtype_name": null, "zip_code": "41014", "ownership": "public", "ownership_raw": "City of Covington", "city": "Covington", "source_dataset": "Trees", "source_department": "City of Covington", "source_last_edit_at": "2022-01-14T18:21:34.293000+00:00"}}, {"type": "Feature", "geometry": {"type": "Point", "coordinates": [-84.5029969674006, 39.07432580736539]}, "properties": {"id": "covington-3022", "species_group": "crabapple", "scientific_name": "Malus", "common_name": "Crabapple", "subtype_name": null, "zip_code": "41011", "ownership": "public", "ownership_raw": "City of Covington", "city": "Covington", "source_dataset": "Trees", "source_department": "City of Covington", "source_last_edit_at": "2022-01-14T18:21:34.293000+00:00"}}, {"type": "Feature", "geometry": {"type": "Point", "coordinates": [-84.5031436183014, 39.0743111353157]}, "properties": {"id": "covington-3023", "species_group": "crabapple", "scientific_name": "Malus", "common_name": "Crabapple", "subtype_name": null, "zip_code": "41011", "ownership": "public", "ownership_raw": "City of Covington", "city": "Covington", "source_dataset": "Trees", "source_department": "City of Covington", "source_last_edit_at": "2022-01-14T18:21:34.293000+00:00"}}, {"type": "Feature", "geometry": {"type": "Point", "coordinates": [-84.5047674792553, 39.07405327599619]}, "properties": {"id": "covington-3025", "species_group": "crabapple", "scientific_name": "Malus", "common_name": "Crabapple", "subtype_name": null, "zip_code": "41011", "ownership": "public", "ownership_raw": "City of Covington", "city": "Covington", "source_dataset": "Trees", "source_department": "City of Covington", "source_last_edit_at": "2022-01-14T18:21:34.293000+00:00"}}, {"type": "Feature", "geometry": {"type": "Point", "coordinates": [-84.50524608024038, 39.07397016220479]}, "properties": {"id": "covington-3027", "species_group": "crabapple", "scientific_name": "Malus", "common_name": "Crabapple", "subtype_name": null, "zip_code": "41011", "ownership": "public", "ownership_raw": "City of Covington", "city": "Covington", "source_dataset": "Trees", "source_department": "City of Covington", "source_last_edit_at": "2022-01-14T18:21:34.293000+00:00"}}, {"type": "Feature", "geometry": {"type": "Point", "coordinates": [-84.5066169075176, 39.073759381738085]}, "properties": {"id": "covington-3030", "species_group": "crabapple", "scientific_name": "Malus", "common_name": "Crabapple", "subtype_name": null, "zip_code": "41011", "ownership": "public", "ownership_raw": "City of Covington", "city": "Covington", "source_dataset": "Trees", "source_department": "City of Covington", "source_last_edit_at": "2022-01-14T18:21:34.293000+00:00"}}, {"type": "Feature", "geometry": {"type": "Point", "coordinates": [-84.4998963439338, 39.0748492182017]}, "properties": {"id": "covington-3044", "species_group": "crabapple", "scientific_name": "Malus", "common_name": "Crabapple", "subtype_name": null, "zip_code": "41014", "ownership": "public", "ownership_raw": "City of Covington", "city": "Covington", "source_dataset": "Trees", "source_department": "City of Covington", "source_last_edit_at": "2022-01-14T18:21:34.293000+00:00"}}, {"type": "Feature", "geometry": {"type": "Point", "coordinates": [-84.5052903033269, 39.0719567509492]}, "properties": {"id": "covington-3046", "species_group": "crabapple", "scientific_name": "Malus", "common_name": "Crabapple", "subtype_name": null, "zip_code": "41011", "ownership": "public", "ownership_raw": "City of Covington", "city": "Covington", "source_dataset": "Trees", "source_department": "City of Covington", "source_last_edit_at": "2022-01-14T18:21:34.293000+00:00"}}, {"type": "Feature", "geometry": {"type": "Point", "coordinates": [-84.50495440300361, 39.072018739918704]}, "properties": {"id": "covington-3047", "species_group": "crabapple", "scientific_name": "Malus", "common_name": "Crabapple", "subtype_name": null, "zip_code": "41011", "ownership": "public", "ownership_raw": "City of Covington", "city": "Covington", "source_dataset": "Trees", "source_department": "City of Covington", "source_last_edit_at": "2022-01-14T18:21:34.293000+00:00"}}, {"type": "Feature", "geometry": {"type": "Point", "coordinates": [-84.5055468293173, 39.07623441767459]}, "properties": {"id": "covington-3085", "species_group": "crabapple", "scientific_name": "Malus", "common_name": "Crabapple", "subtype_name": null, "zip_code": "41011", "ownership": "public", "ownership_raw": "City of Covington", "city": "Covington", "source_dataset": "Trees", "source_department": "City of Covington", "source_last_edit_at": "2022-01-14T18:21:34.293000+00:00"}}, {"type": "Feature", "geometry": {"type": "Point", "coordinates": [-84.53042303620498, 39.08293818231229]}, "properties": {"id": "covington-314", "species_group": "magnolia", "scientific_name": "Magnolia", "common_name": "Magnolia", "subtype_name": null, "zip_code": "41011", "ownership": "public", "ownership_raw": "City of Covington", "city": "Covington", "source_dataset": "Trees", "source_department": "City of Covington", "source_last_edit_at": "2022-01-14T18:21:34.293000+00:00"}}, {"type": "Feature", "geometry": {"type": "Point", "coordinates": [-84.5068499415843, 39.0588575007615]}, "properties": {"id": "covington-3197", "species_group": "magnolia", "scientific_name": "Magnolia", "common_name": "Magnolia", "subtype_name": null, "zip_code": "41014", "ownership": "public", "ownership_raw": "City of Covington", "city": "Covington", "source_dataset": "Trees", "source_department": "City of Covington", "source_last_edit_at": "2022-01-14T18:21:34.293000+00:00"}}, {"type": "Feature", "geometry": {"type": "Point", "coordinates": [-84.5031669508077, 39.0471102401226]}, "properties": {"id": "covington-330", "species_group": "magnolia", "scientific_name": "Magnolia", "common_name": "Magnolia", "subtype_name": null, "zip_code": "41015", "ownership": "public", "ownership_raw": "City of Covington", "city": "Covington", "source_dataset": "Trees", "source_department": "City of Covington", "source_last_edit_at": "2022-01-14T18:21:34.293000+00:00"}}, {"type": "Feature", "geometry": {"type": "Point", "coordinates": [-84.5152531399541, 39.07606615705869]}, "properties": {"id": "covington-3345", "species_group": "crabapple", "scientific_name": "Malus", "common_name": "Crabapple", "subtype_name": null, "zip_code": "41011", "ownership": "public", "ownership_raw": "City of Covington", "city": "Covington", "source_dataset": "Trees", "source_department": "City of Covington", "source_last_edit_at": "2022-01-14T18:21:34.293000+00:00"}}, {"type": "Feature", "geometry": {"type": "Point", "coordinates": [-84.51548437065202, 39.07602556068549]}, "properties": {"id": "covington-3347", "species_group": "crabapple", "scientific_name": "Malus", "common_name": "Crabapple", "subtype_name": null, "zip_code": "41011", "ownership": "public", "ownership_raw": "City of Covington", "city": "Covington", "source_dataset": "Trees", "source_department": "City of Covington", "source_last_edit_at": "2022-01-14T18:21:34.293000+00:00"}}, {"type": "Feature", "geometry": {"type": "Point", "coordinates": [-84.5156615016427, 39.07600185386949]}, "properties": {"id": "covington-3349", "species_group": "crabapple", "scientific_name": "Malus", "common_name": "Crabapple", "subtype_name": null, "zip_code": "41011", "ownership": "public", "ownership_raw": "City of Covington", "city": "Covington", "source_dataset": "Trees", "source_department": "City of Covington", "source_last_edit_at": "2022-01-14T18:21:34.293000+00:00"}}, {"type": "Feature", "geometry": {"type": "Point", "coordinates": [-84.5158414052079, 39.07597419796529]}, "properties": {"id": "covington-3350", "species_group": "crabapple", "scientific_name": "Malus", "common_name": "Crabapple", "subtype_name": null, "zip_code": "41011", "ownership": "public", "ownership_raw": "City of Covington", "city": "Covington", "source_dataset": "Trees", "source_department": "City of Covington", "source_last_edit_at": "2022-01-14T18:21:34.293000+00:00"}}, {"type": "Feature", "geometry": {"type": "Point", "coordinates": [-84.5159930465323, 39.0759535276764]}, "properties": {"id": "covington-3352", "species_group": "crabapple", "scientific_name": "Malus", "common_name": "Crabapple", "subtype_name": null, "zip_code": "41011", "ownership": "public", "ownership_raw": "City of Covington", "city": "Covington", "source_dataset": "Trees", "source_department": "City of Covington", "source_last_edit_at": "2022-01-14T18:21:34.293000+00:00"}}, {"type": "Feature", "geometry": {"type": "Point", "coordinates": [-84.5162506227714, 39.075910061052]}, "properties": {"id": "covington-3353", "species_group": "crabapple", "scientific_name": "Malus", "common_name": "Crabapple", "subtype_name": null, "zip_code": "41011", "ownership": "public", "ownership_raw": "City of Covington", "city": "Covington", "source_dataset": "Trees", "source_department": "City of Covington", "source_last_edit_at": "2022-01-14T18:21:34.293000+00:00"}}, {"type": "Feature", "geometry": {"type": "Point", "coordinates": [-84.5043124455464, 39.08147471314768]}, "properties": {"id": "covington-3371", "species_group": "magnolia", "scientific_name": "Magnolia", "common_name": "Magnolia", "subtype_name": null, "zip_code": "41011", "ownership": "public", "ownership_raw": "City of Covington", "city": "Covington", "source_dataset": "Trees", "source_department": "City of Covington", "source_last_edit_at": "2022-01-14T18:21:34.293000+00:00"}}, {"type": "Feature", "geometry": {"type": "Point", "coordinates": [-84.50817109478749, 39.0802329925758]}, "properties": {"id": "covington-3431", "species_group": "crabapple", "scientific_name": "Malus", "common_name": "Crabapple", "subtype_name": null, "zip_code": "41011", "ownership": "public", "ownership_raw": "City of Covington", "city": "Covington", "source_dataset": "Trees", "source_department": "City of Covington", "source_last_edit_at": "2022-01-14T18:21:34.293000+00:00"}}, {"type": "Feature", "geometry": {"type": "Point", "coordinates": [-84.508037042292, 39.0801405901964]}, "properties": {"id": "covington-3432", "species_group": "crabapple", "scientific_name": "Malus", "common_name": "Crabapple", "subtype_name": null, "zip_code": "41011", "ownership": "public", "ownership_raw": "City of Covington", "city": "Covington", "source_dataset": "Trees", "source_department": "City of Covington", "source_last_edit_at": "2022-01-14T18:21:34.293000+00:00"}}, {"type": "Feature", "geometry": {"type": "Point", "coordinates": [-84.50452383658289, 39.078907848182304]}, "properties": {"id": "covington-3436", "species_group": "crabapple", "scientific_name": "Malus", "common_name": "Crabapple", "subtype_name": null, "zip_code": "41011", "ownership": "public", "ownership_raw": "City of Covington", "city": "Covington", "source_dataset": "Trees", "source_department": "City of Covington", "source_last_edit_at": "2022-01-14T18:21:34.293000+00:00"}}, {"type": "Feature", "geometry": {"type": "Point", "coordinates": [-84.504245991011, 39.0789519795088]}, "properties": {"id": "covington-3437", "species_group": "crabapple", "scientific_name": "Malus", "common_name": "Crabapple", "subtype_name": null, "zip_code": "41011", "ownership": "public", "ownership_raw": "City of Covington", "city": "Covington", "source_dataset": "Trees", "source_department": "City of Covington", "source_last_edit_at": "2022-01-14T18:21:34.293000+00:00"}}, {"type": "Feature", "geometry": {"type": "Point", "coordinates": [-84.50512248039311, 39.0789003907328]}, "properties": {"id": "covington-3439", "species_group": "crabapple", "scientific_name": "Malus", "common_name": "Crabapple", "subtype_name": null, "zip_code": "41011", "ownership": "public", "ownership_raw": "City of Covington", "city": "Covington", "source_dataset": "Trees", "source_department": "City of Covington", "source_last_edit_at": "2022-01-14T18:21:34.293000+00:00"}}, {"type": "Feature", "geometry": {"type": "Point", "coordinates": [-84.50466489195472, 39.078963306963395]}, "properties": {"id": "covington-3440", "species_group": "crabapple", "scientific_name": "Malus", "common_name": "Crabapple", "subtype_name": null, "zip_code": "41011", "ownership": "public", "ownership_raw": "City of Covington", "city": "Covington", "source_dataset": "Trees", "source_department": "City of Covington", "source_last_edit_at": "2022-01-14T18:21:34.293000+00:00"}}, {"type": "Feature", "geometry": {"type": "Point", "coordinates": [-84.50434102241472, 39.0790224324762]}, "properties": {"id": "covington-3442", "species_group": "crabapple", "scientific_name": "Malus", "common_name": "Crabapple", "subtype_name": null, "zip_code": "41011", "ownership": "public", "ownership_raw": "City of Covington", "city": "Covington", "source_dataset": "Trees", "source_department": "City of Covington", "source_last_edit_at": "2022-01-14T18:21:34.293000+00:00"}}, {"type": "Feature", "geometry": {"type": "Point", "coordinates": [-84.5042092961803, 39.0790438357859]}, "properties": {"id": "covington-3443", "species_group": "crabapple", "scientific_name": "Malus", "common_name": "Crabapple", "subtype_name": null, "zip_code": "41011", "ownership": "public", "ownership_raw": "City of Covington", "city": "Covington", "source_dataset": "Trees", "source_department": "City of Covington", "source_last_edit_at": "2022-01-14T18:21:34.293000+00:00"}}, {"type": "Feature", "geometry": {"type": "Point", "coordinates": [-84.5026167142921, 39.052473218829896]}, "properties": {"id": "covington-347", "species_group": "crabapple", "scientific_name": "Malus", "common_name": "Crabapple", "subtype_name": null, "zip_code": "41015", "ownership": "public", "ownership_raw": "City of Covington", "city": "Covington", "source_dataset": "Trees", "source_department": "City of Covington", "source_last_edit_at": "2022-01-14T18:21:34.293000+00:00"}}, {"type": "Feature", "geometry": {"type": "Point", "coordinates": [-84.5073215661684, 39.08601365051919]}, "properties": {"id": "covington-3599", "species_group": "crabapple", "scientific_name": "Malus", "common_name": "Crabapple", "subtype_name": null, "zip_code": "41011", "ownership": "public", "ownership_raw": "City of Covington", "city": "Covington", "source_dataset": "Trees", "source_department": "City of Covington", "source_last_edit_at": "2022-01-14T18:21:34.293000+00:00"}}, {"type": "Feature", "geometry": {"type": "Point", "coordinates": [-84.5071711261686, 39.08544361592709]}, "properties": {"id": "covington-3603", "species_group": "crabapple", "scientific_name": "Malus", "common_name": "Crabapple", "subtype_name": null, "zip_code": "41011", "ownership": "public", "ownership_raw": "City of Covington", "city": "Covington", "source_dataset": "Trees", "source_department": "City of Covington", "source_last_edit_at": "2022-01-14T18:21:34.293000+00:00"}}, {"type": "Feature", "geometry": {"type": "Point", "coordinates": [-84.5064436826872, 39.0859240626239]}, "properties": {"id": "covington-3670", "species_group": "crabapple", "scientific_name": "Malus", "common_name": "Crabapple", "subtype_name": null, "zip_code": "41011", "ownership": "public", "ownership_raw": "City of Covington", "city": "Covington", "source_dataset": "Trees", "source_department": "City of Covington", "source_last_edit_at": "2022-01-14T18:21:34.293000+00:00"}}, {"type": "Feature", "geometry": {"type": "Point", "coordinates": [-84.507054733161, 39.07912086639029]}, "properties": {"id": "covington-3680", "species_group": "crabapple", "scientific_name": "Malus", "common_name": "Crabapple", "subtype_name": null, "zip_code": "41011", "ownership": "public", "ownership_raw": "City of Covington", "city": "Covington", "source_dataset": "Trees", "source_department": "City of Covington", "source_last_edit_at": "2022-01-14T18:21:34.293000+00:00"}}, {"type": "Feature", "geometry": {"type": "Point", "coordinates": [-84.50682276504472, 39.089821952550494]}, "properties": {"id": "covington-3799", "species_group": "crabapple", "scientific_name": "Malus", "common_name": "Crabapple", "subtype_name": null, "zip_code": "41011", "ownership": "public", "ownership_raw": "City of Covington", "city": "Covington", "source_dataset": "Trees", "source_department": "City of Covington", "source_last_edit_at": "2022-01-14T18:21:34.293000+00:00"}}, {"type": "Feature", "geometry": {"type": "Point", "coordinates": [-84.4978126988409, 39.0653753693302]}, "properties": {"id": "covington-3810", "species_group": "magnolia", "scientific_name": "Magnolia", "common_name": "Magnolia", "subtype_name": null, "zip_code": "41014", "ownership": "public", "ownership_raw": "City of Covington", "city": "Covington", "source_dataset": "Trees", "source_department": "City of Covington", "source_last_edit_at": "2022-01-14T18:21:34.293000+00:00"}}, {"type": "Feature", "geometry": {"type": "Point", "coordinates": [-84.5052368345163, 39.0901864168779]}, "properties": {"id": "covington-3854", "species_group": "magnolia", "scientific_name": "Magnolia", "common_name": "Magnolia", "subtype_name": null, "zip_code": "41011", "ownership": "public", "ownership_raw": "City of Covington", "city": "Covington", "source_dataset": "Trees", "source_department": "City of Covington", "source_last_edit_at": "2022-01-14T18:21:34.293000+00:00"}}, {"type": "Feature", "geometry": {"type": "Point", "coordinates": [-84.5059925095525, 39.0412368704975]}, "properties": {"id": "covington-387", "species_group": "crabapple", "scientific_name": "Malus", "common_name": "Crabapple", "subtype_name": null, "zip_code": "41015", "ownership": "public", "ownership_raw": "City of Covington", "city": "Covington", "source_dataset": "Trees", "source_department": "City of Covington", "source_last_edit_at": "2022-01-14T18:21:34.293000+00:00"}}, {"type": "Feature", "geometry": {"type": "Point", "coordinates": [-84.5120203519702, 39.081833687305]}, "properties": {"id": "covington-3888", "species_group": "crabapple", "scientific_name": "Malus", "common_name": "Crabapple", "subtype_name": null, "zip_code": "41011", "ownership": "public", "ownership_raw": "City of Covington", "city": "Covington", "source_dataset": "Trees", "source_department": "City of Covington", "source_last_edit_at": "2022-01-14T18:21:34.293000+00:00"}}, {"type": "Feature", "geometry": {"type": "Point", "coordinates": [-84.5056480636146, 39.0411990964188]}, "properties": {"id": "covington-389", "species_group": "crabapple", "scientific_name": "Malus", "common_name": "Crabapple", "subtype_name": null, "zip_code": "41015", "ownership": "public", "ownership_raw": "City of Covington", "city": "Covington", "source_dataset": "Trees", "source_department": "City of Covington", "source_last_edit_at": "2022-01-14T18:21:34.293000+00:00"}}, {"type": "Feature", "geometry": {"type": "Point", "coordinates": [-84.5114633522876, 39.0831184394932]}, "properties": {"id": "covington-3890", "species_group": "crabapple", "scientific_name": "Malus", "common_name": "Crabapple", "subtype_name": null, "zip_code": "41011", "ownership": "public", "ownership_raw": "City of Covington", "city": "Covington", "source_dataset": "Trees", "source_department": "City of Covington", "source_last_edit_at": "2022-01-14T18:21:34.293000+00:00"}}, {"type": "Feature", "geometry": {"type": "Point", "coordinates": [-84.5114228389007, 39.08310360282499]}, "properties": {"id": "covington-3891", "species_group": "crabapple", "scientific_name": "Malus", "common_name": "Crabapple", "subtype_name": null, "zip_code": "41011", "ownership": "public", "ownership_raw": "City of Covington", "city": "Covington", "source_dataset": "Trees", "source_department": "City of Covington", "source_last_edit_at": "2022-01-14T18:21:34.293000+00:00"}}, {"type": "Feature", "geometry": {"type": "Point", "coordinates": [-84.5055142074183, 39.04119600462431]}, "properties": {"id": "covington-390", "species_group": "crabapple", "scientific_name": "Malus", "common_name": "Crabapple", "subtype_name": null, "zip_code": "41015", "ownership": "public", "ownership_raw": "City of Covington", "city": "Covington", "source_dataset": "Trees", "source_department": "City of Covington", "source_last_edit_at": "2022-01-14T18:21:34.293000+00:00"}}, {"type": "Feature", "geometry": {"type": "Point", "coordinates": [-84.5051272315045, 39.0411512257336]}, "properties": {"id": "covington-394", "species_group": "crabapple", "scientific_name": "Malus", "common_name": "Crabapple", "subtype_name": null, "zip_code": "41015", "ownership": "public", "ownership_raw": "City of Covington", "city": "Covington", "source_dataset": "Trees", "source_department": "City of Covington", "source_last_edit_at": "2022-01-14T18:21:34.293000+00:00"}}, {"type": "Feature", "geometry": {"type": "Point", "coordinates": [-84.5205220872388, 39.07325457067779]}, "properties": {"id": "covington-3943", "species_group": "crabapple", "scientific_name": "Malus", "common_name": "Crabapple", "subtype_name": null, "zip_code": "41011", "ownership": "public", "ownership_raw": "City of Covington", "city": "Covington", "source_dataset": "Trees", "source_department": "City of Covington", "source_last_edit_at": "2022-01-14T18:21:34.293000+00:00"}}, {"type": "Feature", "geometry": {"type": "Point", "coordinates": [-84.52044713107868, 39.073148516638696]}, "properties": {"id": "covington-3944", "species_group": "crabapple", "scientific_name": "Malus", "common_name": "Crabapple", "subtype_name": null, "zip_code": "41011", "ownership": "public", "ownership_raw": "City of Covington", "city": "Covington", "source_dataset": "Trees", "source_department": "City of Covington", "source_last_edit_at": "2022-01-14T18:21:34.293000+00:00"}}, {"type": "Feature", "geometry": {"type": "Point", "coordinates": [-84.5204006247138, 39.0731114427538]}, "properties": {"id": "covington-3945", "species_group": "crabapple", "scientific_name": "Malus", "common_name": "Crabapple", "subtype_name": null, "zip_code": "41011", "ownership": "public", "ownership_raw": "City of Covington", "city": "Covington", "source_dataset": "Trees", "source_department": "City of Covington", "source_last_edit_at": "2022-01-14T18:21:34.293000+00:00"}}, {"type": "Feature", "geometry": {"type": "Point", "coordinates": [-84.5233761793722, 39.08029164957029]}, "properties": {"id": "covington-3949", "species_group": "crabapple", "scientific_name": "Malus", "common_name": "Crabapple", "subtype_name": null, "zip_code": "41011", "ownership": "public", "ownership_raw": "City of Covington", "city": "Covington", "source_dataset": "Trees", "source_department": "City of Covington", "source_last_edit_at": "2022-01-14T18:21:34.293000+00:00"}}, {"type": "Feature", "geometry": {"type": "Point", "coordinates": [-84.52315622336569, 39.07968016115069]}, "properties": {"id": "covington-3950", "species_group": "crabapple", "scientific_name": "Malus", "common_name": "Crabapple", "subtype_name": null, "zip_code": "41011", "ownership": "public", "ownership_raw": "City of Covington", "city": "Covington", "source_dataset": "Trees", "source_department": "City of Covington", "source_last_edit_at": "2022-01-14T18:21:34.293000+00:00"}}, {"type": "Feature", "geometry": {"type": "Point", "coordinates": [-84.5259409958545, 39.076154378531186]}, "properties": {"id": "covington-3960", "species_group": "crabapple", "scientific_name": "Malus", "common_name": "Crabapple", "subtype_name": null, "zip_code": "41011", "ownership": "public", "ownership_raw": "City of Covington", "city": "Covington", "source_dataset": "Trees", "source_department": "City of Covington", "source_last_edit_at": "2022-01-14T18:21:34.293000+00:00"}}, {"type": "Feature", "geometry": {"type": "Point", "coordinates": [-84.5240069270167, 39.07734684559801]}, "properties": {"id": "covington-3968", "species_group": "crabapple", "scientific_name": "Malus", "common_name": "Crabapple", "subtype_name": null, "zip_code": "41011", "ownership": "public", "ownership_raw": "City of Covington", "city": "Covington", "source_dataset": "Trees", "source_department": "City of Covington", "source_last_edit_at": "2022-01-14T18:21:34.293000+00:00"}}, {"type": "Feature", "geometry": {"type": "Point", "coordinates": [-84.5240135425196, 39.07744755124921]}, "properties": {"id": "covington-3969", "species_group": "crabapple", "scientific_name": "Malus", "common_name": "Crabapple", "subtype_name": null, "zip_code": "41011", "ownership": "public", "ownership_raw": "City of Covington", "city": "Covington", "source_dataset": "Trees", "source_department": "City of Covington", "source_last_edit_at": "2022-01-14T18:21:34.293000+00:00"}}, {"type": "Feature", "geometry": {"type": "Point", "coordinates": [-84.52404169039852, 39.0775369340741]}, "properties": {"id": "covington-3971", "species_group": "crabapple", "scientific_name": "Malus", "common_name": "Crabapple", "subtype_name": null, "zip_code": "41011", "ownership": "public", "ownership_raw": "City of Covington", "city": "Covington", "source_dataset": "Trees", "source_department": "City of Covington", "source_last_edit_at": "2022-01-14T18:21:34.293000+00:00"}}, {"type": "Feature", "geometry": {"type": "Point", "coordinates": [-84.5241086762968, 39.07800635145869]}, "properties": {"id": "covington-3974", "species_group": "crabapple", "scientific_name": "Malus", "common_name": "Crabapple", "subtype_name": null, "zip_code": "41011", "ownership": "public", "ownership_raw": "City of Covington", "city": "Covington", "source_dataset": "Trees", "source_department": "City of Covington", "source_last_edit_at": "2022-01-14T18:21:34.293000+00:00"}}, {"type": "Feature", "geometry": {"type": "Point", "coordinates": [-84.52403317323541, 39.077174794574596]}, "properties": {"id": "covington-3977", "species_group": "crabapple", "scientific_name": "Malus", "common_name": "Crabapple", "subtype_name": null, "zip_code": "41011", "ownership": "public", "ownership_raw": "City of Covington", "city": "Covington", "source_dataset": "Trees", "source_department": "City of Covington", "source_last_edit_at": "2022-01-14T18:21:34.293000+00:00"}}, {"type": "Feature", "geometry": {"type": "Point", "coordinates": [-84.5240172926209, 39.07710877667749]}, "properties": {"id": "covington-3978", "species_group": "crabapple", "scientific_name": "Malus", "common_name": "Crabapple", "subtype_name": null, "zip_code": "41011", "ownership": "public", "ownership_raw": "City of Covington", "city": "Covington", "source_dataset": "Trees", "source_department": "City of Covington", "source_last_edit_at": "2022-01-14T18:21:34.293000+00:00"}}, {"type": "Feature", "geometry": {"type": "Point", "coordinates": [-84.5253783630193, 39.0765804958553]}, "properties": {"id": "covington-3985", "species_group": "crabapple", "scientific_name": "Malus", "common_name": "Crabapple", "subtype_name": null, "zip_code": "41011", "ownership": "public", "ownership_raw": "City of Covington", "city": "Covington", "source_dataset": "Trees", "source_department": "City of Covington", "source_last_edit_at": "2022-01-14T18:21:34.293000+00:00"}}, {"type": "Feature", "geometry": {"type": "Point", "coordinates": [-84.5253257382834, 39.0765894197156]}, "properties": {"id": "covington-3986", "species_group": "crabapple", "scientific_name": "Malus", "common_name": "Crabapple", "subtype_name": null, "zip_code": "41011", "ownership": "public", "ownership_raw": "City of Covington", "city": "Covington", "source_dataset": "Trees", "source_department": "City of Covington", "source_last_edit_at": "2022-01-14T18:21:34.293000+00:00"}}, {"type": "Feature", "geometry": {"type": "Point", "coordinates": [-84.5259575969092, 39.07645281610219]}, "properties": {"id": "covington-3987", "species_group": "crabapple", "scientific_name": "Malus", "common_name": "Crabapple", "subtype_name": null, "zip_code": "41011", "ownership": "public", "ownership_raw": "City of Covington", "city": "Covington", "source_dataset": "Trees", "source_department": "City of Covington", "source_last_edit_at": "2022-01-14T18:21:34.293000+00:00"}}, {"type": "Feature", "geometry": {"type": "Point", "coordinates": [-84.5261700818254, 39.076307240286]}, "properties": {"id": "covington-3988", "species_group": "crabapple", "scientific_name": "Malus", "common_name": "Crabapple", "subtype_name": null, "zip_code": "41011", "ownership": "public", "ownership_raw": "City of Covington", "city": "Covington", "source_dataset": "Trees", "source_department": "City of Covington", "source_last_edit_at": "2022-01-14T18:21:34.293000+00:00"}}, {"type": "Feature", "geometry": {"type": "Point", "coordinates": [-84.5258716300832, 39.0763686642397]}, "properties": {"id": "covington-3989", "species_group": "crabapple", "scientific_name": "Malus", "common_name": "Crabapple", "subtype_name": null, "zip_code": "41011", "ownership": "public", "ownership_raw": "City of Covington", "city": "Covington", "source_dataset": "Trees", "source_department": "City of Covington", "source_last_edit_at": "2022-01-14T18:21:34.293000+00:00"}}, {"type": "Feature", "geometry": {"type": "Point", "coordinates": [-84.52558956610739, 39.0764392665991]}, "properties": {"id": "covington-3990", "species_group": "crabapple", "scientific_name": "Malus", "common_name": "Crabapple", "subtype_name": null, "zip_code": "41011", "ownership": "public", "ownership_raw": "City of Covington", "city": "Covington", "source_dataset": "Trees", "source_department": "City of Covington", "source_last_edit_at": "2022-01-14T18:21:34.293000+00:00"}}, {"type": "Feature", "geometry": {"type": "Point", "coordinates": [-84.52486794834948, 39.0765910097103]}, "properties": {"id": "covington-3991", "species_group": "crabapple", "scientific_name": "Malus", "common_name": "Crabapple", "subtype_name": null, "zip_code": "41011", "ownership": "public", "ownership_raw": "City of Covington", "city": "Covington", "source_dataset": "Trees", "source_department": "City of Covington", "source_last_edit_at": "2022-01-14T18:21:34.293000+00:00"}}, {"type": "Feature", "geometry": {"type": "Point", "coordinates": [-84.5240238631486, 39.07679199995679]}, "properties": {"id": "covington-3992", "species_group": "crabapple", "scientific_name": "Malus", "common_name": "Crabapple", "subtype_name": null, "zip_code": "41011", "ownership": "public", "ownership_raw": "City of Covington", "city": "Covington", "source_dataset": "Trees", "source_department": "City of Covington", "source_last_edit_at": "2022-01-14T18:21:34.293000+00:00"}}, {"type": "Feature", "geometry": {"type": "Point", "coordinates": [-84.523482386126, 39.07699483961639]}, "properties": {"id": "covington-3993", "species_group": "crabapple", "scientific_name": "Malus", "common_name": "Crabapple", "subtype_name": null, "zip_code": "41011", "ownership": "public", "ownership_raw": "City of Covington", "city": "Covington", "source_dataset": "Trees", "source_department": "City of Covington", "source_last_edit_at": "2022-01-14T18:21:34.293000+00:00"}}, {"type": "Feature", "geometry": {"type": "Point", "coordinates": [-84.523586630771, 39.0769717129448]}, "properties": {"id": "covington-3994", "species_group": "crabapple", "scientific_name": "Malus", "common_name": "Crabapple", "subtype_name": null, "zip_code": "41011", "ownership": "public", "ownership_raw": "City of Covington", "city": "Covington", "source_dataset": "Trees", "source_department": "City of Covington", "source_last_edit_at": "2022-01-14T18:21:34.293000+00:00"}}, {"type": "Feature", "geometry": {"type": "Point", "coordinates": [-84.5236821204126, 39.076950716015794]}, "properties": {"id": "covington-3995", "species_group": "crabapple", "scientific_name": "Malus", "common_name": "Crabapple", "subtype_name": null, "zip_code": "41011", "ownership": "public", "ownership_raw": "City of Covington", "city": "Covington", "source_dataset": "Trees", "source_department": "City of Covington", "source_last_edit_at": "2022-01-14T18:21:34.293000+00:00"}}, {"type": "Feature", "geometry": {"type": "Point", "coordinates": [-84.5190271045595, 39.07859944559979]}, "properties": {"id": "covington-4158", "species_group": "crabapple", "scientific_name": "Malus", "common_name": "Crabapple", "subtype_name": null, "zip_code": "41011", "ownership": "public", "ownership_raw": "City of Covington", "city": "Covington", "source_dataset": "Trees", "source_department": "City of Covington", "source_last_edit_at": "2022-01-14T18:21:34.293000+00:00"}}, {"type": "Feature", "geometry": {"type": "Point", "coordinates": [-84.4994707584743, 39.038685004481394]}, "properties": {"id": "covington-416", "species_group": "crabapple", "scientific_name": "Malus", "common_name": "Crabapple", "subtype_name": null, "zip_code": "41015", "ownership": "public", "ownership_raw": "City of Covington", "city": "Covington", "source_dataset": "Trees", "source_department": "City of Covington", "source_last_edit_at": "2022-01-14T18:21:34.293000+00:00"}}, {"type": "Feature", "geometry": {"type": "Point", "coordinates": [-84.51949192083121, 39.07943980188869]}, "properties": {"id": "covington-4161", "species_group": "crabapple", "scientific_name": "Malus", "common_name": "Crabapple", "subtype_name": null, "zip_code": "41011", "ownership": "public", "ownership_raw": "City of Covington", "city": "Covington", "source_dataset": "Trees", "source_department": "City of Covington", "source_last_edit_at": "2022-01-14T18:21:34.293000+00:00"}}, {"type": "Feature", "geometry": {"type": "Point", "coordinates": [-84.51687992606212, 39.080324892517986]}, "properties": {"id": "covington-4188", "species_group": "magnolia", "scientific_name": "Magnolia acuminata", "common_name": "Cucumber Magnolia", "subtype_name": "Cucumber Magnolia", "zip_code": "41011", "ownership": "public", "ownership_raw": "City of Covington", "city": "Covington", "source_dataset": "Trees", "source_department": "City of Covington", "source_last_edit_at": "2022-01-14T18:21:34.293000+00:00"}}, {"type": "Feature", "geometry": {"type": "Point", "coordinates": [-84.5167700317914, 39.08034256474159]}, "properties": {"id": "covington-4189", "species_group": "magnolia", "scientific_name": "Magnolia acuminata", "common_name": "Cucumber Magnolia", "subtype_name": "Cucumber Magnolia", "zip_code": "41011", "ownership": "public", "ownership_raw": "City of Covington", "city": "Covington", "source_dataset": "Trees", "source_department": "City of Covington", "source_last_edit_at": "2022-01-14T18:21:34.293000+00:00"}}, {"type": "Feature", "geometry": {"type": "Point", "coordinates": [-84.5166770059993, 39.08037432434419]}, "properties": {"id": "covington-4190", "species_group": "magnolia", "scientific_name": "Magnolia acuminata", "common_name": "Cucumber Magnolia", "subtype_name": "Cucumber Magnolia", "zip_code": "41011", "ownership": "public", "ownership_raw": "City of Covington", "city": "Covington", "source_dataset": "Trees", "source_department": "City of Covington", "source_last_edit_at": "2022-01-14T18:21:34.293000+00:00"}}, {"type": "Feature", "geometry": {"type": "Point", "coordinates": [-84.5164420496607, 39.08041702650039]}, "properties": {"id": "covington-4191", "species_group": "magnolia", "scientific_name": "Magnolia acuminata", "common_name": "Cucumber Magnolia", "subtype_name": "Cucumber Magnolia", "zip_code": "41011", "ownership": "public", "ownership_raw": "City of Covington", "city": "Covington", "source_dataset": "Trees", "source_department": "City of Covington", "source_last_edit_at": "2022-01-14T18:21:34.293000+00:00"}}, {"type": "Feature", "geometry": {"type": "Point", "coordinates": [-84.498849576727, 39.0393628897178]}, "properties": {"id": "covington-421", "species_group": "crabapple", "scientific_name": "Malus", "common_name": "Crabapple", "subtype_name": null, "zip_code": "41015", "ownership": "public", "ownership_raw": "City of Covington", "city": "Covington", "source_dataset": "Trees", "source_department": "City of Covington", "source_last_edit_at": "2022-01-14T18:21:34.293000+00:00"}}, {"type": "Feature", "geometry": {"type": "Point", "coordinates": [-84.51636465696592, 39.0804330433453]}, "properties": {"id": "covington-4218", "species_group": "magnolia", "scientific_name": "Magnolia acuminata", "common_name": "Cucumber Magnolia", "subtype_name": "Cucumber Magnolia", "zip_code": "41011", "ownership": "public", "ownership_raw": "City of Covington", "city": "Covington", "source_dataset": "Trees", "source_department": "City of Covington", "source_last_edit_at": "2022-01-14T18:21:34.293000+00:00"}}, {"type": "Feature", "geometry": {"type": "Point", "coordinates": [-84.5162868737369, 39.080455946345]}, "properties": {"id": "covington-4219", "species_group": "magnolia", "scientific_name": "Magnolia acuminata", "common_name": "Cucumber Magnolia", "subtype_name": "Cucumber Magnolia", "zip_code": "41011", "ownership": "public", "ownership_raw": "City of Covington", "city": "Covington", "source_dataset": "Trees", "source_department": "City of Covington", "source_last_edit_at": "2022-01-14T18:21:34.293000+00:00"}}, {"type": "Feature", "geometry": {"type": "Point", "coordinates": [-84.4968041208221, 39.0417023331878]}, "properties": {"id": "covington-427", "species_group": "crabapple", "scientific_name": "Malus", "common_name": "Crabapple", "subtype_name": null, "zip_code": "41015", "ownership": "public", "ownership_raw": "City of Covington", "city": "Covington", "source_dataset": "Trees", "source_department": "City of Covington", "source_last_edit_at": "2022-01-14T18:21:34.293000+00:00"}}, {"type": "Feature", "geometry": {"type": "Point", "coordinates": [-84.5154699204224, 39.081236637658485]}, "properties": {"id": "covington-4278", "species_group": "crabapple", "scientific_name": "Malus", "common_name": "Crabapple", "subtype_name": null, "zip_code": "41011", "ownership": "public", "ownership_raw": "City of Covington", "city": "Covington", "source_dataset": "Trees", "source_department": "City of Covington", "source_last_edit_at": "2022-01-14T18:21:34.293000+00:00"}}, {"type": "Feature", "geometry": {"type": "Point", "coordinates": [-84.5153558572071, 39.0812484243234]}, "properties": {"id": "covington-4285", "species_group": "crabapple", "scientific_name": "Malus", "common_name": "Crabapple", "subtype_name": null, "zip_code": "41011", "ownership": "public", "ownership_raw": "City of Covington", "city": "Covington", "source_dataset": "Trees", "source_department": "City of Covington", "source_last_edit_at": "2022-01-14T18:21:34.293000+00:00"}}, {"type": "Feature", "geometry": {"type": "Point", "coordinates": [-84.4960909337823, 39.0396475314318]}, "properties": {"id": "covington-429", "species_group": "plum", "scientific_name": "Prunus cerasifera", "common_name": "Cherry Plum", "subtype_name": "Cherry Plum", "zip_code": "41015", "ownership": "public", "ownership_raw": "City of Covington", "city": "Covington", "source_dataset": "Trees", "source_department": "City of Covington", "source_last_edit_at": "2022-01-14T18:21:34.293000+00:00"}}, {"type": "Feature", "geometry": {"type": "Point", "coordinates": [-84.5121598689786, 39.078279526562284]}, "properties": {"id": "covington-4299", "species_group": "crabapple", "scientific_name": "Malus", "common_name": "Crabapple", "subtype_name": null, "zip_code": "41011", "ownership": "public", "ownership_raw": "City of Covington", "city": "Covington", "source_dataset": "Trees", "source_department": "City of Covington", "source_last_edit_at": "2022-01-14T18:21:34.293000+00:00"}}, {"type": "Feature", "geometry": {"type": "Point", "coordinates": [-84.5093142986298, 39.089967511379804]}, "properties": {"id": "covington-4530", "species_group": "magnolia", "scientific_name": "Magnolia", "common_name": "Magnolia", "subtype_name": null, "zip_code": "41011", "ownership": "public", "ownership_raw": "City of Covington", "city": "Covington", "source_dataset": "Trees", "source_department": "City of Covington", "source_last_edit_at": "2022-01-14T18:21:34.293000+00:00"}}, {"type": "Feature", "geometry": {"type": "Point", "coordinates": [-84.50175851583478, 39.0501472532792]}, "properties": {"id": "covington-4568", "species_group": "crabapple", "scientific_name": "Malus", "common_name": "Fruiting Apple", "subtype_name": "Fruiting Apple", "zip_code": "41015", "ownership": "public", "ownership_raw": "City of Covington", "city": "Covington", "source_dataset": "Trees", "source_department": "City of Covington", "source_last_edit_at": "2022-01-14T18:21:34.293000+00:00"}}, {"type": "Feature", "geometry": {"type": "Point", "coordinates": [-84.50063869357109, 39.04875019922859]}, "properties": {"id": "covington-4595", "species_group": "crabapple", "scientific_name": "Malus", "common_name": "Crabapple", "subtype_name": null, "zip_code": "41015", "ownership": "public", "ownership_raw": "City of Covington", "city": "Covington", "source_dataset": "Trees", "source_department": "City of Covington", "source_last_edit_at": "2022-01-14T18:21:34.293000+00:00"}}, {"type": "Feature", "geometry": {"type": "Point", "coordinates": [-84.50198382139209, 39.0789413675319]}, "properties": {"id": "covington-4596", "species_group": "crabapple", "scientific_name": "Malus", "common_name": "Crabapple", "subtype_name": null, "zip_code": "41011", "ownership": "public", "ownership_raw": "City of Covington", "city": "Covington", "source_dataset": "Trees", "source_department": "City of Covington", "source_last_edit_at": "2022-01-14T18:21:34.293000+00:00"}}, {"type": "Feature", "geometry": {"type": "Point", "coordinates": [-84.5018899440766, 39.07887054371299]}, "properties": {"id": "covington-4603", "species_group": "crabapple", "scientific_name": "Malus", "common_name": "Crabapple", "subtype_name": null, "zip_code": "41011", "ownership": "public", "ownership_raw": "City of Covington", "city": "Covington", "source_dataset": "Trees", "source_department": "City of Covington", "source_last_edit_at": "2022-01-14T18:21:34.293000+00:00"}}, {"type": "Feature", "geometry": {"type": "Point", "coordinates": [-84.50180947780609, 39.07888720145809]}, "properties": {"id": "covington-4604", "species_group": "crabapple", "scientific_name": "Malus", "common_name": "Crabapple", "subtype_name": null, "zip_code": "41011", "ownership": "public", "ownership_raw": "City of Covington", "city": "Covington", "source_dataset": "Trees", "source_department": "City of Covington", "source_last_edit_at": "2022-01-14T18:21:34.293000+00:00"}}, {"type": "Feature", "geometry": {"type": "Point", "coordinates": [-84.5020776987076, 39.07918915151829]}, "properties": {"id": "covington-4607", "species_group": "crabapple", "scientific_name": "Malus", "common_name": "Crabapple", "subtype_name": null, "zip_code": "41011", "ownership": "public", "ownership_raw": "City of Covington", "city": "Covington", "source_dataset": "Trees", "source_department": "City of Covington", "source_last_edit_at": "2022-01-14T18:21:34.293000+00:00"}}, {"type": "Feature", "geometry": {"type": "Point", "coordinates": [-84.5074903964996, 39.085882843969]}, "properties": {"id": "covington-4647", "species_group": "crabapple", "scientific_name": "Malus", "common_name": "Crabapple", "subtype_name": null, "zip_code": "41011", "ownership": "public", "ownership_raw": "City of Covington", "city": "Covington", "source_dataset": "Trees", "source_department": "City of Covington", "source_last_edit_at": "2022-01-14T18:21:34.293000+00:00"}}, {"type": "Feature", "geometry": {"type": "Point", "coordinates": [-84.50748503208162, 39.085787077155786]}, "properties": {"id": "covington-4648", "species_group": "crabapple", "scientific_name": "Malus", "common_name": "Crabapple", "subtype_name": null, "zip_code": "41011", "ownership": "public", "ownership_raw": "City of Covington", "city": "Covington", "source_dataset": "Trees", "source_department": "City of Covington", "source_last_edit_at": "2022-01-14T18:21:34.293000+00:00"}}, {"type": "Feature", "geometry": {"type": "Point", "coordinates": [-84.5073562860489, 39.08533732948369]}, "properties": {"id": "covington-4650", "species_group": "crabapple", "scientific_name": "Malus", "common_name": "Crabapple", "subtype_name": null, "zip_code": "41011", "ownership": "public", "ownership_raw": "City of Covington", "city": "Covington", "source_dataset": "Trees", "source_department": "City of Covington", "source_last_edit_at": "2022-01-14T18:21:34.293000+00:00"}}, {"type": "Feature", "geometry": {"type": "Point", "coordinates": [-84.5074152946472, 39.08554553192749]}, "properties": {"id": "covington-4652", "species_group": "crabapple", "scientific_name": "Malus", "common_name": "Crabapple", "subtype_name": null, "zip_code": "41011", "ownership": "public", "ownership_raw": "City of Covington", "city": "Covington", "source_dataset": "Trees", "source_department": "City of Covington", "source_last_edit_at": "2022-01-14T18:21:34.293000+00:00"}}, {"type": "Feature", "geometry": {"type": "Point", "coordinates": [-84.5074582099915, 39.08569127327251]}, "properties": {"id": "covington-4654", "species_group": "crabapple", "scientific_name": "Malus", "common_name": "Crabapple", "subtype_name": null, "zip_code": "41011", "ownership": "public", "ownership_raw": "City of Covington", "city": "Covington", "source_dataset": "Trees", "source_department": "City of Covington", "source_last_edit_at": "2022-01-14T18:21:34.293000+00:00"}}, {"type": "Feature", "geometry": {"type": "Point", "coordinates": [-84.51039791107182, 39.073735710823584]}, "properties": {"id": "covington-4733", "species_group": "crabapple", "scientific_name": "Malus", "common_name": "Crabapple", "subtype_name": null, "zip_code": "41011", "ownership": "public", "ownership_raw": "City of Covington", "city": "Covington", "source_dataset": "Trees", "source_department": "City of Covington", "source_last_edit_at": "2022-01-14T18:21:34.293000+00:00"}}, {"type": "Feature", "geometry": {"type": "Point", "coordinates": [-84.5103013515472, 39.073731632899786]}, "properties": {"id": "covington-4734", "species_group": "crabapple", "scientific_name": "Malus", "common_name": "Crabapple", "subtype_name": null, "zip_code": "41011", "ownership": "public", "ownership_raw": "City of Covington", "city": "Covington", "source_dataset": "Trees", "source_department": "City of Covington", "source_last_edit_at": "2022-01-14T18:21:34.293000+00:00"}}, {"type": "Feature", "geometry": {"type": "Point", "coordinates": [-84.5017224423905, 39.05061391443218]}, "properties": {"id": "covington-476", "species_group": "crabapple", "scientific_name": "Malus", "common_name": "Crabapple", "subtype_name": null, "zip_code": "41015", "ownership": "public", "ownership_raw": "City of Covington", "city": "Covington", "source_dataset": "Trees", "source_department": "City of Covington", "source_last_edit_at": "2022-01-14T18:21:34.293000+00:00"}}, {"type": "Feature", "geometry": {"type": "Point", "coordinates": [-84.4976359605789, 39.06536718255149]}, "properties": {"id": "covington-4767", "species_group": "magnolia", "scientific_name": "Magnolia", "common_name": "Magnolia", "subtype_name": null, "zip_code": "41014", "ownership": "public", "ownership_raw": "City of Covington", "city": "Covington", "source_dataset": "Trees", "source_department": "City of Covington", "source_last_edit_at": "2022-01-14T18:21:34.293000+00:00"}}, {"type": "Feature", "geometry": {"type": "Point", "coordinates": [-84.4977439194918, 39.06537394481709]}, "properties": {"id": "covington-4768", "species_group": "magnolia", "scientific_name": "Magnolia", "common_name": "Magnolia", "subtype_name": null, "zip_code": "41014", "ownership": "public", "ownership_raw": "City of Covington", "city": "Covington", "source_dataset": "Trees", "source_department": "City of Covington", "source_last_edit_at": "2022-01-14T18:21:34.293000+00:00"}}, {"type": "Feature", "geometry": {"type": "Point", "coordinates": [-84.4978968054056, 39.0653786386958]}, "properties": {"id": "covington-4769", "species_group": "magnolia", "scientific_name": "Magnolia", "common_name": "Magnolia", "subtype_name": null, "zip_code": "41014", "ownership": "public", "ownership_raw": "City of Covington", "city": "Covington", "source_dataset": "Trees", "source_department": "City of Covington", "source_last_edit_at": "2022-01-14T18:21:34.293000+00:00"}}, {"type": "Feature", "geometry": {"type": "Point", "coordinates": [-84.5052292943001, 39.090131053718906]}, "properties": {"id": "covington-4774", "species_group": "magnolia", "scientific_name": "Magnolia", "common_name": "Magnolia", "subtype_name": null, "zip_code": "41011", "ownership": "public", "ownership_raw": "City of Covington", "city": "Covington", "source_dataset": "Trees", "source_department": "City of Covington", "source_last_edit_at": "2022-01-14T18:21:34.293000+00:00"}}, {"type": "Feature", "geometry": {"type": "Point", "coordinates": [-84.5141563564539, 39.0776952603746]}, "properties": {"id": "covington-4778", "species_group": "magnolia", "scientific_name": "Magnolia", "common_name": "Magnolia", "subtype_name": null, "zip_code": "41011", "ownership": "public", "ownership_raw": "City of Covington", "city": "Covington", "source_dataset": "Trees", "source_department": "City of Covington", "source_last_edit_at": "2022-01-14T18:21:34.293000+00:00"}}, {"type": "Feature", "geometry": {"type": "Point", "coordinates": [-84.5018719059156, 39.05075091370239]}, "properties": {"id": "covington-479", "species_group": "crabapple", "scientific_name": "Malus", "common_name": "Crabapple", "subtype_name": null, "zip_code": "41015", "ownership": "public", "ownership_raw": "City of Covington", "city": "Covington", "source_dataset": "Trees", "source_department": "City of Covington", "source_last_edit_at": "2022-01-14T18:21:34.293000+00:00"}}, {"type": "Feature", "geometry": {"type": "Point", "coordinates": [-84.5169612833653, 39.0773291237098]}, "properties": {"id": "covington-4807", "species_group": "crabapple", "scientific_name": "Malus", "common_name": "Crabapple", "subtype_name": null, "zip_code": "41011", "ownership": "public", "ownership_raw": "City of Covington", "city": "Covington", "source_dataset": "Trees", "source_department": "City of Covington", "source_last_edit_at": "2022-01-14T18:21:34.293000+00:00"}}, {"type": "Feature", "geometry": {"type": "Point", "coordinates": [-84.5018789482707, 39.0505256947357]}, "properties": {"id": "covington-481", "species_group": "crabapple", "scientific_name": "Malus", "common_name": "Crabapple", "subtype_name": null, "zip_code": "41015", "ownership": "public", "ownership_raw": "City of Covington", "city": "Covington", "source_dataset": "Trees", "source_department": "City of Covington", "source_last_edit_at": "2022-01-14T18:21:34.293000+00:00"}}, {"type": "Feature", "geometry": {"type": "Point", "coordinates": [-84.5168211476179, 39.07677158853719]}, "properties": {"id": "covington-4815", "species_group": "crabapple", "scientific_name": "Malus", "common_name": "Crabapple", "subtype_name": null, "zip_code": "41011", "ownership": "public", "ownership_raw": "City of Covington", "city": "Covington", "source_dataset": "Trees", "source_department": "City of Covington", "source_last_edit_at": "2022-01-14T18:21:34.293000+00:00"}}, {"type": "Feature", "geometry": {"type": "Point", "coordinates": [-84.5168393646944, 39.0768527248133]}, "properties": {"id": "covington-4816", "species_group": "crabapple", "scientific_name": "Malus", "common_name": "Crabapple", "subtype_name": null, "zip_code": "41011", "ownership": "public", "ownership_raw": "City of Covington", "city": "Covington", "source_dataset": "Trees", "source_department": "City of Covington", "source_last_edit_at": "2022-01-14T18:21:34.293000+00:00"}}, {"type": "Feature", "geometry": {"type": "Point", "coordinates": [-84.51530190836428, 39.0772903328691]}, "properties": {"id": "covington-4824", "species_group": "crabapple", "scientific_name": "Malus", "common_name": "Crabapple", "subtype_name": null, "zip_code": "41011", "ownership": "public", "ownership_raw": "City of Covington", "city": "Covington", "source_dataset": "Trees", "source_department": "City of Covington", "source_last_edit_at": "2022-01-14T18:21:34.293000+00:00"}}, {"type": "Feature", "geometry": {"type": "Point", "coordinates": [-84.5019026944465, 39.05034192635279]}, "properties": {"id": "covington-483", "species_group": "crabapple", "scientific_name": "Malus", "common_name": "Crabapple", "subtype_name": null, "zip_code": "41015", "ownership": "public", "ownership_raw": "City of Covington", "city": "Covington", "source_dataset": "Trees", "source_department": "City of Covington", "source_last_edit_at": "2022-01-14T18:21:34.293000+00:00"}}, {"type": "Feature", "geometry": {"type": "Point", "coordinates": [-84.50188873197949, 39.0500528271285]}, "properties": {"id": "covington-485", "species_group": "crabapple", "scientific_name": "Malus", "common_name": "Crabapple", "subtype_name": null, "zip_code": "41015", "ownership": "public", "ownership_raw": "City of Covington", "city": "Covington", "source_dataset": "Trees", "source_department": "City of Covington", "source_last_edit_at": "2022-01-14T18:21:34.293000+00:00"}}, {"type": "Feature", "geometry": {"type": "Point", "coordinates": [-84.50351501366961, 39.0541715513251]}, "properties": {"id": "covington-506", "species_group": "crabapple", "scientific_name": "Malus", "common_name": "Crabapple", "subtype_name": null, "zip_code": "41015", "ownership": "public", "ownership_raw": "City of Covington", "city": "Covington", "source_dataset": "Trees", "source_department": "City of Covington", "source_last_edit_at": "2022-01-14T18:21:34.293000+00:00"}}, {"type": "Feature", "geometry": {"type": "Point", "coordinates": [-84.5034482691368, 39.05409956732309]}, "properties": {"id": "covington-507", "species_group": "magnolia", "scientific_name": "Magnolia", "common_name": "Magnolia", "subtype_name": null, "zip_code": "41015", "ownership": "public", "ownership_raw": "City of Covington", "city": "Covington", "source_dataset": "Trees", "source_department": "City of Covington", "source_last_edit_at": "2022-01-14T18:21:34.293000+00:00"}}, {"type": "Feature", "geometry": {"type": "Point", "coordinates": [-84.51295110546012, 39.04694723022661]}, "properties": {"id": "covington-567", "species_group": "crabapple", "scientific_name": "Malus", "common_name": "Crabapple", "subtype_name": null, "zip_code": "41015", "ownership": "public", "ownership_raw": "City of Covington", "city": "Covington", "source_dataset": "Trees", "source_department": "City of Covington", "source_last_edit_at": "2022-01-14T18:21:34.293000+00:00"}}, {"type": "Feature", "geometry": {"type": "Point", "coordinates": [-84.513087815514, 39.04561985706649]}, "properties": {"id": "covington-586", "species_group": "crabapple", "scientific_name": "Malus", "common_name": "Crabapple", "subtype_name": null, "zip_code": "41015", "ownership": "public", "ownership_raw": "City of Covington", "city": "Covington", "source_dataset": "Trees", "source_department": "City of Covington", "source_last_edit_at": "2022-01-14T18:21:34.293000+00:00"}}, {"type": "Feature", "geometry": {"type": "Point", "coordinates": [-84.5340281892357, 39.0804412566847]}, "properties": {"id": "covington-593", "species_group": "magnolia", "scientific_name": "Magnolia", "common_name": "Magnolia", "subtype_name": null, "zip_code": "41011", "ownership": "public", "ownership_raw": "City of Covington", "city": "Covington", "source_dataset": "Trees", "source_department": "City of Covington", "source_last_edit_at": "2022-01-14T18:21:34.293000+00:00"}}, {"type": "Feature", "geometry": {"type": "Point", "coordinates": [-84.49439762000742, 39.0445061970099]}, "properties": {"id": "covington-604", "species_group": "plum", "scientific_name": "Prunus cerasifera", "common_name": "Cherry Plum", "subtype_name": "Cherry Plum", "zip_code": "41015", "ownership": "public", "ownership_raw": "City of Covington", "city": "Covington", "source_dataset": "Trees", "source_department": "City of Covington", "source_last_edit_at": "2022-01-14T18:21:34.293000+00:00"}}, {"type": "Feature", "geometry": {"type": "Point", "coordinates": [-84.5128343697338, 39.046441537831996]}, "properties": {"id": "covington-634", "species_group": "crabapple", "scientific_name": "Malus", "common_name": "Crabapple", "subtype_name": null, "zip_code": "41015", "ownership": "public", "ownership_raw": "City of Covington", "city": "Covington", "source_dataset": "Trees", "source_department": "City of Covington", "source_last_edit_at": "2022-01-14T18:21:34.293000+00:00"}}, {"type": "Feature", "geometry": {"type": "Point", "coordinates": [-84.51292263099779, 39.0465962378449]}, "properties": {"id": "covington-635", "species_group": "crabapple", "scientific_name": "Malus", "common_name": "Crabapple", "subtype_name": null, "zip_code": "41015", "ownership": "public", "ownership_raw": "City of Covington", "city": "Covington", "source_dataset": "Trees", "source_department": "City of Covington", "source_last_edit_at": "2022-01-14T18:21:34.293000+00:00"}}, {"type": "Feature", "geometry": {"type": "Point", "coordinates": [-84.51319838997469, 39.047014385057686]}, "properties": {"id": "covington-636", "species_group": "crabapple", "scientific_name": "Malus", "common_name": "Crabapple", "subtype_name": null, "zip_code": "41015", "ownership": "public", "ownership_raw": "City of Covington", "city": "Covington", "source_dataset": "Trees", "source_department": "City of Covington", "source_last_edit_at": "2022-01-14T18:21:34.293000+00:00"}}, {"type": "Feature", "geometry": {"type": "Point", "coordinates": [-84.51348796976269, 39.04743215575228]}, "properties": {"id": "covington-638", "species_group": "crabapple", "scientific_name": "Malus", "common_name": "Crabapple", "subtype_name": null, "zip_code": "41015", "ownership": "public", "ownership_raw": "City of Covington", "city": "Covington", "source_dataset": "Trees", "source_department": "City of Covington", "source_last_edit_at": "2022-01-14T18:21:34.293000+00:00"}}, {"type": "Feature", "geometry": {"type": "Point", "coordinates": [-84.5136005794747, 39.047597863120394]}, "properties": {"id": "covington-640", "species_group": "crabapple", "scientific_name": "Malus", "common_name": "Crabapple", "subtype_name": null, "zip_code": "41015", "ownership": "public", "ownership_raw": "City of Covington", "city": "Covington", "source_dataset": "Trees", "source_department": "City of Covington", "source_last_edit_at": "2022-01-14T18:21:34.293000+00:00"}}, {"type": "Feature", "geometry": {"type": "Point", "coordinates": [-84.5136021890863, 39.04761467850819]}, "properties": {"id": "covington-641", "species_group": "crabapple", "scientific_name": "Malus", "common_name": "Crabapple", "subtype_name": null, "zip_code": "41015", "ownership": "public", "ownership_raw": "City of Covington", "city": "Covington", "source_dataset": "Trees", "source_department": "City of Covington", "source_last_edit_at": "2022-01-14T18:21:34.293000+00:00"}}, {"type": "Feature", "geometry": {"type": "Point", "coordinates": [-84.5136727353444, 39.04749299689029]}, "properties": {"id": "covington-642", "species_group": "crabapple", "scientific_name": "Malus", "common_name": "Crabapple", "subtype_name": null, "zip_code": "41015", "ownership": "public", "ownership_raw": "City of Covington", "city": "Covington", "source_dataset": "Trees", "source_department": "City of Covington", "source_last_edit_at": "2022-01-14T18:21:34.293000+00:00"}}, {"type": "Feature", "geometry": {"type": "Point", "coordinates": [-84.5133532997704, 39.046974433370906]}, "properties": {"id": "covington-645", "species_group": "crabapple", "scientific_name": "Malus", "common_name": "Crabapple", "subtype_name": null, "zip_code": "41015", "ownership": "public", "ownership_raw": "City of Covington", "city": "Covington", "source_dataset": "Trees", "source_department": "City of Covington", "source_last_edit_at": "2022-01-14T18:21:34.293000+00:00"}}, {"type": "Feature", "geometry": {"type": "Point", "coordinates": [-84.5130252858225, 39.04645954779421]}, "properties": {"id": "covington-648", "species_group": "crabapple", "scientific_name": "Malus", "common_name": "Crabapple", "subtype_name": null, "zip_code": "41015", "ownership": "public", "ownership_raw": "City of Covington", "city": "Covington", "source_dataset": "Trees", "source_department": "City of Covington", "source_last_edit_at": "2022-01-14T18:21:34.293000+00:00"}}, {"type": "Feature", "geometry": {"type": "Point", "coordinates": [-84.5129151520669, 39.04625211021168]}, "properties": {"id": "covington-651", "species_group": "crabapple", "scientific_name": "Malus", "common_name": "Crabapple", "subtype_name": null, "zip_code": "41015", "ownership": "public", "ownership_raw": "City of Covington", "city": "Covington", "source_dataset": "Trees", "source_department": "City of Covington", "source_last_edit_at": "2022-01-14T18:21:34.293000+00:00"}}, {"type": "Feature", "geometry": {"type": "Point", "coordinates": [-84.5126260037602, 39.04605974766581]}, "properties": {"id": "covington-654", "species_group": "crabapple", "scientific_name": "Malus", "common_name": "Crabapple", "subtype_name": null, "zip_code": "41015", "ownership": "public", "ownership_raw": "City of Covington", "city": "Covington", "source_dataset": "Trees", "source_department": "City of Covington", "source_last_edit_at": "2022-01-14T18:21:34.293000+00:00"}}, {"type": "Feature", "geometry": {"type": "Point", "coordinates": [-84.5128807450357, 39.0469699616799]}, "properties": {"id": "covington-672", "species_group": "crabapple", "scientific_name": "Malus", "common_name": "Crabapple", "subtype_name": null, "zip_code": "41015", "ownership": "public", "ownership_raw": "City of Covington", "city": "Covington", "source_dataset": "Trees", "source_department": "City of Covington", "source_last_edit_at": "2022-01-14T18:21:34.293000+00:00"}}, {"type": "Feature", "geometry": {"type": "Point", "coordinates": [-84.5139795814831, 39.04796614609289]}, "properties": {"id": "covington-677", "species_group": "crabapple", "scientific_name": "Malus", "common_name": "Crabapple", "subtype_name": null, "zip_code": "41015", "ownership": "public", "ownership_raw": "City of Covington", "city": "Covington", "source_dataset": "Trees", "source_department": "City of Covington", "source_last_edit_at": "2022-01-14T18:21:34.293000+00:00"}}, {"type": "Feature", "geometry": {"type": "Point", "coordinates": [-84.5138778657251, 39.0480415993846]}, "properties": {"id": "covington-679", "species_group": "crabapple", "scientific_name": "Malus", "common_name": "Crabapple", "subtype_name": null, "zip_code": "41015", "ownership": "public", "ownership_raw": "City of Covington", "city": "Covington", "source_dataset": "Trees", "source_department": "City of Covington", "source_last_edit_at": "2022-01-14T18:21:34.293000+00:00"}}, {"type": "Feature", "geometry": {"type": "Point", "coordinates": [-84.51413649129572, 39.04820448121309]}, "properties": {"id": "covington-683", "species_group": "crabapple", "scientific_name": "Malus", "common_name": "Crabapple", "subtype_name": null, "zip_code": "41015", "ownership": "public", "ownership_raw": "City of Covington", "city": "Covington", "source_dataset": "Trees", "source_department": "City of Covington", "source_last_edit_at": "2022-01-14T18:21:34.293000+00:00"}}, {"type": "Feature", "geometry": {"type": "Point", "coordinates": [-84.514235898092, 39.04833914397]}, "properties": {"id": "covington-685", "species_group": "crabapple", "scientific_name": "Malus", "common_name": "Crabapple", "subtype_name": null, "zip_code": "41015", "ownership": "public", "ownership_raw": "City of Covington", "city": "Covington", "source_dataset": "Trees", "source_department": "City of Covington", "source_last_edit_at": "2022-01-14T18:21:34.293000+00:00"}}, {"type": "Feature", "geometry": {"type": "Point", "coordinates": [-84.5143318101114, 39.04844628545659]}, "properties": {"id": "covington-687", "species_group": "crabapple", "scientific_name": "Malus", "common_name": "Crabapple", "subtype_name": null, "zip_code": "41015", "ownership": "public", "ownership_raw": "City of Covington", "city": "Covington", "source_dataset": "Trees", "source_department": "City of Covington", "source_last_edit_at": "2022-01-14T18:21:34.293000+00:00"}}, {"type": "Feature", "geometry": {"type": "Point", "coordinates": [-84.5135475964242, 39.05288808794]}, "properties": {"id": "covington-738", "species_group": "magnolia", "scientific_name": "Magnolia", "common_name": "Magnolia", "subtype_name": null, "zip_code": "41015", "ownership": "public", "ownership_raw": "City of Covington", "city": "Covington", "source_dataset": "Trees", "source_department": "City of Covington", "source_last_edit_at": "2022-01-14T18:21:34.293000+00:00"}}, {"type": "Feature", "geometry": {"type": "Point", "coordinates": [-84.5083493160234, 39.051202133576695]}, "properties": {"id": "covington-758", "species_group": "crabapple", "scientific_name": "Malus", "common_name": "Crabapple", "subtype_name": null, "zip_code": "41015", "ownership": "public", "ownership_raw": "City of Covington", "city": "Covington", "source_dataset": "Trees", "source_department": "City of Covington", "source_last_edit_at": "2022-01-14T18:21:34.293000+00:00"}}, {"type": "Feature", "geometry": {"type": "Point", "coordinates": [-84.5085018237475, 39.0494250728321]}, "properties": {"id": "covington-768", "species_group": "crabapple", "scientific_name": "Malus", "common_name": "Crabapple", "subtype_name": null, "zip_code": "41015", "ownership": "public", "ownership_raw": "City of Covington", "city": "Covington", "source_dataset": "Trees", "source_department": "City of Covington", "source_last_edit_at": "2022-01-14T18:21:34.293000+00:00"}}, {"type": "Feature", "geometry": {"type": "Point", "coordinates": [-84.5085687046575, 39.04886637852379]}, "properties": {"id": "covington-770", "species_group": "crabapple", "scientific_name": "Malus", "common_name": "Crabapple", "subtype_name": null, "zip_code": "41015", "ownership": "public", "ownership_raw": "City of Covington", "city": "Covington", "source_dataset": "Trees", "source_department": "City of Covington", "source_last_edit_at": "2022-01-14T18:21:34.293000+00:00"}}, {"type": "Feature", "geometry": {"type": "Point", "coordinates": [-84.5085849650564, 39.04873362781209]}, "properties": {"id": "covington-771", "species_group": "crabapple", "scientific_name": "Malus", "common_name": "Crabapple", "subtype_name": null, "zip_code": "41015", "ownership": "public", "ownership_raw": "City of Covington", "city": "Covington", "source_dataset": "Trees", "source_department": "City of Covington", "source_last_edit_at": "2022-01-14T18:21:34.293000+00:00"}}, {"type": "Feature", "geometry": {"type": "Point", "coordinates": [-84.5086010232685, 39.04862045463008]}, "properties": {"id": "covington-772", "species_group": "crabapple", "scientific_name": "Malus", "common_name": "Crabapple", "subtype_name": null, "zip_code": "41015", "ownership": "public", "ownership_raw": "City of Covington", "city": "Covington", "source_dataset": "Trees", "source_department": "City of Covington", "source_last_edit_at": "2022-01-14T18:21:34.293000+00:00"}}, {"type": "Feature", "geometry": {"type": "Point", "coordinates": [-84.50860658811989, 39.04847364215059]}, "properties": {"id": "covington-773", "species_group": "crabapple", "scientific_name": "Malus", "common_name": "Crabapple", "subtype_name": null, "zip_code": "41015", "ownership": "public", "ownership_raw": "City of Covington", "city": "Covington", "source_dataset": "Trees", "source_department": "City of Covington", "source_last_edit_at": "2022-01-14T18:21:34.293000+00:00"}}, {"type": "Feature", "geometry": {"type": "Point", "coordinates": [-84.50860739355909, 39.04841501448611]}, "properties": {"id": "covington-774", "species_group": "crabapple", "scientific_name": "Malus", "common_name": "Crabapple", "subtype_name": null, "zip_code": "41015", "ownership": "public", "ownership_raw": "City of Covington", "city": "Covington", "source_dataset": "Trees", "source_department": "City of Covington", "source_last_edit_at": "2022-01-14T18:21:34.293000+00:00"}}, {"type": "Feature", "geometry": {"type": "Point", "coordinates": [-84.5048018734373, 39.07479004650101]}, "properties": {"id": "covington-836", "species_group": "crabapple", "scientific_name": "Malus", "common_name": "Crabapple", "subtype_name": null, "zip_code": "41011", "ownership": "public", "ownership_raw": "City of Covington", "city": "Covington", "source_dataset": "Trees", "source_department": "City of Covington", "source_last_edit_at": "2022-01-14T18:21:34.293000+00:00"}}, {"type": "Feature", "geometry": {"type": "Point", "coordinates": [-84.50572763494269, 39.0748454045985]}, "properties": {"id": "covington-837", "species_group": "crabapple", "scientific_name": "Malus", "common_name": "Crabapple", "subtype_name": null, "zip_code": "41011", "ownership": "public", "ownership_raw": "City of Covington", "city": "Covington", "source_dataset": "Trees", "source_department": "City of Covington", "source_last_edit_at": "2022-01-14T18:21:34.293000+00:00"}}, {"type": "Feature", "geometry": {"type": "Point", "coordinates": [-84.50594190658698, 39.0748352945425]}, "properties": {"id": "covington-838", "species_group": "crabapple", "scientific_name": "Malus", "common_name": "Crabapple", "subtype_name": null, "zip_code": "41011", "ownership": "public", "ownership_raw": "City of Covington", "city": "Covington", "source_dataset": "Trees", "source_department": "City of Covington", "source_last_edit_at": "2022-01-14T18:21:34.293000+00:00"}}, {"type": "Feature", "geometry": {"type": "Point", "coordinates": [-84.527051519777, 39.08078825994951]}, "properties": {"id": "covington-86", "species_group": "magnolia", "scientific_name": "Magnolia", "common_name": "Magnolia", "subtype_name": null, "zip_code": "41011", "ownership": "public", "ownership_raw": "City of Covington", "city": "Covington", "source_dataset": "Trees", "source_department": "City of Covington", "source_last_edit_at": "2022-01-14T18:21:34.293000+00:00"}}, {"type": "Feature", "geometry": {"type": "Point", "coordinates": [-84.5000467729863, 39.07498916662269]}, "properties": {"id": "covington-862", "species_group": "crabapple", "scientific_name": "Malus", "common_name": "Crabapple", "subtype_name": null, "zip_code": "41011", "ownership": "public", "ownership_raw": "City of Covington", "city": "Covington", "source_dataset": "Trees", "source_department": "City of Covington", "source_last_edit_at": "2022-01-14T18:21:34.293000+00:00"}}, {"type": "Feature", "geometry": {"type": "Point", "coordinates": [-84.4999732013936, 39.0750528774275]}, "properties": {"id": "covington-863", "species_group": "crabapple", "scientific_name": "Malus", "common_name": "Crabapple", "subtype_name": null, "zip_code": "41011", "ownership": "public", "ownership_raw": "City of Covington", "city": "Covington", "source_dataset": "Trees", "source_department": "City of Covington", "source_last_edit_at": "2022-01-14T18:21:34.293000+00:00"}}, {"type": "Feature", "geometry": {"type": "Point", "coordinates": [-84.499899440156, 39.0750920215219]}, "properties": {"id": "covington-864", "species_group": "crabapple", "scientific_name": "Malus", "common_name": "Crabapple", "subtype_name": null, "zip_code": "41011", "ownership": "public", "ownership_raw": "City of Covington", "city": "Covington", "source_dataset": "Trees", "source_department": "City of Covington", "source_last_edit_at": "2022-01-14T18:21:34.293000+00:00"}}, {"type": "Feature", "geometry": {"type": "Point", "coordinates": [-84.4985712404599, 39.0746289206976]}, "properties": {"id": "covington-875", "species_group": "crabapple", "scientific_name": "Malus", "common_name": "Crabapple", "subtype_name": null, "zip_code": "41014", "ownership": "public", "ownership_raw": "City of Covington", "city": "Covington", "source_dataset": "Trees", "source_department": "City of Covington", "source_last_edit_at": "2022-01-14T18:21:34.293000+00:00"}}, {"type": "Feature", "geometry": {"type": "Point", "coordinates": [-84.5268230285796, 39.08065087989559]}, "properties": {"id": "covington-88", "species_group": "magnolia", "scientific_name": "Magnolia", "common_name": "Magnolia", "subtype_name": null, "zip_code": "41011", "ownership": "public", "ownership_raw": "City of Covington", "city": "Covington", "source_dataset": "Trees", "source_department": "City of Covington", "source_last_edit_at": "2022-01-14T18:21:34.293000+00:00"}}, {"type": "Feature", "geometry": {"type": "Point", "coordinates": [-84.49971068031441, 39.0751085331926]}, "properties": {"id": "covington-880", "species_group": "crabapple", "scientific_name": "Malus", "common_name": "Crabapple", "subtype_name": null, "zip_code": "41011", "ownership": "public", "ownership_raw": "City of Covington", "city": "Covington", "source_dataset": "Trees", "source_department": "City of Covington", "source_last_edit_at": "2022-01-14T18:21:34.293000+00:00"}}, {"type": "Feature", "geometry": {"type": "Point", "coordinates": [-84.5202631877507, 39.079836739191]}, "properties": {"id": "covington-892", "species_group": "magnolia", "scientific_name": "Magnolia", "common_name": "Magnolia", "subtype_name": null, "zip_code": "41011", "ownership": "public", "ownership_raw": "City of Covington", "city": "Covington", "source_dataset": "Trees", "source_department": "City of Covington", "source_last_edit_at": "2022-01-14T18:21:34.293000+00:00"}}, {"type": "Feature", "geometry": {"type": "Point", "coordinates": [-84.52043702732938, 39.07969772606491]}, "properties": {"id": "covington-895", "species_group": "crabapple", "scientific_name": "Malus", "common_name": "Crabapple", "subtype_name": null, "zip_code": "41011", "ownership": "public", "ownership_raw": "City of Covington", "city": "Covington", "source_dataset": "Trees", "source_department": "City of Covington", "source_last_edit_at": "2022-01-14T18:21:34.293000+00:00"}}, {"type": "Feature", "geometry": {"type": "Point", "coordinates": [-84.5201053611295, 39.08135076116049]}, "properties": {"id": "covington-907", "species_group": "magnolia", "scientific_name": "Magnolia", "common_name": "Magnolia", "subtype_name": null, "zip_code": "41011", "ownership": "public", "ownership_raw": "City of Covington", "city": "Covington", "source_dataset": "Trees", "source_department": "City of Covington", "source_last_edit_at": "2022-01-14T18:21:34.293000+00:00"}}, {"type": "Feature", "geometry": {"type": "Point", "coordinates": [-84.52657394886178, 39.082527832189996]}, "properties": {"id": "covington-908", "species_group": "crabapple", "scientific_name": "Malus", "common_name": "Crabapple", "subtype_name": null, "zip_code": "41011", "ownership": "public", "ownership_raw": "City of Covington", "city": "Covington", "source_dataset": "Trees", "source_department": "City of Covington", "source_last_edit_at": "2022-01-14T18:21:34.293000+00:00"}}, {"type": "Feature", "geometry": {"type": "Point", "coordinates": [-84.5265486525708, 39.082511894994]}, "properties": {"id": "covington-909", "species_group": "crabapple", "scientific_name": "Malus", "common_name": "Crabapple", "subtype_name": null, "zip_code": "41011", "ownership": "public", "ownership_raw": "City of Covington", "city": "Covington", "source_dataset": "Trees", "source_department": "City of Covington", "source_last_edit_at": "2022-01-14T18:21:34.293000+00:00"}}, {"type": "Feature", "geometry": {"type": "Point", "coordinates": [-84.53926151449922, 39.08356985729759]}, "properties": {"id": "covington-942", "species_group": "magnolia", "scientific_name": "Magnolia", "common_name": "Magnolia", "subtype_name": null, "zip_code": "41016", "ownership": "public", "ownership_raw": "City of Covington", "city": "Covington", "source_dataset": "Trees", "source_department": "City of Covington", "source_last_edit_at": "2022-01-14T18:21:34.293000+00:00"}}, {"type": "Feature", "geometry": {"type": "Point", "coordinates": [-84.5066550719067, 39.058605340846796]}, "properties": {"id": "covington-955", "species_group": "magnolia", "scientific_name": "Magnolia", "common_name": "Magnolia", "subtype_name": null, "zip_code": "41014", "ownership": "public", "ownership_raw": "City of Covington", "city": "Covington", "source_dataset": "Trees", "source_department": "City of Covington", "source_last_edit_at": "2022-01-14T18:21:34.293000+00:00"}}]}