{"type": "FeatureCollection", "features": [{"type": "Feature", "geometry": {"type": "Point", "coordinates": [139.8117010000001, 35.727980719943126]}, "properties": {"id": "sumida-ward-306-0-125727981-319811701", "species_group": "cherry", "scientific_name": "Prunus species", "common_name": "サクラ", "subtype_name": "サクラ", "zip_code": null, "ownership": "public", "ownership_raw": "Tokyo Metropolitan Government", "city": "Sumida Ward", "source_dataset": "Street Trees / 街路樹", "source_department": "Tokyo Metropolitan Government", "source_last_edit_at": ""}}, {"type": "Feature", "geometry": {"type": "Point", "coordinates": [139.8052399000001, 35.70074379994372]}, "properties": {"id": "sumida-ward-315-0-125700744-319805240", "species_group": "magnolia", "scientific_name": "Magnolia species", "common_name": "コブシ", "subtype_name": "コブシ", "zip_code": null, "ownership": "public", "ownership_raw": "Tokyo Metropolitan Government", "city": "Sumida Ward", "source_dataset": "Street Trees / 街路樹", "source_department": "Tokyo Metropolitan Government", "source_last_edit_at": ""}}, {"type": "Feature", "geometry": {"type": "Point", "coordinates": [139.80813990000004, 35.70074488994373]}, "properties": {"id": "sumida-ward-315-0-125700745-319808140", "species_group": "cherry", "scientific_name": "Prunus species", "common_name": "サクラ", "subtype_name": "サクラ", "zip_code": null, "ownership": "public", "ownership_raw": "Tokyo Metropolitan Government", "city": "Sumida Ward", "source_dataset": "Street Trees / 街路樹", "source_department": "Tokyo Metropolitan Government", "source_last_edit_at": ""}}, {"type": "Feature", "geometry": {"type": "Point", "coordinates": [139.80532650000012, 35.700746869943714]}, "properties": {"id": "sumida-ward-315-0-125700747-319805327", "species_group": "magnolia", "scientific_name": "Magnolia species", "common_name": "コブシ", "subtype_name": "コブシ", "zip_code": null, "ownership": "public", "ownership_raw": "Tokyo Metropolitan Government", "city": "Sumida Ward", "source_dataset": "Street Trees / 街路樹", "source_department": "Tokyo Metropolitan Government", "source_last_edit_at": ""}}, {"type": "Feature", "geometry": {"type": "Point", "coordinates": [139.80541650000012, 35.70075409994371]}, "properties": {"id": "sumida-ward-315-0-125700754-319805417", "species_group": "magnolia", "scientific_name": "Magnolia species", "common_name": "コブシ", "subtype_name": "コブシ", "zip_code": null, "ownership": "public", "ownership_raw": "Tokyo Metropolitan Government", "city": "Sumida Ward", "source_dataset": "Street Trees / 街路樹", "source_department": "Tokyo Metropolitan Government", "source_last_edit_at": ""}}, {"type": "Feature", "geometry": {"type": "Point", "coordinates": [139.80563180000004, 35.70076369994371]}, "properties": {"id": "sumida-ward-315-0-125700764-319805632", "species_group": "magnolia", "scientific_name": "Magnolia species", "common_name": "コブシ", "subtype_name": "コブシ", "zip_code": null, "ownership": "public", "ownership_raw": "Tokyo Metropolitan Government", "city": "Sumida Ward", "source_dataset": "Street Trees / 街路樹", "source_department": "Tokyo Metropolitan Government", "source_last_edit_at": ""}}, {"type": "Feature", "geometry": {"type": "Point", "coordinates": [139.8086903000001, 35.700773609943724]}, "properties": {"id": "sumida-ward-315-0-125700774-319808690", "species_group": "cherry", "scientific_name": "Prunus species", "common_name": "サクラ", "subtype_name": "サクラ", "zip_code": null, "ownership": "public", "ownership_raw": "Tokyo Metropolitan Government", "city": "Sumida Ward", "source_dataset": "Street Trees / 街路樹", "source_department": "Tokyo Metropolitan Government", "source_last_edit_at": ""}}, {"type": "Feature", "geometry": {"type": "Point", "coordinates": [139.80871070000015, 35.700774169943706]}, "properties": {"id": "sumida-ward-315-0-125700774-319808711", "species_group": "cherry", "scientific_name": "Prunus species", "common_name": "サクラ", "subtype_name": "サクラ", "zip_code": null, "ownership": "public", "ownership_raw": "Tokyo Metropolitan Government", "city": "Sumida Ward", "source_dataset": "Street Trees / 街路樹", "source_department": "Tokyo Metropolitan Government", "source_last_edit_at": ""}}, {"type": "Feature", "geometry": {"type": "Point", "coordinates": [139.8058851000001, 35.70078239994371]}, "properties": {"id": "sumida-ward-315-0-125700782-319805885", "species_group": "magnolia", "scientific_name": "Magnolia species", "common_name": "コブシ", "subtype_name": "コブシ", "zip_code": null, "ownership": "public", "ownership_raw": "Tokyo Metropolitan Government", "city": "Sumida Ward", "source_dataset": "Street Trees / 街路樹", "source_department": "Tokyo Metropolitan Government", "source_last_edit_at": ""}}, {"type": "Feature", "geometry": {"type": "Point", "coordinates": [139.80643320000004, 35.70080647994371]}, "properties": {"id": "sumida-ward-315-0-125700806-319806433", "species_group": "magnolia", "scientific_name": "Magnolia species", "common_name": "コブシ", "subtype_name": "コブシ", "zip_code": null, "ownership": "public", "ownership_raw": "Tokyo Metropolitan Government", "city": "Sumida Ward", "source_dataset": "Street Trees / 街路樹", "source_department": "Tokyo Metropolitan Government", "source_last_edit_at": ""}}, {"type": "Feature", "geometry": {"type": "Point", "coordinates": [139.80651150000008, 35.7008124199437]}, "properties": {"id": "sumida-ward-315-0-125700812-319806512", "species_group": "magnolia", "scientific_name": "Magnolia species", "common_name": "コブシ", "subtype_name": "コブシ", "zip_code": null, "ownership": "public", "ownership_raw": "Tokyo Metropolitan Government", "city": "Sumida Ward", "source_dataset": "Street Trees / 街路樹", "source_department": "Tokyo Metropolitan Government", "source_last_edit_at": ""}}, {"type": "Feature", "geometry": {"type": "Point", "coordinates": [139.8066676000001, 35.700825389943695]}, "properties": {"id": "sumida-ward-315-0-125700825-319806668", "species_group": "magnolia", "scientific_name": "Magnolia species", "common_name": "コブシ", "subtype_name": "コブシ", "zip_code": null, "ownership": "public", "ownership_raw": "Tokyo Metropolitan Government", "city": "Sumida Ward", "source_dataset": "Street Trees / 街路樹", "source_department": "Tokyo Metropolitan Government", "source_last_edit_at": ""}}, {"type": "Feature", "geometry": {"type": "Point", "coordinates": [139.80678450000008, 35.70082795994369]}, "properties": {"id": "sumida-ward-315-0-125700828-319806785", "species_group": "magnolia", "scientific_name": "Magnolia species", "common_name": "コブシ", "subtype_name": "コブシ", "zip_code": null, "ownership": "public", "ownership_raw": "Tokyo Metropolitan Government", "city": "Sumida Ward", "source_dataset": "Street Trees / 街路樹", "source_department": "Tokyo Metropolitan Government", "source_last_edit_at": ""}}, {"type": "Feature", "geometry": {"type": "Point", "coordinates": [139.80691650000009, 35.70083625994374]}, "properties": {"id": "sumida-ward-315-0-125700836-319806917", "species_group": "magnolia", "scientific_name": "Magnolia species", "common_name": "コブシ", "subtype_name": "コブシ", "zip_code": null, "ownership": "public", "ownership_raw": "Tokyo Metropolitan Government", "city": "Sumida Ward", "source_dataset": "Street Trees / 街路樹", "source_department": "Tokyo Metropolitan Government", "source_last_edit_at": ""}}, {"type": "Feature", "geometry": {"type": "Point", "coordinates": [139.80716620000013, 35.7008489699437]}, "properties": {"id": "sumida-ward-315-0-125700849-319807166", "species_group": "magnolia", "scientific_name": "Magnolia species", "common_name": "コブシ", "subtype_name": "コブシ", "zip_code": null, "ownership": "public", "ownership_raw": "Tokyo Metropolitan Government", "city": "Sumida Ward", "source_dataset": "Street Trees / 街路樹", "source_department": "Tokyo Metropolitan Government", "source_last_edit_at": ""}}, {"type": "Feature", "geometry": {"type": "Point", "coordinates": [139.80767590000008, 35.70087853994374]}, "properties": {"id": "sumida-ward-315-0-125700879-319807676", "species_group": "magnolia", "scientific_name": "Magnolia species", "common_name": "コブシ", "subtype_name": "コブシ", "zip_code": null, "ownership": "public", "ownership_raw": "Tokyo Metropolitan Government", "city": "Sumida Ward", "source_dataset": "Street Trees / 街路樹", "source_department": "Tokyo Metropolitan Government", "source_last_edit_at": ""}}, {"type": "Feature", "geometry": {"type": "Point", "coordinates": [139.80782660000014, 35.7008844299437]}, "properties": {"id": "sumida-ward-315-0-125700884-319807827", "species_group": "magnolia", "scientific_name": "Magnolia species", "common_name": "コブシ", "subtype_name": "コブシ", "zip_code": null, "ownership": "public", "ownership_raw": "Tokyo Metropolitan Government", "city": "Sumida Ward", "source_dataset": "Street Trees / 街路樹", "source_department": "Tokyo Metropolitan Government", "source_last_edit_at": ""}}, {"type": "Feature", "geometry": {"type": "Point", "coordinates": [139.80815140000007, 35.70090310994373]}, "properties": {"id": "sumida-ward-315-0-125700903-319808151", "species_group": "magnolia", "scientific_name": "Magnolia species", "common_name": "コブシ", "subtype_name": "コブシ", "zip_code": null, "ownership": "public", "ownership_raw": "Tokyo Metropolitan Government", "city": "Sumida Ward", "source_dataset": "Street Trees / 街路樹", "source_department": "Tokyo Metropolitan Government", "source_last_edit_at": ""}}, {"type": "Feature", "geometry": {"type": "Point", "coordinates": [139.80818950000005, 35.70090691994375]}, "properties": {"id": "sumida-ward-315-0-125700907-319808190", "species_group": "cherry", "scientific_name": "Prunus species", "common_name": "サクラ", "subtype_name": "サクラ", "zip_code": null, "ownership": "public", "ownership_raw": "Tokyo Metropolitan Government", "city": "Sumida Ward", "source_dataset": "Street Trees / 街路樹", "source_department": "Tokyo Metropolitan Government", "source_last_edit_at": ""}}, {"type": "Feature", "geometry": {"type": "Point", "coordinates": [139.8086301000001, 35.70093126994372]}, "properties": {"id": "sumida-ward-315-0-125700931-319808630", "species_group": "magnolia", "scientific_name": "Magnolia species", "common_name": "コブシ", "subtype_name": "コブシ", "zip_code": null, "ownership": "public", "ownership_raw": "Tokyo Metropolitan Government", "city": "Sumida Ward", "source_dataset": "Street Trees / 街路樹", "source_department": "Tokyo Metropolitan Government", "source_last_edit_at": ""}}, {"type": "Feature", "geometry": {"type": "Point", "coordinates": [139.80865300000008, 35.70093295994371]}, "properties": {"id": "sumida-ward-315-0-125700933-319808653", "species_group": "cherry", "scientific_name": "Prunus species", "common_name": "サクラ", "subtype_name": "サクラ", "zip_code": null, "ownership": "public", "ownership_raw": "Tokyo Metropolitan Government", "city": "Sumida Ward", "source_dataset": "Street Trees / 街路樹", "source_department": "Tokyo Metropolitan Government", "source_last_edit_at": ""}}, {"type": "Feature", "geometry": {"type": "Point", "coordinates": [139.80872820000005, 35.700936419943716]}, "properties": {"id": "sumida-ward-315-0-125700936-319808728", "species_group": "magnolia", "scientific_name": "Magnolia species", "common_name": "コブシ", "subtype_name": "コブシ", "zip_code": null, "ownership": "public", "ownership_raw": "Tokyo Metropolitan Government", "city": "Sumida Ward", "source_dataset": "Street Trees / 街路樹", "source_department": "Tokyo Metropolitan Government", "source_last_edit_at": ""}}, {"type": "Feature", "geometry": {"type": "Point", "coordinates": [139.80878680000015, 35.700938739943695]}, "properties": {"id": "sumida-ward-315-0-125700939-319808787", "species_group": "cherry", "scientific_name": "Prunus species", "common_name": "サクラ", "subtype_name": "サクラ", "zip_code": null, "ownership": "public", "ownership_raw": "Tokyo Metropolitan Government", "city": "Sumida Ward", "source_dataset": "Street Trees / 街路樹", "source_department": "Tokyo Metropolitan Government", "source_last_edit_at": ""}}, {"type": "Feature", "geometry": {"type": "Point", "coordinates": [139.80901100000008, 35.7009499299437]}, "properties": {"id": "sumida-ward-315-0-125700950-319809011", "species_group": "magnolia", "scientific_name": "Magnolia species", "common_name": "コブシ", "subtype_name": "コブシ", "zip_code": null, "ownership": "public", "ownership_raw": "Tokyo Metropolitan Government", "city": "Sumida Ward", "source_dataset": "Street Trees / 街路樹", "source_department": "Tokyo Metropolitan Government", "source_last_edit_at": ""}}, {"type": "Feature", "geometry": {"type": "Point", "coordinates": [139.8091549000001, 35.700966139943716]}, "properties": {"id": "sumida-ward-315-0-125700966-319809155", "species_group": "magnolia", "scientific_name": "Magnolia species", "common_name": "コブシ", "subtype_name": "コブシ", "zip_code": null, "ownership": "public", "ownership_raw": "Tokyo Metropolitan Government", "city": "Sumida Ward", "source_dataset": "Street Trees / 街路樹", "source_department": "Tokyo Metropolitan Government", "source_last_edit_at": ""}}, {"type": "Feature", "geometry": {"type": "Point", "coordinates": [139.80971450000007, 35.701014919943695]}, "properties": {"id": "sumida-ward-315-0-125701015-319809715", "species_group": "magnolia", "scientific_name": "Magnolia species", "common_name": "コブシ", "subtype_name": "コブシ", "zip_code": null, "ownership": "public", "ownership_raw": "Tokyo Metropolitan Government", "city": "Sumida Ward", "source_dataset": "Street Trees / 街路樹", "source_department": "Tokyo Metropolitan Government", "source_last_edit_at": ""}}, {"type": "Feature", "geometry": {"type": "Point", "coordinates": [139.80977600000008, 35.70101824994372]}, "properties": {"id": "sumida-ward-315-0-125701018-319809776", "species_group": "magnolia", "scientific_name": "Magnolia species", "common_name": "コブシ", "subtype_name": "コブシ", "zip_code": null, "ownership": "public", "ownership_raw": "Tokyo Metropolitan Government", "city": "Sumida Ward", "source_dataset": "Street Trees / 街路樹", "source_department": "Tokyo Metropolitan Government", "source_last_edit_at": ""}}, {"type": "Feature", "geometry": {"type": "Point", "coordinates": [139.80983970000014, 35.70102161994373]}, "properties": {"id": "sumida-ward-315-0-125701022-319809840", "species_group": "magnolia", "scientific_name": "Magnolia species", "common_name": "コブシ", "subtype_name": "コブシ", "zip_code": null, "ownership": "public", "ownership_raw": "Tokyo Metropolitan Government", "city": "Sumida Ward", "source_dataset": "Street Trees / 街路樹", "source_department": "Tokyo Metropolitan Government", "source_last_edit_at": ""}}, {"type": "Feature", "geometry": {"type": "Point", "coordinates": [139.81020670000012, 35.7010427999437]}, "properties": {"id": "sumida-ward-315-0-125701043-319810207", "species_group": "magnolia", "scientific_name": "Magnolia species", "common_name": "コブシ", "subtype_name": "コブシ", "zip_code": null, "ownership": "public", "ownership_raw": "Tokyo Metropolitan Government", "city": "Sumida Ward", "source_dataset": "Street Trees / 街路樹", "source_department": "Tokyo Metropolitan Government", "source_last_edit_at": ""}}, {"type": "Feature", "geometry": {"type": "Point", "coordinates": [139.81029330000004, 35.70104591994374]}, "properties": {"id": "sumida-ward-315-0-125701046-319810293", "species_group": "magnolia", "scientific_name": "Magnolia species", "common_name": "コブシ", "subtype_name": "コブシ", "zip_code": null, "ownership": "public", "ownership_raw": "Tokyo Metropolitan Government", "city": "Sumida Ward", "source_dataset": "Street Trees / 街路樹", "source_department": "Tokyo Metropolitan Government", "source_last_edit_at": ""}}, {"type": "Feature", "geometry": {"type": "Point", "coordinates": [139.81046330000007, 35.701057009943725]}, "properties": {"id": "sumida-ward-315-0-125701057-319810463", "species_group": "magnolia", "scientific_name": "Magnolia species", "common_name": "コブシ", "subtype_name": "コブシ", "zip_code": null, "ownership": "public", "ownership_raw": "Tokyo Metropolitan Government", "city": "Sumida Ward", "source_dataset": "Street Trees / 街路樹", "source_department": "Tokyo Metropolitan Government", "source_last_edit_at": ""}}, {"type": "Feature", "geometry": {"type": "Point", "coordinates": [139.81053650000004, 35.70106032994374]}, "properties": {"id": "sumida-ward-315-0-125701060-319810536", "species_group": "magnolia", "scientific_name": "Magnolia species", "common_name": "コブシ", "subtype_name": "コブシ", "zip_code": null, "ownership": "public", "ownership_raw": "Tokyo Metropolitan Government", "city": "Sumida Ward", "source_dataset": "Street Trees / 街路樹", "source_department": "Tokyo Metropolitan Government", "source_last_edit_at": ""}}, {"type": "Feature", "geometry": {"type": "Point", "coordinates": [139.8106273000001, 35.70106431994371]}, "properties": {"id": "sumida-ward-315-0-125701064-319810627", "species_group": "magnolia", "scientific_name": "Magnolia species", "common_name": "コブシ", "subtype_name": "コブシ", "zip_code": null, "ownership": "public", "ownership_raw": "Tokyo Metropolitan Government", "city": "Sumida Ward", "source_dataset": "Street Trees / 街路樹", "source_department": "Tokyo Metropolitan Government", "source_last_edit_at": ""}}, {"type": "Feature", "geometry": {"type": "Point", "coordinates": [139.8107971000001, 35.70107386994374]}, "properties": {"id": "sumida-ward-315-0-125701074-319810797", "species_group": "magnolia", "scientific_name": "Magnolia species", "common_name": "コブシ", "subtype_name": "コブシ", "zip_code": null, "ownership": "public", "ownership_raw": "Tokyo Metropolitan Government", "city": "Sumida Ward", "source_dataset": "Street Trees / 街路樹", "source_department": "Tokyo Metropolitan Government", "source_last_edit_at": ""}}, {"type": "Feature", "geometry": {"type": "Point", "coordinates": [139.81100680000011, 35.701085439943704]}, "properties": {"id": "sumida-ward-315-0-125701085-319811007", "species_group": "magnolia", "scientific_name": "Magnolia species", "common_name": "コブシ", "subtype_name": "コブシ", "zip_code": null, "ownership": "public", "ownership_raw": "Tokyo Metropolitan Government", "city": "Sumida Ward", "source_dataset": "Street Trees / 街路樹", "source_department": "Tokyo Metropolitan Government", "source_last_edit_at": ""}}, {"type": "Feature", "geometry": {"type": "Point", "coordinates": [139.81108270000007, 35.70108839994373]}, "properties": {"id": "sumida-ward-315-0-125701088-319811083", "species_group": "magnolia", "scientific_name": "Magnolia species", "common_name": "コブシ", "subtype_name": "コブシ", "zip_code": null, "ownership": "public", "ownership_raw": "Tokyo Metropolitan Government", "city": "Sumida Ward", "source_dataset": "Street Trees / 街路樹", "source_department": "Tokyo Metropolitan Government", "source_last_edit_at": ""}}, {"type": "Feature", "geometry": {"type": "Point", "coordinates": [139.81115530000014, 35.701093129943715]}, "properties": {"id": "sumida-ward-315-0-125701093-319811155", "species_group": "magnolia", "scientific_name": "Magnolia species", "common_name": "コブシ", "subtype_name": "コブシ", "zip_code": null, "ownership": "public", "ownership_raw": "Tokyo Metropolitan Government", "city": "Sumida Ward", "source_dataset": "Street Trees / 街路樹", "source_department": "Tokyo Metropolitan Government", "source_last_edit_at": ""}}, {"type": "Feature", "geometry": {"type": "Point", "coordinates": [139.8112649000001, 35.70109873994374]}, "properties": {"id": "sumida-ward-315-0-125701099-319811265", "species_group": "magnolia", "scientific_name": "Magnolia species", "common_name": "コブシ", "subtype_name": "コブシ", "zip_code": null, "ownership": "public", "ownership_raw": "Tokyo Metropolitan Government", "city": "Sumida Ward", "source_dataset": "Street Trees / 街路樹", "source_department": "Tokyo Metropolitan Government", "source_last_edit_at": ""}}, {"type": "Feature", "geometry": {"type": "Point", "coordinates": [139.81146600000014, 35.70111049994368]}, "properties": {"id": "sumida-ward-315-0-125701110-319811466", "species_group": "magnolia", "scientific_name": "Magnolia species", "common_name": "コブシ", "subtype_name": "コブシ", "zip_code": null, "ownership": "public", "ownership_raw": "Tokyo Metropolitan Government", "city": "Sumida Ward", "source_dataset": "Street Trees / 街路樹", "source_department": "Tokyo Metropolitan Government", "source_last_edit_at": ""}}, {"type": "Feature", "geometry": {"type": "Point", "coordinates": [139.8117378000001, 35.70112497994368]}, "properties": {"id": "sumida-ward-315-0-125701125-319811738", "species_group": "magnolia", "scientific_name": "Magnolia species", "common_name": "コブシ", "subtype_name": "コブシ", "zip_code": null, "ownership": "public", "ownership_raw": "Tokyo Metropolitan Government", "city": "Sumida Ward", "source_dataset": "Street Trees / 街路樹", "source_department": "Tokyo Metropolitan Government", "source_last_edit_at": ""}}, {"type": "Feature", "geometry": {"type": "Point", "coordinates": [139.8118301000001, 35.70112764994371]}, "properties": {"id": "sumida-ward-315-0-125701128-319811830", "species_group": "magnolia", "scientific_name": "Magnolia species", "common_name": "コブシ", "subtype_name": "コブシ", "zip_code": null, "ownership": "public", "ownership_raw": "Tokyo Metropolitan Government", "city": "Sumida Ward", "source_dataset": "Street Trees / 街路樹", "source_department": "Tokyo Metropolitan Government", "source_last_edit_at": ""}}, {"type": "Feature", "geometry": {"type": "Point", "coordinates": [139.81502730000014, 35.701144359943726]}, "properties": {"id": "sumida-ward-315-0-125701144-319815027", "species_group": "magnolia", "scientific_name": "Magnolia species", "common_name": "コブシ", "subtype_name": "コブシ", "zip_code": null, "ownership": "public", "ownership_raw": "Tokyo Metropolitan Government", "city": "Sumida Ward", "source_dataset": "Street Trees / 街路樹", "source_department": "Tokyo Metropolitan Government", "source_last_edit_at": ""}}, {"type": "Feature", "geometry": {"type": "Point", "coordinates": [139.8120988000001, 35.70114486994373]}, "properties": {"id": "sumida-ward-315-0-125701145-319812099", "species_group": "magnolia", "scientific_name": "Magnolia species", "common_name": "コブシ", "subtype_name": "コブシ", "zip_code": null, "ownership": "public", "ownership_raw": "Tokyo Metropolitan Government", "city": "Sumida Ward", "source_dataset": "Street Trees / 街路樹", "source_department": "Tokyo Metropolitan Government", "source_last_edit_at": ""}}, {"type": "Feature", "geometry": {"type": "Point", "coordinates": [139.81509610000015, 35.70114702994373]}, "properties": {"id": "sumida-ward-315-0-125701147-319815096", "species_group": "magnolia", "scientific_name": "Magnolia species", "common_name": "コブシ", "subtype_name": "コブシ", "zip_code": null, "ownership": "public", "ownership_raw": "Tokyo Metropolitan Government", "city": "Sumida Ward", "source_dataset": "Street Trees / 街路樹", "source_department": "Tokyo Metropolitan Government", "source_last_edit_at": ""}}, {"type": "Feature", "geometry": {"type": "Point", "coordinates": [139.81217400000006, 35.70114754994369]}, "properties": {"id": "sumida-ward-315-0-125701148-319812174", "species_group": "magnolia", "scientific_name": "Magnolia species", "common_name": "コブシ", "subtype_name": "コブシ", "zip_code": null, "ownership": "public", "ownership_raw": "Tokyo Metropolitan Government", "city": "Sumida Ward", "source_dataset": "Street Trees / 街路樹", "source_department": "Tokyo Metropolitan Government", "source_last_edit_at": ""}}, {"type": "Feature", "geometry": {"type": "Point", "coordinates": [139.81516700000012, 35.70115042994371]}, "properties": {"id": "sumida-ward-315-0-125701150-319815167", "species_group": "magnolia", "scientific_name": "Magnolia species", "common_name": "コブシ", "subtype_name": "コブシ", "zip_code": null, "ownership": "public", "ownership_raw": "Tokyo Metropolitan Government", "city": "Sumida Ward", "source_dataset": "Street Trees / 街路樹", "source_department": "Tokyo Metropolitan Government", "source_last_edit_at": ""}}, {"type": "Feature", "geometry": {"type": "Point", "coordinates": [139.81226030000008, 35.7011539399437]}, "properties": {"id": "sumida-ward-315-0-125701154-319812260", "species_group": "magnolia", "scientific_name": "Magnolia species", "common_name": "コブシ", "subtype_name": "コブシ", "zip_code": null, "ownership": "public", "ownership_raw": "Tokyo Metropolitan Government", "city": "Sumida Ward", "source_dataset": "Street Trees / 街路樹", "source_department": "Tokyo Metropolitan Government", "source_last_edit_at": ""}}, {"type": "Feature", "geometry": {"type": "Point", "coordinates": [139.81523810000013, 35.70115476994373]}, "properties": {"id": "sumida-ward-315-0-125701155-319815238", "species_group": "magnolia", "scientific_name": "Magnolia species", "common_name": "コブシ", "subtype_name": "コブシ", "zip_code": null, "ownership": "public", "ownership_raw": "Tokyo Metropolitan Government", "city": "Sumida Ward", "source_dataset": "Street Trees / 街路樹", "source_department": "Tokyo Metropolitan Government", "source_last_edit_at": ""}}, {"type": "Feature", "geometry": {"type": "Point", "coordinates": [139.81543580000005, 35.70116423994369]}, "properties": {"id": "sumida-ward-315-0-125701164-319815436", "species_group": "magnolia", "scientific_name": "Magnolia species", "common_name": "コブシ", "subtype_name": "コブシ", "zip_code": null, "ownership": "public", "ownership_raw": "Tokyo Metropolitan Government", "city": "Sumida Ward", "source_dataset": "Street Trees / 街路樹", "source_department": "Tokyo Metropolitan Government", "source_last_edit_at": ""}}, {"type": "Feature", "geometry": {"type": "Point", "coordinates": [139.8155081000001, 35.701169709943706]}, "properties": {"id": "sumida-ward-315-0-125701170-319815508", "species_group": "magnolia", "scientific_name": "Magnolia species", "common_name": "コブシ", "subtype_name": "コブシ", "zip_code": null, "ownership": "public", "ownership_raw": "Tokyo Metropolitan Government", "city": "Sumida Ward", "source_dataset": "Street Trees / 街路樹", "source_department": "Tokyo Metropolitan Government", "source_last_edit_at": ""}}, {"type": "Feature", "geometry": {"type": "Point", "coordinates": [139.8155802000001, 35.701171569943696]}, "properties": {"id": "sumida-ward-315-0-125701172-319815580", "species_group": "magnolia", "scientific_name": "Magnolia species", "common_name": "コブシ", "subtype_name": "コブシ", "zip_code": null, "ownership": "public", "ownership_raw": "Tokyo Metropolitan Government", "city": "Sumida Ward", "source_dataset": "Street Trees / 街路樹", "source_department": "Tokyo Metropolitan Government", "source_last_edit_at": ""}}, {"type": "Feature", "geometry": {"type": "Point", "coordinates": [139.81571900000006, 35.70117876994374]}, "properties": {"id": "sumida-ward-315-0-125701179-319815719", "species_group": "magnolia", "scientific_name": "Magnolia species", "common_name": "コブシ", "subtype_name": "コブシ", "zip_code": null, "ownership": "public", "ownership_raw": "Tokyo Metropolitan Government", "city": "Sumida Ward", "source_dataset": "Street Trees / 街路樹", "source_department": "Tokyo Metropolitan Government", "source_last_edit_at": ""}}, {"type": "Feature", "geometry": {"type": "Point", "coordinates": [139.8127923000001, 35.70118017994371]}, "properties": {"id": "sumida-ward-315-0-125701180-319812792", "species_group": "magnolia", "scientific_name": "Magnolia species", "common_name": "コブシ", "subtype_name": "コブシ", "zip_code": null, "ownership": "public", "ownership_raw": "Tokyo Metropolitan Government", "city": "Sumida Ward", "source_dataset": "Street Trees / 街路樹", "source_department": "Tokyo Metropolitan Government", "source_last_edit_at": ""}}, {"type": "Feature", "geometry": {"type": "Point", "coordinates": [139.81286690000005, 35.70118418994372]}, "properties": {"id": "sumida-ward-315-0-125701184-319812867", "species_group": "magnolia", "scientific_name": "Magnolia species", "common_name": "コブシ", "subtype_name": "コブシ", "zip_code": null, "ownership": "public", "ownership_raw": "Tokyo Metropolitan Government", "city": "Sumida Ward", "source_dataset": "Street Trees / 街路樹", "source_department": "Tokyo Metropolitan Government", "source_last_edit_at": ""}}, {"type": "Feature", "geometry": {"type": "Point", "coordinates": [139.81582660000004, 35.701185019943686]}, "properties": {"id": "sumida-ward-315-0-125701185-319815827", "species_group": "magnolia", "scientific_name": "Magnolia species", "common_name": "コブシ", "subtype_name": "コブシ", "zip_code": null, "ownership": "public", "ownership_raw": "Tokyo Metropolitan Government", "city": "Sumida Ward", "source_dataset": "Street Trees / 街路樹", "source_department": "Tokyo Metropolitan Government", "source_last_edit_at": ""}}, {"type": "Feature", "geometry": {"type": "Point", "coordinates": [139.81294170000004, 35.7011895599437]}, "properties": {"id": "sumida-ward-315-0-125701190-319812942", "species_group": "magnolia", "scientific_name": "Magnolia species", "common_name": "コブシ", "subtype_name": "コブシ", "zip_code": null, "ownership": "public", "ownership_raw": "Tokyo Metropolitan Government", "city": "Sumida Ward", "source_dataset": "Street Trees / 街路樹", "source_department": "Tokyo Metropolitan Government", "source_last_edit_at": ""}}, {"type": "Feature", "geometry": {"type": "Point", "coordinates": [139.81301360000012, 35.7011915599437]}, "properties": {"id": "sumida-ward-315-0-125701192-319813014", "species_group": "magnolia", "scientific_name": "Magnolia species", "common_name": "コブシ", "subtype_name": "コブシ", "zip_code": null, "ownership": "public", "ownership_raw": "Tokyo Metropolitan Government", "city": "Sumida Ward", "source_dataset": "Street Trees / 街路樹", "source_department": "Tokyo Metropolitan Government", "source_last_edit_at": ""}}, {"type": "Feature", "geometry": {"type": "Point", "coordinates": [139.8161424000001, 35.70120190994373]}, "properties": {"id": "sumida-ward-315-0-125701202-319816142", "species_group": "magnolia", "scientific_name": "Magnolia species", "common_name": "コブシ", "subtype_name": "コブシ", "zip_code": null, "ownership": "public", "ownership_raw": "Tokyo Metropolitan Government", "city": "Sumida Ward", "source_dataset": "Street Trees / 街路樹", "source_department": "Tokyo Metropolitan Government", "source_last_edit_at": ""}}, {"type": "Feature", "geometry": {"type": "Point", "coordinates": [139.8162162000001, 35.70120618994371]}, "properties": {"id": "sumida-ward-315-0-125701206-319816216", "species_group": "magnolia", "scientific_name": "Magnolia species", "common_name": "コブシ", "subtype_name": "コブシ", "zip_code": null, "ownership": "public", "ownership_raw": "Tokyo Metropolitan Government", "city": "Sumida Ward", "source_dataset": "Street Trees / 街路樹", "source_department": "Tokyo Metropolitan Government", "source_last_edit_at": ""}}, {"type": "Feature", "geometry": {"type": "Point", "coordinates": [139.81326890000005, 35.70120774994369]}, "properties": {"id": "sumida-ward-315-0-125701208-319813269", "species_group": "magnolia", "scientific_name": "Magnolia species", "common_name": "コブシ", "subtype_name": "コブシ", "zip_code": null, "ownership": "public", "ownership_raw": "Tokyo Metropolitan Government", "city": "Sumida Ward", "source_dataset": "Street Trees / 街路樹", "source_department": "Tokyo Metropolitan Government", "source_last_edit_at": ""}}, {"type": "Feature", "geometry": {"type": "Point", "coordinates": [139.81333040000007, 35.70120883994371]}, "properties": {"id": "sumida-ward-315-0-125701209-319813330", "species_group": "magnolia", "scientific_name": "Magnolia species", "common_name": "コブシ", "subtype_name": "コブシ", "zip_code": null, "ownership": "public", "ownership_raw": "Tokyo Metropolitan Government", "city": "Sumida Ward", "source_dataset": "Street Trees / 街路樹", "source_department": "Tokyo Metropolitan Government", "source_last_edit_at": ""}}, {"type": "Feature", "geometry": {"type": "Point", "coordinates": [139.8163191000001, 35.70121188994369]}, "properties": {"id": "sumida-ward-315-0-125701212-319816319", "species_group": "magnolia", "scientific_name": "Magnolia species", "common_name": "コブシ", "subtype_name": "コブシ", "zip_code": null, "ownership": "public", "ownership_raw": "Tokyo Metropolitan Government", "city": "Sumida Ward", "source_dataset": "Street Trees / 街路樹", "source_department": "Tokyo Metropolitan Government", "source_last_edit_at": ""}}, {"type": "Feature", "geometry": {"type": "Point", "coordinates": [139.8134038000001, 35.7012141299437]}, "properties": {"id": "sumida-ward-315-0-125701214-319813404", "species_group": "magnolia", "scientific_name": "Magnolia species", "common_name": "コブシ", "subtype_name": "コブシ", "zip_code": null, "ownership": "public", "ownership_raw": "Tokyo Metropolitan Government", "city": "Sumida Ward", "source_dataset": "Street Trees / 街路樹", "source_department": "Tokyo Metropolitan Government", "source_last_edit_at": ""}}, {"type": "Feature", "geometry": {"type": "Point", "coordinates": [139.81364190000014, 35.70122739994371]}, "properties": {"id": "sumida-ward-315-0-125701227-319813642", "species_group": "magnolia", "scientific_name": "Magnolia species", "common_name": "コブシ", "subtype_name": "コブシ", "zip_code": null, "ownership": "public", "ownership_raw": "Tokyo Metropolitan Government", "city": "Sumida Ward", "source_dataset": "Street Trees / 街路樹", "source_department": "Tokyo Metropolitan Government", "source_last_edit_at": ""}}, {"type": "Feature", "geometry": {"type": "Point", "coordinates": [139.81379300000006, 35.70123457994372]}, "properties": {"id": "sumida-ward-315-0-125701235-319813793", "species_group": "magnolia", "scientific_name": "Magnolia species", "common_name": "コブシ", "subtype_name": "コブシ", "zip_code": null, "ownership": "public", "ownership_raw": "Tokyo Metropolitan Government", "city": "Sumida Ward", "source_dataset": "Street Trees / 街路樹", "source_department": "Tokyo Metropolitan Government", "source_last_edit_at": ""}}, {"type": "Feature", "geometry": {"type": "Point", "coordinates": [139.81676100000004, 35.70123474994369]}, "properties": {"id": "sumida-ward-315-0-125701235-319816761", "species_group": "magnolia", "scientific_name": "Magnolia species", "common_name": "コブシ", "subtype_name": "コブシ", "zip_code": null, "ownership": "public", "ownership_raw": "Tokyo Metropolitan Government", "city": "Sumida Ward", "source_dataset": "Street Trees / 街路樹", "source_department": "Tokyo Metropolitan Government", "source_last_edit_at": ""}}, {"type": "Feature", "geometry": {"type": "Point", "coordinates": [139.81685210000012, 35.7012404999437]}, "properties": {"id": "sumida-ward-315-0-125701240-319816852", "species_group": "magnolia", "scientific_name": "Magnolia species", "common_name": "コブシ", "subtype_name": "コブシ", "zip_code": null, "ownership": "public", "ownership_raw": "Tokyo Metropolitan Government", "city": "Sumida Ward", "source_dataset": "Street Trees / 街路樹", "source_department": "Tokyo Metropolitan Government", "source_last_edit_at": ""}}, {"type": "Feature", "geometry": {"type": "Point", "coordinates": [139.81394670000012, 35.70124364994369]}, "properties": {"id": "sumida-ward-315-0-125701244-319813947", "species_group": "magnolia", "scientific_name": "Magnolia species", "common_name": "コブシ", "subtype_name": "コブシ", "zip_code": null, "ownership": "public", "ownership_raw": "Tokyo Metropolitan Government", "city": "Sumida Ward", "source_dataset": "Street Trees / 街路樹", "source_department": "Tokyo Metropolitan Government", "source_last_edit_at": ""}}, {"type": "Feature", "geometry": {"type": "Point", "coordinates": [139.8169461000001, 35.70124467994371]}, "properties": {"id": "sumida-ward-315-0-125701245-319816946", "species_group": "magnolia", "scientific_name": "Magnolia species", "common_name": "コブシ", "subtype_name": "コブシ", "zip_code": null, "ownership": "public", "ownership_raw": "Tokyo Metropolitan Government", "city": "Sumida Ward", "source_dataset": "Street Trees / 街路樹", "source_department": "Tokyo Metropolitan Government", "source_last_edit_at": ""}}, {"type": "Feature", "geometry": {"type": "Point", "coordinates": [139.81402400000005, 35.7012475999437]}, "properties": {"id": "sumida-ward-315-0-125701248-319814024", "species_group": "magnolia", "scientific_name": "Magnolia species", "common_name": "コブシ", "subtype_name": "コブシ", "zip_code": null, "ownership": "public", "ownership_raw": "Tokyo Metropolitan Government", "city": "Sumida Ward", "source_dataset": "Street Trees / 街路樹", "source_department": "Tokyo Metropolitan Government", "source_last_edit_at": ""}}, {"type": "Feature", "geometry": {"type": "Point", "coordinates": [139.8170259000001, 35.70125030994368]}, "properties": {"id": "sumida-ward-315-0-125701250-319817026", "species_group": "magnolia", "scientific_name": "Magnolia species", "common_name": "コブシ", "subtype_name": "コブシ", "zip_code": null, "ownership": "public", "ownership_raw": "Tokyo Metropolitan Government", "city": "Sumida Ward", "source_dataset": "Street Trees / 街路樹", "source_department": "Tokyo Metropolitan Government", "source_last_edit_at": ""}}, {"type": "Feature", "geometry": {"type": "Point", "coordinates": [139.81410600000007, 35.70125219994372]}, "properties": {"id": "sumida-ward-315-0-125701252-319814106", "species_group": "magnolia", "scientific_name": "Magnolia species", "common_name": "コブシ", "subtype_name": "コブシ", "zip_code": null, "ownership": "public", "ownership_raw": "Tokyo Metropolitan Government", "city": "Sumida Ward", "source_dataset": "Street Trees / 街路樹", "source_department": "Tokyo Metropolitan Government", "source_last_edit_at": ""}}, {"type": "Feature", "geometry": {"type": "Point", "coordinates": [139.81418900000008, 35.70125709994373]}, "properties": {"id": "sumida-ward-315-0-125701257-319814189", "species_group": "magnolia", "scientific_name": "Magnolia species", "common_name": "コブシ", "subtype_name": "コブシ", "zip_code": null, "ownership": "public", "ownership_raw": "Tokyo Metropolitan Government", "city": "Sumida Ward", "source_dataset": "Street Trees / 街路樹", "source_department": "Tokyo Metropolitan Government", "source_last_edit_at": ""}}, {"type": "Feature", "geometry": {"type": "Point", "coordinates": [139.81720770000004, 35.70125972994371]}, "properties": {"id": "sumida-ward-315-0-125701260-319817208", "species_group": "magnolia", "scientific_name": "Magnolia species", "common_name": "コブシ", "subtype_name": "コブシ", "zip_code": null, "ownership": "public", "ownership_raw": "Tokyo Metropolitan Government", "city": "Sumida Ward", "source_dataset": "Street Trees / 街路樹", "source_department": "Tokyo Metropolitan Government", "source_last_edit_at": ""}}, {"type": "Feature", "geometry": {"type": "Point", "coordinates": [139.8142723000001, 35.70126105994369]}, "properties": {"id": "sumida-ward-315-0-125701261-319814272", "species_group": "magnolia", "scientific_name": "Magnolia species", "common_name": "コブシ", "subtype_name": "コブシ", "zip_code": null, "ownership": "public", "ownership_raw": "Tokyo Metropolitan Government", "city": "Sumida Ward", "source_dataset": "Street Trees / 街路樹", "source_department": "Tokyo Metropolitan Government", "source_last_edit_at": ""}}, {"type": "Feature", "geometry": {"type": "Point", "coordinates": [139.8173002000001, 35.70126286994371]}, "properties": {"id": "sumida-ward-315-0-125701263-319817300", "species_group": "magnolia", "scientific_name": "Magnolia species", "common_name": "コブシ", "subtype_name": "コブシ", "zip_code": null, "ownership": "public", "ownership_raw": "Tokyo Metropolitan Government", "city": "Sumida Ward", "source_dataset": "Street Trees / 街路樹", "source_department": "Tokyo Metropolitan Government", "source_last_edit_at": ""}}, {"type": "Feature", "geometry": {"type": "Point", "coordinates": [139.81434890000006, 35.701265589943695]}, "properties": {"id": "sumida-ward-315-0-125701266-319814349", "species_group": "magnolia", "scientific_name": "Magnolia species", "common_name": "コブシ", "subtype_name": "コブシ", "zip_code": null, "ownership": "public", "ownership_raw": "Tokyo Metropolitan Government", "city": "Sumida Ward", "source_dataset": "Street Trees / 街路樹", "source_department": "Tokyo Metropolitan Government", "source_last_edit_at": ""}}, {"type": "Feature", "geometry": {"type": "Point", "coordinates": [139.81442360000008, 35.701269629943724]}, "properties": {"id": "sumida-ward-315-0-125701270-319814424", "species_group": "magnolia", "scientific_name": "Magnolia species", "common_name": "コブシ", "subtype_name": "コブシ", "zip_code": null, "ownership": "public", "ownership_raw": "Tokyo Metropolitan Government", "city": "Sumida Ward", "source_dataset": "Street Trees / 街路樹", "source_department": "Tokyo Metropolitan Government", "source_last_edit_at": ""}}, {"type": "Feature", "geometry": {"type": "Point", "coordinates": [139.81758810000008, 35.7012794899437]}, "properties": {"id": "sumida-ward-315-0-125701279-319817588", "species_group": "magnolia", "scientific_name": "Magnolia species", "common_name": "コブシ", "subtype_name": "コブシ", "zip_code": null, "ownership": "public", "ownership_raw": "Tokyo Metropolitan Government", "city": "Sumida Ward", "source_dataset": "Street Trees / 街路樹", "source_department": "Tokyo Metropolitan Government", "source_last_edit_at": ""}}, {"type": "Feature", "geometry": {"type": "Point", "coordinates": [139.81786460000012, 35.70129573994369]}, "properties": {"id": "sumida-ward-315-0-125701296-319817865", "species_group": "magnolia", "scientific_name": "Magnolia species", "common_name": "コブシ", "subtype_name": "コブシ", "zip_code": null, "ownership": "public", "ownership_raw": "Tokyo Metropolitan Government", "city": "Sumida Ward", "source_dataset": "Street Trees / 街路樹", "source_department": "Tokyo Metropolitan Government", "source_last_edit_at": ""}}, {"type": "Feature", "geometry": {"type": "Point", "coordinates": [139.8150238000001, 35.701301959943734]}, "properties": {"id": "sumida-ward-315-0-125701302-319815024", "species_group": "magnolia", "scientific_name": "Magnolia species", "common_name": "コブシ", "subtype_name": "コブシ", "zip_code": null, "ownership": "public", "ownership_raw": "Tokyo Metropolitan Government", "city": "Sumida Ward", "source_dataset": "Street Trees / 街路樹", "source_department": "Tokyo Metropolitan Government", "source_last_edit_at": ""}}, {"type": "Feature", "geometry": {"type": "Point", "coordinates": [139.81509140000006, 35.70130522994372]}, "properties": {"id": "sumida-ward-315-0-125701305-319815091", "species_group": "magnolia", "scientific_name": "Magnolia species", "common_name": "コブシ", "subtype_name": "コブシ", "zip_code": null, "ownership": "public", "ownership_raw": "Tokyo Metropolitan Government", "city": "Sumida Ward", "source_dataset": "Street Trees / 街路樹", "source_department": "Tokyo Metropolitan Government", "source_last_edit_at": ""}}, {"type": "Feature", "geometry": {"type": "Point", "coordinates": [139.81813180000006, 35.70130908994369]}, "properties": {"id": "sumida-ward-315-0-125701309-319818132", "species_group": "magnolia", "scientific_name": "Magnolia species", "common_name": "コブシ", "subtype_name": "コブシ", "zip_code": null, "ownership": "public", "ownership_raw": "Tokyo Metropolitan Government", "city": "Sumida Ward", "source_dataset": "Street Trees / 街路樹", "source_department": "Tokyo Metropolitan Government", "source_last_edit_at": ""}}, {"type": "Feature", "geometry": {"type": "Point", "coordinates": [139.81518950000012, 35.70131081994371]}, "properties": {"id": "sumida-ward-315-0-125701311-319815190", "species_group": "magnolia", "scientific_name": "Magnolia species", "common_name": "コブシ", "subtype_name": "コブシ", "zip_code": null, "ownership": "public", "ownership_raw": "Tokyo Metropolitan Government", "city": "Sumida Ward", "source_dataset": "Street Trees / 街路樹", "source_department": "Tokyo Metropolitan Government", "source_last_edit_at": ""}}, {"type": "Feature", "geometry": {"type": "Point", "coordinates": [139.81820840000012, 35.701313589943695]}, "properties": {"id": "sumida-ward-315-0-125701314-319818208", "species_group": "magnolia", "scientific_name": "Magnolia species", "common_name": "コブシ", "subtype_name": "コブシ", "zip_code": null, "ownership": "public", "ownership_raw": "Tokyo Metropolitan Government", "city": "Sumida Ward", "source_dataset": "Street Trees / 街路樹", "source_department": "Tokyo Metropolitan Government", "source_last_edit_at": ""}}, {"type": "Feature", "geometry": {"type": "Point", "coordinates": [139.8153052, 35.7013159599437]}, "properties": {"id": "sumida-ward-315-0-125701316-319815305", "species_group": "magnolia", "scientific_name": "Magnolia species", "common_name": "コブシ", "subtype_name": "コブシ", "zip_code": null, "ownership": "public", "ownership_raw": "Tokyo Metropolitan Government", "city": "Sumida Ward", "source_dataset": "Street Trees / 街路樹", "source_department": "Tokyo Metropolitan Government", "source_last_edit_at": ""}}, {"type": "Feature", "geometry": {"type": "Point", "coordinates": [139.8154108000001, 35.701321509943725]}, "properties": {"id": "sumida-ward-315-0-125701322-319815411", "species_group": "magnolia", "scientific_name": "Magnolia species", "common_name": "コブシ", "subtype_name": "コブシ", "zip_code": null, "ownership": "public", "ownership_raw": "Tokyo Metropolitan Government", "city": "Sumida Ward", "source_dataset": "Street Trees / 街路樹", "source_department": "Tokyo Metropolitan Government", "source_last_edit_at": ""}}, {"type": "Feature", "geometry": {"type": "Point", "coordinates": [139.8183944000001, 35.70132217994368]}, "properties": {"id": "sumida-ward-315-0-125701322-319818394", "species_group": "magnolia", "scientific_name": "Magnolia species", "common_name": "コブシ", "subtype_name": "コブシ", "zip_code": null, "ownership": "public", "ownership_raw": "Tokyo Metropolitan Government", "city": "Sumida Ward", "source_dataset": "Street Trees / 街路樹", "source_department": "Tokyo Metropolitan Government", "source_last_edit_at": ""}}, {"type": "Feature", "geometry": {"type": "Point", "coordinates": [139.81551430000002, 35.70132509994373]}, "properties": {"id": "sumida-ward-315-0-125701325-319815514", "species_group": "magnolia", "scientific_name": "Magnolia species", "common_name": "コブシ", "subtype_name": "コブシ", "zip_code": null, "ownership": "public", "ownership_raw": "Tokyo Metropolitan Government", "city": "Sumida Ward", "source_dataset": "Street Trees / 街路樹", "source_department": "Tokyo Metropolitan Government", "source_last_edit_at": ""}}, {"type": "Feature", "geometry": {"type": "Point", "coordinates": [139.81558410000002, 35.701331949943715]}, "properties": {"id": "sumida-ward-315-0-125701332-319815584", "species_group": "magnolia", "scientific_name": "Magnolia species", "common_name": "コブシ", "subtype_name": "コブシ", "zip_code": null, "ownership": "public", "ownership_raw": "Tokyo Metropolitan Government", "city": "Sumida Ward", "source_dataset": "Street Trees / 街路樹", "source_department": "Tokyo Metropolitan Government", "source_last_edit_at": ""}}, {"type": "Feature", "geometry": {"type": "Point", "coordinates": [139.8156997000001, 35.70133657994369]}, "properties": {"id": "sumida-ward-315-0-125701337-319815700", "species_group": "magnolia", "scientific_name": "Magnolia species", "common_name": "コブシ", "subtype_name": "コブシ", "zip_code": null, "ownership": "public", "ownership_raw": "Tokyo Metropolitan Government", "city": "Sumida Ward", "source_dataset": "Street Trees / 街路樹", "source_department": "Tokyo Metropolitan Government", "source_last_edit_at": ""}}, {"type": "Feature", "geometry": {"type": "Point", "coordinates": [139.81577240000001, 35.7013411099437]}, "properties": {"id": "sumida-ward-315-0-125701341-319815772", "species_group": "magnolia", "scientific_name": "Magnolia species", "common_name": "コブシ", "subtype_name": "コブシ", "zip_code": null, "ownership": "public", "ownership_raw": "Tokyo Metropolitan Government", "city": "Sumida Ward", "source_dataset": "Street Trees / 街路樹", "source_department": "Tokyo Metropolitan Government", "source_last_edit_at": ""}}, {"type": "Feature", "geometry": {"type": "Point", "coordinates": [139.8161007000001, 35.701357099943706]}, "properties": {"id": "sumida-ward-315-0-125701357-319816101", "species_group": "magnolia", "scientific_name": "Magnolia species", "common_name": "コブシ", "subtype_name": "コブシ", "zip_code": null, "ownership": "public", "ownership_raw": "Tokyo Metropolitan Government", "city": "Sumida Ward", "source_dataset": "Street Trees / 街路樹", "source_department": "Tokyo Metropolitan Government", "source_last_edit_at": ""}}, {"type": "Feature", "geometry": {"type": "Point", "coordinates": [139.81621440000004, 35.70136587994368]}, "properties": {"id": "sumida-ward-315-0-125701366-319816214", "species_group": "magnolia", "scientific_name": "Magnolia species", "common_name": "コブシ", "subtype_name": "コブシ", "zip_code": null, "ownership": "public", "ownership_raw": "Tokyo Metropolitan Government", "city": "Sumida Ward", "source_dataset": "Street Trees / 街路樹", "source_department": "Tokyo Metropolitan Government", "source_last_edit_at": ""}}, {"type": "Feature", "geometry": {"type": "Point", "coordinates": [139.81675560000008, 35.70139303994368]}, "properties": {"id": "sumida-ward-315-0-125701393-319816756", "species_group": "magnolia", "scientific_name": "Magnolia species", "common_name": "コブシ", "subtype_name": "コブシ", "zip_code": null, "ownership": "public", "ownership_raw": "Tokyo Metropolitan Government", "city": "Sumida Ward", "source_dataset": "Street Trees / 街路樹", "source_department": "Tokyo Metropolitan Government", "source_last_edit_at": ""}}, {"type": "Feature", "geometry": {"type": "Point", "coordinates": [139.81684710000002, 35.701398679943715]}, "properties": {"id": "sumida-ward-315-0-125701399-319816847", "species_group": "magnolia", "scientific_name": "Magnolia species", "common_name": "コブシ", "subtype_name": "コブシ", "zip_code": null, "ownership": "public", "ownership_raw": "Tokyo Metropolitan Government", "city": "Sumida Ward", "source_dataset": "Street Trees / 街路樹", "source_department": "Tokyo Metropolitan Government", "source_last_edit_at": ""}}, {"type": "Feature", "geometry": {"type": "Point", "coordinates": [139.81718630000012, 35.7014163599437]}, "properties": {"id": "sumida-ward-315-0-125701416-319817186", "species_group": "magnolia", "scientific_name": "Magnolia species", "common_name": "コブシ", "subtype_name": "コブシ", "zip_code": null, "ownership": "public", "ownership_raw": "Tokyo Metropolitan Government", "city": "Sumida Ward", "source_dataset": "Street Trees / 街路樹", "source_department": "Tokyo Metropolitan Government", "source_last_edit_at": ""}}, {"type": "Feature", "geometry": {"type": "Point", "coordinates": [139.81757260000006, 35.70143732994368]}, "properties": {"id": "sumida-ward-315-0-125701437-319817573", "species_group": "magnolia", "scientific_name": "Magnolia species", "common_name": "コブシ", "subtype_name": "コブシ", "zip_code": null, "ownership": "public", "ownership_raw": "Tokyo Metropolitan Government", "city": "Sumida Ward", "source_dataset": "Street Trees / 街路樹", "source_department": "Tokyo Metropolitan Government", "source_last_edit_at": ""}}, {"type": "Feature", "geometry": {"type": "Point", "coordinates": [139.81797630000005, 35.70145895994367]}, "properties": {"id": "sumida-ward-315-0-125701459-319817976", "species_group": "magnolia", "scientific_name": "Magnolia species", "common_name": "コブシ", "subtype_name": "コブシ", "zip_code": null, "ownership": "public", "ownership_raw": "Tokyo Metropolitan Government", "city": "Sumida Ward", "source_dataset": "Street Trees / 街路樹", "source_department": "Tokyo Metropolitan Government", "source_last_edit_at": ""}}, {"type": "Feature", "geometry": {"type": "Point", "coordinates": [139.81803000000002, 35.701463159943714]}, "properties": {"id": "sumida-ward-315-0-125701463-319818030", "species_group": "magnolia", "scientific_name": "Magnolia species", "common_name": "コブシ", "subtype_name": "コブシ", "zip_code": null, "ownership": "public", "ownership_raw": "Tokyo Metropolitan Government", "city": "Sumida Ward", "source_dataset": "Street Trees / 街路樹", "source_department": "Tokyo Metropolitan Government", "source_last_edit_at": ""}}, {"type": "Feature", "geometry": {"type": "Point", "coordinates": [139.81819530000007, 35.70147139994371]}, "properties": {"id": "sumida-ward-315-0-125701471-319818195", "species_group": "magnolia", "scientific_name": "Magnolia species", "common_name": "コブシ", "subtype_name": "コブシ", "zip_code": null, "ownership": "public", "ownership_raw": "Tokyo Metropolitan Government", "city": "Sumida Ward", "source_dataset": "Street Trees / 街路樹", "source_department": "Tokyo Metropolitan Government", "source_last_edit_at": ""}}, {"type": "Feature", "geometry": {"type": "Point", "coordinates": [139.81836490000012, 35.70147974994369]}, "properties": {"id": "sumida-ward-315-0-125701480-319818365", "species_group": "magnolia", "scientific_name": "Magnolia species", "common_name": "コブシ", "subtype_name": "コブシ", "zip_code": null, "ownership": "public", "ownership_raw": "Tokyo Metropolitan Government", "city": "Sumida Ward", "source_dataset": "Street Trees / 街路樹", "source_department": "Tokyo Metropolitan Government", "source_last_edit_at": ""}}, {"type": "Feature", "geometry": {"type": "Point", "coordinates": [139.81854710000005, 35.70149400994368]}, "properties": {"id": "sumida-ward-315-0-125701494-319818547", "species_group": "magnolia", "scientific_name": "Magnolia species", "common_name": "コブシ", "subtype_name": "コブシ", "zip_code": null, "ownership": "public", "ownership_raw": "Tokyo Metropolitan Government", "city": "Sumida Ward", "source_dataset": "Street Trees / 街路樹", "source_department": "Tokyo Metropolitan Government", "source_last_edit_at": ""}}, {"type": "Feature", "geometry": {"type": "Point", "coordinates": [139.80504510000006, 35.70101257994371]}, "properties": {"id": "sumida-ward-319-0-125701013-319805045", "species_group": "peach", "scientific_name": "Prunus species", "common_name": "ハナモモ", "subtype_name": "ハナモモ", "zip_code": null, "ownership": "public", "ownership_raw": "Tokyo Metropolitan Government", "city": "Sumida Ward", "source_dataset": "Street Trees / 街路樹", "source_department": "Tokyo Metropolitan Government", "source_last_edit_at": ""}}, {"type": "Feature", "geometry": {"type": "Point", "coordinates": [139.80504390000013, 35.701028339943704]}, "properties": {"id": "sumida-ward-319-0-125701028-319805044", "species_group": "peach", "scientific_name": "Prunus species", "common_name": "ハナモモ", "subtype_name": "ハナモモ", "zip_code": null, "ownership": "public", "ownership_raw": "Tokyo Metropolitan Government", "city": "Sumida Ward", "source_dataset": "Street Trees / 街路樹", "source_department": "Tokyo Metropolitan Government", "source_last_edit_at": ""}}, {"type": "Feature", "geometry": {"type": "Point", "coordinates": [139.80504310000006, 35.701041079943714]}, "properties": {"id": "sumida-ward-319-0-125701041-319805043", "species_group": "peach", "scientific_name": "Prunus species", "common_name": "ハナモモ", "subtype_name": "ハナモモ", "zip_code": null, "ownership": "public", "ownership_raw": "Tokyo Metropolitan Government", "city": "Sumida Ward", "source_dataset": "Street Trees / 街路樹", "source_department": "Tokyo Metropolitan Government", "source_last_edit_at": ""}}, {"type": "Feature", "geometry": {"type": "Point", "coordinates": [139.80493290000007, 35.70260827994367]}, "properties": {"id": "sumida-ward-319-0-125702608-319804933", "species_group": "peach", "scientific_name": "Prunus species", "common_name": "ハナモモ", "subtype_name": "ハナモモ", "zip_code": null, "ownership": "public", "ownership_raw": "Tokyo Metropolitan Government", "city": "Sumida Ward", "source_dataset": "Street Trees / 街路樹", "source_department": "Tokyo Metropolitan Government", "source_last_edit_at": ""}}, {"type": "Feature", "geometry": {"type": "Point", "coordinates": [139.80493270000014, 35.70262107994364]}, "properties": {"id": "sumida-ward-319-0-125702621-319804933", "species_group": "peach", "scientific_name": "Prunus species", "common_name": "ハナモモ", "subtype_name": "ハナモモ", "zip_code": null, "ownership": "public", "ownership_raw": "Tokyo Metropolitan Government", "city": "Sumida Ward", "source_dataset": "Street Trees / 街路樹", "source_department": "Tokyo Metropolitan Government", "source_last_edit_at": ""}}, {"type": "Feature", "geometry": {"type": "Point", "coordinates": [139.8048279000001, 35.70418126994364]}, "properties": {"id": "sumida-ward-319-0-125704181-319804828", "species_group": "peach", "scientific_name": "Prunus species", "common_name": "ハナモモ", "subtype_name": "ハナモモ", "zip_code": null, "ownership": "public", "ownership_raw": "Tokyo Metropolitan Government", "city": "Sumida Ward", "source_dataset": "Street Trees / 街路樹", "source_department": "Tokyo Metropolitan Government", "source_last_edit_at": ""}}, {"type": "Feature", "geometry": {"type": "Point", "coordinates": [139.80467390000004, 35.705932449943596]}, "properties": {"id": "sumida-ward-319-0-125705932-319804674", "species_group": "peach", "scientific_name": "Prunus species", "common_name": "ハナモモ", "subtype_name": "ハナモモ", "zip_code": null, "ownership": "public", "ownership_raw": "Tokyo Metropolitan Government", "city": "Sumida Ward", "source_dataset": "Street Trees / 街路樹", "source_department": "Tokyo Metropolitan Government", "source_last_edit_at": ""}}, {"type": "Feature", "geometry": {"type": "Point", "coordinates": [139.80467250000007, 35.70594544994361]}, "properties": {"id": "sumida-ward-319-0-125705945-319804673", "species_group": "peach", "scientific_name": "Prunus species", "common_name": "ハナモモ", "subtype_name": "ハナモモ", "zip_code": null, "ownership": "public", "ownership_raw": "Tokyo Metropolitan Government", "city": "Sumida Ward", "source_dataset": "Street Trees / 街路樹", "source_department": "Tokyo Metropolitan Government", "source_last_edit_at": ""}}, {"type": "Feature", "geometry": {"type": "Point", "coordinates": [139.8046711000001, 35.70595986994362]}, "properties": {"id": "sumida-ward-319-0-125705960-319804671", "species_group": "peach", "scientific_name": "Prunus species", "common_name": "ハナモモ", "subtype_name": "ハナモモ", "zip_code": null, "ownership": "public", "ownership_raw": "Tokyo Metropolitan Government", "city": "Sumida Ward", "source_dataset": "Street Trees / 街路樹", "source_department": "Tokyo Metropolitan Government", "source_last_edit_at": ""}}, {"type": "Feature", "geometry": {"type": "Point", "coordinates": [139.80466980000008, 35.705972379943596]}, "properties": {"id": "sumida-ward-319-0-125705972-319804670", "species_group": "peach", "scientific_name": "Prunus species", "common_name": "ハナモモ", "subtype_name": "ハナモモ", "zip_code": null, "ownership": "public", "ownership_raw": "Tokyo Metropolitan Government", "city": "Sumida Ward", "source_dataset": "Street Trees / 街路樹", "source_department": "Tokyo Metropolitan Government", "source_last_edit_at": ""}}, {"type": "Feature", "geometry": {"type": "Point", "coordinates": [139.80456360000008, 35.71117363994347]}, "properties": {"id": "sumida-ward-319-0-125711174-319804564", "species_group": "peach", "scientific_name": "Prunus species", "common_name": "ハナモモ", "subtype_name": "ハナモモ", "zip_code": null, "ownership": "public", "ownership_raw": "Tokyo Metropolitan Government", "city": "Sumida Ward", "source_dataset": "Street Trees / 街路樹", "source_department": "Tokyo Metropolitan Government", "source_last_edit_at": ""}}, {"type": "Feature", "geometry": {"type": "Point", "coordinates": [139.80457060000006, 35.711191329943524]}, "properties": {"id": "sumida-ward-319-0-125711191-319804571", "species_group": "peach", "scientific_name": "Prunus species", "common_name": "ハナモモ", "subtype_name": "ハナモモ", "zip_code": null, "ownership": "public", "ownership_raw": "Tokyo Metropolitan Government", "city": "Sumida Ward", "source_dataset": "Street Trees / 街路樹", "source_department": "Tokyo Metropolitan Government", "source_last_edit_at": ""}}, {"type": "Feature", "geometry": {"type": "Point", "coordinates": [139.80475220000008, 35.71157518994351]}, "properties": {"id": "sumida-ward-319-0-125711575-319804752", "species_group": "peach", "scientific_name": "Prunus species", "common_name": "ハナモモ", "subtype_name": "ハナモモ", "zip_code": null, "ownership": "public", "ownership_raw": "Tokyo Metropolitan Government", "city": "Sumida Ward", "source_dataset": "Street Trees / 街路樹", "source_department": "Tokyo Metropolitan Government", "source_last_edit_at": ""}}, {"type": "Feature", "geometry": {"type": "Point", "coordinates": [139.8050321000001, 35.712162559943444]}, "properties": {"id": "sumida-ward-319-0-125712163-319805032", "species_group": "peach", "scientific_name": "Prunus species", "common_name": "ハナモモ", "subtype_name": "ハナモモ", "zip_code": null, "ownership": "public", "ownership_raw": "Tokyo Metropolitan Government", "city": "Sumida Ward", "source_dataset": "Street Trees / 街路樹", "source_department": "Tokyo Metropolitan Government", "source_last_edit_at": ""}}, {"type": "Feature", "geometry": {"type": "Point", "coordinates": [139.80504040000008, 35.71217916994348]}, "properties": {"id": "sumida-ward-319-0-125712179-319805040", "species_group": "peach", "scientific_name": "Prunus species", "common_name": "ハナモモ", "subtype_name": "ハナモモ", "zip_code": null, "ownership": "public", "ownership_raw": "Tokyo Metropolitan Government", "city": "Sumida Ward", "source_dataset": "Street Trees / 街路樹", "source_department": "Tokyo Metropolitan Government", "source_last_edit_at": ""}}, {"type": "Feature", "geometry": {"type": "Point", "coordinates": [139.80518700000007, 35.71249133994345]}, "properties": {"id": "sumida-ward-319-0-125712491-319805187", "species_group": "peach", "scientific_name": "Prunus species", "common_name": "ハナモモ", "subtype_name": "ハナモモ", "zip_code": null, "ownership": "public", "ownership_raw": "Tokyo Metropolitan Government", "city": "Sumida Ward", "source_dataset": "Street Trees / 街路樹", "source_department": "Tokyo Metropolitan Government", "source_last_edit_at": ""}}, {"type": "Feature", "geometry": {"type": "Point", "coordinates": [139.7969459000001, 35.70402009994363]}, "properties": {"id": "sumida-ward-453-0-125704020-319796946", "species_group": "magnolia", "scientific_name": "Magnolia species", "common_name": "コブシ", "subtype_name": "コブシ", "zip_code": null, "ownership": "public", "ownership_raw": "Tokyo Metropolitan Government", "city": "Sumida Ward", "source_dataset": "Street Trees / 街路樹", "source_department": "Tokyo Metropolitan Government", "source_last_edit_at": ""}}, {"type": "Feature", "geometry": {"type": "Point", "coordinates": [139.79697300000012, 35.704081329943655]}, "properties": {"id": "sumida-ward-453-0-125704081-319796973", "species_group": "magnolia", "scientific_name": "Magnolia species", "common_name": "コブシ", "subtype_name": "コブシ", "zip_code": null, "ownership": "public", "ownership_raw": "Tokyo Metropolitan Government", "city": "Sumida Ward", "source_dataset": "Street Trees / 街路樹", "source_department": "Tokyo Metropolitan Government", "source_last_edit_at": ""}}, {"type": "Feature", "geometry": {"type": "Point", "coordinates": [139.79728150000008, 35.704319259943624]}, "properties": {"id": "sumida-ward-453-0-125704319-319797282", "species_group": "magnolia", "scientific_name": "Magnolia species", "common_name": "コブシ", "subtype_name": "コブシ", "zip_code": null, "ownership": "public", "ownership_raw": "Tokyo Metropolitan Government", "city": "Sumida Ward", "source_dataset": "Street Trees / 街路樹", "source_department": "Tokyo Metropolitan Government", "source_last_edit_at": ""}}, {"type": "Feature", "geometry": {"type": "Point", "coordinates": [139.7973430000001, 35.70447172994366]}, "properties": {"id": "sumida-ward-453-0-125704472-319797343", "species_group": "magnolia", "scientific_name": "Magnolia species", "common_name": "コブシ", "subtype_name": "コブシ", "zip_code": null, "ownership": "public", "ownership_raw": "Tokyo Metropolitan Government", "city": "Sumida Ward", "source_dataset": "Street Trees / 街路樹", "source_department": "Tokyo Metropolitan Government", "source_last_edit_at": ""}}, {"type": "Feature", "geometry": {"type": "Point", "coordinates": [139.79714830000015, 35.70450633994366]}, "properties": {"id": "sumida-ward-453-0-125704506-319797148", "species_group": "magnolia", "scientific_name": "Magnolia species", "common_name": "コブシ", "subtype_name": "コブシ", "zip_code": null, "ownership": "public", "ownership_raw": "Tokyo Metropolitan Government", "city": "Sumida Ward", "source_dataset": "Street Trees / 街路樹", "source_department": "Tokyo Metropolitan Government", "source_last_edit_at": ""}}, {"type": "Feature", "geometry": {"type": "Point", "coordinates": [139.79736310000013, 35.704515649943666]}, "properties": {"id": "sumida-ward-453-0-125704516-319797363", "species_group": "magnolia", "scientific_name": "Magnolia species", "common_name": "コブシ", "subtype_name": "コブシ", "zip_code": null, "ownership": "public", "ownership_raw": "Tokyo Metropolitan Government", "city": "Sumida Ward", "source_dataset": "Street Trees / 街路樹", "source_department": "Tokyo Metropolitan Government", "source_last_edit_at": ""}}, {"type": "Feature", "geometry": {"type": "Point", "coordinates": [139.7973873000001, 35.70457291994361]}, "properties": {"id": "sumida-ward-453-0-125704573-319797387", "species_group": "magnolia", "scientific_name": "Magnolia species", "common_name": "コブシ", "subtype_name": "コブシ", "zip_code": null, "ownership": "public", "ownership_raw": "Tokyo Metropolitan Government", "city": "Sumida Ward", "source_dataset": "Street Trees / 街路樹", "source_department": "Tokyo Metropolitan Government", "source_last_edit_at": ""}}, {"type": "Feature", "geometry": {"type": "Point", "coordinates": [139.7971789000001, 35.70457780994363]}, "properties": {"id": "sumida-ward-453-0-125704578-319797179", "species_group": "magnolia", "scientific_name": "Magnolia species", "common_name": "コブシ", "subtype_name": "コブシ", "zip_code": null, "ownership": "public", "ownership_raw": "Tokyo Metropolitan Government", "city": "Sumida Ward", "source_dataset": "Street Trees / 街路樹", "source_department": "Tokyo Metropolitan Government", "source_last_edit_at": ""}}, {"type": "Feature", "geometry": {"type": "Point", "coordinates": [139.7971974000001, 35.70462123994363]}, "properties": {"id": "sumida-ward-453-0-125704621-319797197", "species_group": "magnolia", "scientific_name": "Magnolia species", "common_name": "コブシ", "subtype_name": "コブシ", "zip_code": null, "ownership": "public", "ownership_raw": "Tokyo Metropolitan Government", "city": "Sumida Ward", "source_dataset": "Street Trees / 街路樹", "source_department": "Tokyo Metropolitan Government", "source_last_edit_at": ""}}, {"type": "Feature", "geometry": {"type": "Point", "coordinates": [139.79740610000013, 35.70462069994365]}, "properties": {"id": "sumida-ward-453-0-125704621-319797406", "species_group": "magnolia", "scientific_name": "Magnolia species", "common_name": "コブシ", "subtype_name": "コブシ", "zip_code": null, "ownership": "public", "ownership_raw": "Tokyo Metropolitan Government", "city": "Sumida Ward", "source_dataset": "Street Trees / 街路樹", "source_department": "Tokyo Metropolitan Government", "source_last_edit_at": ""}}, {"type": "Feature", "geometry": {"type": "Point", "coordinates": [139.79743770000007, 35.7046966599436]}, "properties": {"id": "sumida-ward-453-0-125704697-319797438", "species_group": "magnolia", "scientific_name": "Magnolia species", "common_name": "コブシ", "subtype_name": "コブシ", "zip_code": null, "ownership": "public", "ownership_raw": "Tokyo Metropolitan Government", "city": "Sumida Ward", "source_dataset": "Street Trees / 街路樹", "source_department": "Tokyo Metropolitan Government", "source_last_edit_at": ""}}, {"type": "Feature", "geometry": {"type": "Point", "coordinates": [139.79747960000012, 35.70479756994362]}, "properties": {"id": "sumida-ward-453-0-125704798-319797480", "species_group": "magnolia", "scientific_name": "Magnolia species", "common_name": "コブシ", "subtype_name": "コブシ", "zip_code": null, "ownership": "public", "ownership_raw": "Tokyo Metropolitan Government", "city": "Sumida Ward", "source_dataset": "Street Trees / 街路樹", "source_department": "Tokyo Metropolitan Government", "source_last_edit_at": ""}}, {"type": "Feature", "geometry": {"type": "Point", "coordinates": [139.79727930000004, 35.70482152994363]}, "properties": {"id": "sumida-ward-453-0-125704822-319797279", "species_group": "magnolia", "scientific_name": "Magnolia species", "common_name": "コブシ", "subtype_name": "コブシ", "zip_code": null, "ownership": "public", "ownership_raw": "Tokyo Metropolitan Government", "city": "Sumida Ward", "source_dataset": "Street Trees / 街路樹", "source_department": "Tokyo Metropolitan Government", "source_last_edit_at": ""}}, {"type": "Feature", "geometry": {"type": "Point", "coordinates": [139.79750000000004, 35.70485076994363]}, "properties": {"id": "sumida-ward-453-0-125704851-319797500", "species_group": "magnolia", "scientific_name": "Magnolia species", "common_name": "コブシ", "subtype_name": "コブシ", "zip_code": null, "ownership": "public", "ownership_raw": "Tokyo Metropolitan Government", "city": "Sumida Ward", "source_dataset": "Street Trees / 街路樹", "source_department": "Tokyo Metropolitan Government", "source_last_edit_at": ""}}, {"type": "Feature", "geometry": {"type": "Point", "coordinates": [139.79730700000007, 35.70488613994362]}, "properties": {"id": "sumida-ward-453-0-125704886-319797307", "species_group": "magnolia", "scientific_name": "Magnolia species", "common_name": "コブシ", "subtype_name": "コブシ", "zip_code": null, "ownership": "public", "ownership_raw": "Tokyo Metropolitan Government", "city": "Sumida Ward", "source_dataset": "Street Trees / 街路樹", "source_department": "Tokyo Metropolitan Government", "source_last_edit_at": ""}}, {"type": "Feature", "geometry": {"type": "Point", "coordinates": [139.7975170000001, 35.70488924994363]}, "properties": {"id": "sumida-ward-453-0-125704889-319797517", "species_group": "magnolia", "scientific_name": "Magnolia species", "common_name": "コブシ", "subtype_name": "コブシ", "zip_code": null, "ownership": "public", "ownership_raw": "Tokyo Metropolitan Government", "city": "Sumida Ward", "source_dataset": "Street Trees / 街路樹", "source_department": "Tokyo Metropolitan Government", "source_last_edit_at": ""}}, {"type": "Feature", "geometry": {"type": "Point", "coordinates": [139.7973281000001, 35.70494218994363]}, "properties": {"id": "sumida-ward-453-0-125704942-319797328", "species_group": "magnolia", "scientific_name": "Magnolia species", "common_name": "コブシ", "subtype_name": "コブシ", "zip_code": null, "ownership": "public", "ownership_raw": "Tokyo Metropolitan Government", "city": "Sumida Ward", "source_dataset": "Street Trees / 街路樹", "source_department": "Tokyo Metropolitan Government", "source_last_edit_at": ""}}, {"type": "Feature", "geometry": {"type": "Point", "coordinates": [139.79765970000008, 35.70523308994362]}, "properties": {"id": "sumida-ward-453-0-125705233-319797660", "species_group": "magnolia", "scientific_name": "Magnolia species", "common_name": "コブシ", "subtype_name": "コブシ", "zip_code": null, "ownership": "public", "ownership_raw": "Tokyo Metropolitan Government", "city": "Sumida Ward", "source_dataset": "Street Trees / 街路樹", "source_department": "Tokyo Metropolitan Government", "source_last_edit_at": ""}}, {"type": "Feature", "geometry": {"type": "Point", "coordinates": [139.7976795000001, 35.705280459943616]}, "properties": {"id": "sumida-ward-453-0-125705280-319797680", "species_group": "magnolia", "scientific_name": "Magnolia species", "common_name": "コブシ", "subtype_name": "コブシ", "zip_code": null, "ownership": "public", "ownership_raw": "Tokyo Metropolitan Government", "city": "Sumida Ward", "source_dataset": "Street Trees / 街路樹", "source_department": "Tokyo Metropolitan Government", "source_last_edit_at": ""}}, {"type": "Feature", "geometry": {"type": "Point", "coordinates": [139.7975038000001, 35.70535827994361]}, "properties": {"id": "sumida-ward-453-0-125705358-319797504", "species_group": "magnolia", "scientific_name": "Magnolia species", "common_name": "コブシ", "subtype_name": "コブシ", "zip_code": null, "ownership": "public", "ownership_raw": "Tokyo Metropolitan Government", "city": "Sumida Ward", "source_dataset": "Street Trees / 街路樹", "source_department": "Tokyo Metropolitan Government", "source_last_edit_at": ""}}, {"type": "Feature", "geometry": {"type": "Point", "coordinates": [139.7975366000001, 35.705434979943625]}, "properties": {"id": "sumida-ward-453-0-125705435-319797537", "species_group": "magnolia", "scientific_name": "Magnolia species", "common_name": "コブシ", "subtype_name": "コブシ", "zip_code": null, "ownership": "public", "ownership_raw": "Tokyo Metropolitan Government", "city": "Sumida Ward", "source_dataset": "Street Trees / 街路樹", "source_department": "Tokyo Metropolitan Government", "source_last_edit_at": ""}}, {"type": "Feature", "geometry": {"type": "Point", "coordinates": [139.79776600000005, 35.70549236994361]}, "properties": {"id": "sumida-ward-453-0-125705492-319797766", "species_group": "magnolia", "scientific_name": "Magnolia species", "common_name": "コブシ", "subtype_name": "コブシ", "zip_code": null, "ownership": "public", "ownership_raw": "Tokyo Metropolitan Government", "city": "Sumida Ward", "source_dataset": "Street Trees / 街路樹", "source_department": "Tokyo Metropolitan Government", "source_last_edit_at": ""}}, {"type": "Feature", "geometry": {"type": "Point", "coordinates": [139.7975650000001, 35.70550464994364]}, "properties": {"id": "sumida-ward-453-0-125705505-319797565", "species_group": "magnolia", "scientific_name": "Magnolia species", "common_name": "コブシ", "subtype_name": "コブシ", "zip_code": null, "ownership": "public", "ownership_raw": "Tokyo Metropolitan Government", "city": "Sumida Ward", "source_dataset": "Street Trees / 街路樹", "source_department": "Tokyo Metropolitan Government", "source_last_edit_at": ""}}, {"type": "Feature", "geometry": {"type": "Point", "coordinates": [139.79792460000013, 35.70587151994363]}, "properties": {"id": "sumida-ward-453-0-125705872-319797925", "species_group": "magnolia", "scientific_name": "Magnolia species", "common_name": "コブシ", "subtype_name": "コブシ", "zip_code": null, "ownership": "public", "ownership_raw": "Tokyo Metropolitan Government", "city": "Sumida Ward", "source_dataset": "Street Trees / 街路樹", "source_department": "Tokyo Metropolitan Government", "source_last_edit_at": ""}}, {"type": "Feature", "geometry": {"type": "Point", "coordinates": [139.79794300000006, 35.705913299943624]}, "properties": {"id": "sumida-ward-453-0-125705913-319797943", "species_group": "magnolia", "scientific_name": "Magnolia species", "common_name": "コブシ", "subtype_name": "コブシ", "zip_code": null, "ownership": "public", "ownership_raw": "Tokyo Metropolitan Government", "city": "Sumida Ward", "source_dataset": "Street Trees / 街路樹", "source_department": "Tokyo Metropolitan Government", "source_last_edit_at": ""}}, {"type": "Feature", "geometry": {"type": "Point", "coordinates": [139.79774010000008, 35.70593335994362]}, "properties": {"id": "sumida-ward-453-0-125705933-319797740", "species_group": "magnolia", "scientific_name": "Magnolia species", "common_name": "コブシ", "subtype_name": "コブシ", "zip_code": null, "ownership": "public", "ownership_raw": "Tokyo Metropolitan Government", "city": "Sumida Ward", "source_dataset": "Street Trees / 街路樹", "source_department": "Tokyo Metropolitan Government", "source_last_edit_at": ""}}, {"type": "Feature", "geometry": {"type": "Point", "coordinates": [139.79778300000012, 35.706032329943575]}, "properties": {"id": "sumida-ward-453-0-125706032-319797783", "species_group": "magnolia", "scientific_name": "Magnolia species", "common_name": "コブシ", "subtype_name": "コブシ", "zip_code": null, "ownership": "public", "ownership_raw": "Tokyo Metropolitan Government", "city": "Sumida Ward", "source_dataset": "Street Trees / 街路樹", "source_department": "Tokyo Metropolitan Government", "source_last_edit_at": ""}}, {"type": "Feature", "geometry": {"type": "Point", "coordinates": [139.79781280000012, 35.7061022999436]}, "properties": {"id": "sumida-ward-453-0-125706102-319797813", "species_group": "magnolia", "scientific_name": "Magnolia species", "common_name": "コブシ", "subtype_name": "コブシ", "zip_code": null, "ownership": "public", "ownership_raw": "Tokyo Metropolitan Government", "city": "Sumida Ward", "source_dataset": "Street Trees / 街路樹", "source_department": "Tokyo Metropolitan Government", "source_last_edit_at": ""}}, {"type": "Feature", "geometry": {"type": "Point", "coordinates": [139.79782170000013, 35.70612507994359]}, "properties": {"id": "sumida-ward-453-0-125706125-319797822", "species_group": "magnolia", "scientific_name": "Magnolia species", "common_name": "コブシ", "subtype_name": "コブシ", "zip_code": null, "ownership": "public", "ownership_raw": "Tokyo Metropolitan Government", "city": "Sumida Ward", "source_dataset": "Street Trees / 街路樹", "source_department": "Tokyo Metropolitan Government", "source_last_edit_at": ""}}, {"type": "Feature", "geometry": {"type": "Point", "coordinates": [139.79803040000004, 35.70612958994359]}, "properties": {"id": "sumida-ward-453-0-125706130-319798030", "species_group": "magnolia", "scientific_name": "Magnolia species", "common_name": "コブシ", "subtype_name": "コブシ", "zip_code": null, "ownership": "public", "ownership_raw": "Tokyo Metropolitan Government", "city": "Sumida Ward", "source_dataset": "Street Trees / 街路樹", "source_department": "Tokyo Metropolitan Government", "source_last_edit_at": ""}}, {"type": "Feature", "geometry": {"type": "Point", "coordinates": [139.79819760000012, 35.706531699943554]}, "properties": {"id": "sumida-ward-453-0-125706532-319798198", "species_group": "magnolia", "scientific_name": "Magnolia species", "common_name": "コブシ", "subtype_name": "コブシ", "zip_code": null, "ownership": "public", "ownership_raw": "Tokyo Metropolitan Government", "city": "Sumida Ward", "source_dataset": "Street Trees / 街路樹", "source_department": "Tokyo Metropolitan Government", "source_last_edit_at": ""}}, {"type": "Feature", "geometry": {"type": "Point", "coordinates": [139.7982331000001, 35.70662622994357]}, "properties": {"id": "sumida-ward-453-0-125706626-319798233", "species_group": "magnolia", "scientific_name": "Magnolia species", "common_name": "コブシ", "subtype_name": "コブシ", "zip_code": null, "ownership": "public", "ownership_raw": "Tokyo Metropolitan Government", "city": "Sumida Ward", "source_dataset": "Street Trees / 街路樹", "source_department": "Tokyo Metropolitan Government", "source_last_edit_at": ""}}, {"type": "Feature", "geometry": {"type": "Point", "coordinates": [139.79834530000008, 35.70690618994357]}, "properties": {"id": "sumida-ward-453-0-125706906-319798345", "species_group": "magnolia", "scientific_name": "Magnolia species", "common_name": "コブシ", "subtype_name": "コブシ", "zip_code": null, "ownership": "public", "ownership_raw": "Tokyo Metropolitan Government", "city": "Sumida Ward", "source_dataset": "Street Trees / 街路樹", "source_department": "Tokyo Metropolitan Government", "source_last_edit_at": ""}}, {"type": "Feature", "geometry": {"type": "Point", "coordinates": [139.79815220000015, 35.706937239943585]}, "properties": {"id": "sumida-ward-453-0-125706937-319798152", "species_group": "magnolia", "scientific_name": "Magnolia species", "common_name": "コブシ", "subtype_name": "コブシ", "zip_code": null, "ownership": "public", "ownership_raw": "Tokyo Metropolitan Government", "city": "Sumida Ward", "source_dataset": "Street Trees / 街路樹", "source_department": "Tokyo Metropolitan Government", "source_last_edit_at": ""}}, {"type": "Feature", "geometry": {"type": "Point", "coordinates": [139.79840950000008, 35.707062279943585]}, "properties": {"id": "sumida-ward-453-0-125707062-319798410", "species_group": "magnolia", "scientific_name": "Magnolia species", "common_name": "コブシ", "subtype_name": "コブシ", "zip_code": null, "ownership": "public", "ownership_raw": "Tokyo Metropolitan Government", "city": "Sumida Ward", "source_dataset": "Street Trees / 街路樹", "source_department": "Tokyo Metropolitan Government", "source_last_edit_at": ""}}, {"type": "Feature", "geometry": {"type": "Point", "coordinates": [139.7984955000001, 35.70726997994354]}, "properties": {"id": "sumida-ward-453-0-125707270-319798496", "species_group": "magnolia", "scientific_name": "Magnolia species", "common_name": "コブシ", "subtype_name": "コブシ", "zip_code": null, "ownership": "public", "ownership_raw": "Tokyo Metropolitan Government", "city": "Sumida Ward", "source_dataset": "Street Trees / 街路樹", "source_department": "Tokyo Metropolitan Government", "source_last_edit_at": ""}}, {"type": "Feature", "geometry": {"type": "Point", "coordinates": [139.79831990000005, 35.70735095994356]}, "properties": {"id": "sumida-ward-453-0-125707351-319798320", "species_group": "magnolia", "scientific_name": "Magnolia species", "common_name": "コブシ", "subtype_name": "コブシ", "zip_code": null, "ownership": "public", "ownership_raw": "Tokyo Metropolitan Government", "city": "Sumida Ward", "source_dataset": "Street Trees / 街路樹", "source_department": "Tokyo Metropolitan Government", "source_last_edit_at": ""}}, {"type": "Feature", "geometry": {"type": "Point", "coordinates": [139.7986000000001, 35.70737548994359]}, "properties": {"id": "sumida-ward-453-0-125707375-319798600", "species_group": "magnolia", "scientific_name": "Magnolia species", "common_name": "コブシ", "subtype_name": "コブシ", "zip_code": null, "ownership": "public", "ownership_raw": "Tokyo Metropolitan Government", "city": "Sumida Ward", "source_dataset": "Street Trees / 街路樹", "source_department": "Tokyo Metropolitan Government", "source_last_edit_at": ""}}, {"type": "Feature", "geometry": {"type": "Point", "coordinates": [139.80081670000007, 35.70833677994352]}, "properties": {"id": "sumida-ward-453-0-125708337-319800817", "species_group": "cherry", "scientific_name": "Prunus species", "common_name": "サクラ", "subtype_name": "サクラ", "zip_code": null, "ownership": "public", "ownership_raw": "Tokyo Metropolitan Government", "city": "Sumida Ward", "source_dataset": "Street Trees / 街路樹", "source_department": "Tokyo Metropolitan Government", "source_last_edit_at": ""}}, {"type": "Feature", "geometry": {"type": "Point", "coordinates": [139.8053719000001, 35.70854787994352]}, "properties": {"id": "sumida-ward-453-0-125708548-319805372", "species_group": "cherry", "scientific_name": "Prunus species", "common_name": "サクラ", "subtype_name": "サクラ", "zip_code": null, "ownership": "public", "ownership_raw": "Tokyo Metropolitan Government", "city": "Sumida Ward", "source_dataset": "Street Trees / 街路樹", "source_department": "Tokyo Metropolitan Government", "source_last_edit_at": ""}}, {"type": "Feature", "geometry": {"type": "Point", "coordinates": [139.8038128000001, 35.708672859943526]}, "properties": {"id": "sumida-ward-453-0-125708673-319803813", "species_group": "cherry", "scientific_name": "Prunus species", "common_name": "サクラ", "subtype_name": "サクラ", "zip_code": null, "ownership": "public", "ownership_raw": "Tokyo Metropolitan Government", "city": "Sumida Ward", "source_dataset": "Street Trees / 街路樹", "source_department": "Tokyo Metropolitan Government", "source_last_edit_at": ""}}, {"type": "Feature", "geometry": {"type": "Point", "coordinates": [139.80504810000005, 35.70873781994355]}, "properties": {"id": "sumida-ward-453-0-125708738-319805048", "species_group": "cherry", "scientific_name": "Prunus species", "common_name": "サクラ", "subtype_name": "サクラ", "zip_code": null, "ownership": "public", "ownership_raw": "Tokyo Metropolitan Government", "city": "Sumida Ward", "source_dataset": "Street Trees / 街路樹", "source_department": "Tokyo Metropolitan Government", "source_last_edit_at": ""}}, {"type": "Feature", "geometry": {"type": "Point", "coordinates": [139.80746620000005, 35.70894509994353]}, "properties": {"id": "sumida-ward-453-0-125708945-319807466", "species_group": "cherry", "scientific_name": "Prunus species", "common_name": "サクラ", "subtype_name": "サクラ", "zip_code": null, "ownership": "public", "ownership_raw": "Tokyo Metropolitan Government", "city": "Sumida Ward", "source_dataset": "Street Trees / 街路樹", "source_department": "Tokyo Metropolitan Government", "source_last_edit_at": ""}}, {"type": "Feature", "geometry": {"type": "Point", "coordinates": [139.80751970000009, 35.708976679943525]}, "properties": {"id": "sumida-ward-453-0-125708977-319807520", "species_group": "cherry", "scientific_name": "Prunus species", "common_name": "サクラ", "subtype_name": "サクラ", "zip_code": null, "ownership": "public", "ownership_raw": "Tokyo Metropolitan Government", "city": "Sumida Ward", "source_dataset": "Street Trees / 街路樹", "source_department": "Tokyo Metropolitan Government", "source_last_edit_at": ""}}, {"type": "Feature", "geometry": {"type": "Point", "coordinates": [139.80200800000014, 35.711159709943495]}, "properties": {"id": "sumida-ward-461-0-125711160-319802008", "species_group": "cherry", "scientific_name": "Prunus species", "common_name": "サクラ", "subtype_name": "サクラ", "zip_code": null, "ownership": "public", "ownership_raw": "Tokyo Metropolitan Government", "city": "Sumida Ward", "source_dataset": "Street Trees / 街路樹", "source_department": "Tokyo Metropolitan Government", "source_last_edit_at": ""}}, {"type": "Feature", "geometry": {"type": "Point", "coordinates": [139.80201150000008, 35.71117013994347]}, "properties": {"id": "sumida-ward-461-0-125711170-319802012", "species_group": "cherry", "scientific_name": "Prunus species", "common_name": "サクラ", "subtype_name": "サクラ", "zip_code": null, "ownership": "public", "ownership_raw": "Tokyo Metropolitan Government", "city": "Sumida Ward", "source_dataset": "Street Trees / 街路樹", "source_department": "Tokyo Metropolitan Government", "source_last_edit_at": ""}}, {"type": "Feature", "geometry": {"type": "Point", "coordinates": [139.79701600000013, 35.70045031994375]}, "properties": {"id": "sumida-ward-463-0-125700450-319797016", "species_group": "magnolia", "scientific_name": "Magnolia species", "common_name": "コブシ", "subtype_name": "コブシ", "zip_code": null, "ownership": "public", "ownership_raw": "Tokyo Metropolitan Government", "city": "Sumida Ward", "source_dataset": "Street Trees / 街路樹", "source_department": "Tokyo Metropolitan Government", "source_last_edit_at": ""}}, {"type": "Feature", "geometry": {"type": "Point", "coordinates": [139.79701200000014, 35.70050966994369]}, "properties": {"id": "sumida-ward-463-0-125700510-319797012", "species_group": "magnolia", "scientific_name": "Magnolia species", "common_name": "コブシ", "subtype_name": "コブシ", "zip_code": null, "ownership": "public", "ownership_raw": "Tokyo Metropolitan Government", "city": "Sumida Ward", "source_dataset": "Street Trees / 街路樹", "source_department": "Tokyo Metropolitan Government", "source_last_edit_at": ""}}, {"type": "Feature", "geometry": {"type": "Point", "coordinates": [139.79720650000004, 35.70055333994373]}, "properties": {"id": "sumida-ward-463-0-125700553-319797206", "species_group": "magnolia", "scientific_name": "Magnolia species", "common_name": "コブシ", "subtype_name": "コブシ", "zip_code": null, "ownership": "public", "ownership_raw": "Tokyo Metropolitan Government", "city": "Sumida Ward", "source_dataset": "Street Trees / 街路樹", "source_department": "Tokyo Metropolitan Government", "source_last_edit_at": ""}}, {"type": "Feature", "geometry": {"type": "Point", "coordinates": [139.7970052000001, 35.70057764994374]}, "properties": {"id": "sumida-ward-463-0-125700578-319797005", "species_group": "magnolia", "scientific_name": "Magnolia species", "common_name": "コブシ", "subtype_name": "コブシ", "zip_code": null, "ownership": "public", "ownership_raw": "Tokyo Metropolitan Government", "city": "Sumida Ward", "source_dataset": "Street Trees / 街路樹", "source_department": "Tokyo Metropolitan Government", "source_last_edit_at": ""}}, {"type": "Feature", "geometry": {"type": "Point", "coordinates": [139.79700100000005, 35.700624979943726]}, "properties": {"id": "sumida-ward-463-0-125700625-319797001", "species_group": "magnolia", "scientific_name": "Magnolia species", "common_name": "コブシ", "subtype_name": "コブシ", "zip_code": null, "ownership": "public", "ownership_raw": "Tokyo Metropolitan Government", "city": "Sumida Ward", "source_dataset": "Street Trees / 街路樹", "source_department": "Tokyo Metropolitan Government", "source_last_edit_at": ""}}, {"type": "Feature", "geometry": {"type": "Point", "coordinates": [139.79719600000013, 35.70071959994373]}, "properties": {"id": "sumida-ward-463-0-125700720-319797196", "species_group": "magnolia", "scientific_name": "Magnolia species", "common_name": "コブシ", "subtype_name": "コブシ", "zip_code": null, "ownership": "public", "ownership_raw": "Tokyo Metropolitan Government", "city": "Sumida Ward", "source_dataset": "Street Trees / 街路樹", "source_department": "Tokyo Metropolitan Government", "source_last_edit_at": ""}}, {"type": "Feature", "geometry": {"type": "Point", "coordinates": [139.79698780000004, 35.70082604994372]}, "properties": {"id": "sumida-ward-463-0-125700826-319796988", "species_group": "magnolia", "scientific_name": "Magnolia species", "common_name": "コブシ", "subtype_name": "コブシ", "zip_code": null, "ownership": "public", "ownership_raw": "Tokyo Metropolitan Government", "city": "Sumida Ward", "source_dataset": "Street Trees / 街路樹", "source_department": "Tokyo Metropolitan Government", "source_last_edit_at": ""}}, {"type": "Feature", "geometry": {"type": "Point", "coordinates": [139.79718190000008, 35.70091081994371]}, "properties": {"id": "sumida-ward-463-0-125700911-319797182", "species_group": "magnolia", "scientific_name": "Magnolia species", "common_name": "コブシ", "subtype_name": "コブシ", "zip_code": null, "ownership": "public", "ownership_raw": "Tokyo Metropolitan Government", "city": "Sumida Ward", "source_dataset": "Street Trees / 街路樹", "source_department": "Tokyo Metropolitan Government", "source_last_edit_at": ""}}, {"type": "Feature", "geometry": {"type": "Point", "coordinates": [139.79697920000004, 35.70093905994372]}, "properties": {"id": "sumida-ward-463-0-125700939-319796979", "species_group": "magnolia", "scientific_name": "Magnolia species", "common_name": "コブシ", "subtype_name": "コブシ", "zip_code": null, "ownership": "public", "ownership_raw": "Tokyo Metropolitan Government", "city": "Sumida Ward", "source_dataset": "Street Trees / 街路樹", "source_department": "Tokyo Metropolitan Government", "source_last_edit_at": ""}}, {"type": "Feature", "geometry": {"type": "Point", "coordinates": [139.79696700000014, 35.70109231994371]}, "properties": {"id": "sumida-ward-463-0-125701092-319796967", "species_group": "magnolia", "scientific_name": "Magnolia species", "common_name": "コブシ", "subtype_name": "コブシ", "zip_code": null, "ownership": "public", "ownership_raw": "Tokyo Metropolitan Government", "city": "Sumida Ward", "source_dataset": "Street Trees / 街路樹", "source_department": "Tokyo Metropolitan Government", "source_last_edit_at": ""}}, {"type": "Feature", "geometry": {"type": "Point", "coordinates": [139.79716020000004, 35.70118410994371]}, "properties": {"id": "sumida-ward-463-0-125701184-319797160", "species_group": "magnolia", "scientific_name": "Magnolia species", "common_name": "コブシ", "subtype_name": "コブシ", "zip_code": null, "ownership": "public", "ownership_raw": "Tokyo Metropolitan Government", "city": "Sumida Ward", "source_dataset": "Street Trees / 街路樹", "source_department": "Tokyo Metropolitan Government", "source_last_edit_at": ""}}, {"type": "Feature", "geometry": {"type": "Point", "coordinates": [139.79715810000008, 35.70122821994374]}, "properties": {"id": "sumida-ward-463-0-125701228-319797158", "species_group": "magnolia", "scientific_name": "Magnolia species", "common_name": "コブシ", "subtype_name": "コブシ", "zip_code": null, "ownership": "public", "ownership_raw": "Tokyo Metropolitan Government", "city": "Sumida Ward", "source_dataset": "Street Trees / 街路樹", "source_department": "Tokyo Metropolitan Government", "source_last_edit_at": ""}}, {"type": "Feature", "geometry": {"type": "Point", "coordinates": [139.79694190000012, 35.70142081994372]}, "properties": {"id": "sumida-ward-463-0-125701421-319796942", "species_group": "magnolia", "scientific_name": "Magnolia species", "common_name": "コブシ", "subtype_name": "コブシ", "zip_code": null, "ownership": "public", "ownership_raw": "Tokyo Metropolitan Government", "city": "Sumida Ward", "source_dataset": "Street Trees / 街路樹", "source_department": "Tokyo Metropolitan Government", "source_last_edit_at": ""}}, {"type": "Feature", "geometry": {"type": "Point", "coordinates": [139.79713990000008, 35.70143874994372]}, "properties": {"id": "sumida-ward-463-0-125701439-319797140", "species_group": "magnolia", "scientific_name": "Magnolia species", "common_name": "コブシ", "subtype_name": "コブシ", "zip_code": null, "ownership": "public", "ownership_raw": "Tokyo Metropolitan Government", "city": "Sumida Ward", "source_dataset": "Street Trees / 街路樹", "source_department": "Tokyo Metropolitan Government", "source_last_edit_at": ""}}, {"type": "Feature", "geometry": {"type": "Point", "coordinates": [139.79712820000012, 35.70160350994368]}, "properties": {"id": "sumida-ward-463-0-125701604-319797128", "species_group": "magnolia", "scientific_name": "Magnolia species", "common_name": "コブシ", "subtype_name": "コブシ", "zip_code": null, "ownership": "public", "ownership_raw": "Tokyo Metropolitan Government", "city": "Sumida Ward", "source_dataset": "Street Trees / 街路樹", "source_department": "Tokyo Metropolitan Government", "source_last_edit_at": ""}}, {"type": "Feature", "geometry": {"type": "Point", "coordinates": [139.79712270000007, 35.70165852994367]}, "properties": {"id": "sumida-ward-463-0-125701659-319797123", "species_group": "magnolia", "scientific_name": "Magnolia species", "common_name": "コブシ", "subtype_name": "コブシ", "zip_code": null, "ownership": "public", "ownership_raw": "Tokyo Metropolitan Government", "city": "Sumida Ward", "source_dataset": "Street Trees / 街路樹", "source_department": "Tokyo Metropolitan Government", "source_last_edit_at": ""}}, {"type": "Feature", "geometry": {"type": "Point", "coordinates": [139.79711430000012, 35.70177999994368]}, "properties": {"id": "sumida-ward-463-0-125701780-319797114", "species_group": "magnolia", "scientific_name": "Magnolia species", "common_name": "コブシ", "subtype_name": "コブシ", "zip_code": null, "ownership": "public", "ownership_raw": "Tokyo Metropolitan Government", "city": "Sumida Ward", "source_dataset": "Street Trees / 街路樹", "source_department": "Tokyo Metropolitan Government", "source_last_edit_at": ""}}, {"type": "Feature", "geometry": {"type": "Point", "coordinates": [139.79689080000006, 35.70210962994368]}, "properties": {"id": "sumida-ward-463-0-125702110-319796891", "species_group": "magnolia", "scientific_name": "Magnolia species", "common_name": "コブシ", "subtype_name": "コブシ", "zip_code": null, "ownership": "public", "ownership_raw": "Tokyo Metropolitan Government", "city": "Sumida Ward", "source_dataset": "Street Trees / 街路樹", "source_department": "Tokyo Metropolitan Government", "source_last_edit_at": ""}}, {"type": "Feature", "geometry": {"type": "Point", "coordinates": [139.7970809000001, 35.7021996599437]}, "properties": {"id": "sumida-ward-463-0-125702200-319797081", "species_group": "magnolia", "scientific_name": "Magnolia species", "common_name": "コブシ", "subtype_name": "コブシ", "zip_code": null, "ownership": "public", "ownership_raw": "Tokyo Metropolitan Government", "city": "Sumida Ward", "source_dataset": "Street Trees / 街路樹", "source_department": "Tokyo Metropolitan Government", "source_last_edit_at": ""}}, {"type": "Feature", "geometry": {"type": "Point", "coordinates": [139.7968715000001, 35.70235276994369]}, "properties": {"id": "sumida-ward-463-0-125702353-319796872", "species_group": "magnolia", "scientific_name": "Magnolia species", "common_name": "コブシ", "subtype_name": "コブシ", "zip_code": null, "ownership": "public", "ownership_raw": "Tokyo Metropolitan Government", "city": "Sumida Ward", "source_dataset": "Street Trees / 街路樹", "source_department": "Tokyo Metropolitan Government", "source_last_edit_at": ""}}, {"type": "Feature", "geometry": {"type": "Point", "coordinates": [139.79706550000006, 35.702399629943685]}, "properties": {"id": "sumida-ward-463-0-125702400-319797066", "species_group": "magnolia", "scientific_name": "Magnolia species", "common_name": "コブシ", "subtype_name": "コブシ", "zip_code": null, "ownership": "public", "ownership_raw": "Tokyo Metropolitan Government", "city": "Sumida Ward", "source_dataset": "Street Trees / 街路樹", "source_department": "Tokyo Metropolitan Government", "source_last_edit_at": ""}}, {"type": "Feature", "geometry": {"type": "Point", "coordinates": [139.79706130000014, 35.70244808994371]}, "properties": {"id": "sumida-ward-463-0-125702448-319797061", "species_group": "magnolia", "scientific_name": "Magnolia species", "common_name": "コブシ", "subtype_name": "コブシ", "zip_code": null, "ownership": "public", "ownership_raw": "Tokyo Metropolitan Government", "city": "Sumida Ward", "source_dataset": "Street Trees / 街路樹", "source_department": "Tokyo Metropolitan Government", "source_last_edit_at": ""}}, {"type": "Feature", "geometry": {"type": "Point", "coordinates": [139.7968589000001, 35.7024939399437]}, "properties": {"id": "sumida-ward-463-0-125702494-319796859", "species_group": "magnolia", "scientific_name": "Magnolia species", "common_name": "コブシ", "subtype_name": "コブシ", "zip_code": null, "ownership": "public", "ownership_raw": "Tokyo Metropolitan Government", "city": "Sumida Ward", "source_dataset": "Street Trees / 街路樹", "source_department": "Tokyo Metropolitan Government", "source_last_edit_at": ""}}, {"type": "Feature", "geometry": {"type": "Point", "coordinates": [139.7970561000001, 35.7025296999437]}, "properties": {"id": "sumida-ward-463-0-125702530-319797056", "species_group": "magnolia", "scientific_name": "Magnolia species", "common_name": "コブシ", "subtype_name": "コブシ", "zip_code": null, "ownership": "public", "ownership_raw": "Tokyo Metropolitan Government", "city": "Sumida Ward", "source_dataset": "Street Trees / 街路樹", "source_department": "Tokyo Metropolitan Government", "source_last_edit_at": ""}}, {"type": "Feature", "geometry": {"type": "Point", "coordinates": [139.79683620000006, 35.70280979994369]}, "properties": {"id": "sumida-ward-463-0-125702810-319796836", "species_group": "magnolia", "scientific_name": "Magnolia species", "common_name": "コブシ", "subtype_name": "コブシ", "zip_code": null, "ownership": "public", "ownership_raw": "Tokyo Metropolitan Government", "city": "Sumida Ward", "source_dataset": "Street Trees / 街路樹", "source_department": "Tokyo Metropolitan Government", "source_last_edit_at": ""}}, {"type": "Feature", "geometry": {"type": "Point", "coordinates": [139.7968242000001, 35.70294429994368]}, "properties": {"id": "sumida-ward-463-0-125702944-319796824", "species_group": "magnolia", "scientific_name": "Magnolia species", "common_name": "コブシ", "subtype_name": "コブシ", "zip_code": null, "ownership": "public", "ownership_raw": "Tokyo Metropolitan Government", "city": "Sumida Ward", "source_dataset": "Street Trees / 街路樹", "source_department": "Tokyo Metropolitan Government", "source_last_edit_at": ""}}, {"type": "Feature", "geometry": {"type": "Point", "coordinates": [139.79701890000004, 35.702966869943694]}, "properties": {"id": "sumida-ward-463-0-125702967-319797019", "species_group": "magnolia", "scientific_name": "Magnolia species", "common_name": "コブシ", "subtype_name": "コブシ", "zip_code": null, "ownership": "public", "ownership_raw": "Tokyo Metropolitan Government", "city": "Sumida Ward", "source_dataset": "Street Trees / 街路樹", "source_department": "Tokyo Metropolitan Government", "source_last_edit_at": ""}}, {"type": "Feature", "geometry": {"type": "Point", "coordinates": [139.79681530000008, 35.70308197994364]}, "properties": {"id": "sumida-ward-463-0-125703082-319796815", "species_group": "magnolia", "scientific_name": "Magnolia species", "common_name": "コブシ", "subtype_name": "コブシ", "zip_code": null, "ownership": "public", "ownership_raw": "Tokyo Metropolitan Government", "city": "Sumida Ward", "source_dataset": "Street Trees / 街路樹", "source_department": "Tokyo Metropolitan Government", "source_last_edit_at": ""}}, {"type": "Feature", "geometry": {"type": "Point", "coordinates": [139.79699600000006, 35.70327976994366]}, "properties": {"id": "sumida-ward-463-0-125703280-319796996", "species_group": "magnolia", "scientific_name": "Magnolia species", "common_name": "コブシ", "subtype_name": "コブシ", "zip_code": null, "ownership": "public", "ownership_raw": "Tokyo Metropolitan Government", "city": "Sumida Ward", "source_dataset": "Street Trees / 街路樹", "source_department": "Tokyo Metropolitan Government", "source_last_edit_at": ""}}, {"type": "Feature", "geometry": {"type": "Point", "coordinates": [139.79699320000012, 35.703323459943654]}, "properties": {"id": "sumida-ward-463-0-125703323-319796993", "species_group": "magnolia", "scientific_name": "Magnolia species", "common_name": "コブシ", "subtype_name": "コブシ", "zip_code": null, "ownership": "public", "ownership_raw": "Tokyo Metropolitan Government", "city": "Sumida Ward", "source_dataset": "Street Trees / 街路樹", "source_department": "Tokyo Metropolitan Government", "source_last_edit_at": ""}}, {"type": "Feature", "geometry": {"type": "Point", "coordinates": [139.79679450000006, 35.70332718994365]}, "properties": {"id": "sumida-ward-463-0-125703327-319796795", "species_group": "magnolia", "scientific_name": "Magnolia species", "common_name": "コブシ", "subtype_name": "コブシ", "zip_code": null, "ownership": "public", "ownership_raw": "Tokyo Metropolitan Government", "city": "Sumida Ward", "source_dataset": "Street Trees / 街路樹", "source_department": "Tokyo Metropolitan Government", "source_last_edit_at": ""}}, {"type": "Feature", "geometry": {"type": "Point", "coordinates": [139.7967841000001, 35.703456519943636]}, "properties": {"id": "sumida-ward-463-0-125703457-319796784", "species_group": "magnolia", "scientific_name": "Magnolia species", "common_name": "コブシ", "subtype_name": "コブシ", "zip_code": null, "ownership": "public", "ownership_raw": "Tokyo Metropolitan Government", "city": "Sumida Ward", "source_dataset": "Street Trees / 街路樹", "source_department": "Tokyo Metropolitan Government", "source_last_edit_at": ""}}, {"type": "Feature", "geometry": {"type": "Point", "coordinates": [139.81526850000012, 35.69486618994384]}, "properties": {"id": "sumida-ward-465-0-125694866-319815269", "species_group": "magnolia", "scientific_name": "Magnolia species", "common_name": "コブシ", "subtype_name": "コブシ", "zip_code": null, "ownership": "public", "ownership_raw": "Tokyo Metropolitan Government", "city": "Sumida Ward", "source_dataset": "Street Trees / 街路樹", "source_department": "Tokyo Metropolitan Government", "source_last_edit_at": ""}}, {"type": "Feature", "geometry": {"type": "Point", "coordinates": [139.81483270000004, 35.69731748994379]}, "properties": {"id": "sumida-ward-465-0-125697317-319814833", "species_group": "cherry", "scientific_name": "Prunus species", "common_name": "サクラ", "subtype_name": "サクラ", "zip_code": null, "ownership": "public", "ownership_raw": "Tokyo Metropolitan Government", "city": "Sumida Ward", "source_dataset": "Street Trees / 街路樹", "source_department": "Tokyo Metropolitan Government", "source_last_edit_at": ""}}, {"type": "Feature", "geometry": {"type": "Point", "coordinates": [139.81483110000013, 35.69740708994381]}, "properties": {"id": "sumida-ward-465-0-125697407-319814831", "species_group": "cherry", "scientific_name": "Prunus species", "common_name": "サクラ", "subtype_name": "サクラ", "zip_code": null, "ownership": "public", "ownership_raw": "Tokyo Metropolitan Government", "city": "Sumida Ward", "source_dataset": "Street Trees / 街路樹", "source_department": "Tokyo Metropolitan Government", "source_last_edit_at": ""}}, {"type": "Feature", "geometry": {"type": "Point", "coordinates": [139.81480320000006, 35.69763332994378]}, "properties": {"id": "sumida-ward-465-0-125697633-319814803", "species_group": "cherry", "scientific_name": "Prunus species", "common_name": "サクラ", "subtype_name": "サクラ", "zip_code": null, "ownership": "public", "ownership_raw": "Tokyo Metropolitan Government", "city": "Sumida Ward", "source_dataset": "Street Trees / 街路樹", "source_department": "Tokyo Metropolitan Government", "source_last_edit_at": ""}}, {"type": "Feature", "geometry": {"type": "Point", "coordinates": [139.81465790000007, 35.700489199943725]}, "properties": {"id": "sumida-ward-465-0-125700489-319814658", "species_group": "magnolia", "scientific_name": "Magnolia species", "common_name": "コブシ", "subtype_name": "コブシ", "zip_code": null, "ownership": "public", "ownership_raw": "Tokyo Metropolitan Government", "city": "Sumida Ward", "source_dataset": "Street Trees / 街路樹", "source_department": "Tokyo Metropolitan Government", "source_last_edit_at": ""}}, {"type": "Feature", "geometry": {"type": "Point", "coordinates": [139.80495360000012, 35.68827445994401]}, "properties": {"id": "sumida-ward-50-0-125688274-319804954", "species_group": "cherry", "scientific_name": "Prunus species", "common_name": "サクラ", "subtype_name": "サクラ", "zip_code": null, "ownership": "public", "ownership_raw": "Tokyo Metropolitan Government", "city": "Sumida Ward", "source_dataset": "Street Trees / 街路樹", "source_department": "Tokyo Metropolitan Government", "source_last_edit_at": ""}}, {"type": "Feature", "geometry": {"type": "Point", "coordinates": [139.80503220000006, 35.68828215994397]}, "properties": {"id": "sumida-ward-50-0-125688282-319805032", "species_group": "cherry", "scientific_name": "Prunus species", "common_name": "サクラ", "subtype_name": "サクラ", "zip_code": null, "ownership": "public", "ownership_raw": "Tokyo Metropolitan Government", "city": "Sumida Ward", "source_dataset": "Street Trees / 街路樹", "source_department": "Tokyo Metropolitan Government", "source_last_edit_at": ""}}, {"type": "Feature", "geometry": {"type": "Point", "coordinates": [139.80515290000008, 35.688287649944]}, "properties": {"id": "sumida-ward-50-0-125688288-319805153", "species_group": "magnolia", "scientific_name": "Magnolia species", "common_name": "コブシ", "subtype_name": "コブシ", "zip_code": null, "ownership": "public", "ownership_raw": "Tokyo Metropolitan Government", "city": "Sumida Ward", "source_dataset": "Street Trees / 街路樹", "source_department": "Tokyo Metropolitan Government", "source_last_edit_at": ""}}, {"type": "Feature", "geometry": {"type": "Point", "coordinates": [139.80538170000014, 35.688295319944004]}, "properties": {"id": "sumida-ward-50-0-125688295-319805382", "species_group": "magnolia", "scientific_name": "Magnolia species", "common_name": "コブシ", "subtype_name": "コブシ", "zip_code": null, "ownership": "public", "ownership_raw": "Tokyo Metropolitan Government", "city": "Sumida Ward", "source_dataset": "Street Trees / 街路樹", "source_department": "Tokyo Metropolitan Government", "source_last_edit_at": ""}}, {"type": "Feature", "geometry": {"type": "Point", "coordinates": [139.80548710000008, 35.688303379943974]}, "properties": {"id": "sumida-ward-50-0-125688303-319805487", "species_group": "magnolia", "scientific_name": "Magnolia species", "common_name": "コブシ", "subtype_name": "コブシ", "zip_code": null, "ownership": "public", "ownership_raw": "Tokyo Metropolitan Government", "city": "Sumida Ward", "source_dataset": "Street Trees / 街路樹", "source_department": "Tokyo Metropolitan Government", "source_last_edit_at": ""}}, {"type": "Feature", "geometry": {"type": "Point", "coordinates": [139.80561590000005, 35.688306129943996]}, "properties": {"id": "sumida-ward-50-0-125688306-319805616", "species_group": "cherry", "scientific_name": "Prunus species", "common_name": "サクラ", "subtype_name": "サクラ", "zip_code": null, "ownership": "public", "ownership_raw": "Tokyo Metropolitan Government", "city": "Sumida Ward", "source_dataset": "Street Trees / 街路樹", "source_department": "Tokyo Metropolitan Government", "source_last_edit_at": ""}}, {"type": "Feature", "geometry": {"type": "Point", "coordinates": [139.8064317000001, 35.68834105994397]}, "properties": {"id": "sumida-ward-50-0-125688341-319806432", "species_group": "magnolia", "scientific_name": "Magnolia species", "common_name": "コブシ", "subtype_name": "コブシ", "zip_code": null, "ownership": "public", "ownership_raw": "Tokyo Metropolitan Government", "city": "Sumida Ward", "source_dataset": "Street Trees / 街路樹", "source_department": "Tokyo Metropolitan Government", "source_last_edit_at": ""}}, {"type": "Feature", "geometry": {"type": "Point", "coordinates": [139.80659030000007, 35.68835117994398]}, "properties": {"id": "sumida-ward-50-0-125688351-319806590", "species_group": "magnolia", "scientific_name": "Magnolia species", "common_name": "コブシ", "subtype_name": "コブシ", "zip_code": null, "ownership": "public", "ownership_raw": "Tokyo Metropolitan Government", "city": "Sumida Ward", "source_dataset": "Street Trees / 街路樹", "source_department": "Tokyo Metropolitan Government", "source_last_edit_at": ""}}, {"type": "Feature", "geometry": {"type": "Point", "coordinates": [139.80676610000015, 35.68835993994399]}, "properties": {"id": "sumida-ward-50-0-125688360-319806766", "species_group": "magnolia", "scientific_name": "Magnolia species", "common_name": "コブシ", "subtype_name": "コブシ", "zip_code": null, "ownership": "public", "ownership_raw": "Tokyo Metropolitan Government", "city": "Sumida Ward", "source_dataset": "Street Trees / 街路樹", "source_department": "Tokyo Metropolitan Government", "source_last_edit_at": ""}}, {"type": "Feature", "geometry": {"type": "Point", "coordinates": [139.80689390000012, 35.68836823994399]}, "properties": {"id": "sumida-ward-50-0-125688368-319806894", "species_group": "magnolia", "scientific_name": "Magnolia species", "common_name": "コブシ", "subtype_name": "コブシ", "zip_code": null, "ownership": "public", "ownership_raw": "Tokyo Metropolitan Government", "city": "Sumida Ward", "source_dataset": "Street Trees / 街路樹", "source_department": "Tokyo Metropolitan Government", "source_last_edit_at": ""}}, {"type": "Feature", "geometry": {"type": "Point", "coordinates": [139.80706030000013, 35.688379019944016]}, "properties": {"id": "sumida-ward-50-0-125688379-319807060", "species_group": "magnolia", "scientific_name": "Magnolia species", "common_name": "コブシ", "subtype_name": "コブシ", "zip_code": null, "ownership": "public", "ownership_raw": "Tokyo Metropolitan Government", "city": "Sumida Ward", "source_dataset": "Street Trees / 街路樹", "source_department": "Tokyo Metropolitan Government", "source_last_edit_at": ""}}, {"type": "Feature", "geometry": {"type": "Point", "coordinates": [139.80712430000008, 35.688380459944014]}, "properties": {"id": "sumida-ward-50-0-125688380-319807124", "species_group": "magnolia", "scientific_name": "Magnolia species", "common_name": "コブシ", "subtype_name": "コブシ", "zip_code": null, "ownership": "public", "ownership_raw": "Tokyo Metropolitan Government", "city": "Sumida Ward", "source_dataset": "Street Trees / 街路樹", "source_department": "Tokyo Metropolitan Government", "source_last_edit_at": ""}}, {"type": "Feature", "geometry": {"type": "Point", "coordinates": [139.80751380000007, 35.68840274994402]}, "properties": {"id": "sumida-ward-50-0-125688403-319807514", "species_group": "magnolia", "scientific_name": "Magnolia species", "common_name": "コブシ", "subtype_name": "コブシ", "zip_code": null, "ownership": "public", "ownership_raw": "Tokyo Metropolitan Government", "city": "Sumida Ward", "source_dataset": "Street Trees / 街路樹", "source_department": "Tokyo Metropolitan Government", "source_last_edit_at": ""}}, {"type": "Feature", "geometry": {"type": "Point", "coordinates": [139.80775730000008, 35.688418319943985]}, "properties": {"id": "sumida-ward-50-0-125688418-319807757", "species_group": "magnolia", "scientific_name": "Magnolia species", "common_name": "コブシ", "subtype_name": "コブシ", "zip_code": null, "ownership": "public", "ownership_raw": "Tokyo Metropolitan Government", "city": "Sumida Ward", "source_dataset": "Street Trees / 街路樹", "source_department": "Tokyo Metropolitan Government", "source_last_edit_at": ""}}, {"type": "Feature", "geometry": {"type": "Point", "coordinates": [139.80797280000004, 35.68842754994397]}, "properties": {"id": "sumida-ward-50-0-125688428-319807973", "species_group": "magnolia", "scientific_name": "Magnolia species", "common_name": "コブシ", "subtype_name": "コブシ", "zip_code": null, "ownership": "public", "ownership_raw": "Tokyo Metropolitan Government", "city": "Sumida Ward", "source_dataset": "Street Trees / 街路樹", "source_department": "Tokyo Metropolitan Government", "source_last_edit_at": ""}}, {"type": "Feature", "geometry": {"type": "Point", "coordinates": [139.8082671000001, 35.68844673994402]}, "properties": {"id": "sumida-ward-50-0-125688447-319808267", "species_group": "magnolia", "scientific_name": "Magnolia species", "common_name": "コブシ", "subtype_name": "コブシ", "zip_code": null, "ownership": "public", "ownership_raw": "Tokyo Metropolitan Government", "city": "Sumida Ward", "source_dataset": "Street Trees / 街路樹", "source_department": "Tokyo Metropolitan Government", "source_last_edit_at": ""}}, {"type": "Feature", "geometry": {"type": "Point", "coordinates": [139.80497200000005, 35.68845200994399]}, "properties": {"id": "sumida-ward-50-0-125688452-319804972", "species_group": "cherry", "scientific_name": "Prunus species", "common_name": "サクラ", "subtype_name": "サクラ", "zip_code": null, "ownership": "public", "ownership_raw": "Tokyo Metropolitan Government", "city": "Sumida Ward", "source_dataset": "Street Trees / 街路樹", "source_department": "Tokyo Metropolitan Government", "source_last_edit_at": ""}}, {"type": "Feature", "geometry": {"type": "Point", "coordinates": [139.80506630000005, 35.688454929943966]}, "properties": {"id": "sumida-ward-50-0-125688455-319805066", "species_group": "magnolia", "scientific_name": "Magnolia species", "common_name": "コブシ", "subtype_name": "コブシ", "zip_code": null, "ownership": "public", "ownership_raw": "Tokyo Metropolitan Government", "city": "Sumida Ward", "source_dataset": "Street Trees / 街路樹", "source_department": "Tokyo Metropolitan Government", "source_last_edit_at": ""}}, {"type": "Feature", "geometry": {"type": "Point", "coordinates": [139.80536210000005, 35.688467299944]}, "properties": {"id": "sumida-ward-50-0-125688467-319805362", "species_group": "cherry", "scientific_name": "Prunus species", "common_name": "サクラ", "subtype_name": "サクラ", "zip_code": null, "ownership": "public", "ownership_raw": "Tokyo Metropolitan Government", "city": "Sumida Ward", "source_dataset": "Street Trees / 街路樹", "source_department": "Tokyo Metropolitan Government", "source_last_edit_at": ""}}, {"type": "Feature", "geometry": {"type": "Point", "coordinates": [139.80861440000004, 35.688467859944005]}, "properties": {"id": "sumida-ward-50-0-125688468-319808614", "species_group": "magnolia", "scientific_name": "Magnolia species", "common_name": "コブシ", "subtype_name": "コブシ", "zip_code": null, "ownership": "public", "ownership_raw": "Tokyo Metropolitan Government", "city": "Sumida Ward", "source_dataset": "Street Trees / 街路樹", "source_department": "Tokyo Metropolitan Government", "source_last_edit_at": ""}}, {"type": "Feature", "geometry": {"type": "Point", "coordinates": [139.80543240000011, 35.68847349994399]}, "properties": {"id": "sumida-ward-50-0-125688473-319805432", "species_group": "magnolia", "scientific_name": "Magnolia species", "common_name": "コブシ", "subtype_name": "コブシ", "zip_code": null, "ownership": "public", "ownership_raw": "Tokyo Metropolitan Government", "city": "Sumida Ward", "source_dataset": "Street Trees / 街路樹", "source_department": "Tokyo Metropolitan Government", "source_last_edit_at": ""}}, {"type": "Feature", "geometry": {"type": "Point", "coordinates": [139.8055906000001, 35.688479209943964]}, "properties": {"id": "sumida-ward-50-0-125688479-319805591", "species_group": "magnolia", "scientific_name": "Magnolia species", "common_name": "コブシ", "subtype_name": "コブシ", "zip_code": null, "ownership": "public", "ownership_raw": "Tokyo Metropolitan Government", "city": "Sumida Ward", "source_dataset": "Street Trees / 街路樹", "source_department": "Tokyo Metropolitan Government", "source_last_edit_at": ""}}, {"type": "Feature", "geometry": {"type": "Point", "coordinates": [139.80885720000006, 35.68848270994401]}, "properties": {"id": "sumida-ward-50-0-125688483-319808857", "species_group": "magnolia", "scientific_name": "Magnolia species", "common_name": "コブシ", "subtype_name": "コブシ", "zip_code": null, "ownership": "public", "ownership_raw": "Tokyo Metropolitan Government", "city": "Sumida Ward", "source_dataset": "Street Trees / 街路樹", "source_department": "Tokyo Metropolitan Government", "source_last_edit_at": ""}}, {"type": "Feature", "geometry": {"type": "Point", "coordinates": [139.8091790000001, 35.688499809944]}, "properties": {"id": "sumida-ward-50-0-125688500-319809179", "species_group": "magnolia", "scientific_name": "Magnolia species", "common_name": "コブシ", "subtype_name": "コブシ", "zip_code": null, "ownership": "public", "ownership_raw": "Tokyo Metropolitan Government", "city": "Sumida Ward", "source_dataset": "Street Trees / 街路樹", "source_department": "Tokyo Metropolitan Government", "source_last_edit_at": ""}}, {"type": "Feature", "geometry": {"type": "Point", "coordinates": [139.80653780000014, 35.68850849994401]}, "properties": {"id": "sumida-ward-50-0-125688508-319806538", "species_group": "magnolia", "scientific_name": "Magnolia species", "common_name": "コブシ", "subtype_name": "コブシ", "zip_code": null, "ownership": "public", "ownership_raw": "Tokyo Metropolitan Government", "city": "Sumida Ward", "source_dataset": "Street Trees / 街路樹", "source_department": "Tokyo Metropolitan Government", "source_last_edit_at": ""}}, {"type": "Feature", "geometry": {"type": "Point", "coordinates": [139.80708240000004, 35.688535179943976]}, "properties": {"id": "sumida-ward-50-0-125688535-319807082", "species_group": "magnolia", "scientific_name": "Magnolia species", "common_name": "コブシ", "subtype_name": "コブシ", "zip_code": null, "ownership": "public", "ownership_raw": "Tokyo Metropolitan Government", "city": "Sumida Ward", "source_dataset": "Street Trees / 街路樹", "source_department": "Tokyo Metropolitan Government", "source_last_edit_at": ""}}, {"type": "Feature", "geometry": {"type": "Point", "coordinates": [139.8074472000001, 35.68855616994396]}, "properties": {"id": "sumida-ward-50-0-125688556-319807447", "species_group": "magnolia", "scientific_name": "Magnolia species", "common_name": "コブシ", "subtype_name": "コブシ", "zip_code": null, "ownership": "public", "ownership_raw": "Tokyo Metropolitan Government", "city": "Sumida Ward", "source_dataset": "Street Trees / 街路樹", "source_department": "Tokyo Metropolitan Government", "source_last_edit_at": ""}}, {"type": "Feature", "geometry": {"type": "Point", "coordinates": [139.80775220000012, 35.68857438994399]}, "properties": {"id": "sumida-ward-50-0-125688574-319807752", "species_group": "magnolia", "scientific_name": "Magnolia species", "common_name": "コブシ", "subtype_name": "コブシ", "zip_code": null, "ownership": "public", "ownership_raw": "Tokyo Metropolitan Government", "city": "Sumida Ward", "source_dataset": "Street Trees / 街路樹", "source_department": "Tokyo Metropolitan Government", "source_last_edit_at": ""}}, {"type": "Feature", "geometry": {"type": "Point", "coordinates": [139.80813170000013, 35.68859914994401]}, "properties": {"id": "sumida-ward-50-0-125688599-319808132", "species_group": "magnolia", "scientific_name": "Magnolia species", "common_name": "コブシ", "subtype_name": "コブシ", "zip_code": null, "ownership": "public", "ownership_raw": "Tokyo Metropolitan Government", "city": "Sumida Ward", "source_dataset": "Street Trees / 街路樹", "source_department": "Tokyo Metropolitan Government", "source_last_edit_at": ""}}, {"type": "Feature", "geometry": {"type": "Point", "coordinates": [139.80855560000012, 35.688623129943984]}, "properties": {"id": "sumida-ward-50-0-125688623-319808556", "species_group": "magnolia", "scientific_name": "Magnolia species", "common_name": "コブシ", "subtype_name": "コブシ", "zip_code": null, "ownership": "public", "ownership_raw": "Tokyo Metropolitan Government", "city": "Sumida Ward", "source_dataset": "Street Trees / 街路樹", "source_department": "Tokyo Metropolitan Government", "source_last_edit_at": ""}}, {"type": "Feature", "geometry": {"type": "Point", "coordinates": [139.8084964000001, 35.688624879944015]}, "properties": {"id": "sumida-ward-50-0-125688625-319808496", "species_group": "magnolia", "scientific_name": "Magnolia species", "common_name": "コブシ", "subtype_name": "コブシ", "zip_code": null, "ownership": "public", "ownership_raw": "Tokyo Metropolitan Government", "city": "Sumida Ward", "source_dataset": "Street Trees / 街路樹", "source_department": "Tokyo Metropolitan Government", "source_last_edit_at": ""}}, {"type": "Feature", "geometry": {"type": "Point", "coordinates": [139.8086493000001, 35.68862825994396]}, "properties": {"id": "sumida-ward-50-0-125688628-319808649", "species_group": "magnolia", "scientific_name": "Magnolia species", "common_name": "コブシ", "subtype_name": "コブシ", "zip_code": null, "ownership": "public", "ownership_raw": "Tokyo Metropolitan Government", "city": "Sumida Ward", "source_dataset": "Street Trees / 街路樹", "source_department": "Tokyo Metropolitan Government", "source_last_edit_at": ""}}, {"type": "Feature", "geometry": {"type": "Point", "coordinates": [139.80877950000004, 35.688637009943974]}, "properties": {"id": "sumida-ward-50-0-125688637-319808780", "species_group": "magnolia", "scientific_name": "Magnolia species", "common_name": "コブシ", "subtype_name": "コブシ", "zip_code": null, "ownership": "public", "ownership_raw": "Tokyo Metropolitan Government", "city": "Sumida Ward", "source_dataset": "Street Trees / 街路樹", "source_department": "Tokyo Metropolitan Government", "source_last_edit_at": ""}}, {"type": "Feature", "geometry": {"type": "Point", "coordinates": [139.8088485000001, 35.688641069944005]}, "properties": {"id": "sumida-ward-50-0-125688641-319808849", "species_group": "magnolia", "scientific_name": "Magnolia species", "common_name": "コブシ", "subtype_name": "コブシ", "zip_code": null, "ownership": "public", "ownership_raw": "Tokyo Metropolitan Government", "city": "Sumida Ward", "source_dataset": "Street Trees / 街路樹", "source_department": "Tokyo Metropolitan Government", "source_last_edit_at": ""}}, {"type": "Feature", "geometry": {"type": "Point", "coordinates": [139.80908430000014, 35.68865376994396]}, "properties": {"id": "sumida-ward-50-0-125688654-319809084", "species_group": "magnolia", "scientific_name": "Magnolia species", "common_name": "コブシ", "subtype_name": "コブシ", "zip_code": null, "ownership": "public", "ownership_raw": "Tokyo Metropolitan Government", "city": "Sumida Ward", "source_dataset": "Street Trees / 街路樹", "source_department": "Tokyo Metropolitan Government", "source_last_edit_at": ""}}, {"type": "Feature", "geometry": {"type": "Point", "coordinates": [139.80912730000014, 35.68865561994401]}, "properties": {"id": "sumida-ward-50-0-125688656-319809127", "species_group": "magnolia", "scientific_name": "Magnolia species", "common_name": "コブシ", "subtype_name": "コブシ", "zip_code": null, "ownership": "public", "ownership_raw": "Tokyo Metropolitan Government", "city": "Sumida Ward", "source_dataset": "Street Trees / 街路樹", "source_department": "Tokyo Metropolitan Government", "source_last_edit_at": ""}}, {"type": "Feature", "geometry": {"type": "Point", "coordinates": [139.80915930000006, 35.68865846994401]}, "properties": {"id": "sumida-ward-50-0-125688658-319809159", "species_group": "magnolia", "scientific_name": "Magnolia species", "common_name": "コブシ", "subtype_name": "コブシ", "zip_code": null, "ownership": "public", "ownership_raw": "Tokyo Metropolitan Government", "city": "Sumida Ward", "source_dataset": "Street Trees / 街路樹", "source_department": "Tokyo Metropolitan Government", "source_last_edit_at": ""}}, {"type": "Feature", "geometry": {"type": "Point", "coordinates": [139.8096383000001, 35.688687289944006]}, "properties": {"id": "sumida-ward-50-0-125688687-319809638", "species_group": "magnolia", "scientific_name": "Magnolia species", "common_name": "コブシ", "subtype_name": "コブシ", "zip_code": null, "ownership": "public", "ownership_raw": "Tokyo Metropolitan Government", "city": "Sumida Ward", "source_dataset": "Street Trees / 街路樹", "source_department": "Tokyo Metropolitan Government", "source_last_edit_at": ""}}, {"type": "Feature", "geometry": {"type": "Point", "coordinates": [139.81004320000014, 35.68873902994402]}, "properties": {"id": "sumida-ward-50-0-125688739-319810043", "species_group": "magnolia", "scientific_name": "Magnolia species", "common_name": "コブシ", "subtype_name": "コブシ", "zip_code": null, "ownership": "public", "ownership_raw": "Tokyo Metropolitan Government", "city": "Sumida Ward", "source_dataset": "Street Trees / 街路樹", "source_department": "Tokyo Metropolitan Government", "source_last_edit_at": ""}}, {"type": "Feature", "geometry": {"type": "Point", "coordinates": [139.8100764000001, 35.68874506994396]}, "properties": {"id": "sumida-ward-50-0-125688745-319810076", "species_group": "magnolia", "scientific_name": "Magnolia species", "common_name": "コブシ", "subtype_name": "コブシ", "zip_code": null, "ownership": "public", "ownership_raw": "Tokyo Metropolitan Government", "city": "Sumida Ward", "source_dataset": "Street Trees / 街路樹", "source_department": "Tokyo Metropolitan Government", "source_last_edit_at": ""}}, {"type": "Feature", "geometry": {"type": "Point", "coordinates": [139.81033670000014, 35.68878046994397]}, "properties": {"id": "sumida-ward-50-0-125688780-319810337", "species_group": "magnolia", "scientific_name": "Magnolia species", "common_name": "コブシ", "subtype_name": "コブシ", "zip_code": null, "ownership": "public", "ownership_raw": "Tokyo Metropolitan Government", "city": "Sumida Ward", "source_dataset": "Street Trees / 街路樹", "source_department": "Tokyo Metropolitan Government", "source_last_edit_at": ""}}, {"type": "Feature", "geometry": {"type": "Point", "coordinates": [139.81047790000005, 35.688802049943995]}, "properties": {"id": "sumida-ward-50-0-125688802-319810478", "species_group": "magnolia", "scientific_name": "Magnolia species", "common_name": "コブシ", "subtype_name": "コブシ", "zip_code": null, "ownership": "public", "ownership_raw": "Tokyo Metropolitan Government", "city": "Sumida Ward", "source_dataset": "Street Trees / 街路樹", "source_department": "Tokyo Metropolitan Government", "source_last_edit_at": ""}}, {"type": "Feature", "geometry": {"type": "Point", "coordinates": [139.81052690000004, 35.68880677994399]}, "properties": {"id": "sumida-ward-50-0-125688807-319810527", "species_group": "magnolia", "scientific_name": "Magnolia species", "common_name": "コブシ", "subtype_name": "コブシ", "zip_code": null, "ownership": "public", "ownership_raw": "Tokyo Metropolitan Government", "city": "Sumida Ward", "source_dataset": "Street Trees / 街路樹", "source_department": "Tokyo Metropolitan Government", "source_last_edit_at": ""}}, {"type": "Feature", "geometry": {"type": "Point", "coordinates": [139.81132370000014, 35.688844319943975]}, "properties": {"id": "sumida-ward-50-0-125688844-319811324", "species_group": "magnolia", "scientific_name": "Magnolia species", "common_name": "コブシ", "subtype_name": "コブシ", "zip_code": null, "ownership": "public", "ownership_raw": "Tokyo Metropolitan Government", "city": "Sumida Ward", "source_dataset": "Street Trees / 街路樹", "source_department": "Tokyo Metropolitan Government", "source_last_edit_at": ""}}, {"type": "Feature", "geometry": {"type": "Point", "coordinates": [139.81162170000007, 35.68885851994399]}, "properties": {"id": "sumida-ward-50-0-125688859-319811622", "species_group": "magnolia", "scientific_name": "Magnolia species", "common_name": "コブシ", "subtype_name": "コブシ", "zip_code": null, "ownership": "public", "ownership_raw": "Tokyo Metropolitan Government", "city": "Sumida Ward", "source_dataset": "Street Trees / 街路樹", "source_department": "Tokyo Metropolitan Government", "source_last_edit_at": ""}}]}