{
  "generated_at": "2026-03-12T19:38:26.573144+00:00",
  "region": "dc",
  "strategy": "area_shard",
  "items": [
    {
      "jurisdiction": "Washington DC",
      "slug": "washington-dc",
      "display_name": "Washington DC",
      "jurisdiction_type": "city",
      "state_province": "DC",
      "country": "United States",
      "bounds": [
        [
          -77.1126653331193,
          38.81730729982075
        ],
        [
          -76.77322596840716,
          39.108121168263004
        ]
      ],
      "tree_count": 16543,
      "zip_codes": [
        "20001",
        "20002",
        "20003",
        "20005",
        "20007",
        "20008",
        "20009",
        "20010",
        "20011",
        "20012",
        "20015",
        "20016",
        "20017",
        "20018",
        "20019",
        "20020",
        "20024",
        "20032",
        "20036",
        "20037",
        "20057",
        "20059",
        "20064",
        "20388",
        "20591",
        "20712",
        "20722",
        "20743",
        "20745",
        "20746",
        "20748",
        "20781",
        "20782",
        "20815",
        "20910",
        "20912",
        "None"
      ],
      "species_counts": {
        "cherry": 10665,
        "plum": 336,
        "peach": 0,
        "magnolia": 3509,
        "crabapple": 2033
      },
      "ownership_counts": {
        "public": 16315,
        "private": 228,
        "unknown": 0
      },
      "species_ownership_counts": {
        "cherry": {
          "public": 10574,
          "private": 91,
          "unknown": 0
        },
        "plum": {
          "public": 334,
          "private": 2,
          "unknown": 0
        },
        "peach": {
          "public": 0,
          "private": 0,
          "unknown": 0
        },
        "magnolia": {
          "public": 3382,
          "private": 127,
          "unknown": 0
        },
        "crabapple": {
          "public": 2025,
          "private": 8,
          "unknown": 0
        }
      },
      "ownership_groups": [
        "public",
        "private"
      ],
      "shards": [
        {
          "id": "washington-dc-001",
          "bounds": [
            [
              -77.1126653331193,
              38.81730729982075
            ],
            [
              -76.77322596840716,
              39.108121168263004
            ]
          ],
          "data_path": "/data/trees.dc.area.washington-dc.v2.geojson",
          "tree_count": 16543,
          "ownership_counts": {
            "public": 16315,
            "private": 228,
            "unknown": 0
          },
          "species_counts": {
            "cherry": 10665,
            "plum": 336,
            "peach": 0,
            "magnolia": 3509,
            "crabapple": 2033
          },
          "species_ownership_counts": {
            "cherry": {
              "public": 10574,
              "private": 91,
              "unknown": 0
            },
            "plum": {
              "public": 334,
              "private": 2,
              "unknown": 0
            },
            "peach": {
              "public": 0,
              "private": 0,
              "unknown": 0
            },
            "magnolia": {
              "public": 3382,
              "private": 127,
              "unknown": 0
            },
            "crabapple": {
              "public": 2025,
              "private": 8,
              "unknown": 0
            }
          },
          "raw_bytes": 8520473,
          "gzip_bytes": 457349
        }
      ]
    }
  ]
}