{
  "generated_at": "2026-03-12T19:38:26.573144+00:00",
  "region": "co",
  "strategy": "area_shard",
  "items": [
    {
      "jurisdiction": "Denver",
      "slug": "denver",
      "display_name": "Denver",
      "jurisdiction_type": "city",
      "state_province": "CO",
      "country": "United States",
      "bounds": [
        [
          -105.31339591970013,
          39.6146637067493
        ],
        [
          -104.73483552591162,
          39.82636962561561
        ]
      ],
      "tree_count": 19900,
      "zip_codes": [
        "80011",
        "80012",
        "80014",
        "80110",
        "80123",
        "80202",
        "80203",
        "80204",
        "80205",
        "80206",
        "80207",
        "80209",
        "80210",
        "80211",
        "80212",
        "80214",
        "80216",
        "80218",
        "80219",
        "80220",
        "80221",
        "80222",
        "80223",
        "80224",
        "80226",
        "80227",
        "80230",
        "80231",
        "80232",
        "80235",
        "80236",
        "80237",
        "80238",
        "80239",
        "80246",
        "80247",
        "80249",
        "None"
      ],
      "species_counts": {
        "cherry": 1543,
        "plum": 2527,
        "peach": 987,
        "magnolia": 220,
        "crabapple": 14623
      },
      "ownership_counts": {
        "public": 19900,
        "private": 0,
        "unknown": 0
      },
      "species_ownership_counts": {
        "cherry": {
          "public": 1543,
          "private": 0,
          "unknown": 0
        },
        "plum": {
          "public": 2527,
          "private": 0,
          "unknown": 0
        },
        "peach": {
          "public": 987,
          "private": 0,
          "unknown": 0
        },
        "magnolia": {
          "public": 220,
          "private": 0,
          "unknown": 0
        },
        "crabapple": {
          "public": 14623,
          "private": 0,
          "unknown": 0
        }
      },
      "ownership_groups": [
        "public"
      ],
      "shards": [
        {
          "id": "denver-001",
          "bounds": [
            [
              -105.31339591970013,
              39.6146637067493
            ],
            [
              -104.73483552591162,
              39.82636962561561
            ]
          ],
          "data_path": "/data/trees.co.area.denver.v2.geojson",
          "tree_count": 19900,
          "ownership_counts": {
            "public": 19900,
            "private": 0,
            "unknown": 0
          },
          "species_counts": {
            "cherry": 1543,
            "plum": 2527,
            "peach": 987,
            "magnolia": 220,
            "crabapple": 14623
          },
          "species_ownership_counts": {
            "cherry": {
              "public": 1543,
              "private": 0,
              "unknown": 0
            },
            "plum": {
              "public": 2527,
              "private": 0,
              "unknown": 0
            },
            "peach": {
              "public": 987,
              "private": 0,
              "unknown": 0
            },
            "magnolia": {
              "public": 220,
              "private": 0,
              "unknown": 0
            },
            "crabapple": {
              "public": 14623,
              "private": 0,
              "unknown": 0
            }
          },
          "raw_bytes": 11604093,
          "gzip_bytes": 526311
        }
      ]
    }
  ]
}