{"type": "FeatureCollection", "features": [{"type": "Feature", "geometry": {"type": "Point", "coordinates": [-73.21402939099994, 44.41440030500007]}, "properties": {"id": "shelburne-10685", "species_group": "crabapple", "scientific_name": "Malus species", "common_name": "Crabapple", "subtype_name": null, "zip_code": "05482", "ownership": "public", "ownership_raw": "Town of Shelburne", "city": "Shelburne", "source_dataset": "Municipal Tree Inventory", "source_department": "Town of Shelburne", "source_last_edit_at": ""}}, {"type": "Feature", "geometry": {"type": "Point", "coordinates": [-73.21673506899998, 44.40541243200005]}, "properties": {"id": "shelburne-10860", "species_group": "crabapple", "scientific_name": "Malus species", "common_name": "Crabapple", "subtype_name": null, "zip_code": "05482", "ownership": "public", "ownership_raw": "Town of Shelburne", "city": "Shelburne", "source_dataset": "Municipal Tree Inventory", "source_department": "Town of Shelburne", "source_last_edit_at": ""}}, {"type": "Feature", "geometry": {"type": "Point", "coordinates": [-73.23229941599999, 44.38159269100004]}, "properties": {"id": "shelburne-11011", "species_group": "crabapple", "scientific_name": "Malus species", "common_name": "Crabapple", "subtype_name": null, "zip_code": "05482", "ownership": "public", "ownership_raw": "Town of Shelburne", "city": "Shelburne", "source_dataset": "Municipal Tree Inventory", "source_department": "Town of Shelburne", "source_last_edit_at": ""}}, {"type": "Feature", "geometry": {"type": "Point", "coordinates": [-73.20917174199997, 44.410761050000076]}, "properties": {"id": "shelburne-11020", "species_group": "crabapple", "scientific_name": "Malus species", "common_name": "Crabapple", "subtype_name": null, "zip_code": "05482", "ownership": "public", "ownership_raw": "Town of Shelburne", "city": "Shelburne", "source_dataset": "Municipal Tree Inventory", "source_department": "Town of Shelburne", "source_last_edit_at": ""}}, {"type": "Feature", "geometry": {"type": "Point", "coordinates": [-73.24049424299994, 44.37928612500008]}, "properties": {"id": "shelburne-11046", "species_group": "crabapple", "scientific_name": "Malus species", "common_name": "Crabapple", "subtype_name": null, "zip_code": "05482", "ownership": "public", "ownership_raw": "Town of Shelburne", "city": "Shelburne", "source_dataset": "Municipal Tree Inventory", "source_department": "Town of Shelburne", "source_last_edit_at": ""}}, {"type": "Feature", "geometry": {"type": "Point", "coordinates": [-73.22516391099998, 44.37318309200003]}, "properties": {"id": "shelburne-11089", "species_group": "crabapple", "scientific_name": "Malus species", "common_name": "Crabapple", "subtype_name": null, "zip_code": "05482", "ownership": "public", "ownership_raw": "Town of Shelburne", "city": "Shelburne", "source_dataset": "Municipal Tree Inventory", "source_department": "Town of Shelburne", "source_last_edit_at": ""}}, {"type": "Feature", "geometry": {"type": "Point", "coordinates": [-73.21481628299995, 44.41142041300003]}, "properties": {"id": "shelburne-11111", "species_group": "crabapple", "scientific_name": "Malus species", "common_name": "Crabapple", "subtype_name": null, "zip_code": "05482", "ownership": "public", "ownership_raw": "Town of Shelburne", "city": "Shelburne", "source_dataset": "Municipal Tree Inventory", "source_department": "Town of Shelburne", "source_last_edit_at": ""}}, {"type": "Feature", "geometry": {"type": "Point", "coordinates": [-73.22063969499999, 44.39380601100004]}, "properties": {"id": "shelburne-11139", "species_group": "crabapple", "scientific_name": "Malus species", "common_name": "Crabapple", "subtype_name": null, "zip_code": "05482", "ownership": "public", "ownership_raw": "Town of Shelburne", "city": "Shelburne", "source_dataset": "Municipal Tree Inventory", "source_department": "Town of Shelburne", "source_last_edit_at": ""}}, {"type": "Feature", "geometry": {"type": "Point", "coordinates": [-73.21910404599998, 44.39808145100005]}, "properties": {"id": "shelburne-11274", "species_group": "crabapple", "scientific_name": "Malus species", "common_name": "Crabapple", "subtype_name": null, "zip_code": "05482", "ownership": "public", "ownership_raw": "Town of Shelburne", "city": "Shelburne", "source_dataset": "Municipal Tree Inventory", "source_department": "Town of Shelburne", "source_last_edit_at": ""}}, {"type": "Feature", "geometry": {"type": "Point", "coordinates": [-73.20922153099997, 44.41077504800006]}, "properties": {"id": "shelburne-11313", "species_group": "crabapple", "scientific_name": "Malus species", "common_name": "Crabapple", "subtype_name": null, "zip_code": "05482", "ownership": "public", "ownership_raw": "Town of Shelburne", "city": "Shelburne", "source_dataset": "Municipal Tree Inventory", "source_department": "Town of Shelburne", "source_last_edit_at": ""}}, {"type": "Feature", "geometry": {"type": "Point", "coordinates": [-73.20924391099999, 44.41033151900007]}, "properties": {"id": "shelburne-11415", "species_group": "crabapple", "scientific_name": "Malus species", "common_name": "Crabapple", "subtype_name": null, "zip_code": "05482", "ownership": "public", "ownership_raw": "Town of Shelburne", "city": "Shelburne", "source_dataset": "Municipal Tree Inventory", "source_department": "Town of Shelburne", "source_last_edit_at": ""}}, {"type": "Feature", "geometry": {"type": "Point", "coordinates": [-73.22835339299996, 44.38079759000004]}, "properties": {"id": "shelburne-11432", "species_group": "crabapple", "scientific_name": "Malus species", "common_name": "Crabapple", "subtype_name": null, "zip_code": "05482", "ownership": "public", "ownership_raw": "Town of Shelburne", "city": "Shelburne", "source_dataset": "Municipal Tree Inventory", "source_department": "Town of Shelburne", "source_last_edit_at": ""}}, {"type": "Feature", "geometry": {"type": "Point", "coordinates": [-73.23044635299993, 44.379969291000066]}, "properties": {"id": "shelburne-11658", "species_group": "crabapple", "scientific_name": "Malus species", "common_name": "Crabapple", "subtype_name": null, "zip_code": "05482", "ownership": "public", "ownership_raw": "Town of Shelburne", "city": "Shelburne", "source_dataset": "Municipal Tree Inventory", "source_department": "Town of Shelburne", "source_last_edit_at": ""}}, {"type": "Feature", "geometry": {"type": "Point", "coordinates": [-73.20925128699997, 44.41062459300008]}, "properties": {"id": "shelburne-11893", "species_group": "crabapple", "scientific_name": "Malus species", "common_name": "Crabapple", "subtype_name": null, "zip_code": "05482", "ownership": "public", "ownership_raw": "Town of Shelburne", "city": "Shelburne", "source_dataset": "Municipal Tree Inventory", "source_department": "Town of Shelburne", "source_last_edit_at": ""}}, {"type": "Feature", "geometry": {"type": "Point", "coordinates": [-73.22097220499995, 44.39278438200006]}, "properties": {"id": "shelburne-12028", "species_group": "crabapple", "scientific_name": "Malus species", "common_name": "Crabapple", "subtype_name": null, "zip_code": "05482", "ownership": "public", "ownership_raw": "Town of Shelburne", "city": "Shelburne", "source_dataset": "Municipal Tree Inventory", "source_department": "Town of Shelburne", "source_last_edit_at": ""}}, {"type": "Feature", "geometry": {"type": "Point", "coordinates": [-73.20876748299997, 44.41123927900003]}, "properties": {"id": "shelburne-12084", "species_group": "crabapple", "scientific_name": "Malus species", "common_name": "Crabapple", "subtype_name": null, "zip_code": "05482", "ownership": "public", "ownership_raw": "Town of Shelburne", "city": "Shelburne", "source_dataset": "Municipal Tree Inventory", "source_department": "Town of Shelburne", "source_last_edit_at": ""}}, {"type": "Feature", "geometry": {"type": "Point", "coordinates": [-73.23232431899999, 44.381595841000035]}, "properties": {"id": "shelburne-12118", "species_group": "crabapple", "scientific_name": "Malus species", "common_name": "Crabapple", "subtype_name": null, "zip_code": "05482", "ownership": "public", "ownership_raw": "Town of Shelburne", "city": "Shelburne", "source_dataset": "Municipal Tree Inventory", "source_department": "Town of Shelburne", "source_last_edit_at": ""}}, {"type": "Feature", "geometry": {"type": "Point", "coordinates": [-73.23059625199994, 44.38126157600004]}, "properties": {"id": "shelburne-12844", "species_group": "crabapple", "scientific_name": "Malus species", "common_name": "Crabapple", "subtype_name": null, "zip_code": "05482", "ownership": "public", "ownership_raw": "Town of Shelburne", "city": "Shelburne", "source_dataset": "Municipal Tree Inventory", "source_department": "Town of Shelburne", "source_last_edit_at": ""}}, {"type": "Feature", "geometry": {"type": "Point", "coordinates": [-73.21391388799998, 44.41427386400005]}, "properties": {"id": "shelburne-1286", "species_group": "crabapple", "scientific_name": "Malus species", "common_name": "Crabapple", "subtype_name": null, "zip_code": "05482", "ownership": "public", "ownership_raw": "Town of Shelburne", "city": "Shelburne", "source_dataset": "Municipal Tree Inventory", "source_department": "Town of Shelburne", "source_last_edit_at": ""}}, {"type": "Feature", "geometry": {"type": "Point", "coordinates": [-73.22804560899993, 44.38086808200006]}, "properties": {"id": "shelburne-12883", "species_group": "crabapple", "scientific_name": "Malus species", "common_name": "Crabapple", "subtype_name": null, "zip_code": "05482", "ownership": "public", "ownership_raw": "Town of Shelburne", "city": "Shelburne", "source_dataset": "Municipal Tree Inventory", "source_department": "Town of Shelburne", "source_last_edit_at": ""}}, {"type": "Feature", "geometry": {"type": "Point", "coordinates": [-73.21428051199996, 44.414101155000026]}, "properties": {"id": "shelburne-12959", "species_group": "crabapple", "scientific_name": "Malus species", "common_name": "Crabapple", "subtype_name": null, "zip_code": "05482", "ownership": "public", "ownership_raw": "Town of Shelburne", "city": "Shelburne", "source_dataset": "Municipal Tree Inventory", "source_department": "Town of Shelburne", "source_last_edit_at": ""}}, {"type": "Feature", "geometry": {"type": "Point", "coordinates": [-73.21360501499998, 44.416134646000046]}, "properties": {"id": "shelburne-13092", "species_group": "crabapple", "scientific_name": "Malus species", "common_name": "Crabapple", "subtype_name": null, "zip_code": "05482", "ownership": "public", "ownership_raw": "Town of Shelburne", "city": "Shelburne", "source_dataset": "Municipal Tree Inventory", "source_department": "Town of Shelburne", "source_last_edit_at": ""}}, {"type": "Feature", "geometry": {"type": "Point", "coordinates": [-73.20920241999994, 44.410796841000035]}, "properties": {"id": "shelburne-1329", "species_group": "crabapple", "scientific_name": "Malus species", "common_name": "Crabapple", "subtype_name": null, "zip_code": "05482", "ownership": "public", "ownership_raw": "Town of Shelburne", "city": "Shelburne", "source_dataset": "Municipal Tree Inventory", "source_department": "Town of Shelburne", "source_last_edit_at": ""}}, {"type": "Feature", "geometry": {"type": "Point", "coordinates": [-73.21399083299997, 44.41449929500004]}, "properties": {"id": "shelburne-13326", "species_group": "crabapple", "scientific_name": "Malus species", "common_name": "Crabapple", "subtype_name": null, "zip_code": "05482", "ownership": "public", "ownership_raw": "Town of Shelburne", "city": "Shelburne", "source_dataset": "Municipal Tree Inventory", "source_department": "Town of Shelburne", "source_last_edit_at": ""}}, {"type": "Feature", "geometry": {"type": "Point", "coordinates": [-73.20927626399998, 44.41029380100008]}, "properties": {"id": "shelburne-136", "species_group": "crabapple", "scientific_name": "Malus species", "common_name": "Crabapple", "subtype_name": null, "zip_code": "05482", "ownership": "public", "ownership_raw": "Town of Shelburne", "city": "Shelburne", "source_dataset": "Municipal Tree Inventory", "source_department": "Town of Shelburne", "source_last_edit_at": ""}}, {"type": "Feature", "geometry": {"type": "Point", "coordinates": [-73.21358188099998, 44.41615920500004]}, "properties": {"id": "shelburne-13647", "species_group": "crabapple", "scientific_name": "Malus species", "common_name": "Crabapple", "subtype_name": null, "zip_code": "05482", "ownership": "public", "ownership_raw": "Town of Shelburne", "city": "Shelburne", "source_dataset": "Municipal Tree Inventory", "source_department": "Town of Shelburne", "source_last_edit_at": ""}}, {"type": "Feature", "geometry": {"type": "Point", "coordinates": [-73.21258032699996, 44.41821834500007]}, "properties": {"id": "shelburne-13734", "species_group": "crabapple", "scientific_name": "Malus species", "common_name": "Crabapple", "subtype_name": null, "zip_code": "05482", "ownership": "public", "ownership_raw": "Town of Shelburne", "city": "Shelburne", "source_dataset": "Municipal Tree Inventory", "source_department": "Town of Shelburne", "source_last_edit_at": ""}}, {"type": "Feature", "geometry": {"type": "Point", "coordinates": [-73.21890715599994, 44.39980812400006]}, "properties": {"id": "shelburne-13814", "species_group": "crabapple", "scientific_name": "Malus species", "common_name": "Crabapple", "subtype_name": null, "zip_code": "05482", "ownership": "public", "ownership_raw": "Town of Shelburne", "city": "Shelburne", "source_dataset": "Municipal Tree Inventory", "source_department": "Town of Shelburne", "source_last_edit_at": ""}}, {"type": "Feature", "geometry": {"type": "Point", "coordinates": [-73.21392813699998, 44.414148219000026]}, "properties": {"id": "shelburne-13937", "species_group": "crabapple", "scientific_name": "Malus species", "common_name": "Crabapple", "subtype_name": null, "zip_code": "05482", "ownership": "public", "ownership_raw": "Town of Shelburne", "city": "Shelburne", "source_dataset": "Municipal Tree Inventory", "source_department": "Town of Shelburne", "source_last_edit_at": ""}}, {"type": "Feature", "geometry": {"type": "Point", "coordinates": [-73.21343461099997, 44.416109291000055]}, "properties": {"id": "shelburne-13938", "species_group": "crabapple", "scientific_name": "Malus species", "common_name": "Crabapple", "subtype_name": null, "zip_code": "05482", "ownership": "public", "ownership_raw": "Town of Shelburne", "city": "Shelburne", "source_dataset": "Municipal Tree Inventory", "source_department": "Town of Shelburne", "source_last_edit_at": ""}}, {"type": "Feature", "geometry": {"type": "Point", "coordinates": [-73.22852144899997, 44.38095324200003]}, "properties": {"id": "shelburne-14044", "species_group": "crabapple", "scientific_name": "Malus species", "common_name": "Crabapple", "subtype_name": null, "zip_code": "05482", "ownership": "public", "ownership_raw": "Town of Shelburne", "city": "Shelburne", "source_dataset": "Municipal Tree Inventory", "source_department": "Town of Shelburne", "source_last_edit_at": ""}}, {"type": "Feature", "geometry": {"type": "Point", "coordinates": [-73.21321802199998, 44.416146506000075]}, "properties": {"id": "shelburne-14066", "species_group": "crabapple", "scientific_name": "Malus species", "common_name": "Crabapple", "subtype_name": null, "zip_code": "05482", "ownership": "public", "ownership_raw": "Town of Shelburne", "city": "Shelburne", "source_dataset": "Municipal Tree Inventory", "source_department": "Town of Shelburne", "source_last_edit_at": ""}}, {"type": "Feature", "geometry": {"type": "Point", "coordinates": [-73.22963870399997, 44.37980800500003]}, "properties": {"id": "shelburne-14133", "species_group": "crabapple", "scientific_name": "Malus species", "common_name": "Crabapple", "subtype_name": null, "zip_code": "05482", "ownership": "public", "ownership_raw": "Town of Shelburne", "city": "Shelburne", "source_dataset": "Municipal Tree Inventory", "source_department": "Town of Shelburne", "source_last_edit_at": ""}}, {"type": "Feature", "geometry": {"type": "Point", "coordinates": [-73.21327300699994, 44.415988466000044]}, "properties": {"id": "shelburne-14918", "species_group": "crabapple", "scientific_name": "Malus species", "common_name": "Crabapple", "subtype_name": null, "zip_code": "05482", "ownership": "public", "ownership_raw": "Town of Shelburne", "city": "Shelburne", "source_dataset": "Municipal Tree Inventory", "source_department": "Town of Shelburne", "source_last_edit_at": ""}}, {"type": "Feature", "geometry": {"type": "Point", "coordinates": [-73.22046937399995, 44.39438411000003]}, "properties": {"id": "shelburne-14958", "species_group": "crabapple", "scientific_name": "Malus species", "common_name": "Crabapple", "subtype_name": null, "zip_code": "05482", "ownership": "public", "ownership_raw": "Town of Shelburne", "city": "Shelburne", "source_dataset": "Municipal Tree Inventory", "source_department": "Town of Shelburne", "source_last_edit_at": ""}}, {"type": "Feature", "geometry": {"type": "Point", "coordinates": [-73.23084348799995, 44.37959897800005]}, "properties": {"id": "shelburne-15180", "species_group": "crabapple", "scientific_name": "Malus species", "common_name": "Crabapple", "subtype_name": null, "zip_code": "05482", "ownership": "public", "ownership_raw": "Town of Shelburne", "city": "Shelburne", "source_dataset": "Municipal Tree Inventory", "source_department": "Town of Shelburne", "source_last_edit_at": ""}}, {"type": "Feature", "geometry": {"type": "Point", "coordinates": [-73.22487875899998, 44.37200329700005]}, "properties": {"id": "shelburne-15464", "species_group": "crabapple", "scientific_name": "Malus species", "common_name": "Crabapple", "subtype_name": null, "zip_code": "05482", "ownership": "public", "ownership_raw": "Town of Shelburne", "city": "Shelburne", "source_dataset": "Municipal Tree Inventory", "source_department": "Town of Shelburne", "source_last_edit_at": ""}}, {"type": "Feature", "geometry": {"type": "Point", "coordinates": [-73.21428378099995, 44.414068298000075]}, "properties": {"id": "shelburne-15535", "species_group": "crabapple", "scientific_name": "Malus species", "common_name": "Crabapple", "subtype_name": null, "zip_code": "05482", "ownership": "public", "ownership_raw": "Town of Shelburne", "city": "Shelburne", "source_dataset": "Municipal Tree Inventory", "source_department": "Town of Shelburne", "source_last_edit_at": ""}}, {"type": "Feature", "geometry": {"type": "Point", "coordinates": [-73.21260446699995, 44.41813310100008]}, "properties": {"id": "shelburne-15794", "species_group": "crabapple", "scientific_name": "Malus species", "common_name": "Crabapple", "subtype_name": null, "zip_code": "05482", "ownership": "public", "ownership_raw": "Town of Shelburne", "city": "Shelburne", "source_dataset": "Municipal Tree Inventory", "source_department": "Town of Shelburne", "source_last_edit_at": ""}}, {"type": "Feature", "geometry": {"type": "Point", "coordinates": [-73.22157620499996, 44.36678744900007]}, "properties": {"id": "shelburne-15830", "species_group": "crabapple", "scientific_name": "Malus species", "common_name": "Crabapple", "subtype_name": null, "zip_code": "05482", "ownership": "public", "ownership_raw": "Town of Shelburne", "city": "Shelburne", "source_dataset": "Municipal Tree Inventory", "source_department": "Town of Shelburne", "source_last_edit_at": ""}}, {"type": "Feature", "geometry": {"type": "Point", "coordinates": [-73.20925413599997, 44.41055301100005]}, "properties": {"id": "shelburne-15985", "species_group": "crabapple", "scientific_name": "Malus species", "common_name": "Crabapple", "subtype_name": null, "zip_code": "05482", "ownership": "public", "ownership_raw": "Town of Shelburne", "city": "Shelburne", "source_dataset": "Municipal Tree Inventory", "source_department": "Town of Shelburne", "source_last_edit_at": ""}}, {"type": "Feature", "geometry": {"type": "Point", "coordinates": [-73.20921365199996, 44.41095073300005]}, "properties": {"id": "shelburne-15998", "species_group": "crabapple", "scientific_name": "Malus species", "common_name": "Crabapple", "subtype_name": null, "zip_code": "05482", "ownership": "public", "ownership_raw": "Town of Shelburne", "city": "Shelburne", "source_dataset": "Municipal Tree Inventory", "source_department": "Town of Shelburne", "source_last_edit_at": ""}}, {"type": "Feature", "geometry": {"type": "Point", "coordinates": [-73.22080875799998, 44.39333046300004]}, "properties": {"id": "shelburne-16025", "species_group": "crabapple", "scientific_name": "Malus species", "common_name": "Crabapple", "subtype_name": null, "zip_code": "05482", "ownership": "public", "ownership_raw": "Town of Shelburne", "city": "Shelburne", "source_dataset": "Municipal Tree Inventory", "source_department": "Town of Shelburne", "source_last_edit_at": ""}}, {"type": "Feature", "geometry": {"type": "Point", "coordinates": [-73.21934334999997, 44.397339276000025]}, "properties": {"id": "shelburne-16103", "species_group": "crabapple", "scientific_name": "Malus species", "common_name": "Crabapple", "subtype_name": null, "zip_code": "05482", "ownership": "public", "ownership_raw": "Town of Shelburne", "city": "Shelburne", "source_dataset": "Municipal Tree Inventory", "source_department": "Town of Shelburne", "source_last_edit_at": ""}}, {"type": "Feature", "geometry": {"type": "Point", "coordinates": [-73.21233037799993, 44.42027518100008]}, "properties": {"id": "shelburne-16148", "species_group": "crabapple", "scientific_name": "Malus species", "common_name": "Crabapple", "subtype_name": null, "zip_code": "05482", "ownership": "public", "ownership_raw": "Town of Shelburne", "city": "Shelburne", "source_dataset": "Municipal Tree Inventory", "source_department": "Town of Shelburne", "source_last_edit_at": ""}}, {"type": "Feature", "geometry": {"type": "Point", "coordinates": [-73.20913354299995, 44.41117744500008]}, "properties": {"id": "shelburne-16170", "species_group": "crabapple", "scientific_name": "Malus species", "common_name": "Crabapple", "subtype_name": null, "zip_code": "05482", "ownership": "public", "ownership_raw": "Town of Shelburne", "city": "Shelburne", "source_dataset": "Municipal Tree Inventory", "source_department": "Town of Shelburne", "source_last_edit_at": ""}}, {"type": "Feature", "geometry": {"type": "Point", "coordinates": [-73.22070071499996, 44.393720347000055]}, "properties": {"id": "shelburne-16193", "species_group": "crabapple", "scientific_name": "Malus species", "common_name": "Crabapple", "subtype_name": null, "zip_code": "05482", "ownership": "public", "ownership_raw": "Town of Shelburne", "city": "Shelburne", "source_dataset": "Municipal Tree Inventory", "source_department": "Town of Shelburne", "source_last_edit_at": ""}}, {"type": "Feature", "geometry": {"type": "Point", "coordinates": [-73.21510830899996, 44.41143277600003]}, "properties": {"id": "shelburne-16454", "species_group": "crabapple", "scientific_name": "Malus species", "common_name": "Crabapple", "subtype_name": null, "zip_code": "05482", "ownership": "public", "ownership_raw": "Town of Shelburne", "city": "Shelburne", "source_dataset": "Municipal Tree Inventory", "source_department": "Town of Shelburne", "source_last_edit_at": ""}}, {"type": "Feature", "geometry": {"type": "Point", "coordinates": [-73.22972442299994, 44.37980457400005]}, "properties": {"id": "shelburne-16516", "species_group": "crabapple", "scientific_name": "Malus species", "common_name": "Crabapple", "subtype_name": null, "zip_code": "05482", "ownership": "public", "ownership_raw": "Town of Shelburne", "city": "Shelburne", "source_dataset": "Municipal Tree Inventory", "source_department": "Town of Shelburne", "source_last_edit_at": ""}}, {"type": "Feature", "geometry": {"type": "Point", "coordinates": [-73.22062712199994, 44.39386166600008]}, "properties": {"id": "shelburne-16844", "species_group": "crabapple", "scientific_name": "Malus species", "common_name": "Crabapple", "subtype_name": null, "zip_code": "05482", "ownership": "public", "ownership_raw": "Town of Shelburne", "city": "Shelburne", "source_dataset": "Municipal Tree Inventory", "source_department": "Town of Shelburne", "source_last_edit_at": ""}}, {"type": "Feature", "geometry": {"type": "Point", "coordinates": [-73.21396518499995, 44.414540241000054]}, "properties": {"id": "shelburne-16877", "species_group": "crabapple", "scientific_name": "Malus species", "common_name": "Crabapple", "subtype_name": null, "zip_code": "05482", "ownership": "public", "ownership_raw": "Town of Shelburne", "city": "Shelburne", "source_dataset": "Municipal Tree Inventory", "source_department": "Town of Shelburne", "source_last_edit_at": ""}}, {"type": "Feature", "geometry": {"type": "Point", "coordinates": [-73.21904034299996, 44.39825981900003]}, "properties": {"id": "shelburne-16878", "species_group": "crabapple", "scientific_name": "Malus species", "common_name": "Crabapple", "subtype_name": null, "zip_code": "05482", "ownership": "public", "ownership_raw": "Town of Shelburne", "city": "Shelburne", "source_dataset": "Municipal Tree Inventory", "source_department": "Town of Shelburne", "source_last_edit_at": ""}}, {"type": "Feature", "geometry": {"type": "Point", "coordinates": [-73.21942482099996, 44.39792580000005]}, "properties": {"id": "shelburne-16952", "species_group": "crabapple", "scientific_name": "Malus species", "common_name": "Crabapple", "subtype_name": null, "zip_code": "05482", "ownership": "public", "ownership_raw": "Town of Shelburne", "city": "Shelburne", "source_dataset": "Municipal Tree Inventory", "source_department": "Town of Shelburne", "source_last_edit_at": ""}}, {"type": "Feature", "geometry": {"type": "Point", "coordinates": [-73.21703899699997, 44.40584535700003]}, "properties": {"id": "shelburne-171", "species_group": "crabapple", "scientific_name": "Malus species", "common_name": "Crabapple", "subtype_name": null, "zip_code": "05482", "ownership": "public", "ownership_raw": "Town of Shelburne", "city": "Shelburne", "source_dataset": "Municipal Tree Inventory", "source_department": "Town of Shelburne", "source_last_edit_at": ""}}, {"type": "Feature", "geometry": {"type": "Point", "coordinates": [-73.21518726599999, 44.411272472000064]}, "properties": {"id": "shelburne-17112", "species_group": "crabapple", "scientific_name": "Malus species", "common_name": "Crabapple", "subtype_name": null, "zip_code": "05482", "ownership": "public", "ownership_raw": "Town of Shelburne", "city": "Shelburne", "source_dataset": "Municipal Tree Inventory", "source_department": "Town of Shelburne", "source_last_edit_at": ""}}, {"type": "Feature", "geometry": {"type": "Point", "coordinates": [-73.22123506099996, 44.392029466000054]}, "properties": {"id": "shelburne-17305", "species_group": "crabapple", "scientific_name": "Malus species", "common_name": "Crabapple", "subtype_name": null, "zip_code": "05482", "ownership": "public", "ownership_raw": "Town of Shelburne", "city": "Shelburne", "source_dataset": "Municipal Tree Inventory", "source_department": "Town of Shelburne", "source_last_edit_at": ""}}, {"type": "Feature", "geometry": {"type": "Point", "coordinates": [-73.23051926199997, 44.381245818000025]}, "properties": {"id": "shelburne-17322", "species_group": "crabapple", "scientific_name": "Malus species", "common_name": "Crabapple", "subtype_name": null, "zip_code": "05482", "ownership": "public", "ownership_raw": "Town of Shelburne", "city": "Shelburne", "source_dataset": "Municipal Tree Inventory", "source_department": "Town of Shelburne", "source_last_edit_at": ""}}, {"type": "Feature", "geometry": {"type": "Point", "coordinates": [-73.22863692299995, 44.37843234400003]}, "properties": {"id": "shelburne-17449", "species_group": "crabapple", "scientific_name": "Malus species", "common_name": "Crabapple", "subtype_name": null, "zip_code": "05482", "ownership": "public", "ownership_raw": "Town of Shelburne", "city": "Shelburne", "source_dataset": "Municipal Tree Inventory", "source_department": "Town of Shelburne", "source_last_edit_at": ""}}, {"type": "Feature", "geometry": {"type": "Point", "coordinates": [-73.22140710999997, 44.36682460600008]}, "properties": {"id": "shelburne-17465", "species_group": "crabapple", "scientific_name": "Malus species", "common_name": "Crabapple", "subtype_name": null, "zip_code": "05482", "ownership": "public", "ownership_raw": "Town of Shelburne", "city": "Shelburne", "source_dataset": "Municipal Tree Inventory", "source_department": "Town of Shelburne", "source_last_edit_at": ""}}, {"type": "Feature", "geometry": {"type": "Point", "coordinates": [-73.22334289499997, 44.36656139400003]}, "properties": {"id": "shelburne-17625", "species_group": "crabapple", "scientific_name": "Malus species", "common_name": "Crabapple", "subtype_name": null, "zip_code": "05482", "ownership": "public", "ownership_raw": "Town of Shelburne", "city": "Shelburne", "source_dataset": "Municipal Tree Inventory", "source_department": "Town of Shelburne", "source_last_edit_at": ""}}, {"type": "Feature", "geometry": {"type": "Point", "coordinates": [-73.22113112599999, 44.39276233800007]}, "properties": {"id": "shelburne-1766", "species_group": "crabapple", "scientific_name": "Malus species", "common_name": "Crabapple", "subtype_name": null, "zip_code": "05482", "ownership": "public", "ownership_raw": "Town of Shelburne", "city": "Shelburne", "source_dataset": "Municipal Tree Inventory", "source_department": "Town of Shelburne", "source_last_edit_at": ""}}, {"type": "Feature", "geometry": {"type": "Point", "coordinates": [-73.23036639099996, 44.380038022000065]}, "properties": {"id": "shelburne-17754", "species_group": "crabapple", "scientific_name": "Malus species", "common_name": "Crabapple", "subtype_name": null, "zip_code": "05482", "ownership": "public", "ownership_raw": "Town of Shelburne", "city": "Shelburne", "source_dataset": "Municipal Tree Inventory", "source_department": "Town of Shelburne", "source_last_edit_at": ""}}, {"type": "Feature", "geometry": {"type": "Point", "coordinates": [-73.21891025699995, 44.39960809000007]}, "properties": {"id": "shelburne-18003", "species_group": "crabapple", "scientific_name": "Malus species", "common_name": "Crabapple", "subtype_name": null, "zip_code": "05482", "ownership": "public", "ownership_raw": "Town of Shelburne", "city": "Shelburne", "source_dataset": "Municipal Tree Inventory", "source_department": "Town of Shelburne", "source_last_edit_at": ""}}, {"type": "Feature", "geometry": {"type": "Point", "coordinates": [-73.21926615199999, 44.398560142000065]}, "properties": {"id": "shelburne-18039", "species_group": "crabapple", "scientific_name": "Malus species", "common_name": "Crabapple", "subtype_name": null, "zip_code": "05482", "ownership": "public", "ownership_raw": "Town of Shelburne", "city": "Shelburne", "source_dataset": "Municipal Tree Inventory", "source_department": "Town of Shelburne", "source_last_edit_at": ""}}, {"type": "Feature", "geometry": {"type": "Point", "coordinates": [-73.22105795099998, 44.39252798000007]}, "properties": {"id": "shelburne-18106", "species_group": "crabapple", "scientific_name": "Malus species", "common_name": "Crabapple", "subtype_name": null, "zip_code": "05482", "ownership": "public", "ownership_raw": "Town of Shelburne", "city": "Shelburne", "source_dataset": "Municipal Tree Inventory", "source_department": "Town of Shelburne", "source_last_edit_at": ""}}, {"type": "Feature", "geometry": {"type": "Point", "coordinates": [-73.21320444399998, 44.417404169000065]}, "properties": {"id": "shelburne-18177", "species_group": "crabapple", "scientific_name": "Malus species", "common_name": "Crabapple", "subtype_name": null, "zip_code": "05482", "ownership": "public", "ownership_raw": "Town of Shelburne", "city": "Shelburne", "source_dataset": "Municipal Tree Inventory", "source_department": "Town of Shelburne", "source_last_edit_at": ""}}, {"type": "Feature", "geometry": {"type": "Point", "coordinates": [-73.21233021099994, 44.42032220300007]}, "properties": {"id": "shelburne-18247", "species_group": "crabapple", "scientific_name": "Malus species", "common_name": "Crabapple", "subtype_name": null, "zip_code": "05482", "ownership": "public", "ownership_raw": "Town of Shelburne", "city": "Shelburne", "source_dataset": "Municipal Tree Inventory", "source_department": "Town of Shelburne", "source_last_edit_at": ""}}, {"type": "Feature", "geometry": {"type": "Point", "coordinates": [-73.22401542999995, 44.37156411600006]}, "properties": {"id": "shelburne-183", "species_group": "crabapple", "scientific_name": "Malus species", "common_name": "Crabapple", "subtype_name": null, "zip_code": "05482", "ownership": "public", "ownership_raw": "Town of Shelburne", "city": "Shelburne", "source_dataset": "Municipal Tree Inventory", "source_department": "Town of Shelburne", "source_last_edit_at": ""}}, {"type": "Feature", "geometry": {"type": "Point", "coordinates": [-73.22021967799998, 44.39494393800004]}, "properties": {"id": "shelburne-18397", "species_group": "crabapple", "scientific_name": "Malus species", "common_name": "Crabapple", "subtype_name": null, "zip_code": "05482", "ownership": "public", "ownership_raw": "Town of Shelburne", "city": "Shelburne", "source_dataset": "Municipal Tree Inventory", "source_department": "Town of Shelburne", "source_last_edit_at": ""}}, {"type": "Feature", "geometry": {"type": "Point", "coordinates": [-73.20922194999997, 44.41084147400005]}, "properties": {"id": "shelburne-18482", "species_group": "crabapple", "scientific_name": "Malus species", "common_name": "Crabapple", "subtype_name": null, "zip_code": "05482", "ownership": "public", "ownership_raw": "Town of Shelburne", "city": "Shelburne", "source_dataset": "Municipal Tree Inventory", "source_department": "Town of Shelburne", "source_last_edit_at": ""}}, {"type": "Feature", "geometry": {"type": "Point", "coordinates": [-73.22860026699993, 44.380807582000045]}, "properties": {"id": "shelburne-1853", "species_group": "crabapple", "scientific_name": "Malus species", "common_name": "Crabapple", "subtype_name": null, "zip_code": "05482", "ownership": "public", "ownership_raw": "Town of Shelburne", "city": "Shelburne", "source_dataset": "Municipal Tree Inventory", "source_department": "Town of Shelburne", "source_last_edit_at": ""}}, {"type": "Feature", "geometry": {"type": "Point", "coordinates": [-73.21974936799995, 44.39701498000005]}, "properties": {"id": "shelburne-18549", "species_group": "crabapple", "scientific_name": "Malus species", "common_name": "Crabapple", "subtype_name": null, "zip_code": "05482", "ownership": "public", "ownership_raw": "Town of Shelburne", "city": "Shelburne", "source_dataset": "Municipal Tree Inventory", "source_department": "Town of Shelburne", "source_last_edit_at": ""}}, {"type": "Feature", "geometry": {"type": "Point", "coordinates": [-73.22956499699995, 44.379837887000065]}, "properties": {"id": "shelburne-18602", "species_group": "crabapple", "scientific_name": "Malus species", "common_name": "Crabapple", "subtype_name": null, "zip_code": "05482", "ownership": "public", "ownership_raw": "Town of Shelburne", "city": "Shelburne", "source_dataset": "Municipal Tree Inventory", "source_department": "Town of Shelburne", "source_last_edit_at": ""}}, {"type": "Feature", "geometry": {"type": "Point", "coordinates": [-73.20926804999993, 44.41033625500006]}, "properties": {"id": "shelburne-18635", "species_group": "crabapple", "scientific_name": "Malus species", "common_name": "Crabapple", "subtype_name": null, "zip_code": "05482", "ownership": "public", "ownership_raw": "Town of Shelburne", "city": "Shelburne", "source_dataset": "Municipal Tree Inventory", "source_department": "Town of Shelburne", "source_last_edit_at": ""}}, {"type": "Feature", "geometry": {"type": "Point", "coordinates": [-73.21476180199994, 44.41251261700006]}, "properties": {"id": "shelburne-18702", "species_group": "crabapple", "scientific_name": "Malus species", "common_name": "Crabapple", "subtype_name": null, "zip_code": "05482", "ownership": "public", "ownership_raw": "Town of Shelburne", "city": "Shelburne", "source_dataset": "Municipal Tree Inventory", "source_department": "Town of Shelburne", "source_last_edit_at": ""}}, {"type": "Feature", "geometry": {"type": "Point", "coordinates": [-73.21992773599999, 44.39662928700005]}, "properties": {"id": "shelburne-18788", "species_group": "crabapple", "scientific_name": "Malus species", "common_name": "Crabapple", "subtype_name": null, "zip_code": "05482", "ownership": "public", "ownership_raw": "Town of Shelburne", "city": "Shelburne", "source_dataset": "Municipal Tree Inventory", "source_department": "Town of Shelburne", "source_last_edit_at": ""}}, {"type": "Feature", "geometry": {"type": "Point", "coordinates": [-73.21792680799996, 44.40223590000005]}, "properties": {"id": "shelburne-19058", "species_group": "crabapple", "scientific_name": "Malus species", "common_name": "Crabapple", "subtype_name": null, "zip_code": "05482", "ownership": "public", "ownership_raw": "Town of Shelburne", "city": "Shelburne", "source_dataset": "Municipal Tree Inventory", "source_department": "Town of Shelburne", "source_last_edit_at": ""}}, {"type": "Feature", "geometry": {"type": "Point", "coordinates": [-73.20893369599997, 44.411244477000025]}, "properties": {"id": "shelburne-19121", "species_group": "crabapple", "scientific_name": "Malus species", "common_name": "Crabapple", "subtype_name": null, "zip_code": "05482", "ownership": "public", "ownership_raw": "Town of Shelburne", "city": "Shelburne", "source_dataset": "Municipal Tree Inventory", "source_department": "Town of Shelburne", "source_last_edit_at": ""}}, {"type": "Feature", "geometry": {"type": "Point", "coordinates": [-73.22097220499995, 44.39278438200006]}, "properties": {"id": "shelburne-19332", "species_group": "crabapple", "scientific_name": "Malus species", "common_name": "Crabapple", "subtype_name": null, "zip_code": "05482", "ownership": "public", "ownership_raw": "Town of Shelburne", "city": "Shelburne", "source_dataset": "Municipal Tree Inventory", "source_department": "Town of Shelburne", "source_last_edit_at": ""}}, {"type": "Feature", "geometry": {"type": "Point", "coordinates": [-73.21324023399995, 44.41712019000005]}, "properties": {"id": "shelburne-19491", "species_group": "crabapple", "scientific_name": "Malus species", "common_name": "Crabapple", "subtype_name": null, "zip_code": "05482", "ownership": "public", "ownership_raw": "Town of Shelburne", "city": "Shelburne", "source_dataset": "Municipal Tree Inventory", "source_department": "Town of Shelburne", "source_last_edit_at": ""}}, {"type": "Feature", "geometry": {"type": "Point", "coordinates": [-73.21883758599995, 44.39972447200006]}, "properties": {"id": "shelburne-19571", "species_group": "crabapple", "scientific_name": "Malus species", "common_name": "Crabapple", "subtype_name": null, "zip_code": "05482", "ownership": "public", "ownership_raw": "Town of Shelburne", "city": "Shelburne", "source_dataset": "Municipal Tree Inventory", "source_department": "Town of Shelburne", "source_last_edit_at": ""}}, {"type": "Feature", "geometry": {"type": "Point", "coordinates": [-73.22087966799995, 44.39318717400005]}, "properties": {"id": "shelburne-19947", "species_group": "crabapple", "scientific_name": "Malus species", "common_name": "Crabapple", "subtype_name": null, "zip_code": "05482", "ownership": "public", "ownership_raw": "Town of Shelburne", "city": "Shelburne", "source_dataset": "Municipal Tree Inventory", "source_department": "Town of Shelburne", "source_last_edit_at": ""}}, {"type": "Feature", "geometry": {"type": "Point", "coordinates": [-73.20918766799997, 44.41103945500004]}, "properties": {"id": "shelburne-20082", "species_group": "crabapple", "scientific_name": "Malus species", "common_name": "Crabapple", "subtype_name": null, "zip_code": "05482", "ownership": "public", "ownership_raw": "Town of Shelburne", "city": "Shelburne", "source_dataset": "Municipal Tree Inventory", "source_department": "Town of Shelburne", "source_last_edit_at": ""}}, {"type": "Feature", "geometry": {"type": "Point", "coordinates": [-73.22223803899993, 44.36876805000003]}, "properties": {"id": "shelburne-20123", "species_group": "crabapple", "scientific_name": "Malus species", "common_name": "Crabapple", "subtype_name": null, "zip_code": "05482", "ownership": "public", "ownership_raw": "Town of Shelburne", "city": "Shelburne", "source_dataset": "Municipal Tree Inventory", "source_department": "Town of Shelburne", "source_last_edit_at": ""}}, {"type": "Feature", "geometry": {"type": "Point", "coordinates": [-73.21510378299996, 44.41171160000005]}, "properties": {"id": "shelburne-20295", "species_group": "crabapple", "scientific_name": "Malus species", "common_name": "Crabapple", "subtype_name": null, "zip_code": "05482", "ownership": "public", "ownership_raw": "Town of Shelburne", "city": "Shelburne", "source_dataset": "Municipal Tree Inventory", "source_department": "Town of Shelburne", "source_last_edit_at": ""}}, {"type": "Feature", "geometry": {"type": "Point", "coordinates": [-73.23992091399998, 44.37698813800006]}, "properties": {"id": "shelburne-20346", "species_group": "crabapple", "scientific_name": "Malus species", "common_name": "Crabapple", "subtype_name": null, "zip_code": "05482", "ownership": "public", "ownership_raw": "Town of Shelburne", "city": "Shelburne", "source_dataset": "Municipal Tree Inventory", "source_department": "Town of Shelburne", "source_last_edit_at": ""}}, {"type": "Feature", "geometry": {"type": "Point", "coordinates": [-73.21890843199998, 44.37097353100006]}, "properties": {"id": "shelburne-20370", "species_group": "crabapple", "scientific_name": "Malus species", "common_name": "Crabapple", "subtype_name": null, "zip_code": "05482", "ownership": "public", "ownership_raw": "Town of Shelburne", "city": "Shelburne", "source_dataset": "Municipal Tree Inventory", "source_department": "Town of Shelburne", "source_last_edit_at": ""}}, {"type": "Feature", "geometry": {"type": "Point", "coordinates": [-73.21708735999994, 44.40574984600005]}, "properties": {"id": "shelburne-20483", "species_group": "crabapple", "scientific_name": "Malus species", "common_name": "Crabapple", "subtype_name": null, "zip_code": "05482", "ownership": "public", "ownership_raw": "Town of Shelburne", "city": "Shelburne", "source_dataset": "Municipal Tree Inventory", "source_department": "Town of Shelburne", "source_last_edit_at": ""}}, {"type": "Feature", "geometry": {"type": "Point", "coordinates": [-73.22825577399993, 44.38076909200004]}, "properties": {"id": "shelburne-20581", "species_group": "crabapple", "scientific_name": "Malus species", "common_name": "Crabapple", "subtype_name": null, "zip_code": "05482", "ownership": "public", "ownership_raw": "Town of Shelburne", "city": "Shelburne", "source_dataset": "Municipal Tree Inventory", "source_department": "Town of Shelburne", "source_last_edit_at": ""}}, {"type": "Feature", "geometry": {"type": "Point", "coordinates": [-73.20914768599994, 44.41112771600007]}, "properties": {"id": "shelburne-2122", "species_group": "crabapple", "scientific_name": "Malus species", "common_name": "Crabapple", "subtype_name": null, "zip_code": "05482", "ownership": "public", "ownership_raw": "Town of Shelburne", "city": "Shelburne", "source_dataset": "Municipal Tree Inventory", "source_department": "Town of Shelburne", "source_last_edit_at": ""}}, {"type": "Feature", "geometry": {"type": "Point", "coordinates": [-73.22847015199994, 44.372881343000074]}, "properties": {"id": "shelburne-21279", "species_group": "crabapple", "scientific_name": "Malus species", "common_name": "Crabapple", "subtype_name": null, "zip_code": "05482", "ownership": "public", "ownership_raw": "Town of Shelburne", "city": "Shelburne", "source_dataset": "Municipal Tree Inventory", "source_department": "Town of Shelburne", "source_last_edit_at": ""}}, {"type": "Feature", "geometry": {"type": "Point", "coordinates": [-73.20922169799996, 44.41074998600004]}, "properties": {"id": "shelburne-21630", "species_group": "crabapple", "scientific_name": "Malus species", "common_name": "Crabapple", "subtype_name": null, "zip_code": "05482", "ownership": "public", "ownership_raw": "Town of Shelburne", "city": "Shelburne", "source_dataset": "Municipal Tree Inventory", "source_department": "Town of Shelburne", "source_last_edit_at": ""}}, {"type": "Feature", "geometry": {"type": "Point", "coordinates": [-73.21359730299997, 44.416060592000065]}, "properties": {"id": "shelburne-21816", "species_group": "crabapple", "scientific_name": "Malus species", "common_name": "Crabapple", "subtype_name": null, "zip_code": "05482", "ownership": "public", "ownership_raw": "Town of Shelburne", "city": "Shelburne", "source_dataset": "Municipal Tree Inventory", "source_department": "Town of Shelburne", "source_last_edit_at": ""}}, {"type": "Feature", "geometry": {"type": "Point", "coordinates": [-73.22074253999995, 44.393952987000034]}, "properties": {"id": "shelburne-21942", "species_group": "crabapple", "scientific_name": "Malus species", "common_name": "Crabapple", "subtype_name": null, "zip_code": "05482", "ownership": "public", "ownership_raw": "Town of Shelburne", "city": "Shelburne", "source_dataset": "Municipal Tree Inventory", "source_department": "Town of Shelburne", "source_last_edit_at": ""}}, {"type": "Feature", "geometry": {"type": "Point", "coordinates": [-73.22318706199997, 44.37133993400005]}, "properties": {"id": "shelburne-22150", "species_group": "crabapple", "scientific_name": "Malus species", "common_name": "Crabapple", "subtype_name": null, "zip_code": "05482", "ownership": "public", "ownership_raw": "Town of Shelburne", "city": "Shelburne", "source_dataset": "Municipal Tree Inventory", "source_department": "Town of Shelburne", "source_last_edit_at": ""}}, {"type": "Feature", "geometry": {"type": "Point", "coordinates": [-73.21540486099997, 44.41026048300006]}, "properties": {"id": "shelburne-2222", "species_group": "crabapple", "scientific_name": "Malus species", "common_name": "Crabapple", "subtype_name": null, "zip_code": "05482", "ownership": "public", "ownership_raw": "Town of Shelburne", "city": "Shelburne", "source_dataset": "Municipal Tree Inventory", "source_department": "Town of Shelburne", "source_last_edit_at": ""}}, {"type": "Feature", "geometry": {"type": "Point", "coordinates": [-73.22052502999998, 44.39426567400005]}, "properties": {"id": "shelburne-22498", "species_group": "crabapple", "scientific_name": "Malus species", "common_name": "Crabapple", "subtype_name": null, "zip_code": "05482", "ownership": "public", "ownership_raw": "Town of Shelburne", "city": "Shelburne", "source_dataset": "Municipal Tree Inventory", "source_department": "Town of Shelburne", "source_last_edit_at": ""}}, {"type": "Feature", "geometry": {"type": "Point", "coordinates": [-73.21272600399993, 44.418204599000035]}, "properties": {"id": "shelburne-22570", "species_group": "crabapple", "scientific_name": "Malus species", "common_name": "Crabapple", "subtype_name": null, "zip_code": "05482", "ownership": "public", "ownership_raw": "Town of Shelburne", "city": "Shelburne", "source_dataset": "Municipal Tree Inventory", "source_department": "Town of Shelburne", "source_last_edit_at": ""}}, {"type": "Feature", "geometry": {"type": "Point", "coordinates": [-73.21708635399995, 44.40569121400006]}, "properties": {"id": "shelburne-22765", "species_group": "crabapple", "scientific_name": "Malus species", "common_name": "Crabapple", "subtype_name": null, "zip_code": "05482", "ownership": "public", "ownership_raw": "Town of Shelburne", "city": "Shelburne", "source_dataset": "Municipal Tree Inventory", "source_department": "Town of Shelburne", "source_last_edit_at": ""}}, {"type": "Feature", "geometry": {"type": "Point", "coordinates": [-73.22120773699999, 44.39205067200004]}, "properties": {"id": "shelburne-2282", "species_group": "crabapple", "scientific_name": "Malus species", "common_name": "Crabapple", "subtype_name": null, "zip_code": "05482", "ownership": "public", "ownership_raw": "Town of Shelburne", "city": "Shelburne", "source_dataset": "Municipal Tree Inventory", "source_department": "Town of Shelburne", "source_last_edit_at": ""}}, {"type": "Feature", "geometry": {"type": "Point", "coordinates": [-73.22839522499999, 44.37948187600006]}, "properties": {"id": "shelburne-22867", "species_group": "crabapple", "scientific_name": "Malus species", "common_name": "Crabapple", "subtype_name": null, "zip_code": "05482", "ownership": "public", "ownership_raw": "Town of Shelburne", "city": "Shelburne", "source_dataset": "Municipal Tree Inventory", "source_department": "Town of Shelburne", "source_last_edit_at": ""}}, {"type": "Feature", "geometry": {"type": "Point", "coordinates": [-73.20927693499993, 44.41044513600008]}, "properties": {"id": "shelburne-22986", "species_group": "crabapple", "scientific_name": "Malus species", "common_name": "Crabapple", "subtype_name": null, "zip_code": "05482", "ownership": "public", "ownership_raw": "Town of Shelburne", "city": "Shelburne", "source_dataset": "Municipal Tree Inventory", "source_department": "Town of Shelburne", "source_last_edit_at": ""}}, {"type": "Feature", "geometry": {"type": "Point", "coordinates": [-73.22105107799996, 44.39318080400005]}, "properties": {"id": "shelburne-23277", "species_group": "crabapple", "scientific_name": "Malus species", "common_name": "Crabapple", "subtype_name": null, "zip_code": "05482", "ownership": "public", "ownership_raw": "Town of Shelburne", "city": "Shelburne", "source_dataset": "Municipal Tree Inventory", "source_department": "Town of Shelburne", "source_last_edit_at": ""}}, {"type": "Feature", "geometry": {"type": "Point", "coordinates": [-73.21931661099995, 44.39723949000006]}, "properties": {"id": "shelburne-23378", "species_group": "crabapple", "scientific_name": "Malus species", "common_name": "Crabapple", "subtype_name": null, "zip_code": "05482", "ownership": "public", "ownership_raw": "Town of Shelburne", "city": "Shelburne", "source_dataset": "Municipal Tree Inventory", "source_department": "Town of Shelburne", "source_last_edit_at": ""}}, {"type": "Feature", "geometry": {"type": "Point", "coordinates": [-73.21644530599997, 44.40640145500004]}, "properties": {"id": "shelburne-23510", "species_group": "crabapple", "scientific_name": "Malus species", "common_name": "Crabapple", "subtype_name": null, "zip_code": "05482", "ownership": "public", "ownership_raw": "Town of Shelburne", "city": "Shelburne", "source_dataset": "Municipal Tree Inventory", "source_department": "Town of Shelburne", "source_last_edit_at": ""}}, {"type": "Feature", "geometry": {"type": "Point", "coordinates": [-73.20918364499994, 44.41099004400007]}, "properties": {"id": "shelburne-23586", "species_group": "crabapple", "scientific_name": "Malus species", "common_name": "Crabapple", "subtype_name": null, "zip_code": "05482", "ownership": "public", "ownership_raw": "Town of Shelburne", "city": "Shelburne", "source_dataset": "Municipal Tree Inventory", "source_department": "Town of Shelburne", "source_last_edit_at": ""}}, {"type": "Feature", "geometry": {"type": "Point", "coordinates": [-73.21981877099995, 44.39678242400004]}, "properties": {"id": "shelburne-23822", "species_group": "crabapple", "scientific_name": "Malus species", "common_name": "Crabapple", "subtype_name": null, "zip_code": "05482", "ownership": "public", "ownership_raw": "Town of Shelburne", "city": "Shelburne", "source_dataset": "Municipal Tree Inventory", "source_department": "Town of Shelburne", "source_last_edit_at": ""}}, {"type": "Feature", "geometry": {"type": "Point", "coordinates": [-73.21910588999998, 44.39799164000004]}, "properties": {"id": "shelburne-23872", "species_group": "crabapple", "scientific_name": "Malus species", "common_name": "Crabapple", "subtype_name": null, "zip_code": "05482", "ownership": "public", "ownership_raw": "Town of Shelburne", "city": "Shelburne", "source_dataset": "Municipal Tree Inventory", "source_department": "Town of Shelburne", "source_last_edit_at": ""}}, {"type": "Feature", "geometry": {"type": "Point", "coordinates": [-73.20923066699999, 44.41077592800008]}, "properties": {"id": "shelburne-24072", "species_group": "crabapple", "scientific_name": "Malus species", "common_name": "Crabapple", "subtype_name": null, "zip_code": "05482", "ownership": "public", "ownership_raw": "Town of Shelburne", "city": "Shelburne", "source_dataset": "Municipal Tree Inventory", "source_department": "Town of Shelburne", "source_last_edit_at": ""}}, {"type": "Feature", "geometry": {"type": "Point", "coordinates": [-73.22838076299996, 44.380906577000076]}, "properties": {"id": "shelburne-24083", "species_group": "crabapple", "scientific_name": "Malus species", "common_name": "Crabapple", "subtype_name": null, "zip_code": "05482", "ownership": "public", "ownership_raw": "Town of Shelburne", "city": "Shelburne", "source_dataset": "Municipal Tree Inventory", "source_department": "Town of Shelburne", "source_last_edit_at": ""}}, {"type": "Feature", "geometry": {"type": "Point", "coordinates": [-73.21964828299997, 44.37091993700005]}, "properties": {"id": "shelburne-24238", "species_group": "crabapple", "scientific_name": "Malus species", "common_name": "Crabapple", "subtype_name": null, "zip_code": "05482", "ownership": "public", "ownership_raw": "Town of Shelburne", "city": "Shelburne", "source_dataset": "Municipal Tree Inventory", "source_department": "Town of Shelburne", "source_last_edit_at": ""}}, {"type": "Feature", "geometry": {"type": "Point", "coordinates": [-73.20915606799997, 44.411059194000075]}, "properties": {"id": "shelburne-24446", "species_group": "crabapple", "scientific_name": "Malus species", "common_name": "Crabapple", "subtype_name": null, "zip_code": "05482", "ownership": "public", "ownership_raw": "Town of Shelburne", "city": "Shelburne", "source_dataset": "Municipal Tree Inventory", "source_department": "Town of Shelburne", "source_last_edit_at": ""}}, {"type": "Feature", "geometry": {"type": "Point", "coordinates": [-73.21782840399999, 44.40196893600006]}, "properties": {"id": "shelburne-24466", "species_group": "crabapple", "scientific_name": "Malus species", "common_name": "Crabapple", "subtype_name": null, "zip_code": "05482", "ownership": "public", "ownership_raw": "Town of Shelburne", "city": "Shelburne", "source_dataset": "Municipal Tree Inventory", "source_department": "Town of Shelburne", "source_last_edit_at": ""}}, {"type": "Feature", "geometry": {"type": "Point", "coordinates": [-73.21364642099996, 44.416099777000056]}, "properties": {"id": "shelburne-24490", "species_group": "crabapple", "scientific_name": "Malus species", "common_name": "Crabapple", "subtype_name": null, "zip_code": "05482", "ownership": "public", "ownership_raw": "Town of Shelburne", "city": "Shelburne", "source_dataset": "Municipal Tree Inventory", "source_department": "Town of Shelburne", "source_last_edit_at": ""}}, {"type": "Feature", "geometry": {"type": "Point", "coordinates": [-73.21360275099994, 44.41617697500004]}, "properties": {"id": "shelburne-24502", "species_group": "crabapple", "scientific_name": "Malus species", "common_name": "Crabapple", "subtype_name": null, "zip_code": "05482", "ownership": "public", "ownership_raw": "Town of Shelburne", "city": "Shelburne", "source_dataset": "Municipal Tree Inventory", "source_department": "Town of Shelburne", "source_last_edit_at": ""}}, {"type": "Feature", "geometry": {"type": "Point", "coordinates": [-73.20921331699998, 44.410741562000055]}, "properties": {"id": "shelburne-24504", "species_group": "crabapple", "scientific_name": "Malus species", "common_name": "Crabapple", "subtype_name": null, "zip_code": "05482", "ownership": "public", "ownership_raw": "Town of Shelburne", "city": "Shelburne", "source_dataset": "Municipal Tree Inventory", "source_department": "Town of Shelburne", "source_last_edit_at": ""}}, {"type": "Feature", "geometry": {"type": "Point", "coordinates": [-73.22022017999996, 44.395080060000055]}, "properties": {"id": "shelburne-24948", "species_group": "crabapple", "scientific_name": "Malus species", "common_name": "Crabapple", "subtype_name": null, "zip_code": "05482", "ownership": "public", "ownership_raw": "Town of Shelburne", "city": "Shelburne", "source_dataset": "Municipal Tree Inventory", "source_department": "Town of Shelburne", "source_last_edit_at": ""}}, {"type": "Feature", "geometry": {"type": "Point", "coordinates": [-73.21205167999995, 44.42000960000007]}, "properties": {"id": "shelburne-24961", "species_group": "crabapple", "scientific_name": "Malus species", "common_name": "Crabapple", "subtype_name": null, "zip_code": "05482", "ownership": "public", "ownership_raw": "Town of Shelburne", "city": "Shelburne", "source_dataset": "Municipal Tree Inventory", "source_department": "Town of Shelburne", "source_last_edit_at": ""}}, {"type": "Feature", "geometry": {"type": "Point", "coordinates": [-73.20925011299994, 44.41046709700004]}, "properties": {"id": "shelburne-2498", "species_group": "crabapple", "scientific_name": "Malus species", "common_name": "Crabapple", "subtype_name": null, "zip_code": "05482", "ownership": "public", "ownership_raw": "Town of Shelburne", "city": "Shelburne", "source_dataset": "Municipal Tree Inventory", "source_department": "Town of Shelburne", "source_last_edit_at": ""}}, {"type": "Feature", "geometry": {"type": "Point", "coordinates": [-73.21942909699999, 44.39807671600005]}, "properties": {"id": "shelburne-25132", "species_group": "crabapple", "scientific_name": "Malus species", "common_name": "Crabapple", "subtype_name": null, "zip_code": "05482", "ownership": "public", "ownership_raw": "Town of Shelburne", "city": "Shelburne", "source_dataset": "Municipal Tree Inventory", "source_department": "Town of Shelburne", "source_last_edit_at": ""}}, {"type": "Feature", "geometry": {"type": "Point", "coordinates": [-73.23815259099996, 44.37815821300006]}, "properties": {"id": "shelburne-25803", "species_group": "crabapple", "scientific_name": "Malus species", "common_name": "Crabapple", "subtype_name": null, "zip_code": "05482", "ownership": "public", "ownership_raw": "Town of Shelburne", "city": "Shelburne", "source_dataset": "Municipal Tree Inventory", "source_department": "Town of Shelburne", "source_last_edit_at": ""}}, {"type": "Feature", "geometry": {"type": "Point", "coordinates": [-73.22484372199995, 44.37197203300008]}, "properties": {"id": "shelburne-25806", "species_group": "crabapple", "scientific_name": "Malus species", "common_name": "Crabapple", "subtype_name": null, "zip_code": "05482", "ownership": "public", "ownership_raw": "Town of Shelburne", "city": "Shelburne", "source_dataset": "Municipal Tree Inventory", "source_department": "Town of Shelburne", "source_last_edit_at": ""}}, {"type": "Feature", "geometry": {"type": "Point", "coordinates": [-73.21727838299995, 44.404254095000056]}, "properties": {"id": "shelburne-25954", "species_group": "crabapple", "scientific_name": "Malus species", "common_name": "Crabapple", "subtype_name": null, "zip_code": "05482", "ownership": "public", "ownership_raw": "Town of Shelburne", "city": "Shelburne", "source_dataset": "Municipal Tree Inventory", "source_department": "Town of Shelburne", "source_last_edit_at": ""}}, {"type": "Feature", "geometry": {"type": "Point", "coordinates": [-73.22138015199994, 44.39203717700008]}, "properties": {"id": "shelburne-26080", "species_group": "crabapple", "scientific_name": "Malus species", "common_name": "Crabapple", "subtype_name": null, "zip_code": "05482", "ownership": "public", "ownership_raw": "Town of Shelburne", "city": "Shelburne", "source_dataset": "Municipal Tree Inventory", "source_department": "Town of Shelburne", "source_last_edit_at": ""}}, {"type": "Feature", "geometry": {"type": "Point", "coordinates": [-73.21985598699996, 44.39670820200007]}, "properties": {"id": "shelburne-26082", "species_group": "crabapple", "scientific_name": "Malus species", "common_name": "Crabapple", "subtype_name": null, "zip_code": "05482", "ownership": "public", "ownership_raw": "Town of Shelburne", "city": "Shelburne", "source_dataset": "Municipal Tree Inventory", "source_department": "Town of Shelburne", "source_last_edit_at": ""}}, {"type": "Feature", "geometry": {"type": "Point", "coordinates": [-73.23807758199996, 44.37933673400005]}, "properties": {"id": "shelburne-26095", "species_group": "crabapple", "scientific_name": "Malus species", "common_name": "Crabapple", "subtype_name": null, "zip_code": "05482", "ownership": "public", "ownership_raw": "Town of Shelburne", "city": "Shelburne", "source_dataset": "Municipal Tree Inventory", "source_department": "Town of Shelburne", "source_last_edit_at": ""}}, {"type": "Feature", "geometry": {"type": "Point", "coordinates": [-73.21353007999994, 44.41624595800005]}, "properties": {"id": "shelburne-2611", "species_group": "crabapple", "scientific_name": "Malus species", "common_name": "Crabapple", "subtype_name": null, "zip_code": "05482", "ownership": "public", "ownership_raw": "Town of Shelburne", "city": "Shelburne", "source_dataset": "Municipal Tree Inventory", "source_department": "Town of Shelburne", "source_last_edit_at": ""}}, {"type": "Feature", "geometry": {"type": "Point", "coordinates": [-73.23776015099997, 44.37941663000004]}, "properties": {"id": "shelburne-26183", "species_group": "crabapple", "scientific_name": "Malus species", "common_name": "Crabapple", "subtype_name": null, "zip_code": "05482", "ownership": "public", "ownership_raw": "Town of Shelburne", "city": "Shelburne", "source_dataset": "Municipal Tree Inventory", "source_department": "Town of Shelburne", "source_last_edit_at": ""}}, {"type": "Feature", "geometry": {"type": "Point", "coordinates": [-73.22976156699997, 44.37981563500006]}, "properties": {"id": "shelburne-2630", "species_group": "crabapple", "scientific_name": "Malus species", "common_name": "Crabapple", "subtype_name": null, "zip_code": "05482", "ownership": "public", "ownership_raw": "Town of Shelburne", "city": "Shelburne", "source_dataset": "Municipal Tree Inventory", "source_department": "Town of Shelburne", "source_last_edit_at": ""}}, {"type": "Feature", "geometry": {"type": "Point", "coordinates": [-73.21255576799996, 44.418347511000036]}, "properties": {"id": "shelburne-26405", "species_group": "crabapple", "scientific_name": "Malus species", "common_name": "Crabapple", "subtype_name": null, "zip_code": "05482", "ownership": "public", "ownership_raw": "Town of Shelburne", "city": "Shelburne", "source_dataset": "Municipal Tree Inventory", "source_department": "Town of Shelburne", "source_last_edit_at": ""}}, {"type": "Feature", "geometry": {"type": "Point", "coordinates": [-73.22027231499999, 44.39482814200005]}, "properties": {"id": "shelburne-26414", "species_group": "crabapple", "scientific_name": "Malus species", "common_name": "Crabapple", "subtype_name": null, "zip_code": "05482", "ownership": "public", "ownership_raw": "Town of Shelburne", "city": "Shelburne", "source_dataset": "Municipal Tree Inventory", "source_department": "Town of Shelburne", "source_last_edit_at": ""}}, {"type": "Feature", "geometry": {"type": "Point", "coordinates": [-73.21896876199997, 44.399466645000075]}, "properties": {"id": "shelburne-26438", "species_group": "crabapple", "scientific_name": "Malus species", "common_name": "Crabapple", "subtype_name": null, "zip_code": "05482", "ownership": "public", "ownership_raw": "Town of Shelburne", "city": "Shelburne", "source_dataset": "Municipal Tree Inventory", "source_department": "Town of Shelburne", "source_last_edit_at": ""}}, {"type": "Feature", "geometry": {"type": "Point", "coordinates": [-73.21636944999995, 44.40663262700008]}, "properties": {"id": "shelburne-26458", "species_group": "crabapple", "scientific_name": "Malus species", "common_name": "Crabapple", "subtype_name": null, "zip_code": "05482", "ownership": "public", "ownership_raw": "Town of Shelburne", "city": "Shelburne", "source_dataset": "Municipal Tree Inventory", "source_department": "Town of Shelburne", "source_last_edit_at": ""}}, {"type": "Feature", "geometry": {"type": "Point", "coordinates": [-73.20916025899999, 44.410921270000074]}, "properties": {"id": "shelburne-26655", "species_group": "crabapple", "scientific_name": "Malus species", "common_name": "Crabapple", "subtype_name": null, "zip_code": "05482", "ownership": "public", "ownership_raw": "Town of Shelburne", "city": "Shelburne", "source_dataset": "Municipal Tree Inventory", "source_department": "Town of Shelburne", "source_last_edit_at": ""}}, {"type": "Feature", "geometry": {"type": "Point", "coordinates": [-73.21312850399994, 44.41812224700004]}, "properties": {"id": "shelburne-26675", "species_group": "crabapple", "scientific_name": "Malus species", "common_name": "Crabapple", "subtype_name": null, "zip_code": "05482", "ownership": "public", "ownership_raw": "Town of Shelburne", "city": "Shelburne", "source_dataset": "Municipal Tree Inventory", "source_department": "Town of Shelburne", "source_last_edit_at": ""}}, {"type": "Feature", "geometry": {"type": "Point", "coordinates": [-73.21318508099995, 44.41736259500004]}, "properties": {"id": "shelburne-2669", "species_group": "crabapple", "scientific_name": "Malus species", "common_name": "Crabapple", "subtype_name": null, "zip_code": "05482", "ownership": "public", "ownership_raw": "Town of Shelburne", "city": "Shelburne", "source_dataset": "Municipal Tree Inventory", "source_department": "Town of Shelburne", "source_last_edit_at": ""}}, {"type": "Feature", "geometry": {"type": "Point", "coordinates": [-73.23080702699997, 44.37969063400004]}, "properties": {"id": "shelburne-26862", "species_group": "crabapple", "scientific_name": "Malus species", "common_name": "Crabapple", "subtype_name": null, "zip_code": "05482", "ownership": "public", "ownership_raw": "Town of Shelburne", "city": "Shelburne", "source_dataset": "Municipal Tree Inventory", "source_department": "Town of Shelburne", "source_last_edit_at": ""}}, {"type": "Feature", "geometry": {"type": "Point", "coordinates": [-73.22023954199994, 44.39487218900007]}, "properties": {"id": "shelburne-27055", "species_group": "crabapple", "scientific_name": "Malus species", "common_name": "Crabapple", "subtype_name": null, "zip_code": "05482", "ownership": "public", "ownership_raw": "Town of Shelburne", "city": "Shelburne", "source_dataset": "Municipal Tree Inventory", "source_department": "Town of Shelburne", "source_last_edit_at": ""}}, {"type": "Feature", "geometry": {"type": "Point", "coordinates": [-73.21488602099998, 44.411085136000054]}, "properties": {"id": "shelburne-27103", "species_group": "crabapple", "scientific_name": "Malus species", "common_name": "Crabapple", "subtype_name": null, "zip_code": "05482", "ownership": "public", "ownership_raw": "Town of Shelburne", "city": "Shelburne", "source_dataset": "Municipal Tree Inventory", "source_department": "Town of Shelburne", "source_last_edit_at": ""}}, {"type": "Feature", "geometry": {"type": "Point", "coordinates": [-73.20921960299995, 44.410658246000025]}, "properties": {"id": "shelburne-2713", "species_group": "crabapple", "scientific_name": "Malus species", "common_name": "Crabapple", "subtype_name": null, "zip_code": "05482", "ownership": "public", "ownership_raw": "Town of Shelburne", "city": "Shelburne", "source_dataset": "Municipal Tree Inventory", "source_department": "Town of Shelburne", "source_last_edit_at": ""}}, {"type": "Feature", "geometry": {"type": "Point", "coordinates": [-73.22371878599995, 44.37196972800007]}, "properties": {"id": "shelburne-27300", "species_group": "crabapple", "scientific_name": "Malus species", "common_name": "Crabapple", "subtype_name": null, "zip_code": "05482", "ownership": "public", "ownership_raw": "Town of Shelburne", "city": "Shelburne", "source_dataset": "Municipal Tree Inventory", "source_department": "Town of Shelburne", "source_last_edit_at": ""}}, {"type": "Feature", "geometry": {"type": "Point", "coordinates": [-73.21382051399996, 44.41450285800005]}, "properties": {"id": "shelburne-27341", "species_group": "crabapple", "scientific_name": "Malus species", "common_name": "Crabapple", "subtype_name": null, "zip_code": "05482", "ownership": "public", "ownership_raw": "Town of Shelburne", "city": "Shelburne", "source_dataset": "Municipal Tree Inventory", "source_department": "Town of Shelburne", "source_last_edit_at": ""}}, {"type": "Feature", "geometry": {"type": "Point", "coordinates": [-73.22108292999997, 44.392585186000076]}, "properties": {"id": "shelburne-27369", "species_group": "crabapple", "scientific_name": "Malus species", "common_name": "Crabapple", "subtype_name": null, "zip_code": "05482", "ownership": "public", "ownership_raw": "Town of Shelburne", "city": "Shelburne", "source_dataset": "Municipal Tree Inventory", "source_department": "Town of Shelburne", "source_last_edit_at": ""}}, {"type": "Feature", "geometry": {"type": "Point", "coordinates": [-73.21881579199999, 44.39998908900003]}, "properties": {"id": "shelburne-27386", "species_group": "crabapple", "scientific_name": "Malus species", "common_name": "Crabapple", "subtype_name": null, "zip_code": "05482", "ownership": "public", "ownership_raw": "Town of Shelburne", "city": "Shelburne", "source_dataset": "Municipal Tree Inventory", "source_department": "Town of Shelburne", "source_last_edit_at": ""}}, {"type": "Feature", "geometry": {"type": "Point", "coordinates": [-73.21234487999999, 44.42017476600006]}, "properties": {"id": "shelburne-27400", "species_group": "crabapple", "scientific_name": "Malus species", "common_name": "Crabapple", "subtype_name": null, "zip_code": "05482", "ownership": "public", "ownership_raw": "Town of Shelburne", "city": "Shelburne", "source_dataset": "Municipal Tree Inventory", "source_department": "Town of Shelburne", "source_last_edit_at": ""}}, {"type": "Feature", "geometry": {"type": "Point", "coordinates": [-73.21921275999995, 44.398702048000075]}, "properties": {"id": "shelburne-2748", "species_group": "crabapple", "scientific_name": "Malus species", "common_name": "Crabapple", "subtype_name": null, "zip_code": "05482", "ownership": "public", "ownership_raw": "Town of Shelburne", "city": "Shelburne", "source_dataset": "Municipal Tree Inventory", "source_department": "Town of Shelburne", "source_last_edit_at": ""}}, {"type": "Feature", "geometry": {"type": "Point", "coordinates": [-73.22083683699998, 44.39380827300005]}, "properties": {"id": "shelburne-2753", "species_group": "crabapple", "scientific_name": "Malus species", "common_name": "Crabapple", "subtype_name": null, "zip_code": "05482", "ownership": "public", "ownership_raw": "Town of Shelburne", "city": "Shelburne", "source_dataset": "Municipal Tree Inventory", "source_department": "Town of Shelburne", "source_last_edit_at": ""}}, {"type": "Feature", "geometry": {"type": "Point", "coordinates": [-73.22098016699994, 44.39272407500005]}, "properties": {"id": "shelburne-27947", "species_group": "crabapple", "scientific_name": "Malus species", "common_name": "Crabapple", "subtype_name": null, "zip_code": "05482", "ownership": "public", "ownership_raw": "Town of Shelburne", "city": "Shelburne", "source_dataset": "Municipal Tree Inventory", "source_department": "Town of Shelburne", "source_last_edit_at": ""}}, {"type": "Feature", "geometry": {"type": "Point", "coordinates": [-73.23928968099995, 44.37689011500004]}, "properties": {"id": "shelburne-28335", "species_group": "crabapple", "scientific_name": "Malus species", "common_name": "Crabapple", "subtype_name": null, "zip_code": "05482", "ownership": "public", "ownership_raw": "Town of Shelburne", "city": "Shelburne", "source_dataset": "Municipal Tree Inventory", "source_department": "Town of Shelburne", "source_last_edit_at": ""}}, {"type": "Feature", "geometry": {"type": "Point", "coordinates": [-73.20867014999999, 44.41124686200004]}, "properties": {"id": "shelburne-28532", "species_group": "crabapple", "scientific_name": "Malus species", "common_name": "Crabapple", "subtype_name": null, "zip_code": "05482", "ownership": "public", "ownership_raw": "Town of Shelburne", "city": "Shelburne", "source_dataset": "Municipal Tree Inventory", "source_department": "Town of Shelburne", "source_last_edit_at": ""}}, {"type": "Feature", "geometry": {"type": "Point", "coordinates": [-73.22820674699994, 44.38075711700003]}, "properties": {"id": "shelburne-28681", "species_group": "crabapple", "scientific_name": "Malus species", "common_name": "Crabapple", "subtype_name": null, "zip_code": "05482", "ownership": "public", "ownership_raw": "Town of Shelburne", "city": "Shelburne", "source_dataset": "Municipal Tree Inventory", "source_department": "Town of Shelburne", "source_last_edit_at": ""}}, {"type": "Feature", "geometry": {"type": "Point", "coordinates": [-73.21963973299995, 44.37094147800008]}, "properties": {"id": "shelburne-28739", "species_group": "crabapple", "scientific_name": "Malus species", "common_name": "Crabapple", "subtype_name": null, "zip_code": "05482", "ownership": "public", "ownership_raw": "Town of Shelburne", "city": "Shelburne", "source_dataset": "Municipal Tree Inventory", "source_department": "Town of Shelburne", "source_last_edit_at": ""}}, {"type": "Feature", "geometry": {"type": "Point", "coordinates": [-73.21723714399997, 44.40418347700006]}, "properties": {"id": "shelburne-28772", "species_group": "crabapple", "scientific_name": "Malus species", "common_name": "Crabapple", "subtype_name": null, "zip_code": "05482", "ownership": "public", "ownership_raw": "Town of Shelburne", "city": "Shelburne", "source_dataset": "Municipal Tree Inventory", "source_department": "Town of Shelburne", "source_last_edit_at": ""}}, {"type": "Feature", "geometry": {"type": "Point", "coordinates": [-73.21479390399998, 44.411532772000044]}, "properties": {"id": "shelburne-28951", "species_group": "crabapple", "scientific_name": "Malus species", "common_name": "Crabapple", "subtype_name": null, "zip_code": "05482", "ownership": "public", "ownership_raw": "Town of Shelburne", "city": "Shelburne", "source_dataset": "Municipal Tree Inventory", "source_department": "Town of Shelburne", "source_last_edit_at": ""}}, {"type": "Feature", "geometry": {"type": "Point", "coordinates": [-73.21275567699996, 44.41817978900008]}, "properties": {"id": "shelburne-28955", "species_group": "crabapple", "scientific_name": "Malus species", "common_name": "Crabapple", "subtype_name": null, "zip_code": "05482", "ownership": "public", "ownership_raw": "Town of Shelburne", "city": "Shelburne", "source_dataset": "Municipal Tree Inventory", "source_department": "Town of Shelburne", "source_last_edit_at": ""}}, {"type": "Feature", "geometry": {"type": "Point", "coordinates": [-73.22039209299999, 44.39450099600003]}, "properties": {"id": "shelburne-28997", "species_group": "crabapple", "scientific_name": "Malus species", "common_name": "Crabapple", "subtype_name": null, "zip_code": "05482", "ownership": "public", "ownership_raw": "Town of Shelburne", "city": "Shelburne", "source_dataset": "Municipal Tree Inventory", "source_department": "Town of Shelburne", "source_last_edit_at": ""}}, {"type": "Feature", "geometry": {"type": "Point", "coordinates": [-73.21665543999995, 44.40574066700003]}, "properties": {"id": "shelburne-29360", "species_group": "crabapple", "scientific_name": "Malus species", "common_name": "Crabapple", "subtype_name": null, "zip_code": "05482", "ownership": "public", "ownership_raw": "Town of Shelburne", "city": "Shelburne", "source_dataset": "Municipal Tree Inventory", "source_department": "Town of Shelburne", "source_last_edit_at": ""}}, {"type": "Feature", "geometry": {"type": "Point", "coordinates": [-73.22967611899998, 44.37980610100004]}, "properties": {"id": "shelburne-29369", "species_group": "crabapple", "scientific_name": "Malus species", "common_name": "Crabapple", "subtype_name": null, "zip_code": "05482", "ownership": "public", "ownership_raw": "Town of Shelburne", "city": "Shelburne", "source_dataset": "Municipal Tree Inventory", "source_department": "Town of Shelburne", "source_last_edit_at": ""}}, {"type": "Feature", "geometry": {"type": "Point", "coordinates": [-73.21385747699998, 44.41487166100006]}, "properties": {"id": "shelburne-29633", "species_group": "crabapple", "scientific_name": "Malus species", "common_name": "Crabapple", "subtype_name": null, "zip_code": "05482", "ownership": "public", "ownership_raw": "Town of Shelburne", "city": "Shelburne", "source_dataset": "Municipal Tree Inventory", "source_department": "Town of Shelburne", "source_last_edit_at": ""}}, {"type": "Feature", "geometry": {"type": "Point", "coordinates": [-73.23801989699996, 44.37813901800007]}, "properties": {"id": "shelburne-29657", "species_group": "crabapple", "scientific_name": "Malus species", "common_name": "Crabapple", "subtype_name": null, "zip_code": "05482", "ownership": "public", "ownership_raw": "Town of Shelburne", "city": "Shelburne", "source_dataset": "Municipal Tree Inventory", "source_department": "Town of Shelburne", "source_last_edit_at": ""}}, {"type": "Feature", "geometry": {"type": "Point", "coordinates": [-73.22125844599998, 44.39197938400008]}, "properties": {"id": "shelburne-29668", "species_group": "crabapple", "scientific_name": "Malus species", "common_name": "Crabapple", "subtype_name": null, "zip_code": "05482", "ownership": "public", "ownership_raw": "Town of Shelburne", "city": "Shelburne", "source_dataset": "Municipal Tree Inventory", "source_department": "Town of Shelburne", "source_last_edit_at": ""}}, {"type": "Feature", "geometry": {"type": "Point", "coordinates": [-73.21284913499994, 44.41826742200004]}, "properties": {"id": "shelburne-30082", "species_group": "crabapple", "scientific_name": "Malus species", "common_name": "Crabapple", "subtype_name": null, "zip_code": "05482", "ownership": "public", "ownership_raw": "Town of Shelburne", "city": "Shelburne", "source_dataset": "Municipal Tree Inventory", "source_department": "Town of Shelburne", "source_last_edit_at": ""}}, {"type": "Feature", "geometry": {"type": "Point", "coordinates": [-73.21293320499996, 44.41800469100008]}, "properties": {"id": "shelburne-30308", "species_group": "crabapple", "scientific_name": "Malus species", "common_name": "Crabapple", "subtype_name": null, "zip_code": "05482", "ownership": "public", "ownership_raw": "Town of Shelburne", "city": "Shelburne", "source_dataset": "Municipal Tree Inventory", "source_department": "Town of Shelburne", "source_last_edit_at": ""}}, {"type": "Feature", "geometry": {"type": "Point", "coordinates": [-73.21900689999995, 44.39838554700003]}, "properties": {"id": "shelburne-30379", "species_group": "crabapple", "scientific_name": "Malus species", "common_name": "Crabapple", "subtype_name": null, "zip_code": "05482", "ownership": "public", "ownership_raw": "Town of Shelburne", "city": "Shelburne", "source_dataset": "Municipal Tree Inventory", "source_department": "Town of Shelburne", "source_last_edit_at": ""}}, {"type": "Feature", "geometry": {"type": "Point", "coordinates": [-73.22868062199996, 44.38083375900004]}, "properties": {"id": "shelburne-30452", "species_group": "crabapple", "scientific_name": "Malus species", "common_name": "Crabapple", "subtype_name": null, "zip_code": "05482", "ownership": "public", "ownership_raw": "Town of Shelburne", "city": "Shelburne", "source_dataset": "Municipal Tree Inventory", "source_department": "Town of Shelburne", "source_last_edit_at": ""}}, {"type": "Feature", "geometry": {"type": "Point", "coordinates": [-73.21324360199998, 44.41711905000005]}, "properties": {"id": "shelburne-30646", "species_group": "crabapple", "scientific_name": "Malus species", "common_name": "Crabapple", "subtype_name": null, "zip_code": "05482", "ownership": "public", "ownership_raw": "Town of Shelburne", "city": "Shelburne", "source_dataset": "Municipal Tree Inventory", "source_department": "Town of Shelburne", "source_last_edit_at": ""}}, {"type": "Feature", "geometry": {"type": "Point", "coordinates": [-73.21364642099996, 44.416099777000056]}, "properties": {"id": "shelburne-30693", "species_group": "crabapple", "scientific_name": "Malus species", "common_name": "Crabapple", "subtype_name": null, "zip_code": "05482", "ownership": "public", "ownership_raw": "Town of Shelburne", "city": "Shelburne", "source_dataset": "Municipal Tree Inventory", "source_department": "Town of Shelburne", "source_last_edit_at": ""}}, {"type": "Feature", "geometry": {"type": "Point", "coordinates": [-73.21301945499994, 44.418068058000074]}, "properties": {"id": "shelburne-3070", "species_group": "crabapple", "scientific_name": "Malus species", "common_name": "Crabapple", "subtype_name": null, "zip_code": "05482", "ownership": "public", "ownership_raw": "Town of Shelburne", "city": "Shelburne", "source_dataset": "Municipal Tree Inventory", "source_department": "Town of Shelburne", "source_last_edit_at": ""}}, {"type": "Feature", "geometry": {"type": "Point", "coordinates": [-73.21473648799997, 44.41269102500007]}, "properties": {"id": "shelburne-30984", "species_group": "crabapple", "scientific_name": "Malus species", "common_name": "Crabapple", "subtype_name": null, "zip_code": "05482", "ownership": "public", "ownership_raw": "Town of Shelburne", "city": "Shelburne", "source_dataset": "Municipal Tree Inventory", "source_department": "Town of Shelburne", "source_last_edit_at": ""}}, {"type": "Feature", "geometry": {"type": "Point", "coordinates": [-73.21258300899996, 44.41802899900006]}, "properties": {"id": "shelburne-31203", "species_group": "crabapple", "scientific_name": "Malus species", "common_name": "Crabapple", "subtype_name": null, "zip_code": "05482", "ownership": "public", "ownership_raw": "Town of Shelburne", "city": "Shelburne", "source_dataset": "Municipal Tree Inventory", "source_department": "Town of Shelburne", "source_last_edit_at": ""}}, {"type": "Feature", "geometry": {"type": "Point", "coordinates": [-73.20914349499998, 44.41110202600004]}, "properties": {"id": "shelburne-31486", "species_group": "crabapple", "scientific_name": "Malus species", "common_name": "Crabapple", "subtype_name": null, "zip_code": "05482", "ownership": "public", "ownership_raw": "Town of Shelburne", "city": "Shelburne", "source_dataset": "Municipal Tree Inventory", "source_department": "Town of Shelburne", "source_last_edit_at": ""}}, {"type": "Feature", "geometry": {"type": "Point", "coordinates": [-73.21979647499995, 44.396891347000064]}, "properties": {"id": "shelburne-31625", "species_group": "crabapple", "scientific_name": "Malus species", "common_name": "Crabapple", "subtype_name": null, "zip_code": "05482", "ownership": "public", "ownership_raw": "Town of Shelburne", "city": "Shelburne", "source_dataset": "Municipal Tree Inventory", "source_department": "Town of Shelburne", "source_last_edit_at": ""}}, {"type": "Feature", "geometry": {"type": "Point", "coordinates": [-73.21202184099997, 44.420255818000044]}, "properties": {"id": "shelburne-31675", "species_group": "crabapple", "scientific_name": "Malus species", "common_name": "Crabapple", "subtype_name": null, "zip_code": "05482", "ownership": "public", "ownership_raw": "Town of Shelburne", "city": "Shelburne", "source_dataset": "Municipal Tree Inventory", "source_department": "Town of Shelburne", "source_last_edit_at": ""}}, {"type": "Feature", "geometry": {"type": "Point", "coordinates": [-73.21995581499993, 44.396513533000075]}, "properties": {"id": "shelburne-31704", "species_group": "crabapple", "scientific_name": "Malus species", "common_name": "Crabapple", "subtype_name": null, "zip_code": "05482", "ownership": "public", "ownership_raw": "Town of Shelburne", "city": "Shelburne", "source_dataset": "Municipal Tree Inventory", "source_department": "Town of Shelburne", "source_last_edit_at": ""}}, {"type": "Feature", "geometry": {"type": "Point", "coordinates": [-73.20925950099996, 44.410544336000044]}, "properties": {"id": "shelburne-31731", "species_group": "crabapple", "scientific_name": "Malus species", "common_name": "Crabapple", "subtype_name": null, "zip_code": "05482", "ownership": "public", "ownership_raw": "Town of Shelburne", "city": "Shelburne", "source_dataset": "Municipal Tree Inventory", "source_department": "Town of Shelburne", "source_last_edit_at": ""}}, {"type": "Feature", "geometry": {"type": "Point", "coordinates": [-73.23908920299993, 44.376895035000075]}, "properties": {"id": "shelburne-31734", "species_group": "crabapple", "scientific_name": "Malus species", "common_name": "Crabapple", "subtype_name": null, "zip_code": "05482", "ownership": "public", "ownership_raw": "Town of Shelburne", "city": "Shelburne", "source_dataset": "Municipal Tree Inventory", "source_department": "Town of Shelburne", "source_last_edit_at": ""}}, {"type": "Feature", "geometry": {"type": "Point", "coordinates": [-73.21973218599999, 44.39713467400003]}, "properties": {"id": "shelburne-3225", "species_group": "crabapple", "scientific_name": "Malus species", "common_name": "Crabapple", "subtype_name": null, "zip_code": "05482", "ownership": "public", "ownership_raw": "Town of Shelburne", "city": "Shelburne", "source_dataset": "Municipal Tree Inventory", "source_department": "Town of Shelburne", "source_last_edit_at": ""}}, {"type": "Feature", "geometry": {"type": "Point", "coordinates": [-73.22010310299999, 44.37087997900005]}, "properties": {"id": "shelburne-3399", "species_group": "crabapple", "scientific_name": "Malus species", "common_name": "Crabapple", "subtype_name": null, "zip_code": "05482", "ownership": "public", "ownership_raw": "Town of Shelburne", "city": "Shelburne", "source_dataset": "Municipal Tree Inventory", "source_department": "Town of Shelburne", "source_last_edit_at": ""}}, {"type": "Feature", "geometry": {"type": "Point", "coordinates": [-73.22836956999998, 44.379010107000056]}, "properties": {"id": "shelburne-3417", "species_group": "crabapple", "scientific_name": "Malus species", "common_name": "Crabapple", "subtype_name": null, "zip_code": "05482", "ownership": "public", "ownership_raw": "Town of Shelburne", "city": "Shelburne", "source_dataset": "Municipal Tree Inventory", "source_department": "Town of Shelburne", "source_last_edit_at": ""}}, {"type": "Feature", "geometry": {"type": "Point", "coordinates": [-73.21212292699994, 44.41975508400003]}, "properties": {"id": "shelburne-3476", "species_group": "crabapple", "scientific_name": "Malus species", "common_name": "Crabapple", "subtype_name": null, "zip_code": "05482", "ownership": "public", "ownership_raw": "Town of Shelburne", "city": "Shelburne", "source_dataset": "Municipal Tree Inventory", "source_department": "Town of Shelburne", "source_last_edit_at": ""}}, {"type": "Feature", "geometry": {"type": "Point", "coordinates": [-73.21676138799995, 44.40556217500006]}, "properties": {"id": "shelburne-3491", "species_group": "crabapple", "scientific_name": "Malus species", "common_name": "Crabapple", "subtype_name": null, "zip_code": "05482", "ownership": "public", "ownership_raw": "Town of Shelburne", "city": "Shelburne", "source_dataset": "Municipal Tree Inventory", "source_department": "Town of Shelburne", "source_last_edit_at": ""}}, {"type": "Feature", "geometry": {"type": "Point", "coordinates": [-73.21387876799997, 44.41438425300004]}, "properties": {"id": "shelburne-3515", "species_group": "crabapple", "scientific_name": "Malus species", "common_name": "Crabapple", "subtype_name": null, "zip_code": "05482", "ownership": "public", "ownership_raw": "Town of Shelburne", "city": "Shelburne", "source_dataset": "Municipal Tree Inventory", "source_department": "Town of Shelburne", "source_last_edit_at": ""}}, {"type": "Feature", "geometry": {"type": "Point", "coordinates": [-73.21794491299994, 44.40219499700004]}, "properties": {"id": "shelburne-3664", "species_group": "crabapple", "scientific_name": "Malus species", "common_name": "Crabapple", "subtype_name": null, "zip_code": "05482", "ownership": "public", "ownership_raw": "Town of Shelburne", "city": "Shelburne", "source_dataset": "Municipal Tree Inventory", "source_department": "Town of Shelburne", "source_last_edit_at": ""}}, {"type": "Feature", "geometry": {"type": "Point", "coordinates": [-73.23698331599996, 44.38158565700007]}, "properties": {"id": "shelburne-3710", "species_group": "crabapple", "scientific_name": "Malus species", "common_name": "Crabapple", "subtype_name": null, "zip_code": "05482", "ownership": "public", "ownership_raw": "Town of Shelburne", "city": "Shelburne", "source_dataset": "Municipal Tree Inventory", "source_department": "Town of Shelburne", "source_last_edit_at": ""}}, {"type": "Feature", "geometry": {"type": "Point", "coordinates": [-73.21914360799997, 44.39900668800004]}, "properties": {"id": "shelburne-3716", "species_group": "crabapple", "scientific_name": "Malus species", "common_name": "Crabapple", "subtype_name": null, "zip_code": "05482", "ownership": "public", "ownership_raw": "Town of Shelburne", "city": "Shelburne", "source_dataset": "Municipal Tree Inventory", "source_department": "Town of Shelburne", "source_last_edit_at": ""}}, {"type": "Feature", "geometry": {"type": "Point", "coordinates": [-73.21549018899998, 44.409881118000044]}, "properties": {"id": "shelburne-3791", "species_group": "crabapple", "scientific_name": "Malus species", "common_name": "Crabapple", "subtype_name": null, "zip_code": "05482", "ownership": "public", "ownership_raw": "Town of Shelburne", "city": "Shelburne", "source_dataset": "Municipal Tree Inventory", "source_department": "Town of Shelburne", "source_last_edit_at": ""}}, {"type": "Feature", "geometry": {"type": "Point", "coordinates": [-73.21988852599998, 44.370895318000066]}, "properties": {"id": "shelburne-4125", "species_group": "crabapple", "scientific_name": "Malus species", "common_name": "Crabapple", "subtype_name": null, "zip_code": "05482", "ownership": "public", "ownership_raw": "Town of Shelburne", "city": "Shelburne", "source_dataset": "Municipal Tree Inventory", "source_department": "Town of Shelburne", "source_last_edit_at": ""}}, {"type": "Feature", "geometry": {"type": "Point", "coordinates": [-73.23110808599995, 44.379680267000026]}, "properties": {"id": "shelburne-413", "species_group": "crabapple", "scientific_name": "Malus species", "common_name": "Crabapple", "subtype_name": null, "zip_code": "05482", "ownership": "public", "ownership_raw": "Town of Shelburne", "city": "Shelburne", "source_dataset": "Municipal Tree Inventory", "source_department": "Town of Shelburne", "source_last_edit_at": ""}}, {"type": "Feature", "geometry": {"type": "Point", "coordinates": [-73.21465099299996, 44.41280120500005]}, "properties": {"id": "shelburne-416", "species_group": "crabapple", "scientific_name": "Malus species", "common_name": "Crabapple", "subtype_name": null, "zip_code": "05482", "ownership": "public", "ownership_raw": "Town of Shelburne", "city": "Shelburne", "source_dataset": "Municipal Tree Inventory", "source_department": "Town of Shelburne", "source_last_edit_at": ""}}, {"type": "Feature", "geometry": {"type": "Point", "coordinates": [-73.20918263799996, 44.410742861000074]}, "properties": {"id": "shelburne-4241", "species_group": "crabapple", "scientific_name": "Malus species", "common_name": "Crabapple", "subtype_name": null, "zip_code": "05482", "ownership": "public", "ownership_raw": "Town of Shelburne", "city": "Shelburne", "source_dataset": "Municipal Tree Inventory", "source_department": "Town of Shelburne", "source_last_edit_at": ""}}, {"type": "Feature", "geometry": {"type": "Point", "coordinates": [-73.22024239299998, 44.395017573000075]}, "properties": {"id": "shelburne-4278", "species_group": "crabapple", "scientific_name": "Malus species", "common_name": "Crabapple", "subtype_name": null, "zip_code": "05482", "ownership": "public", "ownership_raw": "Town of Shelburne", "city": "Shelburne", "source_dataset": "Municipal Tree Inventory", "source_department": "Town of Shelburne", "source_last_edit_at": ""}}, {"type": "Feature", "geometry": {"type": "Point", "coordinates": [-73.21776721599997, 44.402281791000064]}, "properties": {"id": "shelburne-4490", "species_group": "crabapple", "scientific_name": "Malus species", "common_name": "Crabapple", "subtype_name": null, "zip_code": "05482", "ownership": "public", "ownership_raw": "Town of Shelburne", "city": "Shelburne", "source_dataset": "Municipal Tree Inventory", "source_department": "Town of Shelburne", "source_last_edit_at": ""}}, {"type": "Feature", "geometry": {"type": "Point", "coordinates": [-73.20872071199994, 44.411249170000076]}, "properties": {"id": "shelburne-4870", "species_group": "crabapple", "scientific_name": "Malus species", "common_name": "Crabapple", "subtype_name": null, "zip_code": "05482", "ownership": "public", "ownership_raw": "Town of Shelburne", "city": "Shelburne", "source_dataset": "Municipal Tree Inventory", "source_department": "Town of Shelburne", "source_last_edit_at": ""}}, {"type": "Feature", "geometry": {"type": "Point", "coordinates": [-73.22814960499994, 44.380864752000036]}, "properties": {"id": "shelburne-4890", "species_group": "crabapple", "scientific_name": "Malus species", "common_name": "Crabapple", "subtype_name": null, "zip_code": "05482", "ownership": "public", "ownership_raw": "Town of Shelburne", "city": "Shelburne", "source_dataset": "Municipal Tree Inventory", "source_department": "Town of Shelburne", "source_last_edit_at": ""}}, {"type": "Feature", "geometry": {"type": "Point", "coordinates": [-73.21919205599994, 44.39787793900007]}, "properties": {"id": "shelburne-4912", "species_group": "crabapple", "scientific_name": "Malus species", "common_name": "Crabapple", "subtype_name": null, "zip_code": "05482", "ownership": "public", "ownership_raw": "Town of Shelburne", "city": "Shelburne", "source_dataset": "Municipal Tree Inventory", "source_department": "Town of Shelburne", "source_last_edit_at": ""}}, {"type": "Feature", "geometry": {"type": "Point", "coordinates": [-73.20929210599996, 44.41026383600007]}, "properties": {"id": "shelburne-4925", "species_group": "crabapple", "scientific_name": "Malus species", "common_name": "Crabapple", "subtype_name": null, "zip_code": "05482", "ownership": "public", "ownership_raw": "Town of Shelburne", "city": "Shelburne", "source_dataset": "Municipal Tree Inventory", "source_department": "Town of Shelburne", "source_last_edit_at": ""}}, {"type": "Feature", "geometry": {"type": "Point", "coordinates": [-73.21352840399999, 44.416216579000036]}, "properties": {"id": "shelburne-5112", "species_group": "crabapple", "scientific_name": "Malus species", "common_name": "Crabapple", "subtype_name": null, "zip_code": "05482", "ownership": "public", "ownership_raw": "Town of Shelburne", "city": "Shelburne", "source_dataset": "Municipal Tree Inventory", "source_department": "Town of Shelburne", "source_last_edit_at": ""}}, {"type": "Feature", "geometry": {"type": "Point", "coordinates": [-73.21328113799996, 44.416250442000035]}, "properties": {"id": "shelburne-5222", "species_group": "crabapple", "scientific_name": "Malus species", "common_name": "Crabapple", "subtype_name": null, "zip_code": "05482", "ownership": "public", "ownership_raw": "Town of Shelburne", "city": "Shelburne", "source_dataset": "Municipal Tree Inventory", "source_department": "Town of Shelburne", "source_last_edit_at": ""}}, {"type": "Feature", "geometry": {"type": "Point", "coordinates": [-73.20924634199997, 44.410654055000066]}, "properties": {"id": "shelburne-5389", "species_group": "crabapple", "scientific_name": "Malus species", "common_name": "Crabapple", "subtype_name": null, "zip_code": "05482", "ownership": "public", "ownership_raw": "Town of Shelburne", "city": "Shelburne", "source_dataset": "Municipal Tree Inventory", "source_department": "Town of Shelburne", "source_last_edit_at": ""}}, {"type": "Feature", "geometry": {"type": "Point", "coordinates": [-73.24071118599994, 44.37884741800008]}, "properties": {"id": "shelburne-5493", "species_group": "crabapple", "scientific_name": "Malus species", "common_name": "Crabapple", "subtype_name": null, "zip_code": "05482", "ownership": "public", "ownership_raw": "Town of Shelburne", "city": "Shelburne", "source_dataset": "Municipal Tree Inventory", "source_department": "Town of Shelburne", "source_last_edit_at": ""}}, {"type": "Feature", "geometry": {"type": "Point", "coordinates": [-73.21230489799996, 44.42018650000006]}, "properties": {"id": "shelburne-5802", "species_group": "crabapple", "scientific_name": "Malus species", "common_name": "Crabapple", "subtype_name": null, "zip_code": "05482", "ownership": "public", "ownership_raw": "Town of Shelburne", "city": "Shelburne", "source_dataset": "Municipal Tree Inventory", "source_department": "Town of Shelburne", "source_last_edit_at": ""}}, {"type": "Feature", "geometry": {"type": "Point", "coordinates": [-73.20912228899994, 44.41122649700003]}, "properties": {"id": "shelburne-6006", "species_group": "crabapple", "scientific_name": "Malus species", "common_name": "Crabapple", "subtype_name": null, "zip_code": "05482", "ownership": "public", "ownership_raw": "Town of Shelburne", "city": "Shelburne", "source_dataset": "Municipal Tree Inventory", "source_department": "Town of Shelburne", "source_last_edit_at": ""}}, {"type": "Feature", "geometry": {"type": "Point", "coordinates": [-73.21956622399995, 44.39765669900004]}, "properties": {"id": "shelburne-6125", "species_group": "crabapple", "scientific_name": "Malus species", "common_name": "Crabapple", "subtype_name": null, "zip_code": "05482", "ownership": "public", "ownership_raw": "Town of Shelburne", "city": "Shelburne", "source_dataset": "Municipal Tree Inventory", "source_department": "Town of Shelburne", "source_last_edit_at": ""}}, {"type": "Feature", "geometry": {"type": "Point", "coordinates": [-73.21681008699994, 44.40533473100004]}, "properties": {"id": "shelburne-6193", "species_group": "crabapple", "scientific_name": "Malus species", "common_name": "Crabapple", "subtype_name": null, "zip_code": "05482", "ownership": "public", "ownership_raw": "Town of Shelburne", "city": "Shelburne", "source_dataset": "Municipal Tree Inventory", "source_department": "Town of Shelburne", "source_last_edit_at": ""}}, {"type": "Feature", "geometry": {"type": "Point", "coordinates": [-73.22856586699999, 44.37860135600005]}, "properties": {"id": "shelburne-6321", "species_group": "crabapple", "scientific_name": "Malus species", "common_name": "Crabapple", "subtype_name": null, "zip_code": "05482", "ownership": "public", "ownership_raw": "Town of Shelburne", "city": "Shelburne", "source_dataset": "Municipal Tree Inventory", "source_department": "Town of Shelburne", "source_last_edit_at": ""}}, {"type": "Feature", "geometry": {"type": "Point", "coordinates": [-73.22107186499994, 44.39223511600005]}, "properties": {"id": "shelburne-6531", "species_group": "crabapple", "scientific_name": "Malus species", "common_name": "Crabapple", "subtype_name": null, "zip_code": "05482", "ownership": "public", "ownership_raw": "Town of Shelburne", "city": "Shelburne", "source_dataset": "Municipal Tree Inventory", "source_department": "Town of Shelburne", "source_last_edit_at": ""}}, {"type": "Feature", "geometry": {"type": "Point", "coordinates": [-73.20925463899994, 44.41021668700006]}, "properties": {"id": "shelburne-7233", "species_group": "crabapple", "scientific_name": "Malus species", "common_name": "Crabapple", "subtype_name": null, "zip_code": "05482", "ownership": "public", "ownership_raw": "Town of Shelburne", "city": "Shelburne", "source_dataset": "Municipal Tree Inventory", "source_department": "Town of Shelburne", "source_last_edit_at": ""}}, {"type": "Feature", "geometry": {"type": "Point", "coordinates": [-73.22771749199995, 44.37980076500003]}, "properties": {"id": "shelburne-7261", "species_group": "crabapple", "scientific_name": "Malus species", "common_name": "Crabapple", "subtype_name": null, "zip_code": "05482", "ownership": "public", "ownership_raw": "Town of Shelburne", "city": "Shelburne", "source_dataset": "Municipal Tree Inventory", "source_department": "Town of Shelburne", "source_last_edit_at": ""}}, {"type": "Feature", "geometry": {"type": "Point", "coordinates": [-73.21949665399995, 44.39782362500006]}, "properties": {"id": "shelburne-7301", "species_group": "crabapple", "scientific_name": "Malus species", "common_name": "Crabapple", "subtype_name": null, "zip_code": "05482", "ownership": "public", "ownership_raw": "Town of Shelburne", "city": "Shelburne", "source_dataset": "Municipal Tree Inventory", "source_department": "Town of Shelburne", "source_last_edit_at": ""}}, {"type": "Feature", "geometry": {"type": "Point", "coordinates": [-73.21276363899995, 44.41819232000006]}, "properties": {"id": "shelburne-7409", "species_group": "crabapple", "scientific_name": "Malus species", "common_name": "Crabapple", "subtype_name": null, "zip_code": "05482", "ownership": "public", "ownership_raw": "Town of Shelburne", "city": "Shelburne", "source_dataset": "Municipal Tree Inventory", "source_department": "Town of Shelburne", "source_last_edit_at": ""}}, {"type": "Feature", "geometry": {"type": "Point", "coordinates": [-73.22960733299993, 44.37981642300008]}, "properties": {"id": "shelburne-7449", "species_group": "crabapple", "scientific_name": "Malus species", "common_name": "Crabapple", "subtype_name": null, "zip_code": "05482", "ownership": "public", "ownership_raw": "Town of Shelburne", "city": "Shelburne", "source_dataset": "Municipal Tree Inventory", "source_department": "Town of Shelburne", "source_last_edit_at": ""}}, {"type": "Feature", "geometry": {"type": "Point", "coordinates": [-73.23779130999998, 44.37828068300007]}, "properties": {"id": "shelburne-7474", "species_group": "crabapple", "scientific_name": "Malus species", "common_name": "Crabapple", "subtype_name": null, "zip_code": "05482", "ownership": "public", "ownership_raw": "Town of Shelburne", "city": "Shelburne", "source_dataset": "Municipal Tree Inventory", "source_department": "Town of Shelburne", "source_last_edit_at": ""}}, {"type": "Feature", "geometry": {"type": "Point", "coordinates": [-73.22842952999997, 44.38081047600008]}, "properties": {"id": "shelburne-748", "species_group": "crabapple", "scientific_name": "Malus species", "common_name": "Crabapple", "subtype_name": null, "zip_code": "05482", "ownership": "public", "ownership_raw": "Town of Shelburne", "city": "Shelburne", "source_dataset": "Municipal Tree Inventory", "source_department": "Town of Shelburne", "source_last_edit_at": ""}}, {"type": "Feature", "geometry": {"type": "Point", "coordinates": [-73.22111637299997, 44.392905711000026]}, "properties": {"id": "shelburne-7551", "species_group": "crabapple", "scientific_name": "Malus species", "common_name": "Crabapple", "subtype_name": null, "zip_code": "05482", "ownership": "public", "ownership_raw": "Town of Shelburne", "city": "Shelburne", "source_dataset": "Municipal Tree Inventory", "source_department": "Town of Shelburne", "source_last_edit_at": ""}}, {"type": "Feature", "geometry": {"type": "Point", "coordinates": [-73.21400156299995, 44.41398837600008]}, "properties": {"id": "shelburne-7583", "species_group": "crabapple", "scientific_name": "Malus species", "common_name": "Crabapple", "subtype_name": null, "zip_code": "05482", "ownership": "public", "ownership_raw": "Town of Shelburne", "city": "Shelburne", "source_dataset": "Municipal Tree Inventory", "source_department": "Town of Shelburne", "source_last_edit_at": ""}}, {"type": "Feature", "geometry": {"type": "Point", "coordinates": [-73.21497780199996, 44.41095806700008]}, "properties": {"id": "shelburne-7827", "species_group": "crabapple", "scientific_name": "Malus species", "common_name": "Crabapple", "subtype_name": null, "zip_code": "05482", "ownership": "public", "ownership_raw": "Town of Shelburne", "city": "Shelburne", "source_dataset": "Municipal Tree Inventory", "source_department": "Town of Shelburne", "source_last_edit_at": ""}}, {"type": "Feature", "geometry": {"type": "Point", "coordinates": [-73.21472835699996, 44.412595639000074]}, "properties": {"id": "shelburne-7860", "species_group": "crabapple", "scientific_name": "Malus species", "common_name": "Crabapple", "subtype_name": null, "zip_code": "05482", "ownership": "public", "ownership_raw": "Town of Shelburne", "city": "Shelburne", "source_dataset": "Municipal Tree Inventory", "source_department": "Town of Shelburne", "source_last_edit_at": ""}}, {"type": "Feature", "geometry": {"type": "Point", "coordinates": [-73.22075930499994, 44.394045188000064]}, "properties": {"id": "shelburne-8074", "species_group": "crabapple", "scientific_name": "Malus species", "common_name": "Crabapple", "subtype_name": null, "zip_code": "05482", "ownership": "public", "ownership_raw": "Town of Shelburne", "city": "Shelburne", "source_dataset": "Municipal Tree Inventory", "source_department": "Town of Shelburne", "source_last_edit_at": ""}}, {"type": "Feature", "geometry": {"type": "Point", "coordinates": [-73.21544098599998, 44.40982169000006]}, "properties": {"id": "shelburne-81", "species_group": "crabapple", "scientific_name": "Malus species", "common_name": "Crabapple", "subtype_name": null, "zip_code": "05482", "ownership": "public", "ownership_raw": "Town of Shelburne", "city": "Shelburne", "source_dataset": "Municipal Tree Inventory", "source_department": "Town of Shelburne", "source_last_edit_at": ""}}, {"type": "Feature", "geometry": {"type": "Point", "coordinates": [-73.21733613499998, 44.40415489500003]}, "properties": {"id": "shelburne-8166", "species_group": "crabapple", "scientific_name": "Malus species", "common_name": "Crabapple", "subtype_name": null, "zip_code": "05482", "ownership": "public", "ownership_raw": "Town of Shelburne", "city": "Shelburne", "source_dataset": "Municipal Tree Inventory", "source_department": "Town of Shelburne", "source_last_edit_at": ""}}, {"type": "Feature", "geometry": {"type": "Point", "coordinates": [-73.20918062699997, 44.410851155000046]}, "properties": {"id": "shelburne-822", "species_group": "crabapple", "scientific_name": "Malus species", "common_name": "Crabapple", "subtype_name": null, "zip_code": "05482", "ownership": "public", "ownership_raw": "Town of Shelburne", "city": "Shelburne", "source_dataset": "Municipal Tree Inventory", "source_department": "Town of Shelburne", "source_last_edit_at": ""}}, {"type": "Feature", "geometry": {"type": "Point", "coordinates": [-73.21394079299995, 44.41456257800007]}, "properties": {"id": "shelburne-8860", "species_group": "crabapple", "scientific_name": "Malus species", "common_name": "Crabapple", "subtype_name": null, "zip_code": "05482", "ownership": "public", "ownership_raw": "Town of Shelburne", "city": "Shelburne", "source_dataset": "Municipal Tree Inventory", "source_department": "Town of Shelburne", "source_last_edit_at": ""}}, {"type": "Feature", "geometry": {"type": "Point", "coordinates": [-73.22793773399997, 44.38085177900007]}, "properties": {"id": "shelburne-8938", "species_group": "crabapple", "scientific_name": "Malus species", "common_name": "Crabapple", "subtype_name": null, "zip_code": "05482", "ownership": "public", "ownership_raw": "Town of Shelburne", "city": "Shelburne", "source_dataset": "Municipal Tree Inventory", "source_department": "Town of Shelburne", "source_last_edit_at": ""}}, {"type": "Feature", "geometry": {"type": "Point", "coordinates": [-73.21223507599996, 44.41955915700004]}, "properties": {"id": "shelburne-8990", "species_group": "crabapple", "scientific_name": "Malus species", "common_name": "Crabapple", "subtype_name": null, "zip_code": "05482", "ownership": "public", "ownership_raw": "Town of Shelburne", "city": "Shelburne", "source_dataset": "Municipal Tree Inventory", "source_department": "Town of Shelburne", "source_last_edit_at": ""}}, {"type": "Feature", "geometry": {"type": "Point", "coordinates": [-73.22121955499995, 44.39201915600006]}, "properties": {"id": "shelburne-921", "species_group": "crabapple", "scientific_name": "Malus species", "common_name": "Crabapple", "subtype_name": null, "zip_code": "05482", "ownership": "public", "ownership_raw": "Town of Shelburne", "city": "Shelburne", "source_dataset": "Municipal Tree Inventory", "source_department": "Town of Shelburne", "source_last_edit_at": ""}}, {"type": "Feature", "geometry": {"type": "Point", "coordinates": [-73.21921594399998, 44.398868554000046]}, "properties": {"id": "shelburne-9545", "species_group": "crabapple", "scientific_name": "Malus species", "common_name": "Crabapple", "subtype_name": null, "zip_code": "05482", "ownership": "public", "ownership_raw": "Town of Shelburne", "city": "Shelburne", "source_dataset": "Municipal Tree Inventory", "source_department": "Town of Shelburne", "source_last_edit_at": ""}}, {"type": "Feature", "geometry": {"type": "Point", "coordinates": [-73.21464956799997, 44.41294633800004]}, "properties": {"id": "shelburne-9645", "species_group": "crabapple", "scientific_name": "Malus species", "common_name": "Crabapple", "subtype_name": null, "zip_code": "05482", "ownership": "public", "ownership_raw": "Town of Shelburne", "city": "Shelburne", "source_dataset": "Municipal Tree Inventory", "source_department": "Town of Shelburne", "source_last_edit_at": ""}}, {"type": "Feature", "geometry": {"type": "Point", "coordinates": [-73.22401382999993, 44.37166345300005]}, "properties": {"id": "shelburne-9795", "species_group": "crabapple", "scientific_name": "Malus species", "common_name": "Crabapple", "subtype_name": null, "zip_code": "05482", "ownership": "public", "ownership_raw": "Town of Shelburne", "city": "Shelburne", "source_dataset": "Municipal Tree Inventory", "source_department": "Town of Shelburne", "source_last_edit_at": ""}}, {"type": "Feature", "geometry": {"type": "Point", "coordinates": [-73.21795622899998, 44.40216666600003]}, "properties": {"id": "shelburne-9858", "species_group": "crabapple", "scientific_name": "Malus species", "common_name": "Crabapple", "subtype_name": null, "zip_code": "05482", "ownership": "public", "ownership_raw": "Town of Shelburne", "city": "Shelburne", "source_dataset": "Municipal Tree Inventory", "source_department": "Town of Shelburne", "source_last_edit_at": ""}}, {"type": "Feature", "geometry": {"type": "Point", "coordinates": [-73.21937436199994, 44.39819917600005]}, "properties": {"id": "shelburne-9878", "species_group": "crabapple", "scientific_name": "Malus species", "common_name": "Crabapple", "subtype_name": null, "zip_code": "05482", "ownership": "public", "ownership_raw": "Town of Shelburne", "city": "Shelburne", "source_dataset": "Municipal Tree Inventory", "source_department": "Town of Shelburne", "source_last_edit_at": ""}}, {"type": "Feature", "geometry": {"type": "Point", "coordinates": [-73.21392201899994, 44.414964155000064]}, "properties": {"id": "shelburne-988", "species_group": "crabapple", "scientific_name": "Malus species", "common_name": "Crabapple", "subtype_name": null, "zip_code": "05482", "ownership": "public", "ownership_raw": "Town of Shelburne", "city": "Shelburne", "source_dataset": "Municipal Tree Inventory", "source_department": "Town of Shelburne", "source_last_edit_at": ""}}, {"type": "Feature", "geometry": {"type": "Point", "coordinates": [-73.21552807399996, 44.40972399900005]}, "properties": {"id": "shelburne-9952", "species_group": "crabapple", "scientific_name": "Malus species", "common_name": "Crabapple", "subtype_name": null, "zip_code": "05482", "ownership": "public", "ownership_raw": "Town of Shelburne", "city": "Shelburne", "source_dataset": "Municipal Tree Inventory", "source_department": "Town of Shelburne", "source_last_edit_at": ""}}]}